feature_block,method,selected_k,source_row_index,cluster_label,cluster_name,pc1,pc2,measurement_id,session_id,timestamp,service_degraded,degradation_status
reduced_context,kmeans,2,0,1,C1,-2.183204093678323,-0.4525352650516191,synnetqos_m_00000001,S042_00000,2025-07-27 02:04:00.705217,1,Degraded
reduced_context,kmeans,2,1,1,C1,-1.3038964440546346,-0.4200109311264692,synnetqos_m_00000002,S042_00000,2025-07-27 02:05:00.705217,1,Degraded
reduced_context,kmeans,2,14,0,C0,3.4845414906503644,2.434664112811443,synnetqos_m_00000015,S042_00001,2025-08-21 01:16:38.741856,0,Not degraded
reduced_context,kmeans,2,16,0,C0,1.262385267252116,0.3670449277089094,synnetqos_m_00000017,S042_00001,2025-08-21 01:18:38.741856,0,Not degraded
reduced_context,kmeans,2,40,0,C0,1.014107559233876,-0.013946304652869286,synnetqos_m_00000041,S042_00004,2025-08-04 23:21:40.458412,0,Not degraded
reduced_context,kmeans,2,58,1,C1,0.3657297859888101,-0.8258826361903617,synnetqos_m_00000059,S042_00005,2025-08-18 07:00:48.035137,0,Not degraded
reduced_context,kmeans,2,91,0,C0,0.9324578394375523,-0.7572389708364202,synnetqos_m_00000092,S042_00009,2025-08-17 13:59:50.277916,0,Not degraded
reduced_context,kmeans,2,95,0,C0,1.8721370668055952,-0.5013990678610926,synnetqos_m_00000096,S042_00009,2025-08-17 14:03:50.277916,0,Not degraded
reduced_context,kmeans,2,103,0,C0,2.4936302581936247,-2.982939464283598,synnetqos_m_00000104,S042_00010,2025-08-10 18:16:13.518138,0,Not degraded
reduced_context,kmeans,2,106,1,C1,-0.1778833412267899,-1.8423582153137266,synnetqos_m_00000107,S042_00010,2025-08-10 18:19:13.518138,1,Degraded
reduced_context,kmeans,2,110,1,C1,-1.0283864870884323,-0.041927011823256415,synnetqos_m_00000111,S042_00011,2025-07-27 13:10:03.891884,0,Not degraded
reduced_context,kmeans,2,167,1,C1,-0.967022138717134,-0.22691138113269999,synnetqos_m_00000168,S042_00016,2025-08-08 21:01:18.494322,1,Degraded
reduced_context,kmeans,2,177,0,C0,0.6789097092760309,0.9625396298340303,synnetqos_m_00000178,S042_00017,2025-08-05 01:21:37.258987,0,Not degraded
reduced_context,kmeans,2,185,1,C1,-0.13643725453544409,0.6099593125188995,synnetqos_m_00000186,S042_00018,2025-08-17 07:36:10.158437,1,Degraded
reduced_context,kmeans,2,188,0,C0,1.3408744435041513,0.47623279865148227,synnetqos_m_00000189,S042_00018,2025-08-17 07:39:10.158437,0,Not degraded
reduced_context,kmeans,2,191,1,C1,-0.6653372189102461,-0.8363580815092896,synnetqos_m_00000192,S042_00019,2025-08-22 12:50:49.663776,0,Not degraded
reduced_context,kmeans,2,192,1,C1,0.4813849345702982,-1.4139347714745623,synnetqos_m_00000193,S042_00019,2025-08-22 12:51:49.663776,0,Not degraded
reduced_context,kmeans,2,203,1,C1,-2.541020339811394,0.21486055406153745,synnetqos_m_00000204,S042_00020,2025-07-29 07:48:29.191297,1,Degraded
reduced_context,kmeans,2,205,1,C1,-2.0899488782415787,-0.34587326408234564,synnetqos_m_00000206,S042_00020,2025-07-29 07:50:29.191297,1,Degraded
reduced_context,kmeans,2,215,0,C0,0.9723813019039641,-0.4874136188373529,synnetqos_m_00000216,S042_00021,2025-08-23 03:46:13.432318,0,Not degraded
reduced_context,kmeans,2,234,0,C0,2.2410968552614596,0.26298775060134444,synnetqos_m_00000235,S042_00023,2025-08-22 05:30:21.571075,0,Not degraded
reduced_context,kmeans,2,237,1,C1,-2.3210265469255345,1.257676838799847,synnetqos_m_00000238,S042_00023,2025-08-22 05:33:21.571075,1,Degraded
reduced_context,kmeans,2,240,1,C1,-0.5900167444135744,-1.009052845099367,synnetqos_m_00000241,S042_00024,2025-08-05 19:42:46.624223,1,Degraded
reduced_context,kmeans,2,245,1,C1,-0.48344841408610045,-0.2624449567202037,synnetqos_m_00000246,S042_00024,2025-08-05 19:47:46.624223,1,Degraded
reduced_context,kmeans,2,247,1,C1,-1.0707095701375255,-0.7091562504165883,synnetqos_m_00000248,S042_00024,2025-08-05 19:49:46.624223,1,Degraded
reduced_context,kmeans,2,256,1,C1,-3.595410988405622,-0.07994213460542433,synnetqos_m_00000257,S042_00025,2025-07-30 21:30:04.526847,1,Degraded
reduced_context,kmeans,2,259,1,C1,-3.2389845919691416,2.5874404360876304,synnetqos_m_00000260,S042_00025,2025-07-30 21:33:04.526847,1,Degraded
reduced_context,kmeans,2,265,1,C1,-0.34281681098622946,-1.1477656171022705,synnetqos_m_00000266,S042_00026,2025-08-20 09:26:32.418248,0,Not degraded
reduced_context,kmeans,2,266,1,C1,-0.4369134201318081,1.2294106450744018,synnetqos_m_00000267,S042_00026,2025-08-20 09:27:32.418248,1,Degraded
reduced_context,kmeans,2,341,1,C1,-1.970286167103653,2.349059074814114,synnetqos_m_00000342,S042_00034,2025-08-24 06:41:38.766142,1,Degraded
reduced_context,kmeans,2,345,1,C1,-2.2865349878840457,2.3119918675223237,synnetqos_m_00000346,S042_00034,2025-08-24 06:45:38.766142,1,Degraded
reduced_context,kmeans,2,364,1,C1,-1.5324064289309398,0.9794284841610377,synnetqos_m_00000365,S042_00036,2025-08-06 15:44:26.283807,0,Not degraded
reduced_context,kmeans,2,368,1,C1,-1.2194198975293344,0.2913684630702216,synnetqos_m_00000369,S042_00036,2025-08-06 15:48:26.283807,0,Not degraded
reduced_context,kmeans,2,373,0,C0,3.0352998328712797,-1.9035058416553778,synnetqos_m_00000374,S042_00037,2025-08-09 23:10:21.256169,0,Not degraded
reduced_context,kmeans,2,381,1,C1,0.08929589608948807,0.701756142576403,synnetqos_m_00000382,S042_00038,2025-08-24 19:17:14.871250,0,Not degraded
reduced_context,kmeans,2,396,1,C1,-0.7419169011686597,-0.8305873373413659,synnetqos_m_00000397,S042_00039,2025-08-13 22:28:33.099503,1,Degraded
reduced_context,kmeans,2,415,1,C1,-1.6919470483442614,-0.3903253093095191,synnetqos_m_00000416,S042_00041,2025-07-31 09:28:41.500313,1,Degraded
reduced_context,kmeans,2,418,1,C1,-0.3581256324603231,0.18627610329093333,synnetqos_m_00000419,S042_00041,2025-07-31 09:31:41.500313,1,Degraded
reduced_context,kmeans,2,423,1,C1,-0.10181892896230621,-0.4179187424500196,synnetqos_m_00000424,S042_00042,2025-08-15 17:55:51.743610,0,Not degraded
reduced_context,kmeans,2,426,1,C1,-0.6057130168432429,0.04732027631525356,synnetqos_m_00000427,S042_00042,2025-08-15 17:58:51.743610,0,Not degraded
reduced_context,kmeans,2,429,1,C1,-0.8107069520091059,-1.1196678317442388,synnetqos_m_00000430,S042_00042,2025-08-15 18:01:51.743610,1,Degraded
reduced_context,kmeans,2,430,1,C1,-3.14110404192131,1.3383887292311578,synnetqos_m_00000431,S042_00043,2025-08-09 02:36:37.720425,1,Degraded
reduced_context,kmeans,2,440,1,C1,0.14158744085200842,-0.7102714694941819,synnetqos_m_00000441,S042_00044,2025-08-17 16:06:25.486588,0,Not degraded
reduced_context,kmeans,2,453,0,C0,2.419444730178232,0.6434777911832394,synnetqos_m_00000454,S042_00045,2025-08-06 00:53:01.871406,0,Not degraded
reduced_context,kmeans,2,457,1,C1,-0.2759330528813405,0.4357476882525445,synnetqos_m_00000458,S042_00045,2025-08-06 00:57:01.871406,0,Not degraded
reduced_context,kmeans,2,463,1,C1,-1.3471105631076923,-0.5774238019023403,synnetqos_m_00000464,S042_00046,2025-08-16 06:52:13.786038,0,Not degraded
reduced_context,kmeans,2,488,0,C0,1.2614775704465024,-0.8986946485432579,synnetqos_m_00000489,S042_00048,2025-08-16 14:34:09.920505,0,Not degraded
reduced_context,kmeans,2,501,1,C1,-0.9739072201633618,2.236751724589315,synnetqos_m_00000502,S042_00050,2025-08-11 08:53:33.280336,1,Degraded
reduced_context,kmeans,2,520,1,C1,-1.1859925348805493,-0.5034354083936882,synnetqos_m_00000521,S042_00052,2025-08-10 17:28:45.828110,0,Not degraded
reduced_context,kmeans,2,540,1,C1,-2.3763186287515,-0.3642564975704199,synnetqos_m_00000541,S042_00054,2025-08-23 10:47:37.442025,1,Degraded
reduced_context,kmeans,2,561,1,C1,0.033011998768607435,-0.34312159868858205,synnetqos_m_00000562,S042_00056,2025-08-06 15:12:09.264696,0,Not degraded
reduced_context,kmeans,2,576,1,C1,0.08964471543518836,-0.6780396203157572,synnetqos_m_00000577,S042_00057,2025-08-13 21:15:08.828140,0,Not degraded
reduced_context,kmeans,2,594,0,C0,2.9555014506945256,3.3839545457975913,synnetqos_m_00000595,S042_00059,2025-08-03 06:15:52.768627,0,Not degraded
reduced_context,kmeans,2,598,1,C1,-0.13734664517509973,0.8855252799569279,synnetqos_m_00000599,S042_00059,2025-08-03 06:19:52.768627,1,Degraded
reduced_context,kmeans,2,633,0,C0,1.1041558105933218,-1.2032196769031882,synnetqos_m_00000634,S042_00063,2025-08-11 12:34:51.360684,0,Not degraded
reduced_context,kmeans,2,687,1,C1,0.213273073911349,0.37694990713337845,synnetqos_m_00000688,S042_00068,2025-08-09 04:03:53.098273,0,Not degraded
reduced_context,kmeans,2,702,1,C1,-1.5352796276656822,1.931530974745213,synnetqos_m_00000703,S042_00070,2025-08-16 18:07:03.787148,1,Degraded
reduced_context,kmeans,2,721,1,C1,-1.312031762627387,1.2363341870996805,synnetqos_m_00000722,S042_00072,2025-08-24 07:56:26.027994,1,Degraded
reduced_context,kmeans,2,744,1,C1,-2.176769590683867,-0.20420314281522187,synnetqos_m_00000745,S042_00074,2025-08-05 14:02:35.980603,1,Degraded
reduced_context,kmeans,2,752,0,C0,2.6697745141304705,1.6301684503692524,synnetqos_m_00000753,S042_00075,2025-08-08 21:12:11.584237,0,Not degraded
reduced_context,kmeans,2,762,0,C0,1.59376172258557,-2.208350942054989,synnetqos_m_00000763,S042_00076,2025-08-12 12:19:14.837427,0,Not degraded
reduced_context,kmeans,2,784,1,C1,0.4113698475513635,-0.37616022105384256,synnetqos_m_00000785,S042_00078,2025-08-20 02:09:49.477027,0,Not degraded
reduced_context,kmeans,2,809,1,C1,-1.495290824183392,-0.9242006932750976,synnetqos_m_00000810,S042_00080,2025-08-22 13:24:33.331747,1,Degraded
reduced_context,kmeans,2,825,0,C0,3.979577948378974,-0.8390882217009301,synnetqos_m_00000826,S042_00082,2025-08-11 15:53:51.876941,1,Degraded
reduced_context,kmeans,2,826,0,C0,2.090689920987817,-2.0639011946654953,synnetqos_m_00000827,S042_00082,2025-08-11 15:54:51.876941,0,Not degraded
reduced_context,kmeans,2,837,0,C0,1.6162334845718338,-0.37429146464913504,synnetqos_m_00000838,S042_00083,2025-08-15 07:55:22.056156,0,Not degraded
reduced_context,kmeans,2,848,1,C1,-0.39399577026575766,4.160394411918816,synnetqos_m_00000849,S042_00084,2025-07-28 00:16:52.366207,1,Degraded
reduced_context,kmeans,2,851,1,C1,-1.063180376930645,-1.0835350799898196,synnetqos_m_00000852,S042_00085,2025-08-06 13:30:31.509935,1,Degraded
reduced_context,kmeans,2,859,1,C1,-1.033821612847149,0.007359250283516701,synnetqos_m_00000860,S042_00085,2025-08-06 13:38:31.509935,1,Degraded
reduced_context,kmeans,2,861,1,C1,-0.3350251089932658,0.6252520886807739,synnetqos_m_00000862,S042_00086,2025-08-19 02:52:35.917998,0,Not degraded
reduced_context,kmeans,2,879,1,C1,-2.153933921110127,0.22030322860931392,synnetqos_m_00000880,S042_00087,2025-08-25 17:14:24.868500,1,Degraded
reduced_context,kmeans,2,890,0,C0,1.3300157962423338,-1.5686678899168063,synnetqos_m_00000891,S042_00089,2025-08-03 19:46:29.870385,0,Not degraded
reduced_context,kmeans,2,905,1,C1,-0.4539788861241666,2.108275113432148,synnetqos_m_00000906,S042_00090,2025-08-24 23:39:03.200425,1,Degraded
reduced_context,kmeans,2,945,1,C1,-1.7721571162719358,3.601421169105818,synnetqos_m_00000946,S042_00094,2025-08-04 06:48:35.311927,1,Degraded
reduced_context,kmeans,2,1027,1,C1,-1.0131665720537442,0.04167939871473298,synnetqos_m_00001028,S042_00102,2025-08-08 07:52:23.744121,1,Degraded
reduced_context,kmeans,2,1034,1,C1,-1.234147834887339,-0.8030108668952867,synnetqos_m_00001035,S042_00103,2025-07-29 07:17:26.350913,0,Not degraded
reduced_context,kmeans,2,1042,1,C1,-1.015884934790141,-1.0322086262062313,synnetqos_m_00001043,S042_00104,2025-08-22 13:32:49.517036,1,Degraded
reduced_context,kmeans,2,1043,1,C1,-0.6656492835545799,-0.7087177186779179,synnetqos_m_00001044,S042_00104,2025-08-22 13:33:49.517036,1,Degraded
reduced_context,kmeans,2,1048,1,C1,-1.041859424667842,-0.8831422820883648,synnetqos_m_00001049,S042_00104,2025-08-22 13:38:49.517036,0,Not degraded
reduced_context,kmeans,2,1054,1,C1,-1.0891146976518529,-1.07135192058856,synnetqos_m_00001055,S042_00105,2025-08-07 13:52:57.500386,0,Not degraded
reduced_context,kmeans,2,1075,1,C1,-0.946888125742799,0.8605430309784371,synnetqos_m_00001076,S042_00107,2025-08-14 17:37:19.319218,1,Degraded
reduced_context,kmeans,2,1087,0,C0,2.1592116272860338,-0.12186241682754087,synnetqos_m_00001088,S042_00108,2025-08-20 17:20:51.197094,0,Not degraded
reduced_context,kmeans,2,1111,0,C0,4.231805138382982,2.0469780955009527,synnetqos_m_00001112,S042_00111,2025-08-21 15:01:40.238676,1,Degraded
reduced_context,kmeans,2,1126,1,C1,0.002278581174895669,-0.9890385033074278,synnetqos_m_00001127,S042_00112,2025-08-04 13:49:49.881442,0,Not degraded
reduced_context,kmeans,2,1127,1,C1,0.040286346211098514,-0.22440681504283497,synnetqos_m_00001128,S042_00112,2025-08-04 13:50:49.881442,1,Degraded
reduced_context,kmeans,2,1144,1,C1,-1.9928229101692345,-0.07109141837126834,synnetqos_m_00001145,S042_00114,2025-08-11 23:23:25.626378,1,Degraded
reduced_context,kmeans,2,1157,1,C1,-2.2252078517745035,-0.3307051472510103,synnetqos_m_00001158,S042_00115,2025-08-15 03:04:33.422425,1,Degraded
reduced_context,kmeans,2,1164,1,C1,0.6122310050180035,0.3849459786548636,synnetqos_m_00001165,S042_00116,2025-08-08 20:32:59.046527,1,Degraded
reduced_context,kmeans,2,1165,1,C1,0.041486731440216876,-1.4382010148697129,synnetqos_m_00001166,S042_00116,2025-08-08 20:33:59.046527,1,Degraded
reduced_context,kmeans,2,1169,0,C0,1.324498039578697,-1.6248034668243219,synnetqos_m_00001170,S042_00116,2025-08-08 20:37:59.046527,0,Not degraded
reduced_context,kmeans,2,1190,1,C1,-2.166931864711083,0.576954996376995,synnetqos_m_00001191,S042_00119,2025-08-08 09:47:12.201661,1,Degraded
reduced_context,kmeans,2,1219,1,C1,-0.2800743807440268,-0.9723243580003655,synnetqos_m_00001220,S042_00121,2025-08-09 18:37:40.659701,1,Degraded
reduced_context,kmeans,2,1231,1,C1,0.32464755217592106,3.4729751967500646,synnetqos_m_00001232,S042_00123,2025-08-22 02:11:44.425499,1,Degraded
reduced_context,kmeans,2,1233,1,C1,-1.4311783545459136,0.09431271431120067,synnetqos_m_00001234,S042_00123,2025-08-22 02:13:44.425499,1,Degraded
reduced_context,kmeans,2,1249,0,C0,1.2214075465258785,-0.7831529689050202,synnetqos_m_00001250,S042_00124,2025-07-30 13:15:12.149532,0,Not degraded
reduced_context,kmeans,2,1277,1,C1,0.08942087522827569,-0.9894108607894302,synnetqos_m_00001278,S042_00127,2025-07-28 08:37:10.540701,0,Not degraded
reduced_context,kmeans,2,1321,1,C1,-0.5582055369697959,-1.0577384656885485,synnetqos_m_00001322,S042_00132,2025-08-18 18:37:24.732696,1,Degraded
reduced_context,kmeans,2,1324,1,C1,0.4346202674028313,-0.7139949389219363,synnetqos_m_00001325,S042_00132,2025-08-18 18:40:24.732696,0,Not degraded
reduced_context,kmeans,2,1326,1,C1,0.19855861956822696,-1.4438885854061476,synnetqos_m_00001327,S042_00132,2025-08-18 18:42:24.732696,1,Degraded
reduced_context,kmeans,2,1340,1,C1,-1.0100836312201344,-0.1892922505876451,synnetqos_m_00001341,S042_00134,2025-07-27 10:39:12.372056,1,Degraded
reduced_context,kmeans,2,1343,1,C1,-0.03887522980191837,-0.26565187992142697,synnetqos_m_00001344,S042_00134,2025-07-27 10:42:12.372056,0,Not degraded
reduced_context,kmeans,2,1345,1,C1,-0.546296413764697,1.3809384610407518,synnetqos_m_00001346,S042_00134,2025-07-27 10:44:12.372056,1,Degraded
reduced_context,kmeans,2,1347,1,C1,-1.4247617394202443,-0.5072575391582683,synnetqos_m_00001348,S042_00134,2025-07-27 10:46:12.372056,1,Degraded
reduced_context,kmeans,2,1348,1,C1,-0.7403780777603247,-0.7021809919820331,synnetqos_m_00001349,S042_00134,2025-07-27 10:47:12.372056,1,Degraded
reduced_context,kmeans,2,1361,1,C1,-0.7913783593044534,-0.14170703113577277,synnetqos_m_00001362,S042_00136,2025-08-21 10:12:27.684119,1,Degraded
reduced_context,kmeans,2,1386,0,C0,3.262436553639969,-0.1875521157094703,synnetqos_m_00001387,S042_00138,2025-08-23 12:33:01.772892,0,Not degraded
reduced_context,kmeans,2,1393,1,C1,-1.8818641144520274,-0.38437793343156235,synnetqos_m_00001394,S042_00139,2025-08-19 13:17:53.640083,0,Not degraded
reduced_context,kmeans,2,1408,0,C0,7.389094489700269,1.0212843490957875,synnetqos_m_00001409,S042_00140,2025-08-14 04:10:20.392140,0,Not degraded
reduced_context,kmeans,2,1435,0,C0,4.244535935838609,1.9559378399405252,synnetqos_m_00001436,S042_00143,2025-07-31 13:23:20.307076,0,Not degraded
reduced_context,kmeans,2,1439,0,C0,2.917923977084361,-0.774837440780676,synnetqos_m_00001440,S042_00143,2025-07-31 13:27:20.307076,0,Not degraded
reduced_context,kmeans,2,1442,1,C1,-1.411053102795413,4.053008948615818,synnetqos_m_00001443,S042_00144,2025-08-10 18:47:02.224573,1,Degraded
reduced_context,kmeans,2,1466,1,C1,-1.5431740357603922,-0.05179141934236974,synnetqos_m_00001467,S042_00146,2025-07-29 08:48:30.722111,1,Degraded
reduced_context,kmeans,2,1470,0,C0,2.599460277358025,-0.7818856432154362,synnetqos_m_00001471,S042_00147,2025-08-21 07:39:49.310123,0,Not degraded
reduced_context,kmeans,2,1479,0,C0,3.9457530884782757,0.5470423409993167,synnetqos_m_00001480,S042_00147,2025-08-21 07:48:49.310123,0,Not degraded
reduced_context,kmeans,2,1519,1,C1,0.5383268501691972,-0.4653931661041932,synnetqos_m_00001520,S042_00151,2025-08-05 12:52:43.529413,0,Not degraded
reduced_context,kmeans,2,1531,1,C1,-1.3905405471008618,2.8299385411747378,synnetqos_m_00001532,S042_00153,2025-08-08 15:56:48.187062,1,Degraded
reduced_context,kmeans,2,1537,1,C1,-2.4092964010608835,-0.20855705043646725,synnetqos_m_00001538,S042_00153,2025-08-08 16:02:48.187062,1,Degraded
reduced_context,kmeans,2,1584,1,C1,-0.5474287564991832,-0.3679632496793872,synnetqos_m_00001585,S042_00158,2025-08-14 08:19:59.287601,1,Degraded
reduced_context,kmeans,2,1591,0,C0,3.1014850703024752,-0.5437009338721809,synnetqos_m_00001592,S042_00159,2025-08-19 12:50:21.785169,0,Not degraded
reduced_context,kmeans,2,1633,1,C1,-1.2300286095275712,0.10863526584428956,synnetqos_m_00001634,S042_00163,2025-07-30 18:40:16.622960,1,Degraded
reduced_context,kmeans,2,1651,1,C1,-0.013786053510561024,0.0547330509792204,synnetqos_m_00001652,S042_00165,2025-08-04 00:28:28.155498,0,Not degraded
reduced_context,kmeans,2,1652,0,C0,0.6804869501941249,1.8915480537619516,synnetqos_m_00001653,S042_00165,2025-08-04 00:29:28.155498,0,Not degraded
reduced_context,kmeans,2,1673,1,C1,-0.3130508808249958,-1.4851726196702282,synnetqos_m_00001674,S042_00167,2025-08-12 14:44:53.083322,1,Degraded
reduced_context,kmeans,2,1679,1,C1,0.2560664843304069,-0.8758292623676575,synnetqos_m_00001680,S042_00167,2025-08-12 14:50:53.083322,1,Degraded
reduced_context,kmeans,2,1686,1,C1,-0.7214123076744605,-0.04446824016385856,synnetqos_m_00001687,S042_00168,2025-08-18 07:37:58.760772,0,Not degraded
reduced_context,kmeans,2,1695,1,C1,-0.12909453877825297,-0.6848417721568809,synnetqos_m_00001696,S042_00169,2025-08-01 13:18:56.937006,0,Not degraded
reduced_context,kmeans,2,1697,1,C1,0.4863913098729716,-0.41422415693900794,synnetqos_m_00001698,S042_00169,2025-08-01 13:20:56.937006,0,Not degraded
reduced_context,kmeans,2,1715,1,C1,0.01797345588582147,1.1823029317789744,synnetqos_m_00001716,S042_00171,2025-08-19 02:26:47.422823,1,Degraded
reduced_context,kmeans,2,1736,1,C1,-1.3429534417804527,-0.6743036751684871,synnetqos_m_00001737,S042_00173,2025-08-15 18:44:59.407870,1,Degraded
reduced_context,kmeans,2,1753,0,C0,3.1040084718316856,6.123656386790373,synnetqos_m_00001754,S042_00175,2025-08-07 06:06:09.375129,0,Not degraded
reduced_context,kmeans,2,1755,1,C1,-1.0378697022226717,0.33032720489806255,synnetqos_m_00001756,S042_00175,2025-08-07 06:08:09.375129,1,Degraded
reduced_context,kmeans,2,1772,1,C1,-0.13121960223633192,-0.1171735706846874,synnetqos_m_00001773,S042_00177,2025-08-20 23:11:16.884387,0,Not degraded
reduced_context,kmeans,2,1774,0,C0,1.6863571105672057,-1.10200363077791,synnetqos_m_00001775,S042_00177,2025-08-20 23:13:16.884387,0,Not degraded
reduced_context,kmeans,2,1783,1,C1,-0.33991523209541946,-1.0840787792441553,synnetqos_m_00001784,S042_00178,2025-08-15 20:25:23.855517,1,Degraded
reduced_context,kmeans,2,1801,0,C0,0.830814265452988,-0.8927654862446178,synnetqos_m_00001802,S042_00180,2025-08-20 13:47:20.559436,0,Not degraded
reduced_context,kmeans,2,1804,0,C0,1.240762136623609,-1.0405769975189858,synnetqos_m_00001805,S042_00180,2025-08-20 13:50:20.559436,0,Not degraded
reduced_context,kmeans,2,1807,1,C1,0.30724176983080803,-0.3206976277466447,synnetqos_m_00001808,S042_00180,2025-08-20 13:53:20.559436,0,Not degraded
reduced_context,kmeans,2,1808,0,C0,2.7262947709607257,2.1079840984721705,synnetqos_m_00001809,S042_00180,2025-08-20 13:54:20.559436,0,Not degraded
reduced_context,kmeans,2,1823,0,C0,1.004187844087353,-1.3815185680177735,synnetqos_m_00001824,S042_00182,2025-07-28 11:19:47.834887,0,Not degraded
reduced_context,kmeans,2,1839,1,C1,-2.5946435487122734,0.5479285922857038,synnetqos_m_00001840,S042_00183,2025-07-31 22:19:59.069542,1,Degraded
reduced_context,kmeans,2,1842,1,C1,-0.10468710090679298,-0.7782064266827243,synnetqos_m_00001843,S042_00184,2025-08-23 10:34:04.584875,1,Degraded
reduced_context,kmeans,2,1847,1,C1,0.20101401044905967,1.0185245617124437,synnetqos_m_00001848,S042_00184,2025-08-23 10:39:04.584875,0,Not degraded
reduced_context,kmeans,2,1858,1,C1,-1.2235934960964698,-0.8467278702450975,synnetqos_m_00001859,S042_00185,2025-08-10 17:32:52.722610,0,Not degraded
reduced_context,kmeans,2,1896,1,C1,-0.040517195206378705,0.2536408734399465,synnetqos_m_00001897,S042_00189,2025-07-30 11:58:08.095735,0,Not degraded
reduced_context,kmeans,2,1897,0,C0,4.014493446804884,5.726583270630618,synnetqos_m_00001898,S042_00189,2025-07-30 11:59:08.095735,0,Not degraded
reduced_context,kmeans,2,1899,0,C0,1.0061556986172508,2.655259184645802,synnetqos_m_00001900,S042_00189,2025-07-30 12:01:08.095735,1,Degraded
reduced_context,kmeans,2,1902,1,C1,-2.1895437132294657,-0.28878401986123464,synnetqos_m_00001903,S042_00190,2025-07-28 08:40:38.829444,1,Degraded
reduced_context,kmeans,2,1907,1,C1,-1.908850390358786,-0.5431458967299814,synnetqos_m_00001908,S042_00190,2025-07-28 08:45:38.829444,1,Degraded
reduced_context,kmeans,2,1911,1,C1,-1.0505033500497118,2.9251212890638283,synnetqos_m_00001912,S042_00191,2025-08-01 05:25:57.354743,1,Degraded
reduced_context,kmeans,2,1922,1,C1,-0.21978157770238135,0.8072599116193727,synnetqos_m_00001923,S042_00192,2025-08-13 22:47:34.671136,1,Degraded
reduced_context,kmeans,2,1939,1,C1,-0.5185223379163808,-0.6566031869144411,synnetqos_m_00001940,S042_00193,2025-08-10 11:56:30.717576,1,Degraded
reduced_context,kmeans,2,1941,1,C1,0.3769183911421713,-1.2469602322042834,synnetqos_m_00001942,S042_00194,2025-07-28 11:36:44.155743,0,Not degraded
reduced_context,kmeans,2,1949,1,C1,-1.0562054203376563,-0.6500478190990173,synnetqos_m_00001950,S042_00194,2025-07-28 11:44:44.155743,1,Degraded
reduced_context,kmeans,2,1951,1,C1,0.11971716839251229,0.05000353679246219,synnetqos_m_00001952,S042_00195,2025-08-23 20:59:29.380594,0,Not degraded
reduced_context,kmeans,2,1953,0,C0,1.2013251777089768,0.10788226809045418,synnetqos_m_00001954,S042_00195,2025-08-23 21:01:29.380594,0,Not degraded
reduced_context,kmeans,2,1961,1,C1,0.23925644034586493,0.3387095681094193,synnetqos_m_00001962,S042_00196,2025-08-16 00:14:34.197525,0,Not degraded
reduced_context,kmeans,2,1967,1,C1,-1.936739958903984,0.43289298254514663,synnetqos_m_00001968,S042_00196,2025-08-16 00:20:34.197525,1,Degraded
reduced_context,kmeans,2,1992,1,C1,-1.031580686012262,-0.6024030284779709,synnetqos_m_00001993,S042_00199,2025-08-04 10:54:31.516489,1,Degraded
reduced_context,kmeans,2,2012,1,C1,0.17306516792265594,-0.1489592352747453,synnetqos_m_00002013,S042_00201,2025-08-19 12:18:29.554132,0,Not degraded
reduced_context,kmeans,2,2030,1,C1,-2.4936347020846523,0.35056007174418163,synnetqos_m_00002031,S042_00203,2025-07-30 11:01:27.919261,1,Degraded
reduced_context,kmeans,2,2049,0,C0,1.9630917075415346,1.8323760884870044,synnetqos_m_00002050,S042_00204,2025-08-14 13:51:44.256813,0,Not degraded
reduced_context,kmeans,2,2050,1,C1,0.0246067985383941,-1.7720142328295163,synnetqos_m_00002051,S042_00205,2025-08-21 07:24:21.695673,1,Degraded
reduced_context,kmeans,2,2078,1,C1,-1.5408959131469544,0.014331068037010446,synnetqos_m_00002079,S042_00207,2025-08-20 07:46:52.981349,1,Degraded
reduced_context,kmeans,2,2081,1,C1,-1.5889458890223804,-0.43145073839174464,synnetqos_m_00002082,S042_00208,2025-08-02 23:08:26.673386,1,Degraded
reduced_context,kmeans,2,2098,1,C1,-0.34861498491618836,-0.4406700382932369,synnetqos_m_00002099,S042_00209,2025-07-31 20:47:54.306579,0,Not degraded
reduced_context,kmeans,2,2128,1,C1,0.44877671737421393,1.7528569516149817,synnetqos_m_00002129,S042_00212,2025-07-31 22:04:28.801839,1,Degraded
reduced_context,kmeans,2,2135,1,C1,-0.941802132177855,-0.3577376218298952,synnetqos_m_00002136,S042_00213,2025-08-14 04:39:16.439660,0,Not degraded
reduced_context,kmeans,2,2178,1,C1,0.5061645141813707,-0.017845121331400808,synnetqos_m_00002179,S042_00217,2025-08-24 14:46:14.321717,0,Not degraded
reduced_context,kmeans,2,2187,1,C1,0.05407045962701461,2.39015709692074,synnetqos_m_00002188,S042_00218,2025-08-05 11:27:53.943116,1,Degraded
reduced_context,kmeans,2,2195,0,C0,1.2597080648119934,-0.37701757528090885,synnetqos_m_00002196,S042_00219,2025-08-21 23:30:05.241315,0,Not degraded
reduced_context,kmeans,2,2197,0,C0,3.7914317042631556,3.659370951740705,synnetqos_m_00002198,S042_00219,2025-08-21 23:32:05.241315,0,Not degraded
reduced_context,kmeans,2,2201,1,C1,-1.2744626996534014,-0.3292424357675759,synnetqos_m_00002202,S042_00220,2025-08-07 11:12:56.989751,1,Degraded
reduced_context,kmeans,2,2209,1,C1,-1.1535125254476013,0.3885825387032287,synnetqos_m_00002210,S042_00220,2025-08-07 11:20:56.989751,1,Degraded
reduced_context,kmeans,2,2217,1,C1,-0.49357939967566195,-0.7839390307794993,synnetqos_m_00002218,S042_00221,2025-08-22 08:06:18.695295,1,Degraded
reduced_context,kmeans,2,2232,1,C1,-2.162516565353075,-0.18521752233928473,synnetqos_m_00002233,S042_00223,2025-08-10 20:29:56.117950,1,Degraded
reduced_context,kmeans,2,2257,1,C1,-0.13826142931072907,-0.7143734266883145,synnetqos_m_00002258,S042_00225,2025-07-30 21:06:36.448668,0,Not degraded
reduced_context,kmeans,2,2260,0,C0,1.89829566217338,0.008889759886171446,synnetqos_m_00002261,S042_00226,2025-08-06 15:13:11.046200,0,Not degraded
reduced_context,kmeans,2,2262,1,C1,0.08045686374382699,-0.7854228515024552,synnetqos_m_00002263,S042_00226,2025-08-06 15:15:11.046200,0,Not degraded
reduced_context,kmeans,2,2263,0,C0,1.595950500676497,-0.9603089643436407,synnetqos_m_00002264,S042_00226,2025-08-06 15:16:11.046200,0,Not degraded
reduced_context,kmeans,2,2264,0,C0,1.4374527408255142,0.3753944986840125,synnetqos_m_00002265,S042_00226,2025-08-06 15:17:11.046200,0,Not degraded
reduced_context,kmeans,2,2284,1,C1,0.064233922966541,-0.45804316292798136,synnetqos_m_00002285,S042_00228,2025-08-11 15:12:51.994721,1,Degraded
reduced_context,kmeans,2,2288,1,C1,0.40642811350660746,-1.0357253616544884,synnetqos_m_00002289,S042_00228,2025-08-11 15:16:51.994721,0,Not degraded
reduced_context,kmeans,2,2289,1,C1,-1.1585163209883844,-1.1967283604298262,synnetqos_m_00002290,S042_00228,2025-08-11 15:17:51.994721,1,Degraded
reduced_context,kmeans,2,2291,1,C1,-0.48303230363618327,-0.9483363062487077,synnetqos_m_00002292,S042_00229,2025-08-09 01:41:37.130076,1,Degraded
reduced_context,kmeans,2,2296,1,C1,0.2891899663488863,-1.2103889252589684,synnetqos_m_00002297,S042_00229,2025-08-09 01:46:37.130076,0,Not degraded
reduced_context,kmeans,2,2297,0,C0,1.6239325996974685,-2.0240756656689145,synnetqos_m_00002298,S042_00229,2025-08-09 01:47:37.130076,0,Not degraded
reduced_context,kmeans,2,2304,0,C0,1.3878981261537078,1.7007609109334405,synnetqos_m_00002305,S042_00230,2025-08-24 05:10:21.518783,0,Not degraded
reduced_context,kmeans,2,2343,1,C1,-0.6160216908766558,-0.5742966296505986,synnetqos_m_00002344,S042_00234,2025-08-12 20:11:44.112274,0,Not degraded
reduced_context,kmeans,2,2371,0,C0,1.859639756127233,4.509592320922222,synnetqos_m_00002372,S042_00237,2025-07-30 08:06:45.192753,1,Degraded
reduced_context,kmeans,2,2373,1,C1,0.38070512684077623,-0.6989078997180002,synnetqos_m_00002374,S042_00237,2025-07-30 08:08:45.192753,0,Not degraded
reduced_context,kmeans,2,2391,1,C1,-0.68719693613975,2.469339427804321,synnetqos_m_00002392,S042_00239,2025-08-09 13:05:41.301541,0,Not degraded
reduced_context,kmeans,2,2399,1,C1,-0.9968247850722967,-0.5269798608917377,synnetqos_m_00002400,S042_00239,2025-08-09 13:13:41.301541,1,Degraded
reduced_context,kmeans,2,2408,1,C1,-2.228205138018367,-0.48594869139283875,synnetqos_m_00002409,S042_00240,2025-08-23 18:39:10.836416,1,Degraded
reduced_context,kmeans,2,2413,1,C1,-1.7804862626859268,2.3489253461255393,synnetqos_m_00002414,S042_00241,2025-08-14 13:11:16.030516,1,Degraded
reduced_context,kmeans,2,2415,1,C1,-0.8861409855815685,-0.45231109247921947,synnetqos_m_00002416,S042_00241,2025-08-14 13:13:16.030516,1,Degraded
reduced_context,kmeans,2,2437,1,C1,-1.2471317183166237,-0.3437694508012448,synnetqos_m_00002438,S042_00243,2025-08-16 01:37:35.233873,1,Degraded
reduced_context,kmeans,2,2439,1,C1,-0.0304782802325859,-0.3670012378082454,synnetqos_m_00002440,S042_00243,2025-08-16 01:39:35.233873,0,Not degraded
reduced_context,kmeans,2,2460,0,C0,2.526348645128993,1.8643185007413952,synnetqos_m_00002461,S042_00246,2025-08-22 07:06:48.815962,0,Not degraded
reduced_context,kmeans,2,2466,0,C0,1.5134185914359082,-0.8635602050557177,synnetqos_m_00002467,S042_00246,2025-08-22 07:12:48.815962,0,Not degraded
reduced_context,kmeans,2,2484,1,C1,-0.6567915740459618,-0.7925296965358827,synnetqos_m_00002485,S042_00248,2025-08-16 19:01:02.302769,0,Not degraded
reduced_context,kmeans,2,2488,1,C1,-0.18817520985093564,-0.033689212614366984,synnetqos_m_00002489,S042_00248,2025-08-16 19:05:02.302769,0,Not degraded
reduced_context,kmeans,2,2489,1,C1,0.03436174416732043,-0.8787772279921516,synnetqos_m_00002490,S042_00248,2025-08-16 19:06:02.302769,1,Degraded
reduced_context,kmeans,2,2497,1,C1,0.15864636125014572,0.5082441806132633,synnetqos_m_00002498,S042_00249,2025-08-19 04:42:09.005543,0,Not degraded
reduced_context,kmeans,2,2501,0,C0,5.733238347137301,1.726184247032426,synnetqos_m_00002502,S042_00250,2025-08-19 00:17:49.525808,0,Not degraded
reduced_context,kmeans,2,2532,0,C0,0.7785792470293001,-0.9402326770771496,synnetqos_m_00002533,S042_00253,2025-08-25 05:18:09.689187,0,Not degraded
reduced_context,kmeans,2,2539,0,C0,1.1826385913328241,-1.5124658783945062,synnetqos_m_00002540,S042_00253,2025-08-25 05:25:09.689187,0,Not degraded
reduced_context,kmeans,2,2546,1,C1,-1.5190423827439279,1.854410848517502,synnetqos_m_00002547,S042_00254,2025-08-04 07:11:42.993033,1,Degraded
reduced_context,kmeans,2,2549,1,C1,-0.9718807098375661,-0.01800435600729698,synnetqos_m_00002550,S042_00254,2025-08-04 07:14:42.993033,1,Degraded
reduced_context,kmeans,2,2562,0,C0,3.9792205757208654,1.4545449902576824,synnetqos_m_00002563,S042_00256,2025-07-28 07:20:21.426899,0,Not degraded
reduced_context,kmeans,2,2567,0,C0,5.530396110474845,-1.9080003642074939,synnetqos_m_00002568,S042_00256,2025-07-28 07:25:21.426899,0,Not degraded
reduced_context,kmeans,2,2571,0,C0,1.4960642358321596,3.756306482846556,synnetqos_m_00002572,S042_00257,2025-07-27 11:57:37.549352,1,Degraded
reduced_context,kmeans,2,2588,1,C1,-2.716761217750454,0.15848870040685412,synnetqos_m_00002589,S042_00258,2025-08-05 22:41:21.544437,1,Degraded
reduced_context,kmeans,2,2589,1,C1,-2.2320440317095387,0.17716681805825166,synnetqos_m_00002590,S042_00258,2025-08-05 22:42:21.544437,1,Degraded
reduced_context,kmeans,2,2591,1,C1,-3.3497362701407227,0.7891479185966799,synnetqos_m_00002592,S042_00259,2025-08-16 13:35:21.059337,1,Degraded
reduced_context,kmeans,2,2621,1,C1,-1.2932876470141936,4.092647913221428,synnetqos_m_00002622,S042_00262,2025-08-05 00:34:15.669244,1,Degraded
reduced_context,kmeans,2,2687,1,C1,-1.128901470413215,-0.37989462818643155,synnetqos_m_00002688,S042_00268,2025-07-26 17:51:00.552778,0,Not degraded
reduced_context,kmeans,2,2702,1,C1,-0.2545072517811399,-0.7505858609267444,synnetqos_m_00002703,S042_00270,2025-08-01 22:49:26.648798,0,Not degraded
reduced_context,kmeans,2,2723,0,C0,2.8684425199285073,0.9095660648026612,synnetqos_m_00002724,S042_00272,2025-08-13 10:19:10.880252,0,Not degraded
reduced_context,kmeans,2,2726,0,C0,2.085629967398198,0.050729407398025415,synnetqos_m_00002727,S042_00272,2025-08-13 10:22:10.880252,0,Not degraded
reduced_context,kmeans,2,2741,0,C0,1.853096548312445,2.5490229670967137,synnetqos_m_00002742,S042_00274,2025-07-27 19:48:54.327188,1,Degraded
reduced_context,kmeans,2,2745,0,C0,2.84535480359313,-0.8843893190129885,synnetqos_m_00002746,S042_00274,2025-07-27 19:52:54.327188,0,Not degraded
reduced_context,kmeans,2,2767,1,C1,-1.1542276689991715,-1.1638521349667341,synnetqos_m_00002768,S042_00276,2025-07-31 12:28:46.579020,1,Degraded
reduced_context,kmeans,2,2774,1,C1,-2.042884839436331,1.5908506863796439,synnetqos_m_00002775,S042_00277,2025-08-22 17:04:00.294431,1,Degraded
reduced_context,kmeans,2,2796,1,C1,-0.9475300162728973,-0.14799625324590931,synnetqos_m_00002797,S042_00279,2025-08-15 03:40:46.956057,1,Degraded
reduced_context,kmeans,2,2831,1,C1,-0.4972712946185585,-0.7507087772244005,synnetqos_m_00002832,S042_00283,2025-08-24 11:53:37.549540,1,Degraded
reduced_context,kmeans,2,2841,1,C1,0.06083886718827253,-0.6582067766392452,synnetqos_m_00002842,S042_00284,2025-08-11 06:01:36.526423,0,Not degraded
reduced_context,kmeans,2,2868,1,C1,-0.024616987638160885,-1.0195159887894965,synnetqos_m_00002869,S042_00286,2025-08-18 08:18:36.490240,0,Not degraded
reduced_context,kmeans,2,2882,1,C1,-0.39638398424467003,2.184338794103601,synnetqos_m_00002883,S042_00288,2025-08-13 01:49:22.570176,0,Not degraded
reduced_context,kmeans,2,2883,1,C1,-2.225723096038504,0.0030094045355580426,synnetqos_m_00002884,S042_00288,2025-08-13 01:50:22.570176,1,Degraded
reduced_context,kmeans,2,2889,1,C1,-1.823278448662395,-0.23899729663058683,synnetqos_m_00002890,S042_00288,2025-08-13 01:56:22.570176,0,Not degraded
reduced_context,kmeans,2,2900,1,C1,-0.6872036444503303,-0.4770560967164235,synnetqos_m_00002901,S042_00290,2025-08-25 01:29:08.971225,0,Not degraded
reduced_context,kmeans,2,2919,1,C1,-2.645226762101103,0.4191214776715851,synnetqos_m_00002920,S042_00291,2025-08-06 04:36:02.747665,1,Degraded
reduced_context,kmeans,2,2945,1,C1,-3.4753380724143397,-0.07805606614005729,synnetqos_m_00002946,S042_00294,2025-08-06 19:20:43.077262,1,Degraded
reduced_context,kmeans,2,2954,1,C1,-1.7183365606414411,-0.5283425599368218,synnetqos_m_00002955,S042_00295,2025-07-29 14:31:51.318990,1,Degraded
reduced_context,kmeans,2,2963,1,C1,-0.6107432916249564,-1.1952345237065969,synnetqos_m_00002964,S042_00296,2025-08-10 06:47:40.082317,1,Degraded
reduced_context,kmeans,2,2969,0,C0,0.651618148343416,-1.6141189977812587,synnetqos_m_00002970,S042_00296,2025-08-10 06:53:40.082317,0,Not degraded
reduced_context,kmeans,2,2972,1,C1,-0.9060797715801554,-0.3840904588710178,synnetqos_m_00002973,S042_00297,2025-08-18 11:07:58.339293,1,Degraded
reduced_context,kmeans,2,2983,0,C0,1.2150401211934623,-1.0896147281397222,synnetqos_m_00002984,S042_00298,2025-07-26 22:02:29.939380,0,Not degraded
reduced_context,kmeans,2,2987,0,C0,5.61466753056086,1.181268377860955,synnetqos_m_00002988,S042_00298,2025-07-26 22:06:29.939380,1,Degraded
reduced_context,kmeans,2,2990,0,C0,6.508605703965902,0.8591608003157815,synnetqos_m_00002991,S042_00299,2025-07-27 04:07:04.075286,0,Not degraded
reduced_context,kmeans,2,2999,0,C0,9.00829393476639,7.0166451010887085,synnetqos_m_00003000,S042_00299,2025-07-27 04:16:04.075286,0,Not degraded
reduced_context,kmeans,2,3000,1,C1,-1.7356064481408067,-0.2804706423062628,synnetqos_m_00003001,S042_00300,2025-08-02 01:56:20.021708,1,Degraded
reduced_context,kmeans,2,3029,1,C1,-0.8736200789255185,1.2608427679624323,synnetqos_m_00003030,S042_00302,2025-08-12 21:26:57.776496,1,Degraded
reduced_context,kmeans,2,3031,1,C1,-1.575907274064608,0.6251794692965534,synnetqos_m_00003032,S042_00303,2025-08-06 00:31:28.107529,1,Degraded
reduced_context,kmeans,2,3044,0,C0,1.1191976512416832,0.986274103319964,synnetqos_m_00003045,S042_00304,2025-08-15 06:21:26.688572,0,Not degraded
reduced_context,kmeans,2,3050,1,C1,-0.24953765487201438,-1.0607032424340488,synnetqos_m_00003051,S042_00305,2025-07-26 09:33:43.439432,0,Not degraded
reduced_context,kmeans,2,3058,1,C1,-1.1086116542188278,-0.6618315253710607,synnetqos_m_00003059,S042_00305,2025-07-26 09:41:43.439432,1,Degraded
reduced_context,kmeans,2,3091,0,C0,2.770870119729343,-1.5781981188621301,synnetqos_m_00003092,S042_00309,2025-08-04 04:14:20.817655,0,Not degraded
reduced_context,kmeans,2,3093,0,C0,3.1212960492637123,-0.19329621780475212,synnetqos_m_00003094,S042_00309,2025-08-04 04:16:20.817655,0,Not degraded
reduced_context,kmeans,2,3094,0,C0,4.3247970629246435,1.167276217980577,synnetqos_m_00003095,S042_00309,2025-08-04 04:17:20.817655,0,Not degraded
reduced_context,kmeans,2,3146,1,C1,-0.11534626804512016,-0.11577363268543223,synnetqos_m_00003147,S042_00314,2025-08-18 22:06:43.416342,0,Not degraded
reduced_context,kmeans,2,3161,1,C1,-0.07697822330595996,-0.7142170567609871,synnetqos_m_00003162,S042_00316,2025-08-01 04:31:08.074917,0,Not degraded
reduced_context,kmeans,2,3165,1,C1,-0.1767890786869048,-0.2102799977852637,synnetqos_m_00003166,S042_00316,2025-08-01 04:35:08.074917,0,Not degraded
reduced_context,kmeans,2,3172,1,C1,-0.5327890730761675,-0.08107036778821919,synnetqos_m_00003173,S042_00317,2025-08-16 12:48:27.813141,0,Not degraded
reduced_context,kmeans,2,3175,1,C1,0.3933907391128076,0.29263821104796156,synnetqos_m_00003176,S042_00317,2025-08-16 12:51:27.813141,0,Not degraded
reduced_context,kmeans,2,3180,0,C0,4.4389777950550116,-2.1357857207585806,synnetqos_m_00003181,S042_00318,2025-08-13 02:42:02.681663,0,Not degraded
reduced_context,kmeans,2,3182,0,C0,4.074526381739647,-2.437544601110888,synnetqos_m_00003183,S042_00318,2025-08-13 02:44:02.681663,0,Not degraded
reduced_context,kmeans,2,3183,0,C0,5.400396341944228,-2.8983286927169782,synnetqos_m_00003184,S042_00318,2025-08-13 02:45:02.681663,0,Not degraded
reduced_context,kmeans,2,3190,1,C1,-0.6405695850555315,-0.7308423118085631,synnetqos_m_00003191,S042_00319,2025-08-07 01:20:58.767362,0,Not degraded
reduced_context,kmeans,2,3211,1,C1,-0.5349410388373076,-0.7249466589158072,synnetqos_m_00003212,S042_00321,2025-08-08 14:34:58.114965,0,Not degraded
reduced_context,kmeans,2,3217,1,C1,-1.000563199908377,-0.540807578507616,synnetqos_m_00003218,S042_00321,2025-08-08 14:40:58.114965,0,Not degraded
reduced_context,kmeans,2,3218,1,C1,0.4374740943194435,4.8550867260281345,synnetqos_m_00003219,S042_00321,2025-08-08 14:41:58.114965,1,Degraded
reduced_context,kmeans,2,3221,1,C1,-0.8500472170300858,0.10007133306353966,synnetqos_m_00003222,S042_00322,2025-08-09 04:29:18.165151,1,Degraded
reduced_context,kmeans,2,3268,1,C1,-0.5597005415283663,-1.2127095915008215,synnetqos_m_00003269,S042_00326,2025-08-02 14:49:21.713017,1,Degraded
reduced_context,kmeans,2,3279,0,C0,3.439837595348073,-1.1338640422605393,synnetqos_m_00003280,S042_00327,2025-08-21 16:07:27.687510,1,Degraded
reduced_context,kmeans,2,3338,1,C1,-0.24040940501792976,0.08830450436379753,synnetqos_m_00003339,S042_00333,2025-08-01 23:16:23.894421,0,Not degraded
reduced_context,kmeans,2,3342,0,C0,1.0157416223022544,2.9206968235451827,synnetqos_m_00003343,S042_00334,2025-07-28 16:13:09.221408,0,Not degraded
reduced_context,kmeans,2,3349,0,C0,1.4519074135265024,2.337156714589876,synnetqos_m_00003350,S042_00334,2025-07-28 16:20:09.221408,0,Not degraded
reduced_context,kmeans,2,3350,1,C1,-2.5610684150951877,0.037096886357972265,synnetqos_m_00003351,S042_00335,2025-08-16 14:54:56.764288,1,Degraded
reduced_context,kmeans,2,3390,1,C1,-1.56208839335329,0.27430480326861056,synnetqos_m_00003391,S042_00339,2025-08-14 07:12:44.783173,1,Degraded
reduced_context,kmeans,2,3411,1,C1,-1.4339224030253221,1.1969186543260926,synnetqos_m_00003412,S042_00341,2025-08-08 01:06:27.798320,1,Degraded
reduced_context,kmeans,2,3414,1,C1,-1.8795724541029775,0.6640086763908669,synnetqos_m_00003415,S042_00341,2025-08-08 01:09:27.798320,1,Degraded
reduced_context,kmeans,2,3433,0,C0,1.099115924533408,0.5843277397438766,synnetqos_m_00003434,S042_00343,2025-07-30 23:49:34.777997,0,Not degraded
reduced_context,kmeans,2,3438,0,C0,1.2387758280691261,1.5287812548588755,synnetqos_m_00003439,S042_00343,2025-07-30 23:54:34.777997,0,Not degraded
reduced_context,kmeans,2,3440,1,C1,-0.4802603198582071,0.7991704628419425,synnetqos_m_00003441,S042_00344,2025-08-19 10:41:08.167714,1,Degraded
reduced_context,kmeans,2,3451,0,C0,2.2081223615086616,-1.762065730904796,synnetqos_m_00003452,S042_00345,2025-08-19 08:43:25.992728,0,Not degraded
reduced_context,kmeans,2,3469,0,C0,4.6476650364975205,1.3148283261959104,synnetqos_m_00003470,S042_00346,2025-08-20 11:23:46.288286,0,Not degraded
reduced_context,kmeans,2,3475,0,C0,1.4191922542561501,-1.3924598817123384,synnetqos_m_00003476,S042_00347,2025-08-02 17:35:37.720267,0,Not degraded
reduced_context,kmeans,2,3478,0,C0,3.5649083554884653,-0.6420982366703143,synnetqos_m_00003479,S042_00347,2025-08-02 17:38:37.720267,0,Not degraded
reduced_context,kmeans,2,3505,1,C1,-2.004490213320495,0.7142704090785491,synnetqos_m_00003506,S042_00350,2025-08-07 13:44:29.780725,1,Degraded
reduced_context,kmeans,2,3526,1,C1,-2.460707721688675,-0.12531613898724803,synnetqos_m_00003527,S042_00352,2025-08-23 16:38:31.238505,1,Degraded
reduced_context,kmeans,2,3528,1,C1,-1.3875374020305313,-0.6395768264596852,synnetqos_m_00003529,S042_00352,2025-08-23 16:40:31.238505,1,Degraded
reduced_context,kmeans,2,3546,1,C1,-0.13706456150259613,2.180834562716988,synnetqos_m_00003547,S042_00354,2025-08-16 07:43:14.451762,0,Not degraded
reduced_context,kmeans,2,3551,1,C1,-0.91813399088267,0.6977324969393469,synnetqos_m_00003552,S042_00355,2025-08-08 08:21:36.965270,0,Not degraded
reduced_context,kmeans,2,3557,1,C1,0.21446705634501098,4.474716362995613,synnetqos_m_00003558,S042_00355,2025-08-08 08:27:36.965270,1,Degraded
reduced_context,kmeans,2,3562,1,C1,-0.33843858320976744,-0.8753118340311724,synnetqos_m_00003563,S042_00356,2025-08-19 11:42:23.287430,0,Not degraded
reduced_context,kmeans,2,3563,1,C1,-1.1276779574337912,1.8444837661280624,synnetqos_m_00003564,S042_00356,2025-08-19 11:43:23.287430,1,Degraded
reduced_context,kmeans,2,3567,1,C1,-0.5284154123520319,-1.0733088952707626,synnetqos_m_00003568,S042_00356,2025-08-19 11:47:23.287430,1,Degraded
reduced_context,kmeans,2,3568,1,C1,-1.0556363318424444,-0.6947814578073572,synnetqos_m_00003569,S042_00356,2025-08-19 11:48:23.287430,1,Degraded
reduced_context,kmeans,2,3574,1,C1,-2.6520384530168575,-0.4392888683104982,synnetqos_m_00003575,S042_00357,2025-08-01 06:41:31.057353,1,Degraded
reduced_context,kmeans,2,3577,1,C1,-3.1541240056131956,-0.5789563685163523,synnetqos_m_00003578,S042_00357,2025-08-01 06:44:31.057353,1,Degraded
reduced_context,kmeans,2,3602,0,C0,4.598680499762024,-0.6966251312517451,synnetqos_m_00003603,S042_00360,2025-08-23 08:05:27.060550,0,Not degraded
reduced_context,kmeans,2,3607,0,C0,3.0183321727131216,-2.2770335686264938,synnetqos_m_00003608,S042_00360,2025-08-23 08:10:27.060550,0,Not degraded
reduced_context,kmeans,2,3624,1,C1,-0.7089758992797578,-1.0111071580919244,synnetqos_m_00003625,S042_00362,2025-08-22 16:48:27.038236,1,Degraded
reduced_context,kmeans,2,3636,1,C1,-0.4205649899353028,-0.6580270370746761,synnetqos_m_00003637,S042_00363,2025-08-19 00:33:27.582501,1,Degraded
reduced_context,kmeans,2,3646,1,C1,-1.1124500753690345,0.369200049378649,synnetqos_m_00003647,S042_00364,2025-08-07 09:11:34.994617,1,Degraded
reduced_context,kmeans,2,3653,0,C0,0.7973149824566403,-1.5993488870728836,synnetqos_m_00003654,S042_00365,2025-08-25 08:48:11.189069,0,Not degraded
reduced_context,kmeans,2,3654,0,C0,1.3509831734478623,-0.10076995896692706,synnetqos_m_00003655,S042_00365,2025-08-25 08:49:11.189069,1,Degraded
reduced_context,kmeans,2,3678,0,C0,0.6698956309872341,-1.0861061600423563,synnetqos_m_00003679,S042_00367,2025-08-05 11:42:32.702817,0,Not degraded
reduced_context,kmeans,2,3697,0,C0,1.806230512287415,-1.3020628289598601,synnetqos_m_00003698,S042_00369,2025-07-28 21:31:40.240770,0,Not degraded
reduced_context,kmeans,2,3707,0,C0,1.030111542368372,-0.08404503727002954,synnetqos_m_00003708,S042_00370,2025-08-13 07:38:34.045158,0,Not degraded
reduced_context,kmeans,2,3719,1,C1,-0.4814714085155825,-1.2677972433588396,synnetqos_m_00003720,S042_00371,2025-08-08 20:53:58.648689,1,Degraded
reduced_context,kmeans,2,3725,1,C1,-1.0973984694112098,-0.6918562515497769,synnetqos_m_00003726,S042_00372,2025-07-28 21:23:28.484788,0,Not degraded
reduced_context,kmeans,2,3743,1,C1,0.2765890799912956,-0.813597803723282,synnetqos_m_00003744,S042_00374,2025-08-24 21:43:05.493582,0,Not degraded
reduced_context,kmeans,2,3775,0,C0,1.3405740386954115,-0.7265286151284316,synnetqos_m_00003776,S042_00377,2025-08-10 03:53:08.286690,0,Not degraded
reduced_context,kmeans,2,3779,1,C1,0.48883742767614125,3.428340048776448,synnetqos_m_00003780,S042_00377,2025-08-10 03:57:08.286690,1,Degraded
reduced_context,kmeans,2,3799,0,C0,0.7378862243772362,-1.129052205991699,synnetqos_m_00003800,S042_00379,2025-08-17 05:54:14.884738,0,Not degraded
reduced_context,kmeans,2,3821,1,C1,-2.6437669515632956,1.7415684520114907,synnetqos_m_00003822,S042_00382,2025-08-01 17:19:52.524142,1,Degraded
reduced_context,kmeans,2,3839,1,C1,-3.2862769057059085,1.2140507957607856,synnetqos_m_00003840,S042_00383,2025-07-31 13:20:49.197175,1,Degraded
reduced_context,kmeans,2,3847,1,C1,-0.5354174203101081,2.393037339370465,synnetqos_m_00003848,S042_00384,2025-08-05 14:44:46.918724,1,Degraded
reduced_context,kmeans,2,3855,1,C1,-1.656138698413051,0.1976576450440843,synnetqos_m_00003856,S042_00385,2025-08-25 09:11:45.780801,1,Degraded
reduced_context,kmeans,2,3862,1,C1,0.18106657900831402,0.47837709715022037,synnetqos_m_00003863,S042_00386,2025-08-02 07:31:28.215934,1,Degraded
reduced_context,kmeans,2,3871,1,C1,-1.231961197419477,-0.6177600931505799,synnetqos_m_00003872,S042_00387,2025-08-09 20:19:28.317462,1,Degraded
reduced_context,kmeans,2,3904,1,C1,-1.9261475314205059,-0.36018737009934204,synnetqos_m_00003905,S042_00390,2025-08-13 20:57:24.842127,1,Degraded
reduced_context,kmeans,2,3908,1,C1,-1.983608994961771,0.052451553645363434,synnetqos_m_00003909,S042_00390,2025-08-13 21:01:24.842127,1,Degraded
reduced_context,kmeans,2,3909,1,C1,-3.1400446937156388,0.15006353268602116,synnetqos_m_00003910,S042_00390,2025-08-13 21:02:24.842127,1,Degraded
reduced_context,kmeans,2,3923,1,C1,-0.1304815186385838,0.47089898610161596,synnetqos_m_00003924,S042_00392,2025-07-30 06:10:17.758460,1,Degraded
reduced_context,kmeans,2,3931,0,C0,1.7086767650082717,-1.5845677739977682,synnetqos_m_00003932,S042_00393,2025-07-30 13:05:48.459729,0,Not degraded
reduced_context,kmeans,2,3945,0,C0,2.723707504517921,-1.44895012690518,synnetqos_m_00003946,S042_00394,2025-08-16 03:20:53.103606,0,Not degraded
reduced_context,kmeans,2,3948,0,C0,3.1126485448702557,-1.042346878843588,synnetqos_m_00003949,S042_00394,2025-08-16 03:23:53.103606,0,Not degraded
reduced_context,kmeans,2,3969,0,C0,0.696015500703399,-1.1909904421428152,synnetqos_m_00003970,S042_00396,2025-07-31 07:46:36.053285,0,Not degraded
reduced_context,kmeans,2,3972,0,C0,3.0941795647747865,-1.6292012063079726,synnetqos_m_00003973,S042_00397,2025-08-07 05:46:45.008597,0,Not degraded
reduced_context,kmeans,2,3990,1,C1,0.10907584709264531,1.039823803097945,synnetqos_m_00003991,S042_00399,2025-08-05 07:06:44.991372,1,Degraded
reduced_context,kmeans,2,4009,1,C1,-0.3946941327620204,0.7438056005147375,synnetqos_m_00004010,S042_00400,2025-07-27 18:59:23.233944,1,Degraded
reduced_context,kmeans,2,4018,0,C0,0.9269166927483111,-0.3291907665263708,synnetqos_m_00004019,S042_00401,2025-08-20 21:43:46.493001,0,Not degraded
reduced_context,kmeans,2,4025,0,C0,2.6104492882641397,1.569378903181836,synnetqos_m_00004026,S042_00402,2025-08-02 04:40:52.495860,0,Not degraded
reduced_context,kmeans,2,4041,1,C1,0.06231836121524287,-1.281882430701251,synnetqos_m_00004042,S042_00404,2025-08-18 17:04:44.090070,1,Degraded
reduced_context,kmeans,2,4043,1,C1,0.3313038458146283,-0.7710594283194984,synnetqos_m_00004044,S042_00404,2025-08-18 17:06:44.090070,0,Not degraded
reduced_context,kmeans,2,4044,0,C0,1.291252195547542,-1.641961411329242,synnetqos_m_00004045,S042_00404,2025-08-18 17:07:44.090070,0,Not degraded
reduced_context,kmeans,2,4048,1,C1,-2.074087710101783,-0.6080386042509722,synnetqos_m_00004049,S042_00404,2025-08-18 17:11:44.090070,1,Degraded
reduced_context,kmeans,2,4056,1,C1,-0.4670738387467525,-0.5403461184459863,synnetqos_m_00004057,S042_00405,2025-08-12 04:16:30.957674,1,Degraded
reduced_context,kmeans,2,4058,1,C1,0.0233819450815044,-0.685906287645941,synnetqos_m_00004059,S042_00405,2025-08-12 04:18:30.957674,0,Not degraded
reduced_context,kmeans,2,4072,0,C0,5.52086245335236,5.272142821854889,synnetqos_m_00004073,S042_00407,2025-08-07 03:22:06.886811,0,Not degraded
reduced_context,kmeans,2,4097,1,C1,-2.3360648236820722,0.12529075094380196,synnetqos_m_00004098,S042_00409,2025-08-17 00:29:48.565346,0,Not degraded
reduced_context,kmeans,2,4106,1,C1,-1.7103820472390578,0.8085102219911666,synnetqos_m_00004107,S042_00410,2025-08-03 18:54:40.506318,1,Degraded
reduced_context,kmeans,2,4108,1,C1,-1.550256119799677,0.39617271867193143,synnetqos_m_00004109,S042_00410,2025-08-03 18:56:40.506318,1,Degraded
reduced_context,kmeans,2,4112,1,C1,-1.9651559761718218,0.2184836631330553,synnetqos_m_00004113,S042_00411,2025-08-17 04:18:10.951112,1,Degraded
reduced_context,kmeans,2,4118,1,C1,-0.2702422551865217,0.6668825496553433,synnetqos_m_00004119,S042_00411,2025-08-17 04:24:10.951112,0,Not degraded
reduced_context,kmeans,2,4127,0,C0,0.941383416765993,-0.9319948079845467,synnetqos_m_00004128,S042_00412,2025-08-11 12:37:28.058545,0,Not degraded
reduced_context,kmeans,2,4134,1,C1,-0.446025500602172,1.0433076843710447,synnetqos_m_00004135,S042_00413,2025-07-31 11:00:42.613148,1,Degraded
reduced_context,kmeans,2,4137,0,C0,4.832690288774874,-1.0092980730807866,synnetqos_m_00004138,S042_00413,2025-07-31 11:03:42.613148,0,Not degraded
reduced_context,kmeans,2,4157,1,C1,-0.6408485570286465,-0.967655916159948,synnetqos_m_00004158,S042_00415,2025-08-08 13:12:36.639577,1,Degraded
reduced_context,kmeans,2,4163,0,C0,3.1114417502756533,-1.4033252594055035,synnetqos_m_00004164,S042_00416,2025-07-30 17:41:34.542759,0,Not degraded
reduced_context,kmeans,2,4172,1,C1,-0.6444335832372216,-0.7370815038282983,synnetqos_m_00004173,S042_00417,2025-08-08 11:23:25.772230,0,Not degraded
reduced_context,kmeans,2,4173,1,C1,-1.1353401898283535,1.9181636410093859,synnetqos_m_00004174,S042_00417,2025-08-08 11:24:25.772230,1,Degraded
reduced_context,kmeans,2,4182,0,C0,4.300540390377538,0.6268553898137894,synnetqos_m_00004183,S042_00418,2025-08-06 19:57:35.049476,0,Not degraded
reduced_context,kmeans,2,4183,0,C0,2.7513776475410867,-1.9622061913430884,synnetqos_m_00004184,S042_00418,2025-08-06 19:58:35.049476,0,Not degraded
reduced_context,kmeans,2,4185,0,C0,3.310977147115332,-0.08344422216954447,synnetqos_m_00004186,S042_00418,2025-08-06 20:00:35.049476,0,Not degraded
reduced_context,kmeans,2,4202,0,C0,5.1992218718122185,-0.6419299337611262,synnetqos_m_00004203,S042_00420,2025-08-20 17:44:02.165469,0,Not degraded
reduced_context,kmeans,2,4209,0,C0,3.7699413789428244,0.12319649030212496,synnetqos_m_00004210,S042_00420,2025-08-20 17:51:02.165469,1,Degraded
reduced_context,kmeans,2,4212,1,C1,-1.633515446534731,-0.26167927655448175,synnetqos_m_00004213,S042_00421,2025-08-10 07:05:00.935392,1,Degraded
reduced_context,kmeans,2,4229,1,C1,-1.0860683143544223,-0.5347909762447077,synnetqos_m_00004230,S042_00422,2025-08-21 19:30:22.049088,0,Not degraded
reduced_context,kmeans,2,4241,0,C0,1.7431468214753787,-1.6665108008897984,synnetqos_m_00004242,S042_00424,2025-08-21 15:22:28.759402,0,Not degraded
reduced_context,kmeans,2,4245,0,C0,1.825129041198496,0.19772982182850693,synnetqos_m_00004246,S042_00424,2025-08-21 15:26:28.759402,0,Not degraded
reduced_context,kmeans,2,4247,0,C0,5.581796758789804,-1.9284409479306956,synnetqos_m_00004248,S042_00424,2025-08-21 15:28:28.759402,0,Not degraded
reduced_context,kmeans,2,4254,1,C1,-0.4061218776193082,-0.8081159704357456,synnetqos_m_00004255,S042_00425,2025-08-03 19:24:13.075342,0,Not degraded
reduced_context,kmeans,2,4282,0,C0,1.344483556181356,-0.5660066949690742,synnetqos_m_00004283,S042_00428,2025-08-08 07:14:19.586829,0,Not degraded
reduced_context,kmeans,2,4297,1,C1,-0.07763871834910058,2.6189536660201354,synnetqos_m_00004298,S042_00429,2025-08-19 03:20:47.638579,1,Degraded
reduced_context,kmeans,2,4308,1,C1,-0.9444374053166754,0.22807817688869328,synnetqos_m_00004309,S042_00430,2025-08-22 10:16:30.200328,1,Degraded
reduced_context,kmeans,2,4311,1,C1,-2.237048450385253,-0.41757040829650377,synnetqos_m_00004312,S042_00431,2025-08-15 14:42:05.696352,1,Degraded
reduced_context,kmeans,2,4315,1,C1,-1.543138556566536,1.9466674449594912,synnetqos_m_00004316,S042_00431,2025-08-15 14:46:05.696352,1,Degraded
reduced_context,kmeans,2,4356,1,C1,-1.208026794001688,0.4029481675792427,synnetqos_m_00004357,S042_00435,2025-08-02 08:41:12.317763,1,Degraded
reduced_context,kmeans,2,4361,1,C1,-0.2789895936754215,-0.2416974617310659,synnetqos_m_00004362,S042_00436,2025-07-29 21:12:17.080560,1,Degraded
reduced_context,kmeans,2,4362,1,C1,-1.310620479016331,-0.9127917915870701,synnetqos_m_00004363,S042_00436,2025-07-29 21:13:17.080560,1,Degraded
reduced_context,kmeans,2,4387,1,C1,-0.7244900627067075,-0.616528489674865,synnetqos_m_00004388,S042_00438,2025-08-14 20:32:38.135633,1,Degraded
reduced_context,kmeans,2,4388,1,C1,-0.16143064420575248,1.61044849604366,synnetqos_m_00004389,S042_00438,2025-08-14 20:33:38.135633,1,Degraded
reduced_context,kmeans,2,4389,1,C1,-0.21856627530209569,-0.30863050028818245,synnetqos_m_00004390,S042_00438,2025-08-14 20:34:38.135633,1,Degraded
reduced_context,kmeans,2,4399,1,C1,0.2304911279741782,-0.740510474039891,synnetqos_m_00004400,S042_00439,2025-08-11 03:48:52.421967,0,Not degraded
reduced_context,kmeans,2,4414,0,C0,4.942372798658273,-2.653162093857836,synnetqos_m_00004415,S042_00441,2025-08-10 00:15:37.940741,0,Not degraded
reduced_context,kmeans,2,4417,0,C0,5.575439672284689,-1.5808292011843195,synnetqos_m_00004418,S042_00441,2025-08-10 00:18:37.940741,0,Not degraded
reduced_context,kmeans,2,4424,1,C1,-1.70161892937618,-0.5701884841250332,synnetqos_m_00004425,S042_00442,2025-08-20 01:55:05.755426,1,Degraded
reduced_context,kmeans,2,4442,1,C1,-1.2349996535086059,0.6328423950754785,synnetqos_m_00004443,S042_00444,2025-08-04 08:59:39.986152,1,Degraded
reduced_context,kmeans,2,4443,1,C1,-2.480216134413548,0.04350046931897731,synnetqos_m_00004444,S042_00444,2025-08-04 09:00:39.986152,1,Degraded
reduced_context,kmeans,2,4444,1,C1,-1.7009943976792163,0.5580020301749848,synnetqos_m_00004445,S042_00444,2025-08-04 09:01:39.986152,1,Degraded
reduced_context,kmeans,2,4446,1,C1,-2.4444156549162805,-0.012773264027287831,synnetqos_m_00004447,S042_00444,2025-08-04 09:03:39.986152,1,Degraded
reduced_context,kmeans,2,4449,1,C1,-2.32120895335142,-0.06767437563240428,synnetqos_m_00004450,S042_00444,2025-08-04 09:06:39.986152,1,Degraded
reduced_context,kmeans,2,4475,1,C1,0.32354641691699537,-0.837035301813742,synnetqos_m_00004476,S042_00447,2025-07-27 05:26:04.862872,0,Not degraded
reduced_context,kmeans,2,4481,1,C1,-3.7093840017143833,-0.2569768317343365,synnetqos_m_00004482,S042_00448,2025-08-03 08:14:12.965576,1,Degraded
reduced_context,kmeans,2,4488,1,C1,-3.4649599706681795,-0.24147862701032555,synnetqos_m_00004489,S042_00448,2025-08-03 08:21:12.965576,1,Degraded
reduced_context,kmeans,2,4489,1,C1,-3.244725121332001,0.4322643961564258,synnetqos_m_00004490,S042_00448,2025-08-03 08:22:12.965576,1,Degraded
reduced_context,kmeans,2,4499,1,C1,-2.058425177260878,-0.07530662196487282,synnetqos_m_00004500,S042_00449,2025-08-04 18:34:08.196901,1,Degraded
reduced_context,kmeans,2,4506,1,C1,-1.3244123872862663,-0.8729145907563495,synnetqos_m_00004507,S042_00450,2025-08-25 01:14:04.291240,0,Not degraded
reduced_context,kmeans,2,4507,1,C1,-1.389836789393447,1.1437502013982765,synnetqos_m_00004508,S042_00450,2025-08-25 01:15:04.291240,1,Degraded
reduced_context,kmeans,2,4520,1,C1,-3.3780099214468886,-0.12635534774487978,synnetqos_m_00004521,S042_00452,2025-08-05 08:51:25.870899,1,Degraded
reduced_context,kmeans,2,4540,1,C1,-1.9185392770034428,0.3884951536109138,synnetqos_m_00004541,S042_00454,2025-08-03 07:14:31.754920,1,Degraded
reduced_context,kmeans,2,4564,0,C0,3.312102903123651,-1.837056303622665,synnetqos_m_00004565,S042_00456,2025-08-23 10:34:29.044836,0,Not degraded
reduced_context,kmeans,2,4569,0,C0,2.7476280450946975,-1.586662693135706,synnetqos_m_00004570,S042_00456,2025-08-23 10:39:29.044836,0,Not degraded
reduced_context,kmeans,2,4575,0,C0,2.8877689604959373,1.3753787591507765,synnetqos_m_00004576,S042_00457,2025-08-19 02:49:30.915263,0,Not degraded
reduced_context,kmeans,2,4581,1,C1,0.005080786080893067,-1.2580966536412705,synnetqos_m_00004582,S042_00458,2025-08-22 06:43:28.227998,1,Degraded
reduced_context,kmeans,2,4603,0,C0,1.1818606712654949,1.1924099490810687,synnetqos_m_00004604,S042_00460,2025-08-14 10:44:37.075114,0,Not degraded
reduced_context,kmeans,2,4605,1,C1,-0.19439415362495044,-0.819197336877643,synnetqos_m_00004606,S042_00460,2025-08-14 10:46:37.075114,1,Degraded
reduced_context,kmeans,2,4625,1,C1,-1.1028567845896609,0.06122928452186969,synnetqos_m_00004626,S042_00462,2025-08-03 17:21:26.023849,1,Degraded
reduced_context,kmeans,2,4637,1,C1,-0.9646901341878997,-0.6259804422631522,synnetqos_m_00004638,S042_00463,2025-08-24 14:39:10.385405,0,Not degraded
reduced_context,kmeans,2,4642,0,C0,0.773780028069847,-0.5216382872813315,synnetqos_m_00004643,S042_00464,2025-08-11 02:47:26.720289,0,Not degraded
reduced_context,kmeans,2,4649,0,C0,2.557411545520047,-0.463286355573222,synnetqos_m_00004650,S042_00464,2025-08-11 02:54:26.720289,0,Not degraded
reduced_context,kmeans,2,4651,1,C1,-1.0411475637052305,-1.0816664842479808,synnetqos_m_00004652,S042_00465,2025-08-11 13:28:08.254952,1,Degraded
reduced_context,kmeans,2,4656,1,C1,-1.681054579498447,-1.0589266786136198,synnetqos_m_00004657,S042_00465,2025-08-11 13:33:08.254952,1,Degraded
reduced_context,kmeans,2,4693,1,C1,-2.5348330723335,-0.550933417275461,synnetqos_m_00004694,S042_00469,2025-08-05 22:11:24.832712,1,Degraded
reduced_context,kmeans,2,4696,1,C1,-2.016488798913309,-0.9437731659090006,synnetqos_m_00004697,S042_00469,2025-08-05 22:14:24.832712,1,Degraded
reduced_context,kmeans,2,4704,1,C1,-1.9481264870086314,-0.07056503243901707,synnetqos_m_00004705,S042_00470,2025-08-15 23:56:50.819797,0,Not degraded
reduced_context,kmeans,2,4706,1,C1,-1.7272838697291977,-0.0501343224704458,synnetqos_m_00004707,S042_00470,2025-08-15 23:58:50.819797,0,Not degraded
reduced_context,kmeans,2,4709,1,C1,-1.7627595735850425,0.21998354768671433,synnetqos_m_00004710,S042_00470,2025-08-16 00:01:50.819797,1,Degraded
reduced_context,kmeans,2,4712,1,C1,-0.24286566855263134,-1.5209476025384894,synnetqos_m_00004713,S042_00471,2025-08-22 01:52:36.805902,1,Degraded
reduced_context,kmeans,2,4713,1,C1,0.37986953862723594,-0.8521402730298824,synnetqos_m_00004714,S042_00471,2025-08-22 01:53:36.805902,0,Not degraded
reduced_context,kmeans,2,4758,1,C1,-1.7424864382095313,-0.14299228725628227,synnetqos_m_00004759,S042_00475,2025-08-19 03:24:08.400201,0,Not degraded
reduced_context,kmeans,2,4762,1,C1,-0.6523233373479116,-0.3424227970467341,synnetqos_m_00004763,S042_00476,2025-08-06 19:14:54.959725,0,Not degraded
reduced_context,kmeans,2,4763,1,C1,-0.8564066820510202,-0.6031271507844018,synnetqos_m_00004764,S042_00476,2025-08-06 19:15:54.959725,0,Not degraded
reduced_context,kmeans,2,4807,1,C1,-1.9253021406857507,-0.20170620808146916,synnetqos_m_00004808,S042_00480,2025-08-20 03:47:26.761261,1,Degraded
reduced_context,kmeans,2,4822,0,C0,0.8869422024163014,1.699616213436912,synnetqos_m_00004823,S042_00482,2025-08-18 09:48:30.080416,1,Degraded
reduced_context,kmeans,2,4853,0,C0,1.7150875625855135,0.3815674964759129,synnetqos_m_00004854,S042_00485,2025-08-22 21:46:21.535144,0,Not degraded
reduced_context,kmeans,2,4871,1,C1,-1.1206563792746542,-0.41542414788266624,synnetqos_m_00004872,S042_00487,2025-08-21 15:21:31.323785,1,Degraded
reduced_context,kmeans,2,4872,1,C1,0.14890009994524475,0.2813217967740269,synnetqos_m_00004873,S042_00487,2025-08-21 15:22:31.323785,0,Not degraded
reduced_context,kmeans,2,4879,1,C1,-0.40917748976182083,0.5362236434848849,synnetqos_m_00004880,S042_00487,2025-08-21 15:29:31.323785,1,Degraded
reduced_context,kmeans,2,4893,1,C1,-2.9232522849301783,0.7741737943257911,synnetqos_m_00004894,S042_00489,2025-08-14 17:24:52.031099,1,Degraded
reduced_context,kmeans,2,4921,1,C1,-0.4615327408609122,-0.5477457097942899,synnetqos_m_00004922,S042_00492,2025-08-03 21:45:01.634469,1,Degraded
reduced_context,kmeans,2,4924,1,C1,0.2147580205569669,0.588651710899912,synnetqos_m_00004925,S042_00492,2025-08-03 21:48:01.634469,1,Degraded
reduced_context,kmeans,2,4925,0,C0,3.279279889991422,1.8030469505187163,synnetqos_m_00004926,S042_00492,2025-08-03 21:49:01.634469,0,Not degraded
reduced_context,kmeans,2,4934,0,C0,0.7897839015642499,-0.0283634124450911,synnetqos_m_00004935,S042_00493,2025-08-04 18:29:01.650267,0,Not degraded
reduced_context,kmeans,2,4937,1,C1,-0.44384305523090684,-0.4363534091342223,synnetqos_m_00004938,S042_00493,2025-08-04 18:32:01.650267,1,Degraded
reduced_context,kmeans,2,4942,1,C1,-0.8052935579201241,-0.9689402279655931,synnetqos_m_00004943,S042_00494,2025-07-31 07:31:43.286700,1,Degraded
reduced_context,kmeans,2,4959,1,C1,-1.0288838639404216,-0.7670996239385128,synnetqos_m_00004960,S042_00495,2025-08-08 07:49:53.401762,1,Degraded
reduced_context,kmeans,2,4963,1,C1,-2.71069373439242,0.902633168271906,synnetqos_m_00004964,S042_00496,2025-08-17 10:05:56.338293,1,Degraded
reduced_context,kmeans,2,4981,1,C1,-0.19519270088829976,-0.6522207905685651,synnetqos_m_00004982,S042_00498,2025-08-16 15:14:31.103624,1,Degraded
reduced_context,kmeans,2,4987,1,C1,0.7194698003669675,-1.3494715112049855,synnetqos_m_00004988,S042_00498,2025-08-16 15:20:31.103624,0,Not degraded
reduced_context,kmeans,2,4990,0,C0,3.1308393028424413,1.134501712310927,synnetqos_m_00004991,S042_00499,2025-08-10 00:00:14.209669,0,Not degraded
reduced_context,kmeans,2,5001,0,C0,1.6512945321286316,-0.5914057744446661,synnetqos_m_00005002,S042_00500,2025-08-20 16:46:26.733272,0,Not degraded
reduced_context,kmeans,2,5005,0,C0,1.3680952822040575,0.03471992016701122,synnetqos_m_00005006,S042_00500,2025-08-20 16:50:26.733272,0,Not degraded
reduced_context,kmeans,2,5006,0,C0,2.381684414109393,-1.054366638374772,synnetqos_m_00005007,S042_00500,2025-08-20 16:51:26.733272,0,Not degraded
reduced_context,kmeans,2,5044,1,C1,0.05112864472329949,-0.8717542831978645,synnetqos_m_00005045,S042_00504,2025-08-22 00:47:15.814014,0,Not degraded
reduced_context,kmeans,2,5088,1,C1,-0.8089753898530386,0.4999334592894391,synnetqos_m_00005089,S042_00508,2025-08-05 19:09:45.307373,1,Degraded
reduced_context,kmeans,2,5095,0,C0,0.6504408586097138,-1.1496776447446755,synnetqos_m_00005096,S042_00509,2025-08-08 03:23:48.687701,0,Not degraded
reduced_context,kmeans,2,5104,1,C1,-0.7200618785145242,0.6709004884159689,synnetqos_m_00005105,S042_00510,2025-08-16 21:45:18.734521,1,Degraded
reduced_context,kmeans,2,5109,1,C1,-1.3564873034695337,1.3615434510366295,synnetqos_m_00005110,S042_00510,2025-08-16 21:50:18.734521,1,Degraded
reduced_context,kmeans,2,5124,1,C1,-1.7046712492443492,-0.6791499069113213,synnetqos_m_00005125,S042_00512,2025-08-17 20:27:09.765154,1,Degraded
reduced_context,kmeans,2,5133,1,C1,-1.0346315771106032,-0.12893139380020371,synnetqos_m_00005134,S042_00513,2025-08-06 19:17:34.502668,1,Degraded
reduced_context,kmeans,2,5173,0,C0,1.6154473974711394,-0.6744167564870586,synnetqos_m_00005174,S042_00517,2025-07-30 09:32:26.940189,0,Not degraded
reduced_context,kmeans,2,5188,0,C0,1.289419884646191,0.7999406227540911,synnetqos_m_00005189,S042_00518,2025-08-17 05:20:40.171268,1,Degraded
reduced_context,kmeans,2,5190,1,C1,-2.6219183276202327,-0.08315398394738639,synnetqos_m_00005191,S042_00519,2025-08-13 00:41:44.605325,1,Degraded
reduced_context,kmeans,2,5191,1,C1,-2.120533629879209,-0.31845897188227906,synnetqos_m_00005192,S042_00519,2025-08-13 00:42:44.605325,1,Degraded
reduced_context,kmeans,2,5204,1,C1,-0.40708894933750084,-0.4438641375078404,synnetqos_m_00005205,S042_00520,2025-08-16 14:12:21.330928,0,Not degraded
reduced_context,kmeans,2,5225,1,C1,-0.013892657280998214,-0.4971463816993991,synnetqos_m_00005226,S042_00522,2025-08-11 02:22:02.637472,0,Not degraded
reduced_context,kmeans,2,5226,1,C1,0.529745861475972,-0.5371925220541656,synnetqos_m_00005227,S042_00522,2025-08-11 02:23:02.637472,0,Not degraded
reduced_context,kmeans,2,5227,0,C0,2.8702512897458,0.8961417695507794,synnetqos_m_00005228,S042_00522,2025-08-11 02:24:02.637472,0,Not degraded
reduced_context,kmeans,2,5239,0,C0,1.5580024763854134,1.757286188115365,synnetqos_m_00005240,S042_00523,2025-07-29 08:41:22.200493,0,Not degraded
reduced_context,kmeans,2,5242,0,C0,3.614524572814109,3.191562105093058,synnetqos_m_00005243,S042_00524,2025-08-11 15:05:28.764633,0,Not degraded
reduced_context,kmeans,2,5270,1,C1,-1.031983089268007,-0.23131166883335605,synnetqos_m_00005271,S042_00527,2025-08-10 02:58:43.485980,1,Degraded
reduced_context,kmeans,2,5279,1,C1,-1.2505531644447314,1.8935678939870242,synnetqos_m_00005280,S042_00527,2025-08-10 03:07:43.485980,1,Degraded
reduced_context,kmeans,2,5293,1,C1,-0.7389482020073767,-0.6403180832640076,synnetqos_m_00005294,S042_00529,2025-08-22 11:18:53.677255,0,Not degraded
reduced_context,kmeans,2,5294,1,C1,-0.9580356517700155,0.2194664152167625,synnetqos_m_00005295,S042_00529,2025-08-22 11:19:53.677255,1,Degraded
reduced_context,kmeans,2,5308,1,C1,-0.6760182901726578,-0.1923958549959683,synnetqos_m_00005309,S042_00530,2025-08-17 20:14:43.636025,1,Degraded
reduced_context,kmeans,2,5312,1,C1,-0.2804823737671194,-0.638545984896217,synnetqos_m_00005313,S042_00531,2025-08-23 18:53:01.122163,0,Not degraded
reduced_context,kmeans,2,5319,1,C1,-1.445289280600662,-0.47782672853973157,synnetqos_m_00005320,S042_00531,2025-08-23 19:00:01.122163,0,Not degraded
reduced_context,kmeans,2,5350,1,C1,-3.563672928251789,2.095521270813439,synnetqos_m_00005351,S042_00535,2025-08-09 01:05:25.230946,1,Degraded
reduced_context,kmeans,2,5354,1,C1,-4.029408052857235,0.13266615244550925,synnetqos_m_00005355,S042_00535,2025-08-09 01:09:25.230946,1,Degraded
reduced_context,kmeans,2,5365,0,C0,2.258228616775667,-1.6593985481972284,synnetqos_m_00005366,S042_00536,2025-08-14 00:46:11.220291,0,Not degraded
reduced_context,kmeans,2,5367,0,C0,1.6021980263318631,-0.6125820299545061,synnetqos_m_00005368,S042_00536,2025-08-14 00:48:11.220291,0,Not degraded
reduced_context,kmeans,2,5386,1,C1,-0.24428125003467152,-0.5347538254747877,synnetqos_m_00005387,S042_00538,2025-07-31 05:03:29.395072,1,Degraded
reduced_context,kmeans,2,5413,1,C1,-2.168461558359547,3.944426232976179,synnetqos_m_00005414,S042_00541,2025-07-27 17:15:38.197187,1,Degraded
reduced_context,kmeans,2,5416,1,C1,-2.5203710373118318,0.9216749261987667,synnetqos_m_00005417,S042_00541,2025-07-27 17:18:38.197187,1,Degraded
reduced_context,kmeans,2,5422,0,C0,1.3693360904950898,0.6815455183259178,synnetqos_m_00005423,S042_00542,2025-08-22 03:31:15.732897,0,Not degraded
reduced_context,kmeans,2,5432,0,C0,1.025248442964172,0.6639056573113536,synnetqos_m_00005433,S042_00543,2025-08-04 12:31:10.747276,1,Degraded
reduced_context,kmeans,2,5450,1,C1,-2.1753439097318874,0.3256025837985394,synnetqos_m_00005451,S042_00545,2025-08-02 12:03:36.813193,1,Degraded
reduced_context,kmeans,2,5483,0,C0,2.6667963092486544,2.4371582540332475,synnetqos_m_00005484,S042_00548,2025-08-19 17:33:11.679915,0,Not degraded
reduced_context,kmeans,2,5484,0,C0,1.1543962220972237,-0.49443917867430937,synnetqos_m_00005485,S042_00548,2025-08-19 17:34:11.679915,0,Not degraded
reduced_context,kmeans,2,5487,1,C1,-0.2817896308834882,-0.14164525761609006,synnetqos_m_00005488,S042_00548,2025-08-19 17:37:11.679915,1,Degraded
reduced_context,kmeans,2,5494,0,C0,2.61289681839222,-2.0841951292091663,synnetqos_m_00005495,S042_00549,2025-07-31 18:20:33.249822,0,Not degraded
reduced_context,kmeans,2,5497,0,C0,3.856669430292995,-1.5924666053002552,synnetqos_m_00005498,S042_00549,2025-07-31 18:23:33.249822,0,Not degraded
reduced_context,kmeans,2,5498,0,C0,3.5649719596437004,-2.6933764909249125,synnetqos_m_00005499,S042_00549,2025-07-31 18:24:33.249822,0,Not degraded
reduced_context,kmeans,2,5519,1,C1,-1.2201543434942443,-0.05666997336234579,synnetqos_m_00005520,S042_00551,2025-08-18 19:23:09.380074,1,Degraded
reduced_context,kmeans,2,5524,0,C0,3.6808944398473376,-2.9885215473461506,synnetqos_m_00005525,S042_00552,2025-08-17 07:42:04.429006,0,Not degraded
reduced_context,kmeans,2,5540,1,C1,-0.1224583119947047,-1.0218982505422964,synnetqos_m_00005541,S042_00554,2025-07-30 15:13:10.811603,1,Degraded
reduced_context,kmeans,2,5553,1,C1,-2.0374723392774317,0.9291765547165601,synnetqos_m_00005554,S042_00555,2025-08-21 01:03:42.682957,0,Not degraded
reduced_context,kmeans,2,5562,1,C1,-0.8963783388344815,-0.5196077647083174,synnetqos_m_00005563,S042_00556,2025-08-22 13:32:15.620176,1,Degraded
reduced_context,kmeans,2,5569,1,C1,-1.0706983758219468,-0.6360656030731356,synnetqos_m_00005570,S042_00556,2025-08-22 13:39:15.620176,0,Not degraded
reduced_context,kmeans,2,5575,1,C1,-1.0906419448290061,0.28480177845150123,synnetqos_m_00005576,S042_00557,2025-08-19 09:10:32.350697,1,Degraded
reduced_context,kmeans,2,5578,1,C1,-1.7467573668022962,-0.2804449127619409,synnetqos_m_00005579,S042_00557,2025-08-19 09:13:32.350697,1,Degraded
reduced_context,kmeans,2,5587,1,C1,-0.5867696619945498,-0.0909867845219951,synnetqos_m_00005588,S042_00558,2025-08-11 09:37:14.816283,1,Degraded
reduced_context,kmeans,2,5588,1,C1,-2.189132583576264,-0.46347968210904983,synnetqos_m_00005589,S042_00558,2025-08-11 09:38:14.816283,1,Degraded
reduced_context,kmeans,2,5594,1,C1,-2.1811124301410745,-0.2800298178824081,synnetqos_m_00005595,S042_00559,2025-08-16 03:24:12.281702,1,Degraded
reduced_context,kmeans,2,5599,1,C1,-3.523957636865172,-0.024182895290592067,synnetqos_m_00005600,S042_00559,2025-08-16 03:29:12.281702,1,Degraded
reduced_context,kmeans,2,5624,0,C0,0.7842462746108204,-1.0625721129943766,synnetqos_m_00005625,S042_00562,2025-08-07 14:19:09.647040,0,Not degraded
reduced_context,kmeans,2,5640,1,C1,-0.8328416153819507,-1.3120732783852578,synnetqos_m_00005641,S042_00564,2025-08-12 03:58:25.293006,0,Not degraded
reduced_context,kmeans,2,5641,1,C1,-0.7489937250971729,-0.9219726612535425,synnetqos_m_00005642,S042_00564,2025-08-12 03:59:25.293006,1,Degraded
reduced_context,kmeans,2,5651,1,C1,-1.9497110560606221,-0.46838191572801213,synnetqos_m_00005652,S042_00565,2025-08-02 14:30:18.011198,1,Degraded
reduced_context,kmeans,2,5659,1,C1,-2.8312982530769077,0.06965571659994671,synnetqos_m_00005660,S042_00565,2025-08-02 14:38:18.011198,1,Degraded
reduced_context,kmeans,2,5672,1,C1,0.37451986625323713,-1.0846825381209118,synnetqos_m_00005673,S042_00567,2025-08-08 05:51:39.169931,0,Not degraded
reduced_context,kmeans,2,5673,0,C0,1.8511061802542375,-1.0310673627564646,synnetqos_m_00005674,S042_00567,2025-08-08 05:52:39.169931,0,Not degraded
reduced_context,kmeans,2,5682,1,C1,-0.9566883697036599,2.9847635695666295,synnetqos_m_00005683,S042_00568,2025-08-18 21:48:06.341076,1,Degraded
reduced_context,kmeans,2,5688,1,C1,-1.0488061103290005,-0.29839984289342836,synnetqos_m_00005689,S042_00568,2025-08-18 21:54:06.341076,0,Not degraded
reduced_context,kmeans,2,5698,1,C1,-0.6007266322799178,-1.2555158064867566,synnetqos_m_00005699,S042_00569,2025-08-17 04:10:06.141128,0,Not degraded
reduced_context,kmeans,2,5710,1,C1,0.25283486310930664,-0.00996773787358473,synnetqos_m_00005711,S042_00571,2025-08-03 01:00:05.437340,1,Degraded
reduced_context,kmeans,2,5734,1,C1,-1.9281964019621585,0.54644108994772,synnetqos_m_00005735,S042_00573,2025-08-15 23:38:43.076550,1,Degraded
reduced_context,kmeans,2,5739,1,C1,-2.489249118918689,0.7161962059052444,synnetqos_m_00005740,S042_00573,2025-08-15 23:43:43.076550,1,Degraded
reduced_context,kmeans,2,5740,1,C1,0.6241171216746441,1.4913651409535762,synnetqos_m_00005741,S042_00574,2025-08-16 02:53:56.390782,1,Degraded
reduced_context,kmeans,2,5746,1,C1,-0.6317647498151602,0.4279436951426821,synnetqos_m_00005747,S042_00574,2025-08-16 02:59:56.390782,1,Degraded
reduced_context,kmeans,2,5751,1,C1,-0.3982206904127485,-0.3508544717346,synnetqos_m_00005752,S042_00575,2025-08-05 20:03:16.191917,0,Not degraded
reduced_context,kmeans,2,5754,0,C0,1.7936676431127374,4.664849347536701,synnetqos_m_00005755,S042_00575,2025-08-05 20:06:16.191917,1,Degraded
reduced_context,kmeans,2,5767,0,C0,2.467036012228368,-0.5816706759350996,synnetqos_m_00005768,S042_00576,2025-08-21 05:32:37.495332,0,Not degraded
reduced_context,kmeans,2,5777,1,C1,-1.6117343683467618,-0.6277669309003837,synnetqos_m_00005778,S042_00577,2025-08-09 12:22:42.908718,0,Not degraded
reduced_context,kmeans,2,5785,0,C0,3.6871851981492414,-1.7639287576230238,synnetqos_m_00005786,S042_00578,2025-08-09 19:55:49.977575,0,Not degraded
reduced_context,kmeans,2,5790,1,C1,0.44919091866756583,-0.20300025450072456,synnetqos_m_00005791,S042_00579,2025-08-22 18:18:57.876288,0,Not degraded
reduced_context,kmeans,2,5792,1,C1,-0.6798844791958608,-0.5081057978224671,synnetqos_m_00005793,S042_00579,2025-08-22 18:20:57.876288,1,Degraded
reduced_context,kmeans,2,5805,1,C1,0.16729372469121506,1.9351369199713997,synnetqos_m_00005806,S042_00580,2025-07-27 13:47:57.122521,1,Degraded
reduced_context,kmeans,2,5809,0,C0,1.3112625247306715,1.2427652631435078,synnetqos_m_00005810,S042_00580,2025-07-27 13:51:57.122521,0,Not degraded
reduced_context,kmeans,2,5833,1,C1,-0.4070509627004502,-0.6605164623498687,synnetqos_m_00005834,S042_00583,2025-08-10 15:32:59.627785,0,Not degraded
reduced_context,kmeans,2,5851,1,C1,-0.7138601099602143,-1.0508224358086287,synnetqos_m_00005852,S042_00585,2025-08-15 01:57:55.991440,1,Degraded
reduced_context,kmeans,2,5865,1,C1,0.13967155139958778,-1.412732054703759,synnetqos_m_00005866,S042_00586,2025-08-23 23:12:50.512358,0,Not degraded
reduced_context,kmeans,2,5872,1,C1,-0.5097567577228482,-0.6220536607153934,synnetqos_m_00005873,S042_00587,2025-08-03 00:46:38.399298,0,Not degraded
reduced_context,kmeans,2,5885,1,C1,-1.8854822446796498,-0.72099312987505,synnetqos_m_00005886,S042_00588,2025-08-18 06:30:00.401130,1,Degraded
reduced_context,kmeans,2,5887,1,C1,-1.7697888433692346,-0.34788975578026843,synnetqos_m_00005888,S042_00588,2025-08-18 06:32:00.401130,1,Degraded
reduced_context,kmeans,2,5893,0,C0,1.4393524155041246,-0.1149210952636881,synnetqos_m_00005894,S042_00589,2025-07-29 06:36:46.924703,0,Not degraded
reduced_context,kmeans,2,5904,1,C1,-2.8386829842250734,-0.19270622532641613,synnetqos_m_00005905,S042_00590,2025-08-01 21:18:29.417184,1,Degraded
reduced_context,kmeans,2,5906,1,C1,-1.457567082602901,-0.04860694642015065,synnetqos_m_00005907,S042_00590,2025-08-01 21:20:29.417184,1,Degraded
reduced_context,kmeans,2,5949,1,C1,-0.7069663058579524,1.723783176901245,synnetqos_m_00005950,S042_00594,2025-08-14 18:53:51.945470,1,Degraded
reduced_context,kmeans,2,5973,1,C1,-0.9419296620268283,0.40796487014727667,synnetqos_m_00005974,S042_00597,2025-08-23 17:04:09.206134,1,Degraded
reduced_context,kmeans,2,5988,1,C1,0.1579197280100244,-1.5510084858901543,synnetqos_m_00005989,S042_00598,2025-07-27 18:56:37.234233,1,Degraded
reduced_context,kmeans,2,6039,0,C0,1.8940163455720227,-0.47201660827546227,synnetqos_m_00006040,S042_00603,2025-08-01 23:44:25.555679,0,Not degraded
reduced_context,kmeans,2,6061,0,C0,0.8056270793674587,0.47841481578241773,synnetqos_m_00006062,S042_00606,2025-08-10 06:04:20.122678,1,Degraded
reduced_context,kmeans,2,6068,1,C1,0.6256445385555575,-1.2151814280789446,synnetqos_m_00006069,S042_00606,2025-08-10 06:11:20.122678,0,Not degraded
reduced_context,kmeans,2,6076,1,C1,0.09545210821882019,0.619661357295679,synnetqos_m_00006077,S042_00607,2025-08-08 16:54:12.979623,0,Not degraded
reduced_context,kmeans,2,6084,1,C1,-0.2116836434339229,0.30293442271035986,synnetqos_m_00006085,S042_00608,2025-08-04 04:24:35.520169,1,Degraded
reduced_context,kmeans,2,6100,1,C1,0.2668133133335939,-1.095672141223577,synnetqos_m_00006101,S042_00610,2025-08-14 23:49:43.271409,0,Not degraded
reduced_context,kmeans,2,6127,1,C1,-1.9980716619880514,-0.7647956716795661,synnetqos_m_00006128,S042_00612,2025-08-21 02:27:14.017118,1,Degraded
reduced_context,kmeans,2,6138,1,C1,-0.5080414585553287,-0.5501656242874886,synnetqos_m_00006139,S042_00613,2025-08-01 08:49:34.108905,1,Degraded
reduced_context,kmeans,2,6139,1,C1,-0.5801861002964025,-0.2383131349888914,synnetqos_m_00006140,S042_00613,2025-08-01 08:50:34.108905,1,Degraded
reduced_context,kmeans,2,6151,0,C0,0.6597258183012736,-0.14337766549007222,synnetqos_m_00006152,S042_00615,2025-08-09 15:39:40.106131,0,Not degraded
reduced_context,kmeans,2,6169,0,C0,1.742047654139465,0.5810127185335544,synnetqos_m_00006170,S042_00616,2025-08-13 19:08:26.618817,1,Degraded
reduced_context,kmeans,2,6172,0,C0,1.2213061629063782,-0.04515614532685612,synnetqos_m_00006173,S042_00617,2025-08-15 23:15:57.712975,0,Not degraded
reduced_context,kmeans,2,6173,1,C1,-0.7841874480701826,-0.698211846562674,synnetqos_m_00006174,S042_00617,2025-08-15 23:16:57.712975,0,Not degraded
reduced_context,kmeans,2,6179,1,C1,-0.8920541429466404,-0.4743538627244782,synnetqos_m_00006180,S042_00617,2025-08-15 23:22:57.712975,1,Degraded
reduced_context,kmeans,2,6189,0,C0,1.230560910214561,-0.4969099029294229,synnetqos_m_00006190,S042_00618,2025-08-01 12:23:21.018571,0,Not degraded
reduced_context,kmeans,2,6200,1,C1,-0.5585571249824062,-0.856735754980499,synnetqos_m_00006201,S042_00620,2025-08-10 21:31:28.867541,0,Not degraded
reduced_context,kmeans,2,6210,0,C0,5.966668791754517,2.0231127280300902,synnetqos_m_00006211,S042_00621,2025-08-05 18:37:41.691470,0,Not degraded
reduced_context,kmeans,2,6213,0,C0,2.7586126343041424,-1.7849125124775675,synnetqos_m_00006214,S042_00621,2025-08-05 18:40:41.691470,0,Not degraded
reduced_context,kmeans,2,6214,0,C0,4.642807667824473,-1.1487340494496954,synnetqos_m_00006215,S042_00621,2025-08-05 18:41:41.691470,0,Not degraded
reduced_context,kmeans,2,6241,1,C1,-1.2894294880160873,-0.6842690821423059,synnetqos_m_00006242,S042_00624,2025-07-30 12:10:26.894682,1,Degraded
reduced_context,kmeans,2,6246,1,C1,-1.34277853004622,-0.34168687314999235,synnetqos_m_00006247,S042_00624,2025-07-30 12:15:26.894682,1,Degraded
reduced_context,kmeans,2,6258,1,C1,-0.11576577708597977,-0.3688417110585797,synnetqos_m_00006259,S042_00625,2025-08-10 13:18:03.898965,0,Not degraded
reduced_context,kmeans,2,6259,1,C1,-0.5074024612834906,-0.42910008808220385,synnetqos_m_00006260,S042_00625,2025-08-10 13:19:03.898965,0,Not degraded
reduced_context,kmeans,2,6260,1,C1,-1.2828221578767312,-9.493383126823324e-05,synnetqos_m_00006261,S042_00626,2025-08-19 18:36:50.233334,1,Degraded
reduced_context,kmeans,2,6282,0,C0,0.9799299936786924,-0.9027582317181361,synnetqos_m_00006283,S042_00628,2025-08-10 15:53:07.867130,1,Degraded
reduced_context,kmeans,2,6287,0,C0,1.3512846425074188,-0.16164820619016892,synnetqos_m_00006288,S042_00628,2025-08-10 15:58:07.867130,1,Degraded
reduced_context,kmeans,2,6307,1,C1,-2.949888291889972,-0.11635700116009678,synnetqos_m_00006308,S042_00630,2025-08-07 03:21:53.506019,1,Degraded
reduced_context,kmeans,2,6317,0,C0,0.7551718652750118,-0.17259735498371928,synnetqos_m_00006318,S042_00631,2025-08-14 08:59:44.316545,0,Not degraded
reduced_context,kmeans,2,6319,0,C0,1.1078167272057171,0.3086295844592643,synnetqos_m_00006320,S042_00631,2025-08-14 09:01:44.316545,0,Not degraded
reduced_context,kmeans,2,6329,1,C1,-0.7858709449795237,-0.8973604719598572,synnetqos_m_00006330,S042_00632,2025-08-06 13:54:03.462504,0,Not degraded
reduced_context,kmeans,2,6334,0,C0,1.0054295667300512,-1.919629278156635,synnetqos_m_00006335,S042_00633,2025-07-31 09:12:34.435971,0,Not degraded
reduced_context,kmeans,2,6335,0,C0,2.7507146530040942,-2.2856425946840737,synnetqos_m_00006336,S042_00633,2025-07-31 09:13:34.435971,1,Degraded
reduced_context,kmeans,2,6361,0,C0,0.7624237910218753,-0.3148309151388269,synnetqos_m_00006362,S042_00636,2025-08-24 17:54:31.888185,0,Not degraded
reduced_context,kmeans,2,6373,0,C0,1.6097811276649427,-1.1140952509542346,synnetqos_m_00006374,S042_00637,2025-08-21 04:13:33.201805,0,Not degraded
reduced_context,kmeans,2,6374,0,C0,3.0857790130071803,-1.3826965850751292,synnetqos_m_00006375,S042_00637,2025-08-21 04:14:33.201805,0,Not degraded
reduced_context,kmeans,2,6383,1,C1,-1.505130198403102,0.04332565365742417,synnetqos_m_00006384,S042_00638,2025-08-19 08:10:32.295323,1,Degraded
reduced_context,kmeans,2,6404,1,C1,0.30353852800965864,0.20230341408199584,synnetqos_m_00006405,S042_00640,2025-07-31 03:47:55.401623,1,Degraded
reduced_context,kmeans,2,6414,1,C1,-0.3652944374686458,-0.44973533504690055,synnetqos_m_00006415,S042_00641,2025-08-15 20:18:39.716735,0,Not degraded
reduced_context,kmeans,2,6415,1,C1,-1.0967819237626542,-0.4695458505017967,synnetqos_m_00006416,S042_00641,2025-08-15 20:19:39.716735,1,Degraded
reduced_context,kmeans,2,6420,1,C1,-1.0004601717798445,-0.45962290293806074,synnetqos_m_00006421,S042_00642,2025-08-03 15:42:44.411388,0,Not degraded
reduced_context,kmeans,2,6425,0,C0,1.499181303989386,0.8619283792001254,synnetqos_m_00006426,S042_00642,2025-08-03 15:47:44.411388,0,Not degraded
reduced_context,kmeans,2,6441,1,C1,0.301043423298645,-1.4345595418920527,synnetqos_m_00006442,S042_00644,2025-08-09 03:11:14.444682,0,Not degraded
reduced_context,kmeans,2,6479,1,C1,-2.4548744320864633,4.7613828986472635,synnetqos_m_00006480,S042_00647,2025-07-29 20:18:25.744801,1,Degraded
reduced_context,kmeans,2,6488,0,C0,0.9223156799288496,-1.0553648448908046,synnetqos_m_00006489,S042_00648,2025-08-19 14:25:13.556810,0,Not degraded
reduced_context,kmeans,2,6496,1,C1,-1.4154084379460252,1.6471221447205486,synnetqos_m_00006497,S042_00649,2025-08-02 01:27:57.985225,1,Degraded
reduced_context,kmeans,2,6511,0,C0,1.2696907861721076,2.8133461531705017,synnetqos_m_00006512,S042_00651,2025-07-29 02:59:41.175762,1,Degraded
reduced_context,kmeans,2,6538,1,C1,0.6078015442284762,-1.4231406689369244,synnetqos_m_00006539,S042_00653,2025-08-17 09:34:42.401379,0,Not degraded
reduced_context,kmeans,2,6555,1,C1,-0.9347847788953914,-0.951707347734209,synnetqos_m_00006556,S042_00655,2025-07-31 23:40:30.607596,1,Degraded
reduced_context,kmeans,2,6556,1,C1,-1.6902660728097467,-0.8136327705343666,synnetqos_m_00006557,S042_00655,2025-07-31 23:41:30.607596,1,Degraded
reduced_context,kmeans,2,6560,1,C1,-1.5156912398623548,2.2221700560661155,synnetqos_m_00006561,S042_00656,2025-07-28 05:40:21.592686,1,Degraded
reduced_context,kmeans,2,6576,1,C1,-2.39242161693194,0.10438135531206921,synnetqos_m_00006577,S042_00657,2025-08-11 07:07:21.887485,1,Degraded
reduced_context,kmeans,2,6577,1,C1,-2.013919508017626,-1.2073319282389254,synnetqos_m_00006578,S042_00657,2025-08-11 07:08:21.887485,1,Degraded
reduced_context,kmeans,2,6579,1,C1,-1.5462356469169118,-1.0845269968928803,synnetqos_m_00006580,S042_00657,2025-08-11 07:10:21.887485,1,Degraded
reduced_context,kmeans,2,6583,0,C0,2.1717630928644094,-0.35886068828862805,synnetqos_m_00006584,S042_00658,2025-08-19 23:54:17.816353,0,Not degraded
reduced_context,kmeans,2,6585,1,C1,-0.5788029355563008,-0.12309301362245925,synnetqos_m_00006586,S042_00658,2025-08-19 23:56:17.816353,1,Degraded
reduced_context,kmeans,2,6589,0,C0,2.4582286770594517,-0.02709110900317674,synnetqos_m_00006590,S042_00658,2025-08-20 00:00:17.816353,0,Not degraded
reduced_context,kmeans,2,6610,0,C0,1.6194704036635812,1.9769698662657014,synnetqos_m_00006611,S042_00661,2025-08-01 19:42:20.973381,0,Not degraded
reduced_context,kmeans,2,6625,1,C1,-0.4589245253956488,5.924697323055994,synnetqos_m_00006626,S042_00662,2025-07-28 08:58:43.649392,1,Degraded
reduced_context,kmeans,2,6628,1,C1,-0.11097275431677225,2.626731645071394,synnetqos_m_00006629,S042_00662,2025-07-28 09:01:43.649392,1,Degraded
reduced_context,kmeans,2,6669,1,C1,-2.010850762325537,-0.2561702846847611,synnetqos_m_00006670,S042_00666,2025-08-06 14:49:40.083945,1,Degraded
reduced_context,kmeans,2,6677,0,C0,0.8799454835474082,0.13678281787524094,synnetqos_m_00006678,S042_00667,2025-07-26 11:38:33.223254,0,Not degraded
reduced_context,kmeans,2,6687,1,C1,-0.8658417664585125,0.8542230770756213,synnetqos_m_00006688,S042_00668,2025-08-20 00:22:47.501795,1,Degraded
reduced_context,kmeans,2,6688,1,C1,-0.9778295254922422,-0.45617269366163504,synnetqos_m_00006689,S042_00668,2025-08-20 00:23:47.501795,0,Not degraded
reduced_context,kmeans,2,6697,1,C1,0.6141503509166267,-0.8359185243278743,synnetqos_m_00006698,S042_00669,2025-08-14 13:13:58.431890,0,Not degraded
reduced_context,kmeans,2,6710,0,C0,0.9592613911175162,-1.2173910712984009,synnetqos_m_00006711,S042_00671,2025-07-26 22:00:55.637919,0,Not degraded
reduced_context,kmeans,2,6717,1,C1,-0.5004045853586687,-0.8458303201973802,synnetqos_m_00006718,S042_00671,2025-07-26 22:07:55.637919,1,Degraded
reduced_context,kmeans,2,6723,1,C1,0.0766744000828769,-0.7168783029928687,synnetqos_m_00006724,S042_00672,2025-08-02 23:12:03.371201,0,Not degraded
reduced_context,kmeans,2,6743,1,C1,-1.1544124079780995,-0.9438854348511848,synnetqos_m_00006744,S042_00674,2025-07-31 04:42:19.527062,0,Not degraded
reduced_context,kmeans,2,6748,1,C1,-1.3976565338565508,4.1025235409516245,synnetqos_m_00006749,S042_00674,2025-07-31 04:47:19.527062,1,Degraded
reduced_context,kmeans,2,6753,1,C1,-2.8763700316732312,-0.035760796254826185,synnetqos_m_00006754,S042_00675,2025-08-17 01:32:12.722242,1,Degraded
reduced_context,kmeans,2,6779,1,C1,-2.623800385787503,4.179513208586668,synnetqos_m_00006780,S042_00677,2025-08-11 16:37:06.652573,1,Degraded
reduced_context,kmeans,2,6780,0,C0,1.868372573528787,0.9863210552137256,synnetqos_m_00006781,S042_00678,2025-08-02 00:23:40.892594,0,Not degraded
reduced_context,kmeans,2,6786,0,C0,1.288510648919269,1.358102412285104,synnetqos_m_00006787,S042_00678,2025-08-02 00:29:40.892594,0,Not degraded
reduced_context,kmeans,2,6793,1,C1,-1.7284623605028702,-0.8825447266323384,synnetqos_m_00006794,S042_00679,2025-08-14 04:18:55.042040,1,Degraded
reduced_context,kmeans,2,6803,0,C0,1.2982342624200396,-1.3244126897175241,synnetqos_m_00006804,S042_00680,2025-08-05 23:07:28.659196,0,Not degraded
reduced_context,kmeans,2,6808,1,C1,-2.256016413159686,1.0247245906948066,synnetqos_m_00006809,S042_00680,2025-08-05 23:12:28.659196,1,Degraded
reduced_context,kmeans,2,6810,1,C1,-0.8381086644024279,0.25410982184960984,synnetqos_m_00006811,S042_00681,2025-08-08 14:16:54.712336,1,Degraded
reduced_context,kmeans,2,6817,0,C0,1.8259223605570718,2.89611114419097,synnetqos_m_00006818,S042_00681,2025-08-08 14:23:54.712336,1,Degraded
reduced_context,kmeans,2,6821,0,C0,2.2664919061494757,-1.2651086532414306,synnetqos_m_00006822,S042_00682,2025-08-17 23:59:32.292262,0,Not degraded
reduced_context,kmeans,2,6841,0,C0,0.93527959602376,-1.2091297060236952,synnetqos_m_00006842,S042_00684,2025-07-31 11:49:36.800063,0,Not degraded
reduced_context,kmeans,2,6853,1,C1,-1.467640074076498,3.0925296677636056,synnetqos_m_00006854,S042_00685,2025-08-01 23:12:52.716371,1,Degraded
reduced_context,kmeans,2,6863,1,C1,-1.9310572960502823,0.35356473700205804,synnetqos_m_00006864,S042_00686,2025-07-27 13:10:18.043811,1,Degraded
reduced_context,kmeans,2,6864,1,C1,-2.1075680932966394,0.5322121106435643,synnetqos_m_00006865,S042_00686,2025-07-27 13:11:18.043811,1,Degraded
reduced_context,kmeans,2,6865,1,C1,-1.1599963066731296,-0.5262354991727802,synnetqos_m_00006866,S042_00686,2025-07-27 13:12:18.043811,0,Not degraded
reduced_context,kmeans,2,6875,1,C1,-0.9434179256480536,0.28657939811788014,synnetqos_m_00006876,S042_00687,2025-08-15 05:11:57.772327,0,Not degraded
reduced_context,kmeans,2,6878,1,C1,-2.277627512569977,-0.0010250804218420381,synnetqos_m_00006879,S042_00687,2025-08-15 05:14:57.772327,1,Degraded
reduced_context,kmeans,2,6879,1,C1,-2.4186025294005558,0.10070579202011293,synnetqos_m_00006880,S042_00687,2025-08-15 05:15:57.772327,1,Degraded
reduced_context,kmeans,2,6891,0,C0,3.0976985384602473,0.49630443009842995,synnetqos_m_00006892,S042_00689,2025-08-16 22:29:38.255610,0,Not degraded
reduced_context,kmeans,2,6893,0,C0,2.0661638115844623,0.3939596885035553,synnetqos_m_00006894,S042_00689,2025-08-16 22:31:38.255610,0,Not degraded
reduced_context,kmeans,2,6904,0,C0,1.5384670402057248,-1.075301440040803,synnetqos_m_00006905,S042_00690,2025-07-27 07:20:56.891399,0,Not degraded
reduced_context,kmeans,2,6943,1,C1,0.029207291638883248,-1.463101616090689,synnetqos_m_00006944,S042_00694,2025-07-31 23:17:38.930429,0,Not degraded
reduced_context,kmeans,2,6949,1,C1,-0.4667379426871486,-1.0889500087049437,synnetqos_m_00006950,S042_00694,2025-07-31 23:23:38.930429,1,Degraded
reduced_context,kmeans,2,6957,0,C0,2.955992015103542,0.2942755359816042,synnetqos_m_00006958,S042_00695,2025-08-03 00:28:28.985731,0,Not degraded
reduced_context,kmeans,2,6987,1,C1,-0.6317030989957589,-1.0815775326427928,synnetqos_m_00006988,S042_00698,2025-07-28 01:40:32.813645,1,Degraded
reduced_context,kmeans,2,7003,1,C1,-3.1466360108137184,0.1461037945603789,synnetqos_m_00007004,S042_00700,2025-08-09 12:44:16.872227,1,Degraded
reduced_context,kmeans,2,7005,1,C1,-2.9225036873838923,1.3791465972567716,synnetqos_m_00007006,S042_00700,2025-08-09 12:46:16.872227,1,Degraded
reduced_context,kmeans,2,7015,1,C1,-0.3511140862933206,1.10521465659982,synnetqos_m_00007016,S042_00701,2025-07-27 00:06:29.366437,0,Not degraded
reduced_context,kmeans,2,7019,1,C1,-0.4525831690981737,0.2870412775373243,synnetqos_m_00007020,S042_00701,2025-07-27 00:10:29.366437,0,Not degraded
reduced_context,kmeans,2,7024,0,C0,1.197289205877485,-0.1784284025773564,synnetqos_m_00007025,S042_00702,2025-08-12 09:42:08.776063,0,Not degraded
reduced_context,kmeans,2,7031,1,C1,-0.7053069802117401,1.4041717476320397,synnetqos_m_00007032,S042_00703,2025-07-27 20:40:01.809797,1,Degraded
reduced_context,kmeans,2,7043,1,C1,-1.2995911511219889,-0.3277422851069729,synnetqos_m_00007044,S042_00704,2025-08-21 05:00:05.640657,1,Degraded
reduced_context,kmeans,2,7055,0,C0,1.1947214141582445,-0.22053922035445706,synnetqos_m_00007056,S042_00705,2025-08-22 02:56:13.270243,0,Not degraded
reduced_context,kmeans,2,7064,1,C1,-0.6958084871269963,0.11913009512369485,synnetqos_m_00007065,S042_00706,2025-08-15 11:41:16.611410,1,Degraded
reduced_context,kmeans,2,7072,1,C1,-1.155869294403391,1.6530530362892164,synnetqos_m_00007073,S042_00707,2025-08-19 06:09:06.179995,1,Degraded
reduced_context,kmeans,2,7077,0,C0,0.8741240779290557,0.3281811466265239,synnetqos_m_00007078,S042_00707,2025-08-19 06:14:06.179995,0,Not degraded
reduced_context,kmeans,2,7085,1,C1,-3.2483147352798976,0.15474248311456767,synnetqos_m_00007086,S042_00708,2025-08-05 02:59:09.634559,1,Degraded
reduced_context,kmeans,2,7101,0,C0,3.3213825741178016,1.1765608000505325,synnetqos_m_00007102,S042_00710,2025-08-07 23:33:31.471262,0,Not degraded
reduced_context,kmeans,2,7103,0,C0,2.063835435618483,4.614880985410902,synnetqos_m_00007104,S042_00710,2025-08-07 23:35:31.471262,1,Degraded
reduced_context,kmeans,2,7129,1,C1,0.7116653439199693,-1.5138995204869723,synnetqos_m_00007130,S042_00712,2025-08-02 08:12:49.419808,0,Not degraded
reduced_context,kmeans,2,7144,1,C1,-0.855676462491207,-0.9049560337511444,synnetqos_m_00007145,S042_00714,2025-08-20 04:47:40.376286,0,Not degraded
reduced_context,kmeans,2,7151,1,C1,0.12374595433789479,-0.661378572808949,synnetqos_m_00007152,S042_00715,2025-08-19 01:28:56.058138,0,Not degraded
reduced_context,kmeans,2,7165,1,C1,-0.30882678085847415,-0.4194579208139607,synnetqos_m_00007166,S042_00716,2025-08-16 04:41:38.495757,1,Degraded
reduced_context,kmeans,2,7169,0,C0,2.233417981722846,0.6853292855429648,synnetqos_m_00007170,S042_00716,2025-08-16 04:45:38.495757,0,Not degraded
reduced_context,kmeans,2,7177,1,C1,-0.9113974636006397,-0.39707852138716954,synnetqos_m_00007178,S042_00717,2025-07-28 16:26:37.406979,1,Degraded
reduced_context,kmeans,2,7187,1,C1,0.5966184241908843,-1.2972792207966715,synnetqos_m_00007188,S042_00718,2025-08-20 22:52:34.128800,0,Not degraded
reduced_context,kmeans,2,7200,0,C0,2.8582246543275094,-1.7985037785069353,synnetqos_m_00007201,S042_00720,2025-08-15 15:03:57.980730,0,Not degraded
reduced_context,kmeans,2,7201,0,C0,2.8947262090026373,-0.07149189879102333,synnetqos_m_00007202,S042_00720,2025-08-15 15:04:57.980730,0,Not degraded
reduced_context,kmeans,2,7202,0,C0,3.6699191673657263,-1.2947842837589407,synnetqos_m_00007203,S042_00720,2025-08-15 15:05:57.980730,0,Not degraded
reduced_context,kmeans,2,7225,0,C0,1.9929513488731365,0.18263820266963174,synnetqos_m_00007226,S042_00722,2025-07-27 03:54:33.338574,0,Not degraded
reduced_context,kmeans,2,7237,1,C1,-1.751146776592221,-0.9033105502573668,synnetqos_m_00007238,S042_00723,2025-08-21 08:32:30.542521,1,Degraded
reduced_context,kmeans,2,7241,1,C1,-0.5733982475592572,3.3113458514496723,synnetqos_m_00007242,S042_00724,2025-07-29 10:09:47.953869,1,Degraded
reduced_context,kmeans,2,7258,0,C0,1.3115668228993937,-1.3812090884168915,synnetqos_m_00007259,S042_00725,2025-08-01 22:23:54.038478,0,Not degraded
reduced_context,kmeans,2,7260,1,C1,-0.6032923306110229,0.0007488268346812002,synnetqos_m_00007261,S042_00726,2025-08-07 17:32:33.498181,0,Not degraded
reduced_context,kmeans,2,7268,0,C0,1.8056285222915083,2.9666732835386567,synnetqos_m_00007269,S042_00726,2025-08-07 17:40:33.498181,0,Not degraded
reduced_context,kmeans,2,7275,0,C0,2.703298779060812,0.49363782944380274,synnetqos_m_00007276,S042_00727,2025-08-06 19:54:18.936378,0,Not degraded
reduced_context,kmeans,2,7292,1,C1,-2.1232391766960514,2.1812081651270043,synnetqos_m_00007293,S042_00729,2025-08-16 16:48:39.878111,1,Degraded
reduced_context,kmeans,2,7293,1,C1,-2.25170713470958,1.4005738185077474,synnetqos_m_00007294,S042_00729,2025-08-16 16:49:39.878111,1,Degraded
reduced_context,kmeans,2,7308,1,C1,0.14270415638101253,-0.523803780213352,synnetqos_m_00007309,S042_00730,2025-07-31 12:38:20.262280,0,Not degraded
reduced_context,kmeans,2,7323,1,C1,-0.6032457236673946,-0.6562576155861757,synnetqos_m_00007324,S042_00732,2025-08-06 00:36:17.694796,0,Not degraded
reduced_context,kmeans,2,7332,0,C0,2.5244080582658754,-1.085800707241851,synnetqos_m_00007333,S042_00733,2025-08-23 12:37:42.701374,0,Not degraded
reduced_context,kmeans,2,7344,1,C1,-1.1473958135845732,-0.003309619599453424,synnetqos_m_00007345,S042_00734,2025-07-30 15:41:54.542552,1,Degraded
reduced_context,kmeans,2,7346,1,C1,-2.9098239113127433,-0.1610697532238692,synnetqos_m_00007347,S042_00734,2025-07-30 15:43:54.542552,1,Degraded
reduced_context,kmeans,2,7349,1,C1,-2.044219913065448,-0.19985658546139348,synnetqos_m_00007350,S042_00734,2025-07-30 15:46:54.542552,1,Degraded
reduced_context,kmeans,2,7377,1,C1,-2.3811165556838416,-0.5194637938699684,synnetqos_m_00007378,S042_00737,2025-07-28 23:13:59.603177,1,Degraded
reduced_context,kmeans,2,7383,0,C0,1.101570951371202,-1.0875422489539783,synnetqos_m_00007384,S042_00738,2025-08-25 05:13:39.625802,0,Not degraded
reduced_context,kmeans,2,7384,0,C0,2.6176263993177686,1.181685822797881,synnetqos_m_00007385,S042_00738,2025-08-25 05:14:39.625802,0,Not degraded
reduced_context,kmeans,2,7390,1,C1,-0.3622299204230629,-1.550728234858517,synnetqos_m_00007391,S042_00739,2025-08-23 04:18:56.733077,1,Degraded
reduced_context,kmeans,2,7420,1,C1,-1.1210529097777544,-0.4307114496177894,synnetqos_m_00007421,S042_00742,2025-08-14 08:00:52.961100,1,Degraded
reduced_context,kmeans,2,7449,1,C1,-0.4840838694843696,1.151243478941213,synnetqos_m_00007450,S042_00744,2025-08-19 23:54:52.966211,1,Degraded
reduced_context,kmeans,2,7457,1,C1,-0.6565731233297166,-0.2653975326876735,synnetqos_m_00007458,S042_00745,2025-08-18 23:33:35.162648,1,Degraded
reduced_context,kmeans,2,7473,1,C1,0.26188042537149286,1.913888537708296,synnetqos_m_00007474,S042_00747,2025-08-02 08:35:04.998394,0,Not degraded
reduced_context,kmeans,2,7486,0,C0,4.561962985403513,-2.600466258053519,synnetqos_m_00007487,S042_00748,2025-08-21 01:43:32.315018,0,Not degraded
reduced_context,kmeans,2,7493,1,C1,-1.7142053988957617,-0.5995409535908723,synnetqos_m_00007494,S042_00749,2025-08-20 11:20:18.428108,1,Degraded
reduced_context,kmeans,2,7527,1,C1,0.7186725014457526,-1.0423601367854558,synnetqos_m_00007528,S042_00752,2025-07-26 12:46:50.156353,1,Degraded
reduced_context,kmeans,2,7533,1,C1,-0.36531910956162145,1.287425419772075,synnetqos_m_00007534,S042_00753,2025-08-20 08:31:20.922258,0,Not degraded
reduced_context,kmeans,2,7539,1,C1,-0.2190980588885534,2.583346167992855,synnetqos_m_00007540,S042_00753,2025-08-20 08:37:20.922258,1,Degraded
reduced_context,kmeans,2,7542,1,C1,-1.4485108035314724,-0.6780182737381242,synnetqos_m_00007543,S042_00754,2025-08-11 06:12:02.694892,1,Degraded
reduced_context,kmeans,2,7544,1,C1,-1.912017285266528,-0.6845241708279313,synnetqos_m_00007545,S042_00754,2025-08-11 06:14:02.694892,1,Degraded
reduced_context,kmeans,2,7561,0,C0,2.6170400205427615,0.21253699016183,synnetqos_m_00007562,S042_00756,2025-08-21 16:37:12.675337,0,Not degraded
reduced_context,kmeans,2,7562,1,C1,-0.0669332254944508,-0.08855925399594544,synnetqos_m_00007563,S042_00756,2025-08-21 16:38:12.675337,1,Degraded
reduced_context,kmeans,2,7579,1,C1,0.37715436067952685,-0.08865588655905134,synnetqos_m_00007580,S042_00757,2025-07-28 07:59:34.917224,0,Not degraded
reduced_context,kmeans,2,7586,1,C1,-1.375595416327731,0.5723915577677224,synnetqos_m_00007587,S042_00758,2025-07-27 02:28:46.531759,1,Degraded
reduced_context,kmeans,2,7594,1,C1,-1.4853175860883576,-0.6514443243114488,synnetqos_m_00007595,S042_00759,2025-07-30 09:16:01.299507,1,Degraded
reduced_context,kmeans,2,7595,1,C1,-0.6810027033520639,-0.5505080219003282,synnetqos_m_00007596,S042_00759,2025-07-30 09:17:01.299507,0,Not degraded
reduced_context,kmeans,2,7600,1,C1,-0.2512305922456033,-0.49597550529843315,synnetqos_m_00007601,S042_00760,2025-08-21 23:46:55.091362,0,Not degraded
reduced_context,kmeans,2,7606,1,C1,0.4458304761951268,3.201667080795916,synnetqos_m_00007607,S042_00760,2025-08-21 23:52:55.091362,1,Degraded
reduced_context,kmeans,2,7617,1,C1,-1.5771133176488414,-0.1481667352665851,synnetqos_m_00007618,S042_00761,2025-08-21 22:51:19.177751,1,Degraded
reduced_context,kmeans,2,7624,1,C1,-0.8849425509558279,-0.4647202240493089,synnetqos_m_00007625,S042_00762,2025-08-08 00:28:44.145211,0,Not degraded
reduced_context,kmeans,2,7626,1,C1,-0.02446098541047969,-0.9447258738045229,synnetqos_m_00007627,S042_00762,2025-08-08 00:30:44.145211,0,Not degraded
reduced_context,kmeans,2,7631,1,C1,-0.4509871511945485,-0.6346256450479405,synnetqos_m_00007632,S042_00763,2025-08-21 00:34:01.399684,0,Not degraded
reduced_context,kmeans,2,7657,1,C1,-0.8655854981398325,-0.7405269290106095,synnetqos_m_00007658,S042_00765,2025-08-21 00:45:59.674905,1,Degraded
reduced_context,kmeans,2,7660,0,C0,1.371279966066067,-0.38774847218457426,synnetqos_m_00007661,S042_00766,2025-08-07 22:41:07.232063,0,Not degraded
reduced_context,kmeans,2,7672,1,C1,-1.5022952783251597,0.5751476387823417,synnetqos_m_00007673,S042_00767,2025-08-04 16:23:38.726933,1,Degraded
reduced_context,kmeans,2,7686,0,C0,0.7327561013004962,0.5852791803692717,synnetqos_m_00007687,S042_00768,2025-07-28 10:57:56.823824,0,Not degraded
reduced_context,kmeans,2,7688,1,C1,0.7167815359057025,2.5325322362290463,synnetqos_m_00007689,S042_00768,2025-07-28 10:59:56.823824,1,Degraded
reduced_context,kmeans,2,7691,0,C0,1.1905278326469697,1.6021897379436705,synnetqos_m_00007692,S042_00769,2025-08-22 13:33:11.616352,0,Not degraded
reduced_context,kmeans,2,7730,1,C1,-1.1851573437009049,-0.7549914020110169,synnetqos_m_00007731,S042_00773,2025-07-30 18:34:08.144743,1,Degraded
reduced_context,kmeans,2,7735,1,C1,-0.497303583156496,1.0117843121749746,synnetqos_m_00007736,S042_00773,2025-07-30 18:39:08.144743,1,Degraded
reduced_context,kmeans,2,7743,1,C1,-0.7102395976109583,-1.0291830077606903,synnetqos_m_00007744,S042_00774,2025-08-17 14:27:43.737399,1,Degraded
reduced_context,kmeans,2,7744,1,C1,-0.46372469000468924,-0.5397951419447997,synnetqos_m_00007745,S042_00774,2025-08-17 14:28:43.737399,0,Not degraded
reduced_context,kmeans,2,7746,1,C1,-1.2118779796999444,-0.7198465492395602,synnetqos_m_00007747,S042_00774,2025-08-17 14:30:43.737399,1,Degraded
reduced_context,kmeans,2,7749,1,C1,-1.219693735652943,-0.9208418840893714,synnetqos_m_00007750,S042_00774,2025-08-17 14:33:43.737399,1,Degraded
reduced_context,kmeans,2,7767,1,C1,-0.64911373319842,-1.3322792670883465,synnetqos_m_00007768,S042_00776,2025-07-30 10:17:03.257096,1,Degraded
reduced_context,kmeans,2,7777,1,C1,-0.31264738855598656,-0.8336391039637311,synnetqos_m_00007778,S042_00777,2025-07-28 15:01:28.788998,0,Not degraded
reduced_context,kmeans,2,7791,1,C1,-1.6271899786082438,3.71984798638688,synnetqos_m_00007792,S042_00779,2025-07-26 16:52:19.534665,1,Degraded
reduced_context,kmeans,2,7794,1,C1,-2.396395183525906,-0.4207817869410747,synnetqos_m_00007795,S042_00779,2025-07-26 16:55:19.534665,1,Degraded
reduced_context,kmeans,2,7801,1,C1,-1.2765882079836932,2.5272122454837023,synnetqos_m_00007802,S042_00780,2025-08-18 23:06:15.392382,1,Degraded
reduced_context,kmeans,2,7807,1,C1,-0.20489964236946398,-0.49137865858498864,synnetqos_m_00007808,S042_00780,2025-08-18 23:12:15.392382,0,Not degraded
reduced_context,kmeans,2,7813,1,C1,0.4462663627000074,-1.1321529864948365,synnetqos_m_00007814,S042_00781,2025-07-28 01:42:49.842648,0,Not degraded
reduced_context,kmeans,2,7822,1,C1,-0.6137089423194647,2.3060711577484003,synnetqos_m_00007823,S042_00782,2025-08-20 04:35:26.970211,1,Degraded
reduced_context,kmeans,2,7826,0,C0,2.094716515666517,0.7758973579892123,synnetqos_m_00007827,S042_00782,2025-08-20 04:39:26.970211,0,Not degraded
reduced_context,kmeans,2,7827,0,C0,2.0154388094647646,-0.6200388812499055,synnetqos_m_00007828,S042_00782,2025-08-20 04:40:26.970211,0,Not degraded
reduced_context,kmeans,2,7830,1,C1,-0.8230192085716616,-1.1793045864880625,synnetqos_m_00007831,S042_00783,2025-07-29 16:46:42.116016,1,Degraded
reduced_context,kmeans,2,7856,1,C1,-0.8154137688293626,0.6413209478805789,synnetqos_m_00007857,S042_00785,2025-08-21 10:53:02.119083,1,Degraded
reduced_context,kmeans,2,7861,0,C0,5.194277622230789,-2.822026427317982,synnetqos_m_00007862,S042_00786,2025-08-18 18:18:59.530592,0,Not degraded
reduced_context,kmeans,2,7866,0,C0,5.6695002189992705,-1.5541005790725324,synnetqos_m_00007867,S042_00786,2025-08-18 18:23:59.530592,0,Not degraded
reduced_context,kmeans,2,7869,0,C0,5.430906773217076,1.0512008579891203,synnetqos_m_00007870,S042_00786,2025-08-18 18:26:59.530592,1,Degraded
reduced_context,kmeans,2,7873,1,C1,-1.2275782352882891,0.8174942097058226,synnetqos_m_00007874,S042_00787,2025-08-03 19:03:05.881634,1,Degraded
reduced_context,kmeans,2,7879,1,C1,-0.6738852397140053,2.9789235221410646,synnetqos_m_00007880,S042_00787,2025-08-03 19:09:05.881634,1,Degraded
reduced_context,kmeans,2,7881,1,C1,-1.1009996037347456,-0.9048858184744971,synnetqos_m_00007882,S042_00788,2025-08-05 22:19:48.400322,1,Degraded
reduced_context,kmeans,2,7904,1,C1,0.09381738798188505,0.48967030826983293,synnetqos_m_00007905,S042_00790,2025-08-24 20:19:11.876669,1,Degraded
reduced_context,kmeans,2,7919,1,C1,-1.1277774666275848,-0.2141969759733711,synnetqos_m_00007920,S042_00791,2025-08-12 15:42:12.515502,1,Degraded
reduced_context,kmeans,2,7923,1,C1,0.3933329762608011,-0.05300765594525379,synnetqos_m_00007924,S042_00792,2025-08-13 12:49:15.804863,0,Not degraded
reduced_context,kmeans,2,7947,1,C1,-0.3809494192335012,1.3128256270107679,synnetqos_m_00007948,S042_00794,2025-08-14 19:24:00.971611,0,Not degraded
reduced_context,kmeans,2,7953,1,C1,0.4692286660446563,-1.379226673088663,synnetqos_m_00007954,S042_00795,2025-07-27 13:52:54.739800,0,Not degraded
reduced_context,kmeans,2,7959,1,C1,-0.09924570099945551,-1.3624581230280082,synnetqos_m_00007960,S042_00795,2025-07-27 13:58:54.739800,0,Not degraded
reduced_context,kmeans,2,7964,1,C1,-0.5587894743836043,-0.7527045141692276,synnetqos_m_00007965,S042_00796,2025-08-03 22:29:59.375911,1,Degraded
reduced_context,kmeans,2,7970,1,C1,-0.21212095741907214,-1.2048045649664618,synnetqos_m_00007971,S042_00797,2025-08-08 04:06:01.712365,1,Degraded
reduced_context,kmeans,2,7988,1,C1,-1.360375150573087,-0.4795637308409969,synnetqos_m_00007989,S042_00798,2025-07-30 22:05:01.811273,1,Degraded
reduced_context,kmeans,2,7989,1,C1,-0.9393148185471909,-0.7930874943237313,synnetqos_m_00007990,S042_00798,2025-07-30 22:06:01.811273,1,Degraded
reduced_context,kmeans,2,7999,0,C0,1.6097716284288455,0.11656065877142616,synnetqos_m_00008000,S042_00799,2025-08-16 12:56:31.441185,0,Not degraded
reduced_context,kmeans,2,8027,1,C1,-0.07256600873256877,-1.124305127583306,synnetqos_m_00008028,S042_00802,2025-08-07 17:20:44.493469,1,Degraded
reduced_context,kmeans,2,8031,1,C1,-1.1924054339266998,-0.8939105133341811,synnetqos_m_00008032,S042_00803,2025-08-13 11:50:17.514101,1,Degraded
reduced_context,kmeans,2,8055,1,C1,-0.3004707490286194,-0.623823134327647,synnetqos_m_00008056,S042_00805,2025-08-05 05:48:02.978472,1,Degraded
reduced_context,kmeans,2,8079,0,C0,5.376617456175198,-2.633351143467426,synnetqos_m_00008080,S042_00807,2025-08-23 08:11:17.210940,0,Not degraded
reduced_context,kmeans,2,8089,0,C0,2.435456704592472,-1.1200142621025024,synnetqos_m_00008090,S042_00808,2025-08-10 15:41:41.861718,0,Not degraded
reduced_context,kmeans,2,8105,1,C1,-1.1047419015507707,0.6840119426843391,synnetqos_m_00008106,S042_00810,2025-08-02 00:47:49.627625,1,Degraded
reduced_context,kmeans,2,8119,1,C1,0.6170512381579613,-0.29284558396911625,synnetqos_m_00008120,S042_00811,2025-08-06 03:56:03.327847,0,Not degraded
reduced_context,kmeans,2,8123,1,C1,-0.04170645583740589,0.742243447966503,synnetqos_m_00008124,S042_00812,2025-08-11 15:09:07.886253,1,Degraded
reduced_context,kmeans,2,8130,0,C0,1.063506581934347,3.0759799962180483,synnetqos_m_00008131,S042_00813,2025-08-16 06:04:03.206726,0,Not degraded
reduced_context,kmeans,2,8152,0,C0,2.9488959143679496,-1.0215139230126693,synnetqos_m_00008153,S042_00815,2025-07-30 05:29:38.207843,0,Not degraded
reduced_context,kmeans,2,8155,0,C0,2.6567144115140664,-0.8530196533011579,synnetqos_m_00008156,S042_00815,2025-07-30 05:32:38.207843,0,Not degraded
reduced_context,kmeans,2,8163,1,C1,-1.0906133289067323,-0.09853464629546177,synnetqos_m_00008164,S042_00816,2025-08-05 19:42:19.179491,0,Not degraded
reduced_context,kmeans,2,8181,1,C1,-0.6777556592941927,0.2638300030729361,synnetqos_m_00008182,S042_00818,2025-08-18 14:21:26.249574,1,Degraded
reduced_context,kmeans,2,8192,1,C1,-0.23638317196202505,-0.8768672417760875,synnetqos_m_00008193,S042_00819,2025-08-24 20:08:33.801932,1,Degraded
reduced_context,kmeans,2,8198,1,C1,-0.5741041410257598,1.5961255335248152,synnetqos_m_00008199,S042_00819,2025-08-24 20:14:33.801932,1,Degraded
reduced_context,kmeans,2,8235,1,C1,0.27868202662217056,-1.2483356930291205,synnetqos_m_00008236,S042_00823,2025-08-08 08:45:39.612005,0,Not degraded
reduced_context,kmeans,2,8247,1,C1,-0.9407490522799182,-1.0196633941315048,synnetqos_m_00008248,S042_00824,2025-08-10 08:08:47.214236,0,Not degraded
reduced_context,kmeans,2,8278,1,C1,-2.8285966216665717,-0.03531673951420172,synnetqos_m_00008279,S042_00827,2025-08-15 22:48:56.463143,1,Degraded
reduced_context,kmeans,2,8282,1,C1,0.2604854482342059,0.14454876726276353,synnetqos_m_00008283,S042_00828,2025-08-19 01:27:50.555313,0,Not degraded
reduced_context,kmeans,2,8300,0,C0,4.192266709267034,0.3316611239323512,synnetqos_m_00008301,S042_00830,2025-07-30 18:08:25.319155,0,Not degraded
reduced_context,kmeans,2,8327,0,C0,1.9386070797349655,-0.39207959456648905,synnetqos_m_00008328,S042_00832,2025-08-20 03:53:56.164944,0,Not degraded
reduced_context,kmeans,2,8335,1,C1,-0.819473327480961,-0.07271190118914067,synnetqos_m_00008336,S042_00833,2025-08-16 19:13:06.456232,0,Not degraded
reduced_context,kmeans,2,8346,1,C1,-0.8758588812764361,0.17910663079474579,synnetqos_m_00008347,S042_00834,2025-08-20 09:35:26.742703,1,Degraded
reduced_context,kmeans,2,8351,1,C1,-1.3650539795920893,0.9035138769262894,synnetqos_m_00008352,S042_00835,2025-08-01 17:41:40.616813,1,Degraded
reduced_context,kmeans,2,8354,1,C1,-0.868665807640483,1.0712423746568804,synnetqos_m_00008355,S042_00835,2025-08-01 17:44:40.616813,1,Degraded
reduced_context,kmeans,2,8372,0,C0,3.991484484052962,-0.1745453855515319,synnetqos_m_00008373,S042_00837,2025-08-23 19:14:44.987826,0,Not degraded
reduced_context,kmeans,2,8391,1,C1,-1.2692673608077925,0.788426215099948,synnetqos_m_00008392,S042_00839,2025-08-12 18:57:18.738865,1,Degraded
reduced_context,kmeans,2,8411,1,C1,-0.06523511962477169,0.9441614692582325,synnetqos_m_00008412,S042_00841,2025-07-29 17:47:27.810984,0,Not degraded
reduced_context,kmeans,2,8412,1,C1,-1.528760778164542,-0.35802350521685383,synnetqos_m_00008413,S042_00841,2025-07-29 17:48:27.810984,1,Degraded
reduced_context,kmeans,2,8458,1,C1,-0.9413686428202226,-0.3778127513986738,synnetqos_m_00008459,S042_00845,2025-08-15 14:40:09.250983,1,Degraded
reduced_context,kmeans,2,8480,1,C1,-1.0922255627235935,1.5720801716763604,synnetqos_m_00008481,S042_00848,2025-08-09 14:58:39.872418,1,Degraded
reduced_context,kmeans,2,8484,0,C0,4.394238543375902,-2.905047023742712,synnetqos_m_00008485,S042_00848,2025-08-09 15:02:39.872418,0,Not degraded
reduced_context,kmeans,2,8501,0,C0,2.5709381867966403,1.9477320011567474,synnetqos_m_00008502,S042_00850,2025-08-14 02:41:33.099085,0,Not degraded
reduced_context,kmeans,2,8504,1,C1,0.02506363361186255,-0.040195908312818066,synnetqos_m_00008505,S042_00850,2025-08-14 02:44:33.099085,0,Not degraded
reduced_context,kmeans,2,8506,0,C0,0.8547478131089279,0.9216996318735035,synnetqos_m_00008507,S042_00850,2025-08-14 02:46:33.099085,0,Not degraded
reduced_context,kmeans,2,8509,0,C0,1.3034626480124585,-1.0784575425551974,synnetqos_m_00008510,S042_00850,2025-08-14 02:49:33.099085,0,Not degraded
reduced_context,kmeans,2,8510,1,C1,-1.394386166146129,-0.9742700272895441,synnetqos_m_00008511,S042_00851,2025-08-09 08:19:20.198311,1,Degraded
reduced_context,kmeans,2,8520,0,C0,1.7747163616529447,-1.7126856703882882,synnetqos_m_00008521,S042_00852,2025-08-23 05:40:21.087543,0,Not degraded
reduced_context,kmeans,2,8527,0,C0,4.210488569448758,-1.237445124147356,synnetqos_m_00008528,S042_00852,2025-08-23 05:47:21.087543,0,Not degraded
reduced_context,kmeans,2,8531,1,C1,-1.374734447996091,-0.1613431157528561,synnetqos_m_00008532,S042_00853,2025-08-15 22:38:51.418933,1,Degraded
reduced_context,kmeans,2,8537,1,C1,-0.9835637962104842,0.7359947372972319,synnetqos_m_00008538,S042_00853,2025-08-15 22:44:51.418933,1,Degraded
reduced_context,kmeans,2,8539,1,C1,-2.2032156684849293,-0.04193364307542499,synnetqos_m_00008540,S042_00853,2025-08-15 22:46:51.418933,1,Degraded
reduced_context,kmeans,2,8541,0,C0,1.2111948841429743,-1.0967653132938096,synnetqos_m_00008542,S042_00854,2025-08-20 22:30:53.750882,0,Not degraded
reduced_context,kmeans,2,8572,0,C0,1.6836238394485197,-0.510011670946436,synnetqos_m_00008573,S042_00857,2025-08-04 17:47:57.954325,0,Not degraded
reduced_context,kmeans,2,8574,0,C0,3.0832942291020395,2.0382337865662556,synnetqos_m_00008575,S042_00857,2025-08-04 17:49:57.954325,0,Not degraded
reduced_context,kmeans,2,8579,0,C0,2.1475903938313974,0.043921534820782045,synnetqos_m_00008580,S042_00857,2025-08-04 17:54:57.954325,0,Not degraded
reduced_context,kmeans,2,8580,1,C1,-1.1651990212455283,0.08454026377222071,synnetqos_m_00008581,S042_00858,2025-07-26 13:59:06.098500,1,Degraded
reduced_context,kmeans,2,8609,1,C1,-0.8418380352258649,-0.8138812907962018,synnetqos_m_00008610,S042_00860,2025-08-14 23:57:09.837838,1,Degraded
reduced_context,kmeans,2,8622,1,C1,-0.6004337139744693,0.9869025647012837,synnetqos_m_00008623,S042_00862,2025-07-26 21:22:02.084001,1,Degraded
reduced_context,kmeans,2,8624,1,C1,-0.33859736194902423,1.3251455248899218,synnetqos_m_00008625,S042_00862,2025-07-26 21:24:02.084001,1,Degraded
reduced_context,kmeans,2,8667,1,C1,-1.854351435011702,-0.17595048294473087,synnetqos_m_00008668,S042_00866,2025-08-21 13:44:11.726946,1,Degraded
reduced_context,kmeans,2,8670,1,C1,-0.8982243061964535,-0.39273083718669644,synnetqos_m_00008671,S042_00867,2025-08-12 07:22:16.646342,0,Not degraded
reduced_context,kmeans,2,8685,1,C1,-0.01837795074663602,-0.8535433768060127,synnetqos_m_00008686,S042_00868,2025-08-23 14:32:14.273598,1,Degraded
reduced_context,kmeans,2,8705,0,C0,1.8530518043211763,-0.914975066129012,synnetqos_m_00008706,S042_00870,2025-07-27 12:41:37.297274,0,Not degraded
reduced_context,kmeans,2,8718,1,C1,-0.35679230341932505,-0.2537418985269673,synnetqos_m_00008719,S042_00871,2025-07-30 05:26:30.475357,1,Degraded
reduced_context,kmeans,2,8741,1,C1,0.5830623760748855,4.161807945387896,synnetqos_m_00008742,S042_00874,2025-08-12 02:27:50.578111,1,Degraded
reduced_context,kmeans,2,8745,0,C0,1.0420818695775922,-0.14170514972890152,synnetqos_m_00008746,S042_00874,2025-08-12 02:31:50.578111,0,Not degraded
reduced_context,kmeans,2,8784,1,C1,-0.6482203035581265,-0.4886094760836755,synnetqos_m_00008785,S042_00878,2025-07-30 21:41:23.958531,1,Degraded
reduced_context,kmeans,2,8786,1,C1,-0.5838449567607227,-0.20042110047907027,synnetqos_m_00008787,S042_00878,2025-07-30 21:43:23.958531,1,Degraded
reduced_context,kmeans,2,8795,0,C0,2.8876763043577314,-1.221565251656319,synnetqos_m_00008796,S042_00879,2025-08-22 04:48:27.793071,0,Not degraded
reduced_context,kmeans,2,8800,0,C0,0.9954971082447512,0.07109252394861096,synnetqos_m_00008801,S042_00880,2025-08-17 17:15:12.344520,0,Not degraded
reduced_context,kmeans,2,8809,1,C1,-0.264032677661144,-0.7194041278625525,synnetqos_m_00008810,S042_00880,2025-08-17 17:24:12.344520,1,Degraded
reduced_context,kmeans,2,8818,1,C1,-0.07674321127015471,-0.530464319363081,synnetqos_m_00008819,S042_00881,2025-08-21 07:57:45.537116,0,Not degraded
reduced_context,kmeans,2,8824,0,C0,1.1347678020662237,-0.5522549066121207,synnetqos_m_00008825,S042_00882,2025-08-07 08:47:55.640322,0,Not degraded
reduced_context,kmeans,2,8830,1,C1,-1.334402889631247,-0.010738325453843907,synnetqos_m_00008831,S042_00883,2025-08-25 02:30:31.321489,0,Not degraded
reduced_context,kmeans,2,8839,1,C1,-1.610679239130341,3.3162960054403676,synnetqos_m_00008840,S042_00883,2025-08-25 02:39:31.321489,1,Degraded
reduced_context,kmeans,2,8857,0,C0,0.7421246282414398,-0.9414654720124169,synnetqos_m_00008858,S042_00885,2025-08-19 23:02:39.952678,0,Not degraded
reduced_context,kmeans,2,8882,1,C1,-0.2471773769853232,-0.7149844101597251,synnetqos_m_00008883,S042_00888,2025-08-06 16:40:04.714244,0,Not degraded
reduced_context,kmeans,2,8886,0,C0,4.7142110427149015,3.3951776131712803,synnetqos_m_00008887,S042_00888,2025-08-06 16:44:04.714244,0,Not degraded
reduced_context,kmeans,2,8912,1,C1,-1.6144264083571898,0.4294601987522997,synnetqos_m_00008913,S042_00891,2025-08-20 11:04:15.865713,1,Degraded
reduced_context,kmeans,2,8913,1,C1,-1.439970381797495,0.5135350968003449,synnetqos_m_00008914,S042_00891,2025-08-20 11:05:15.865713,1,Degraded
reduced_context,kmeans,2,8917,1,C1,-1.0013803189592736,-0.6735991451069663,synnetqos_m_00008918,S042_00891,2025-08-20 11:09:15.865713,1,Degraded
reduced_context,kmeans,2,8941,1,C1,-1.0556645523035209,-0.7419604625418825,synnetqos_m_00008942,S042_00894,2025-08-10 20:02:31.454327,1,Degraded
reduced_context,kmeans,2,8951,1,C1,0.05071585972139607,0.6108988153701194,synnetqos_m_00008952,S042_00895,2025-07-28 07:16:16.912353,1,Degraded
reduced_context,kmeans,2,8953,0,C0,0.675154985558633,-0.5157083637034261,synnetqos_m_00008954,S042_00895,2025-07-28 07:18:16.912353,0,Not degraded
reduced_context,kmeans,2,8960,1,C1,-0.8272932997571192,-0.8268994554291961,synnetqos_m_00008961,S042_00896,2025-08-16 10:56:32.738165,0,Not degraded
reduced_context,kmeans,2,8972,1,C1,-1.0052873721194515,-1.0208651760018936,synnetqos_m_00008973,S042_00897,2025-07-30 08:37:50.905629,1,Degraded
reduced_context,kmeans,2,8990,0,C0,1.1477411572511818,1.4593063619828783,synnetqos_m_00008991,S042_00899,2025-07-30 21:14:53.087957,0,Not degraded
reduced_context,kmeans,2,9017,0,C0,1.7482226581590736,0.9172111899280573,synnetqos_m_00009018,S042_00901,2025-07-31 04:43:00.286471,0,Not degraded
reduced_context,kmeans,2,9031,0,C0,0.5642171930924437,0.9372504959904266,synnetqos_m_00009032,S042_00903,2025-08-13 09:23:25.716410,0,Not degraded
reduced_context,kmeans,2,9038,1,C1,-1.5814501672288415,-0.2787188940404761,synnetqos_m_00009039,S042_00903,2025-08-13 09:30:25.716410,1,Degraded
reduced_context,kmeans,2,9050,1,C1,-2.053880559688387,-0.7978794609788724,synnetqos_m_00009051,S042_00905,2025-08-04 04:59:40.729952,1,Degraded
reduced_context,kmeans,2,9055,1,C1,-1.7376638455990683,0.47192940305222364,synnetqos_m_00009056,S042_00905,2025-08-04 05:04:40.729952,1,Degraded
reduced_context,kmeans,2,9084,1,C1,-0.11156763134184672,-0.37836215968781606,synnetqos_m_00009085,S042_00908,2025-08-11 05:45:14.411996,0,Not degraded
reduced_context,kmeans,2,9090,1,C1,-0.9777700992518825,-0.5468324624879283,synnetqos_m_00009091,S042_00909,2025-08-13 11:58:33.159376,1,Degraded
reduced_context,kmeans,2,9117,0,C0,1.8028980976495899,-0.36985968121276735,synnetqos_m_00009118,S042_00911,2025-08-03 00:55:17.800804,0,Not degraded
reduced_context,kmeans,2,9125,1,C1,-1.8759262544584634,-0.2149867466884058,synnetqos_m_00009126,S042_00912,2025-08-10 11:55:51.224639,1,Degraded
reduced_context,kmeans,2,9132,1,C1,-0.6584308344606981,1.6843938078544942,synnetqos_m_00009133,S042_00913,2025-08-01 16:42:08.118757,1,Degraded
reduced_context,kmeans,2,9137,0,C0,1.376089736382383,-0.8882008265974481,synnetqos_m_00009138,S042_00913,2025-08-01 16:47:08.118757,0,Not degraded
reduced_context,kmeans,2,9148,0,C0,0.6979209431422643,-1.8275447597961,synnetqos_m_00009149,S042_00914,2025-08-18 19:41:40.846526,0,Not degraded
reduced_context,kmeans,2,9159,1,C1,-1.3981599047133215,0.053269557506359845,synnetqos_m_00009160,S042_00915,2025-08-11 03:05:34.486927,1,Degraded
reduced_context,kmeans,2,9171,1,C1,-0.33986317315504866,-0.6337138577895415,synnetqos_m_00009172,S042_00917,2025-08-19 01:06:30.423412,1,Degraded
reduced_context,kmeans,2,9179,1,C1,0.034724017642339976,-0.48706989351080565,synnetqos_m_00009180,S042_00917,2025-08-19 01:14:30.423412,0,Not degraded
reduced_context,kmeans,2,9198,1,C1,-0.32813478684504993,0.33934750196240615,synnetqos_m_00009199,S042_00919,2025-08-14 14:06:32.980210,1,Degraded
reduced_context,kmeans,2,9199,1,C1,-0.17061309925243473,-0.5440088255340101,synnetqos_m_00009200,S042_00919,2025-08-14 14:07:32.980210,0,Not degraded
reduced_context,kmeans,2,9215,0,C0,2.455320393531545,-1.5735590392560157,synnetqos_m_00009216,S042_00921,2025-07-31 21:35:46.064411,0,Not degraded
reduced_context,kmeans,2,9224,1,C1,-1.5400306668214108,0.19926086134027274,synnetqos_m_00009225,S042_00922,2025-08-12 08:26:02.289336,1,Degraded
reduced_context,kmeans,2,9245,1,C1,-0.7384428863343113,0.11161434269790235,synnetqos_m_00009246,S042_00924,2025-08-10 15:39:14.903557,1,Degraded
reduced_context,kmeans,2,9252,0,C0,2.1088557746543315,-0.5755883205350143,synnetqos_m_00009253,S042_00925,2025-08-06 02:39:12.402843,0,Not degraded
reduced_context,kmeans,2,9254,1,C1,0.27972735780579583,-0.4324281762640216,synnetqos_m_00009255,S042_00925,2025-08-06 02:41:12.402843,0,Not degraded
reduced_context,kmeans,2,9256,0,C0,2.4105300585937584,1.3639681404703152,synnetqos_m_00009257,S042_00925,2025-08-06 02:43:12.402843,0,Not degraded
reduced_context,kmeans,2,9260,1,C1,-2.450583665043579,1.9910816085056657,synnetqos_m_00009261,S042_00926,2025-08-04 08:18:09.475274,1,Degraded
reduced_context,kmeans,2,9263,1,C1,-2.3510728860025467,2.4206453999041293,synnetqos_m_00009264,S042_00926,2025-08-04 08:21:09.475274,1,Degraded
reduced_context,kmeans,2,9267,1,C1,-3.2066764386729143,0.03698590182717119,synnetqos_m_00009268,S042_00926,2025-08-04 08:25:09.475274,1,Degraded
reduced_context,kmeans,2,9282,0,C0,1.15635238260024,-0.5870358698310477,synnetqos_m_00009283,S042_00928,2025-08-17 22:17:27.865640,0,Not degraded
reduced_context,kmeans,2,9297,1,C1,-1.4412821321515594,0.1377236959513374,synnetqos_m_00009298,S042_00929,2025-07-27 04:50:17.855326,1,Degraded
reduced_context,kmeans,2,9302,1,C1,-0.7620046244499118,0.15659600494707937,synnetqos_m_00009303,S042_00930,2025-08-01 08:47:28.266799,1,Degraded
reduced_context,kmeans,2,9305,1,C1,-0.7806414900494619,-0.654548233765092,synnetqos_m_00009306,S042_00930,2025-08-01 08:50:28.266799,1,Degraded
reduced_context,kmeans,2,9309,1,C1,-0.7868444557484062,0.7120993173761251,synnetqos_m_00009310,S042_00930,2025-08-01 08:54:28.266799,1,Degraded
reduced_context,kmeans,2,9324,1,C1,0.5183207106604019,-1.2242195148018697,synnetqos_m_00009325,S042_00932,2025-08-02 20:07:55.162883,0,Not degraded
reduced_context,kmeans,2,9338,1,C1,-1.065424860462428,-1.2043163466828914,synnetqos_m_00009339,S042_00933,2025-08-12 04:21:21.052392,1,Degraded
reduced_context,kmeans,2,9341,0,C0,0.9987947403658397,0.8301569390955754,synnetqos_m_00009342,S042_00934,2025-08-12 10:51:11.447805,0,Not degraded
reduced_context,kmeans,2,9367,0,C0,3.367130718799076,-2.7786497662270646,synnetqos_m_00009368,S042_00936,2025-08-19 09:09:36.682994,0,Not degraded
reduced_context,kmeans,2,9393,1,C1,0.2908221793751716,-0.7529325097715974,synnetqos_m_00009394,S042_00939,2025-08-23 08:45:10.583205,0,Not degraded
reduced_context,kmeans,2,9402,0,C0,1.0463488987033531,-1.1651434425252443,synnetqos_m_00009403,S042_00940,2025-08-14 06:29:27.590440,0,Not degraded
reduced_context,kmeans,2,9404,0,C0,2.2832832757446644,0.8167405989305233,synnetqos_m_00009405,S042_00940,2025-08-14 06:31:27.590440,0,Not degraded
reduced_context,kmeans,2,9408,0,C0,1.5533042634300323,-0.49449908908236967,synnetqos_m_00009409,S042_00940,2025-08-14 06:35:27.590440,0,Not degraded
reduced_context,kmeans,2,9418,1,C1,-1.2028021526832031,-0.46490387909710745,synnetqos_m_00009419,S042_00941,2025-08-09 05:06:57.457595,1,Degraded
reduced_context,kmeans,2,9430,0,C0,0.7905244556821591,-0.2510800012311235,synnetqos_m_00009431,S042_00943,2025-08-05 01:59:02.259871,0,Not degraded
reduced_context,kmeans,2,9431,0,C0,2.6600703146596585,0.5268273791527489,synnetqos_m_00009432,S042_00943,2025-08-05 02:00:02.259871,0,Not degraded
reduced_context,kmeans,2,9440,1,C1,-0.3668593071298487,2.8726865369923917,synnetqos_m_00009441,S042_00944,2025-08-17 19:15:48.071567,1,Degraded
reduced_context,kmeans,2,9465,0,C0,2.122779251325966,-1.2619179548672523,synnetqos_m_00009466,S042_00946,2025-08-23 08:42:40.636768,0,Not degraded
reduced_context,kmeans,2,9518,0,C0,3.05462669794296,-0.22828658338655677,synnetqos_m_00009519,S042_00951,2025-08-13 06:11:07.126331,0,Not degraded
reduced_context,kmeans,2,9534,1,C1,-0.5297568165353206,-1.075016282267589,synnetqos_m_00009535,S042_00953,2025-08-12 05:00:14.154299,1,Degraded
reduced_context,kmeans,2,9539,1,C1,-0.15004715842367056,-0.9201726417229468,synnetqos_m_00009540,S042_00953,2025-08-12 05:05:14.154299,0,Not degraded
reduced_context,kmeans,2,9553,1,C1,-0.45772510189310295,-1.0201236751172116,synnetqos_m_00009554,S042_00955,2025-08-03 05:43:05.044038,0,Not degraded
reduced_context,kmeans,2,9566,1,C1,-1.2668307373837702,-0.430299154439451,synnetqos_m_00009567,S042_00956,2025-08-06 06:50:35.064015,1,Degraded
reduced_context,kmeans,2,9568,1,C1,-1.2289274058745487,-0.8428622053309551,synnetqos_m_00009569,S042_00956,2025-08-06 06:52:35.064015,1,Degraded
reduced_context,kmeans,2,9569,1,C1,-0.5138029814241738,-1.0527214937814053,synnetqos_m_00009570,S042_00956,2025-08-06 06:53:35.064015,1,Degraded
reduced_context,kmeans,2,9585,1,C1,-0.9202421838897612,-0.31196356428510574,synnetqos_m_00009586,S042_00958,2025-08-07 02:17:04.444117,0,Not degraded
reduced_context,kmeans,2,9589,0,C0,3.5919769500381187,2.8730180642504015,synnetqos_m_00009590,S042_00958,2025-08-07 02:21:04.444117,0,Not degraded
reduced_context,kmeans,2,9639,0,C0,0.8587440363200847,-0.8963591832203308,synnetqos_m_00009640,S042_00963,2025-08-08 09:16:17.133604,0,Not degraded
reduced_context,kmeans,2,9640,0,C0,1.379917755756651,-2.3472271482129297,synnetqos_m_00009641,S042_00964,2025-07-28 08:44:38.580032,1,Degraded
reduced_context,kmeans,2,9643,0,C0,3.0942547024487266,-3.0179174928044326,synnetqos_m_00009644,S042_00964,2025-07-28 08:47:38.580032,0,Not degraded
reduced_context,kmeans,2,9679,0,C0,3.144769909138518,0.39316978882853804,synnetqos_m_00009680,S042_00967,2025-07-30 23:18:25.107263,0,Not degraded
reduced_context,kmeans,2,9689,1,C1,-3.283193112119022,2.885030614404209,synnetqos_m_00009690,S042_00968,2025-08-19 13:16:05.873899,1,Degraded
reduced_context,kmeans,2,9705,1,C1,-0.9176253813142895,2.842057810719792,synnetqos_m_00009706,S042_00970,2025-07-28 17:36:04.768388,1,Degraded
reduced_context,kmeans,2,9712,1,C1,-1.9869825498568696,0.87487476816175,synnetqos_m_00009713,S042_00971,2025-08-22 02:44:35.203659,1,Degraded
reduced_context,kmeans,2,9727,0,C0,0.9181274494495532,-1.4181562650886157,synnetqos_m_00009728,S042_00972,2025-08-14 13:53:17.452720,0,Not degraded
reduced_context,kmeans,2,9751,0,C0,0.6975425550142536,-1.0254563468990956,synnetqos_m_00009752,S042_00975,2025-08-21 00:12:28.887175,0,Not degraded
reduced_context,kmeans,2,9754,0,C0,1.8010504540740004,-1.2426033934293894,synnetqos_m_00009755,S042_00975,2025-08-21 00:15:28.887175,0,Not degraded
reduced_context,kmeans,2,9757,0,C0,1.231078700159685,-0.740899906380756,synnetqos_m_00009758,S042_00975,2025-08-21 00:18:28.887175,0,Not degraded
reduced_context,kmeans,2,9762,1,C1,-1.303919593286017,-1.0420638042800612,synnetqos_m_00009763,S042_00976,2025-07-27 04:15:00.032175,1,Degraded
reduced_context,kmeans,2,9765,1,C1,-0.33121213642381675,-0.8897380943479772,synnetqos_m_00009766,S042_00976,2025-07-27 04:18:00.032175,1,Degraded
reduced_context,kmeans,2,9787,0,C0,1.5043054627037395,-1.0816577844378747,synnetqos_m_00009788,S042_00978,2025-08-11 19:29:02.300679,0,Not degraded
reduced_context,kmeans,2,9809,0,C0,0.7927370306307517,-0.06274294610863212,synnetqos_m_00009810,S042_00980,2025-07-29 22:30:11.739111,0,Not degraded
reduced_context,kmeans,2,9820,0,C0,2.126310126452451,1.1964127021677093,synnetqos_m_00009821,S042_00982,2025-08-18 21:27:43.974968,0,Not degraded
reduced_context,kmeans,2,9838,1,C1,-0.5833182880086071,-0.8813018335130077,synnetqos_m_00009839,S042_00983,2025-07-27 14:07:39.650695,0,Not degraded
reduced_context,kmeans,2,9852,0,C0,1.560594616808925,2.589654551565653,synnetqos_m_00009853,S042_00985,2025-08-13 11:58:58.269795,1,Degraded
reduced_context,kmeans,2,9855,0,C0,0.931604007695737,-1.3693628181643673,synnetqos_m_00009856,S042_00985,2025-08-13 12:01:58.269795,0,Not degraded
reduced_context,kmeans,2,9870,1,C1,-0.13408258732961711,-0.8378611355133758,synnetqos_m_00009871,S042_00987,2025-08-03 13:04:29.513001,0,Not degraded
reduced_context,kmeans,2,9902,1,C1,0.15961229899782123,0.9902673723867665,synnetqos_m_00009903,S042_00990,2025-08-15 00:39:58.559567,1,Degraded
reduced_context,kmeans,2,9920,0,C0,1.1682188234111623,-1.9817033909464852,synnetqos_m_00009921,S042_00992,2025-08-19 05:48:55.790374,0,Not degraded
reduced_context,kmeans,2,9924,0,C0,1.5928142993401335,1.9983863214737787,synnetqos_m_00009925,S042_00992,2025-08-19 05:52:55.790374,1,Degraded
reduced_context,kmeans,2,9935,1,C1,-1.1029682038688735,-1.0668370719125688,synnetqos_m_00009936,S042_00993,2025-08-01 05:11:24.544954,1,Degraded
reduced_context,kmeans,2,9938,1,C1,-1.8827316159418126,-1.4772563588133243,synnetqos_m_00009939,S042_00993,2025-08-01 05:14:24.544954,1,Degraded
reduced_context,kmeans,2,9960,1,C1,-0.764773328796755,-0.8956449936403282,synnetqos_m_00009961,S042_00996,2025-08-01 03:36:40.064414,0,Not degraded
reduced_context,kmeans,2,9973,0,C0,0.7588307730597252,-0.035676473449628474,synnetqos_m_00009974,S042_00997,2025-07-27 14:02:39.080505,0,Not degraded
reduced_context,kmeans,2,9974,0,C0,3.7387055986843922,7.3199433451675775,synnetqos_m_00009975,S042_00997,2025-07-27 14:03:39.080505,1,Degraded
reduced_context,kmeans,2,9981,1,C1,-1.9681696934800006,-0.6453701695833511,synnetqos_m_00009982,S042_00998,2025-08-24 13:46:34.916831,1,Degraded
reduced_context,kmeans,2,9996,0,C0,1.0897135434547216,-0.6456364988794702,synnetqos_m_00009997,S042_00999,2025-08-17 07:21:49.254742,0,Not degraded
reduced_context,kmeans,2,9998,0,C0,0.7701164286218279,-1.1453857430030605,synnetqos_m_00009999,S042_00999,2025-08-17 07:23:49.254742,0,Not degraded
reduced_context,kmeans,2,10000,0,C0,4.441467893522609,3.1855651309193718,synnetqos_m_00010001,S042_01000,2025-08-04 13:47:00.016831,0,Not degraded
reduced_context,kmeans,2,10003,0,C0,1.9820171497849832,-0.21380476242224497,synnetqos_m_00010004,S042_01000,2025-08-04 13:50:00.016831,0,Not degraded
reduced_context,kmeans,2,10017,1,C1,-0.8590842203503123,0.4783572170747109,synnetqos_m_00010018,S042_01001,2025-08-10 19:55:23.682759,1,Degraded
reduced_context,kmeans,2,10025,1,C1,-1.1268314651200966,-0.9425745260605172,synnetqos_m_00010026,S042_01002,2025-07-29 19:59:09.871388,1,Degraded
reduced_context,kmeans,2,10037,1,C1,-0.631413081693093,-1.0947114333952972,synnetqos_m_00010038,S042_01003,2025-08-11 23:44:59.546893,0,Not degraded
reduced_context,kmeans,2,10051,0,C0,1.304650895909343,-1.5653479630552725,synnetqos_m_00010052,S042_01005,2025-08-23 00:14:54.415205,0,Not degraded
reduced_context,kmeans,2,10060,1,C1,0.3937882942793855,0.789409321530827,synnetqos_m_00010061,S042_01006,2025-08-07 15:49:42.448149,1,Degraded
reduced_context,kmeans,2,10076,1,C1,-0.3676728167609118,-0.8282263229404253,synnetqos_m_00010077,S042_01007,2025-07-28 22:38:24.934334,0,Not degraded
reduced_context,kmeans,2,10077,1,C1,0.6512036592891066,0.8631701411554499,synnetqos_m_00010078,S042_01007,2025-07-28 22:39:24.934334,0,Not degraded
reduced_context,kmeans,2,10093,1,C1,-0.9551864014431732,-0.06246701300064053,synnetqos_m_00010094,S042_01009,2025-08-10 20:03:30.878713,1,Degraded
reduced_context,kmeans,2,10099,1,C1,-1.0565135108029524,-0.0022176937626677204,synnetqos_m_00010100,S042_01009,2025-08-10 20:09:30.878713,1,Degraded
reduced_context,kmeans,2,10104,1,C1,-0.13709174292647605,-1.486355610282228,synnetqos_m_00010105,S042_01010,2025-08-19 13:17:28.599391,1,Degraded
reduced_context,kmeans,2,10105,1,C1,-1.0769512136861856,-0.9412492571045465,synnetqos_m_00010106,S042_01010,2025-08-19 13:18:28.599391,1,Degraded
reduced_context,kmeans,2,10106,1,C1,0.3363558819606898,-1.615114960299244,synnetqos_m_00010107,S042_01010,2025-08-19 13:19:28.599391,1,Degraded
reduced_context,kmeans,2,10119,1,C1,-2.242281625205048,0.1880455421756221,synnetqos_m_00010120,S042_01011,2025-08-20 23:42:53.548802,1,Degraded
reduced_context,kmeans,2,10120,1,C1,-0.0036152170159715682,-0.8500394527900065,synnetqos_m_00010121,S042_01012,2025-08-04 21:03:03.905365,1,Degraded
reduced_context,kmeans,2,10121,1,C1,-0.6392343658907089,-0.9864909185880419,synnetqos_m_00010122,S042_01012,2025-08-04 21:04:03.905365,0,Not degraded
reduced_context,kmeans,2,10126,1,C1,-0.9770919103940436,-0.8099536362898718,synnetqos_m_00010127,S042_01012,2025-08-04 21:09:03.905365,1,Degraded
reduced_context,kmeans,2,10136,1,C1,0.4817108180214648,-0.2976133981973025,synnetqos_m_00010137,S042_01013,2025-08-22 05:36:35.555057,0,Not degraded
reduced_context,kmeans,2,10139,0,C0,2.906385741817868,2.487964719129412,synnetqos_m_00010140,S042_01013,2025-08-22 05:39:35.555057,0,Not degraded
reduced_context,kmeans,2,10143,1,C1,-2.0682684585077884,-0.5194181382196238,synnetqos_m_00010144,S042_01014,2025-07-31 15:14:54.812108,1,Degraded
reduced_context,kmeans,2,10154,0,C0,6.529135663861554,-2.0262651431269005,synnetqos_m_00010155,S042_01015,2025-07-28 03:16:12.084835,0,Not degraded
reduced_context,kmeans,2,10162,0,C0,5.5055341599156185,-2.9323825534756414,synnetqos_m_00010163,S042_01016,2025-08-13 12:43:41.710583,0,Not degraded
reduced_context,kmeans,2,10166,0,C0,2.934903408390249,-2.1637207508248038,synnetqos_m_00010167,S042_01016,2025-08-13 12:47:41.710583,0,Not degraded
reduced_context,kmeans,2,10167,0,C0,5.157947612744097,1.3740389533767368,synnetqos_m_00010168,S042_01016,2025-08-13 12:48:41.710583,0,Not degraded
reduced_context,kmeans,2,10175,1,C1,-1.0541430850086906,0.5588399402051242,synnetqos_m_00010176,S042_01017,2025-08-15 17:54:27.091962,1,Degraded
reduced_context,kmeans,2,10196,1,C1,-2.2952898547183618,-0.12597208616351308,synnetqos_m_00010197,S042_01019,2025-08-25 20:22:32.239322,1,Degraded
reduced_context,kmeans,2,10210,0,C0,1.1212469447101718,2.504498379496356,synnetqos_m_00010211,S042_01021,2025-08-13 01:25:27.263976,1,Degraded
reduced_context,kmeans,2,10239,1,C1,-0.5507783385271491,-0.172517567601087,synnetqos_m_00010240,S042_01023,2025-08-12 18:56:00.866748,1,Degraded
reduced_context,kmeans,2,10240,1,C1,-1.5004134265674767,0.2017111572565399,synnetqos_m_00010241,S042_01024,2025-08-17 17:56:26.126115,1,Degraded
reduced_context,kmeans,2,10251,0,C0,0.889724978197142,-0.3643290040199389,synnetqos_m_00010252,S042_01025,2025-08-25 09:00:04.660936,1,Degraded
reduced_context,kmeans,2,10255,1,C1,0.5757172756686391,-0.8084860611615973,synnetqos_m_00010256,S042_01025,2025-08-25 09:04:04.660936,1,Degraded
reduced_context,kmeans,2,10256,1,C1,0.6579491285427468,-1.1321664533306004,synnetqos_m_00010257,S042_01025,2025-08-25 09:05:04.660936,0,Not degraded
reduced_context,kmeans,2,10267,1,C1,-0.817471675522438,-0.20457631442733878,synnetqos_m_00010268,S042_01026,2025-08-08 12:08:46.444438,1,Degraded
reduced_context,kmeans,2,10268,1,C1,0.26182142657009155,-1.455223012152309,synnetqos_m_00010269,S042_01026,2025-08-08 12:09:46.444438,0,Not degraded
reduced_context,kmeans,2,10271,0,C0,4.018324912108976,-2.2723047839251085,synnetqos_m_00010272,S042_01027,2025-08-15 12:10:13.743688,0,Not degraded
reduced_context,kmeans,2,10286,0,C0,2.67156751744773,-1.7107246418517825,synnetqos_m_00010287,S042_01028,2025-08-08 07:52:51.793066,0,Not degraded
reduced_context,kmeans,2,10309,0,C0,2.0351767516093506,-0.2746190997045988,synnetqos_m_00010310,S042_01030,2025-08-08 16:52:09.139458,0,Not degraded
reduced_context,kmeans,2,10316,1,C1,-0.262085302346773,-0.9079367388888352,synnetqos_m_00010317,S042_01031,2025-08-08 20:04:21.484701,0,Not degraded
reduced_context,kmeans,2,10320,1,C1,0.6860146234821957,-1.5781546048663195,synnetqos_m_00010321,S042_01032,2025-08-06 21:31:00.051850,0,Not degraded
reduced_context,kmeans,2,10324,0,C0,0.8597224115837145,-1.1736946674241933,synnetqos_m_00010325,S042_01032,2025-08-06 21:35:00.051850,0,Not degraded
reduced_context,kmeans,2,10347,0,C0,1.0597620723237124,-0.05775986724242116,synnetqos_m_00010348,S042_01034,2025-08-11 15:16:14.084834,0,Not degraded
reduced_context,kmeans,2,10351,1,C1,-0.03575777878329419,-0.9289855096447432,synnetqos_m_00010352,S042_01035,2025-08-09 06:44:49.416791,0,Not degraded
reduced_context,kmeans,2,10383,1,C1,0.17679352045849828,0.3655601215134489,synnetqos_m_00010384,S042_01038,2025-08-19 08:27:34.327670,0,Not degraded
reduced_context,kmeans,2,10388,1,C1,-1.6058389192697606,-0.0843828460646128,synnetqos_m_00010389,S042_01038,2025-08-19 08:32:34.327670,1,Degraded
reduced_context,kmeans,2,10425,0,C0,2.1815655587907896,0.1295221442672321,synnetqos_m_00010426,S042_01042,2025-08-24 19:47:40.675595,0,Not degraded
reduced_context,kmeans,2,10429,1,C1,0.2634826360253317,-0.3257403276503868,synnetqos_m_00010430,S042_01042,2025-08-24 19:51:40.675595,0,Not degraded
reduced_context,kmeans,2,10440,1,C1,-1.176966304702013,1.0812219864893216,synnetqos_m_00010441,S042_01044,2025-08-07 05:30:30.240356,1,Degraded
reduced_context,kmeans,2,10442,1,C1,-0.26654215216374444,-0.5002120675336004,synnetqos_m_00010443,S042_01044,2025-08-07 05:32:30.240356,0,Not degraded
reduced_context,kmeans,2,10447,1,C1,-0.6220665007524332,2.0071631668902787,synnetqos_m_00010448,S042_01044,2025-08-07 05:37:30.240356,1,Degraded
reduced_context,kmeans,2,10449,1,C1,-0.3038010948411276,-0.6959729028236297,synnetqos_m_00010450,S042_01044,2025-08-07 05:39:30.240356,0,Not degraded
reduced_context,kmeans,2,10466,1,C1,-0.4807550822352277,-0.28608497015225304,synnetqos_m_00010467,S042_01046,2025-07-26 05:13:52.279409,0,Not degraded
reduced_context,kmeans,2,10481,1,C1,0.4642574893637984,-0.9160318067080245,synnetqos_m_00010482,S042_01048,2025-08-22 18:42:41.204521,0,Not degraded
reduced_context,kmeans,2,10486,0,C0,1.4580158499912095,1.9417256591358503,synnetqos_m_00010487,S042_01048,2025-08-22 18:47:41.204521,1,Degraded
reduced_context,kmeans,2,10491,0,C0,2.886938006044739,4.091868921608418,synnetqos_m_00010492,S042_01049,2025-08-19 08:38:12.180038,1,Degraded
reduced_context,kmeans,2,10510,0,C0,2.0169397856448166,-0.19754381664939008,synnetqos_m_00010511,S042_01051,2025-07-30 02:29:52.106684,0,Not degraded
reduced_context,kmeans,2,10519,0,C0,1.5432234042628872,2.8955846568045294,synnetqos_m_00010520,S042_01051,2025-07-30 02:38:52.106684,1,Degraded
reduced_context,kmeans,2,10531,1,C1,-1.243272652052327,-0.4625046122637207,synnetqos_m_00010532,S042_01053,2025-08-11 18:25:06.558403,0,Not degraded
reduced_context,kmeans,2,10535,1,C1,-1.213874285184213,-0.4085124722577026,synnetqos_m_00010536,S042_01053,2025-08-11 18:29:06.558403,0,Not degraded
reduced_context,kmeans,2,10541,1,C1,-1.3789744594421067,-0.4528146859623948,synnetqos_m_00010542,S042_01054,2025-08-11 01:30:29.048679,1,Degraded
reduced_context,kmeans,2,10575,1,C1,-0.295851916120962,3.984494460836144,synnetqos_m_00010576,S042_01057,2025-08-06 10:49:11.601900,1,Degraded
reduced_context,kmeans,2,10583,1,C1,-0.08827191590782194,-0.48174603344527717,synnetqos_m_00010584,S042_01058,2025-07-27 22:21:42.060864,1,Degraded
reduced_context,kmeans,2,10586,1,C1,-0.07394952754493753,-1.0058637859223656,synnetqos_m_00010587,S042_01058,2025-07-27 22:24:42.060864,1,Degraded
reduced_context,kmeans,2,10595,0,C0,1.1210107101731517,-1.5752683781908456,synnetqos_m_00010596,S042_01059,2025-08-08 15:03:05.514336,0,Not degraded
reduced_context,kmeans,2,10609,1,C1,-0.3174588173139055,3.380829992221897,synnetqos_m_00010610,S042_01060,2025-08-24 04:44:53.860067,1,Degraded
reduced_context,kmeans,2,10612,0,C0,1.7759843480888513,1.433004230239979,synnetqos_m_00010613,S042_01061,2025-08-07 16:36:35.564760,0,Not degraded
reduced_context,kmeans,2,10619,0,C0,2.6094307847101335,3.7684696408963423,synnetqos_m_00010620,S042_01061,2025-08-07 16:43:35.564760,0,Not degraded
reduced_context,kmeans,2,10626,1,C1,-2.1380075782425347,1.8269295923414972,synnetqos_m_00010627,S042_01062,2025-08-24 14:39:09.001131,1,Degraded
reduced_context,kmeans,2,10630,0,C0,2.0045862484573513,3.585540671670976,synnetqos_m_00010631,S042_01063,2025-08-10 20:56:20.792052,1,Degraded
reduced_context,kmeans,2,10638,0,C0,0.9909089635920825,1.5090479046427214,synnetqos_m_00010639,S042_01063,2025-08-10 21:04:20.792052,0,Not degraded
reduced_context,kmeans,2,10646,1,C1,-2.614595207735687,-0.1396009218341948,synnetqos_m_00010647,S042_01064,2025-08-12 21:34:13.138646,1,Degraded
reduced_context,kmeans,2,10666,1,C1,-1.417460570151665,-0.7021739399403467,synnetqos_m_00010667,S042_01066,2025-07-28 11:43:19.241020,1,Degraded
reduced_context,kmeans,2,10671,0,C0,3.223706481840111,-0.7094254688869538,synnetqos_m_00010672,S042_01067,2025-08-03 12:32:25.945049,0,Not degraded
reduced_context,kmeans,2,10686,1,C1,-0.37352562246248366,-0.41293001354356906,synnetqos_m_00010687,S042_01068,2025-07-30 23:31:12.181696,0,Not degraded
reduced_context,kmeans,2,10687,1,C1,-0.17449800868133045,1.268672885074249,synnetqos_m_00010688,S042_01068,2025-07-30 23:32:12.181696,1,Degraded
reduced_context,kmeans,2,10692,1,C1,-2.9631651518960127,-0.24948500210776614,synnetqos_m_00010693,S042_01069,2025-08-09 03:07:26.040769,1,Degraded
reduced_context,kmeans,2,10693,1,C1,-2.9988178262364666,-0.5109928750082262,synnetqos_m_00010694,S042_01069,2025-08-09 03:08:26.040769,1,Degraded
reduced_context,kmeans,2,10712,1,C1,0.1595174241313219,0.8777723698045974,synnetqos_m_00010713,S042_01071,2025-08-23 01:04:14.149498,1,Degraded
reduced_context,kmeans,2,10713,1,C1,-0.8805398324928306,4.421967625477237,synnetqos_m_00010714,S042_01071,2025-08-23 01:05:14.149498,1,Degraded
reduced_context,kmeans,2,10718,1,C1,-0.1628156302568191,-0.7668002253463212,synnetqos_m_00010719,S042_01071,2025-08-23 01:10:14.149498,0,Not degraded
reduced_context,kmeans,2,10742,1,C1,-0.8670082546987383,-0.1815742291194039,synnetqos_m_00010743,S042_01074,2025-08-05 17:34:22.319463,1,Degraded
reduced_context,kmeans,2,10758,1,C1,-1.331976736687907,-0.45283232259265976,synnetqos_m_00010759,S042_01075,2025-08-04 23:51:10.153251,1,Degraded
reduced_context,kmeans,2,10767,1,C1,-0.5606061409272072,1.8690582760996994,synnetqos_m_00010768,S042_01076,2025-08-08 23:22:41.649356,1,Degraded
reduced_context,kmeans,2,10770,1,C1,-0.9776451162133131,0.6576419798465145,synnetqos_m_00010771,S042_01077,2025-08-11 00:04:54.976362,1,Degraded
reduced_context,kmeans,2,10773,1,C1,-0.23294684520893708,1.0846786640640507,synnetqos_m_00010774,S042_01077,2025-08-11 00:07:54.976362,1,Degraded
reduced_context,kmeans,2,10799,1,C1,-1.0639777439442948,1.0157802982607695,synnetqos_m_00010800,S042_01079,2025-08-18 12:27:25.497792,1,Degraded
reduced_context,kmeans,2,10813,0,C0,2.028949473521268,0.43256351144566835,synnetqos_m_00010814,S042_01081,2025-08-11 05:08:54.091681,0,Not degraded
reduced_context,kmeans,2,10818,1,C1,-1.6706021513696805,-0.7520922138608359,synnetqos_m_00010819,S042_01081,2025-08-11 05:13:54.091681,1,Degraded
reduced_context,kmeans,2,10825,0,C0,1.5346418004316855,1.3715407588487984,synnetqos_m_00010826,S042_01082,2025-07-27 15:00:17.370326,0,Not degraded
reduced_context,kmeans,2,10829,0,C0,3.887843303323802,0.7728465086530064,synnetqos_m_00010830,S042_01082,2025-07-27 15:04:17.370326,0,Not degraded
reduced_context,kmeans,2,10830,0,C0,6.487278951688843,2.039777132477117,synnetqos_m_00010831,S042_01083,2025-08-07 16:54:41.218942,0,Not degraded
reduced_context,kmeans,2,10837,0,C0,4.336701668500509,-0.8986942508463377,synnetqos_m_00010838,S042_01083,2025-08-07 17:01:41.218942,0,Not degraded
reduced_context,kmeans,2,10858,1,C1,-2.9871552619342205,0.2008324772229894,synnetqos_m_00010859,S042_01085,2025-08-15 21:17:27.791988,1,Degraded
reduced_context,kmeans,2,10862,0,C0,1.6211943488632803,-1.0247819853379607,synnetqos_m_00010863,S042_01086,2025-08-04 00:25:20.678572,0,Not degraded
reduced_context,kmeans,2,10898,1,C1,-0.794238890241314,-1.1702755554237252,synnetqos_m_00010899,S042_01089,2025-08-15 14:50:43.935722,1,Degraded
reduced_context,kmeans,2,10916,1,C1,-1.762355331269449,1.6326358754616683,synnetqos_m_00010917,S042_01091,2025-08-09 01:25:52.035518,1,Degraded
reduced_context,kmeans,2,10927,1,C1,-2.301740833540576,-0.4748435975107563,synnetqos_m_00010928,S042_01092,2025-08-15 01:36:13.493316,1,Degraded
reduced_context,kmeans,2,10940,1,C1,-2.8179152055233976,0.7824808448187625,synnetqos_m_00010941,S042_01094,2025-08-04 21:30:30.689172,1,Degraded
reduced_context,kmeans,2,10949,1,C1,-1.9144108369609307,-0.23352379670596649,synnetqos_m_00010950,S042_01094,2025-08-04 21:39:30.689172,1,Degraded
reduced_context,kmeans,2,10952,1,C1,-0.656523535354869,-0.6509158228635931,synnetqos_m_00010953,S042_01095,2025-07-27 15:07:18.294941,1,Degraded
reduced_context,kmeans,2,10976,1,C1,-0.5285418784931242,-1.0009928589490462,synnetqos_m_00010977,S042_01097,2025-08-17 14:52:44.020525,1,Degraded
reduced_context,kmeans,2,10977,1,C1,-1.112669262231251,1.5368230714731683,synnetqos_m_00010978,S042_01097,2025-08-17 14:53:44.020525,1,Degraded
reduced_context,kmeans,2,11011,0,C0,1.225466031290936,-0.29357626629193745,synnetqos_m_00011012,S042_01101,2025-08-10 01:39:41.574064,0,Not degraded
reduced_context,kmeans,2,11014,1,C1,-0.7432055706154231,-0.5405216558056536,synnetqos_m_00011015,S042_01101,2025-08-10 01:42:41.574064,0,Not degraded
reduced_context,kmeans,2,11015,0,C0,0.8749025829337664,-0.8792809431108007,synnetqos_m_00011016,S042_01101,2025-08-10 01:43:41.574064,0,Not degraded
reduced_context,kmeans,2,11037,1,C1,-0.5519578327935203,-0.23314495658401704,synnetqos_m_00011038,S042_01103,2025-08-19 14:23:17.175668,1,Degraded
reduced_context,kmeans,2,11061,1,C1,0.4614298234206215,2.1768210961201495,synnetqos_m_00011062,S042_01106,2025-08-01 07:35:21.232397,1,Degraded
reduced_context,kmeans,2,11064,1,C1,-0.24298330358673934,-0.45564482282418983,synnetqos_m_00011065,S042_01106,2025-08-01 07:38:21.232397,0,Not degraded
reduced_context,kmeans,2,11067,1,C1,-1.0880248165795818,0.2577305965935685,synnetqos_m_00011068,S042_01106,2025-08-01 07:41:21.232397,1,Degraded
reduced_context,kmeans,2,11082,0,C0,1.002868145474676,-1.1818206864541203,synnetqos_m_00011083,S042_01108,2025-08-20 19:45:15.491595,0,Not degraded
reduced_context,kmeans,2,11110,1,C1,-0.9455118814584387,-0.8968684862841547,synnetqos_m_00011111,S042_01111,2025-08-03 15:06:29.614461,1,Degraded
reduced_context,kmeans,2,11124,1,C1,-2.3563350037207704,-0.31631372635208865,synnetqos_m_00011125,S042_01112,2025-08-16 03:42:36.052502,1,Degraded
reduced_context,kmeans,2,11134,1,C1,-0.48831686191542406,-0.8438073521907631,synnetqos_m_00011135,S042_01113,2025-08-02 21:17:00.627402,0,Not degraded
reduced_context,kmeans,2,11152,0,C0,2.7077346978060945,1.849412115482878,synnetqos_m_00011153,S042_01115,2025-08-07 20:03:25.474235,0,Not degraded
reduced_context,kmeans,2,11174,0,C0,1.4642674196034897,-1.6527752996715535,synnetqos_m_00011175,S042_01117,2025-08-06 01:44:44.696400,0,Not degraded
reduced_context,kmeans,2,11184,1,C1,-1.9955076637104585,0.2694959813040874,synnetqos_m_00011185,S042_01118,2025-08-04 00:20:15.489621,1,Degraded
reduced_context,kmeans,2,11199,1,C1,-0.7604394345803314,-0.5860252126454429,synnetqos_m_00011200,S042_01119,2025-08-04 11:02:49.449760,0,Not degraded
reduced_context,kmeans,2,11202,1,C1,0.13050948032892,0.1380690596370642,synnetqos_m_00011203,S042_01120,2025-07-30 03:05:41.380348,0,Not degraded
reduced_context,kmeans,2,11208,1,C1,-0.8529050526030564,-0.568051428715761,synnetqos_m_00011209,S042_01120,2025-07-30 03:11:41.380348,1,Degraded
reduced_context,kmeans,2,11219,1,C1,-0.49474464836352555,-0.9053596403749608,synnetqos_m_00011220,S042_01121,2025-08-24 22:35:22.774724,1,Degraded
reduced_context,kmeans,2,11242,1,C1,-0.06941171674539101,1.3170962532343027,synnetqos_m_00011243,S042_01124,2025-08-25 18:36:57.966041,0,Not degraded
reduced_context,kmeans,2,11258,0,C0,3.1823504123278745,-2.596670227783673,synnetqos_m_00011259,S042_01125,2025-08-22 16:44:20.993688,0,Not degraded
reduced_context,kmeans,2,11272,1,C1,-1.6438630408044672,0.1303811802544428,synnetqos_m_00011273,S042_01127,2025-08-11 13:16:23.175007,1,Degraded
reduced_context,kmeans,2,11275,1,C1,-1.856388043187431,-0.7326644458804893,synnetqos_m_00011276,S042_01127,2025-08-11 13:19:23.175007,1,Degraded
reduced_context,kmeans,2,11293,1,C1,0.17730213738782924,1.962200211455305,synnetqos_m_00011294,S042_01129,2025-08-09 21:46:22.123841,0,Not degraded
reduced_context,kmeans,2,11304,1,C1,-0.5328059480404052,-0.8769536689317008,synnetqos_m_00011305,S042_01130,2025-08-23 16:58:52.087102,1,Degraded
reduced_context,kmeans,2,11313,1,C1,0.255739829079777,2.634559226888878,synnetqos_m_00011314,S042_01131,2025-08-13 22:38:54.500825,1,Degraded
reduced_context,kmeans,2,11315,0,C0,0.8509220744698921,0.3747554879770588,synnetqos_m_00011316,S042_01131,2025-08-13 22:40:54.500825,0,Not degraded
reduced_context,kmeans,2,11328,0,C0,4.236482446005532,-2.388542625711449,synnetqos_m_00011329,S042_01132,2025-08-04 04:11:37.242106,0,Not degraded
reduced_context,kmeans,2,11330,1,C1,-2.1543659470727308,3.738147885054338,synnetqos_m_00011331,S042_01133,2025-08-23 19:01:30.430321,1,Degraded
reduced_context,kmeans,2,11338,1,C1,-2.0480964364535934,0.14451303049491507,synnetqos_m_00011339,S042_01133,2025-08-23 19:09:30.430321,1,Degraded
reduced_context,kmeans,2,11339,1,C1,-1.6741450315731043,-0.27834414934662494,synnetqos_m_00011340,S042_01133,2025-08-23 19:10:30.430321,1,Degraded
reduced_context,kmeans,2,11342,1,C1,0.5106143048366636,0.6887983780812934,synnetqos_m_00011343,S042_01134,2025-08-25 16:46:57.663314,0,Not degraded
reduced_context,kmeans,2,11412,0,C0,0.9177698330348157,-0.7639391768297298,synnetqos_m_00011413,S042_01141,2025-08-06 18:04:05.481118,0,Not degraded
reduced_context,kmeans,2,11419,1,C1,0.6741472536513301,-0.9043600254678977,synnetqos_m_00011420,S042_01141,2025-08-06 18:11:05.481118,0,Not degraded
reduced_context,kmeans,2,11434,1,C1,-2.430319068241251,-0.10470327638335719,synnetqos_m_00011435,S042_01143,2025-08-11 22:12:27.846215,1,Degraded
reduced_context,kmeans,2,11450,0,C0,2.6976568195665616,3.4420171401117154,synnetqos_m_00011451,S042_01145,2025-08-24 11:22:51.603021,0,Not degraded
reduced_context,kmeans,2,11470,1,C1,0.021245214594891787,-0.7915419498469608,synnetqos_m_00011471,S042_01147,2025-08-22 17:10:13.662002,0,Not degraded
reduced_context,kmeans,2,11479,0,C0,2.1804769680979654,2.9573869933324373,synnetqos_m_00011480,S042_01147,2025-08-22 17:19:13.662002,0,Not degraded
reduced_context,kmeans,2,11489,1,C1,-3.3274986098575194,1.1085974430966736,synnetqos_m_00011490,S042_01148,2025-08-03 17:12:12.536626,1,Degraded
reduced_context,kmeans,2,11505,1,C1,-1.4761819513704197,-0.5220016524548169,synnetqos_m_00011506,S042_01150,2025-08-12 15:18:54.735040,1,Degraded
reduced_context,kmeans,2,11512,1,C1,-0.18750887850053283,0.6168162996186191,synnetqos_m_00011513,S042_01151,2025-08-01 03:49:31.088575,0,Not degraded
reduced_context,kmeans,2,11516,0,C0,1.0530198028625375,2.2622495419833566,synnetqos_m_00011517,S042_01151,2025-08-01 03:53:31.088575,0,Not degraded
reduced_context,kmeans,2,11517,1,C1,-1.1808883783719575,-0.8561876822050748,synnetqos_m_00011518,S042_01151,2025-08-01 03:54:31.088575,1,Degraded
reduced_context,kmeans,2,11524,1,C1,-0.7967087594236245,-0.20329907877939543,synnetqos_m_00011525,S042_01152,2025-08-01 11:58:16.310968,1,Degraded
reduced_context,kmeans,2,11530,1,C1,-0.040121277725914,-1.316630654531628,synnetqos_m_00011531,S042_01153,2025-08-09 15:17:38.206583,0,Not degraded
reduced_context,kmeans,2,11533,0,C0,0.7779285374153658,-1.2548292737520452,synnetqos_m_00011534,S042_01153,2025-08-09 15:20:38.206583,0,Not degraded
reduced_context,kmeans,2,11534,0,C0,0.818294343848069,-0.5555805325497502,synnetqos_m_00011535,S042_01153,2025-08-09 15:21:38.206583,0,Not degraded
reduced_context,kmeans,2,11540,0,C0,1.4211794431885882,-1.1079391289707943,synnetqos_m_00011541,S042_01154,2025-08-16 08:31:28.533766,0,Not degraded
reduced_context,kmeans,2,11561,1,C1,-0.13724170439525582,-0.5364283706861313,synnetqos_m_00011562,S042_01156,2025-08-09 08:17:41.546227,0,Not degraded
reduced_context,kmeans,2,11568,1,C1,-0.9055614820622271,1.1384151067236834,synnetqos_m_00011569,S042_01156,2025-08-09 08:24:41.546227,1,Degraded
reduced_context,kmeans,2,11577,1,C1,-1.554841035842544,-0.26159509804206277,synnetqos_m_00011578,S042_01157,2025-08-22 12:12:13.414247,1,Degraded
reduced_context,kmeans,2,11580,1,C1,0.45462777477627014,-1.0344327783765213,synnetqos_m_00011581,S042_01158,2025-08-08 16:45:15.658103,0,Not degraded
reduced_context,kmeans,2,11588,1,C1,-2.068679656677112,0.05364389024104046,synnetqos_m_00011589,S042_01158,2025-08-08 16:53:15.658103,1,Degraded
reduced_context,kmeans,2,11600,0,C0,1.5430048820520073,-1.352402699625586,synnetqos_m_00011601,S042_01160,2025-07-31 09:03:44.439956,0,Not degraded
reduced_context,kmeans,2,11601,0,C0,1.9392211274720852,-1.4913764226567825,synnetqos_m_00011602,S042_01160,2025-07-31 09:04:44.439956,0,Not degraded
reduced_context,kmeans,2,11608,0,C0,1.6622572729043341,-1.2611320904257146,synnetqos_m_00011609,S042_01160,2025-07-31 09:11:44.439956,0,Not degraded
reduced_context,kmeans,2,11616,1,C1,-2.6241396602981535,1.3084331273846277,synnetqos_m_00011617,S042_01161,2025-07-27 03:50:31.782442,1,Degraded
reduced_context,kmeans,2,11624,0,C0,5.233994750543458,-1.0449183389639993,synnetqos_m_00011625,S042_01162,2025-07-28 01:31:13.208061,0,Not degraded
reduced_context,kmeans,2,11633,0,C0,1.1853731993952101,-1.6650213493205681,synnetqos_m_00011634,S042_01163,2025-07-30 23:20:05.228402,0,Not degraded
reduced_context,kmeans,2,11637,0,C0,2.9090737628001295,-1.8167471657178857,synnetqos_m_00011638,S042_01163,2025-07-30 23:24:05.228402,0,Not degraded
reduced_context,kmeans,2,11653,1,C1,-1.4388128651755219,-0.791524842289445,synnetqos_m_00011654,S042_01165,2025-08-03 13:53:15.433181,1,Degraded
reduced_context,kmeans,2,11666,1,C1,-3.022525210526463,0.30070449851771325,synnetqos_m_00011667,S042_01166,2025-07-28 14:52:14.076562,1,Degraded
reduced_context,kmeans,2,11669,1,C1,-2.121743666986537,-0.4541428461002926,synnetqos_m_00011670,S042_01166,2025-07-28 14:55:14.076562,0,Not degraded
reduced_context,kmeans,2,11685,1,C1,-0.003152852494180139,-0.7416315441672294,synnetqos_m_00011686,S042_01168,2025-08-24 15:32:39.581864,0,Not degraded
reduced_context,kmeans,2,11686,0,C0,2.10982314117379,2.0304636658900277,synnetqos_m_00011687,S042_01168,2025-08-24 15:33:39.581864,0,Not degraded
reduced_context,kmeans,2,11698,1,C1,-0.6854276231696981,0.7860990432578563,synnetqos_m_00011699,S042_01169,2025-08-18 02:03:19.124771,1,Degraded
reduced_context,kmeans,2,11702,1,C1,-0.529347393590651,-0.5156702296773527,synnetqos_m_00011703,S042_01170,2025-08-12 12:23:09.982039,1,Degraded
reduced_context,kmeans,2,11707,1,C1,-0.736984911478445,-0.4684521914078418,synnetqos_m_00011708,S042_01170,2025-08-12 12:28:09.982039,1,Degraded
reduced_context,kmeans,2,11719,0,C0,2.6877458451481497,5.614690284978626,synnetqos_m_00011720,S042_01171,2025-07-27 00:32:00.677445,0,Not degraded
reduced_context,kmeans,2,11727,1,C1,-0.4105455813158186,-1.0030028810077762,synnetqos_m_00011728,S042_01172,2025-08-18 20:19:13.965204,1,Degraded
reduced_context,kmeans,2,11732,0,C0,1.8307168500364275,-1.0837106179609612,synnetqos_m_00011733,S042_01173,2025-08-04 23:41:24.264152,0,Not degraded
reduced_context,kmeans,2,11748,1,C1,-1.6616917982726587,0.7528790826885742,synnetqos_m_00011749,S042_01174,2025-08-19 16:04:56.704398,1,Degraded
reduced_context,kmeans,2,11751,1,C1,0.19854032913276165,-0.10982725287193396,synnetqos_m_00011752,S042_01175,2025-08-24 06:04:16.869010,0,Not degraded
reduced_context,kmeans,2,11758,1,C1,-0.8517915811068022,0.0885879464722,synnetqos_m_00011759,S042_01175,2025-08-24 06:11:16.869010,1,Degraded
reduced_context,kmeans,2,11762,1,C1,-0.21684844721352434,-1.1896228246631848,synnetqos_m_00011763,S042_01176,2025-08-21 16:06:02.860806,1,Degraded
reduced_context,kmeans,2,11765,0,C0,0.8734665184359857,0.32339619031745653,synnetqos_m_00011766,S042_01176,2025-08-21 16:09:02.860806,1,Degraded
reduced_context,kmeans,2,11772,1,C1,0.1544355717975446,-1.2537744932348207,synnetqos_m_00011773,S042_01177,2025-08-09 14:10:35.564297,1,Degraded
reduced_context,kmeans,2,11791,1,C1,-0.10299591796507604,-0.18614490794124663,synnetqos_m_00011792,S042_01179,2025-08-18 15:53:20.267362,1,Degraded
reduced_context,kmeans,2,11795,1,C1,-0.32035028448370334,-0.9867477559260981,synnetqos_m_00011796,S042_01179,2025-08-18 15:57:20.267362,0,Not degraded
reduced_context,kmeans,2,11816,1,C1,-1.3449847966865112,-0.8305302172033547,synnetqos_m_00011817,S042_01181,2025-08-22 02:18:46.219327,1,Degraded
reduced_context,kmeans,2,11830,1,C1,-0.2852518393716197,1.1897785276610344,synnetqos_m_00011831,S042_01183,2025-08-20 20:32:16.767186,1,Degraded
reduced_context,kmeans,2,11836,1,C1,-0.9737725076150621,2.2066871087910878,synnetqos_m_00011837,S042_01183,2025-08-20 20:38:16.767186,1,Degraded
reduced_context,kmeans,2,11840,1,C1,-0.7126666455380157,0.33986584522518853,synnetqos_m_00011841,S042_01184,2025-08-20 13:12:48.152799,1,Degraded
reduced_context,kmeans,2,11842,0,C0,1.5932429721564902,-0.2266014612572255,synnetqos_m_00011843,S042_01184,2025-08-20 13:14:48.152799,0,Not degraded
reduced_context,kmeans,2,11844,0,C0,5.2738395623829355,-0.9685718051161473,synnetqos_m_00011845,S042_01184,2025-08-20 13:16:48.152799,0,Not degraded
reduced_context,kmeans,2,11849,1,C1,-0.14403578121613878,2.645180538357195,synnetqos_m_00011850,S042_01184,2025-08-20 13:21:48.152799,1,Degraded
reduced_context,kmeans,2,11859,1,C1,0.34819701102032186,-1.1181418128489826,synnetqos_m_00011860,S042_01185,2025-08-20 00:42:41.243035,0,Not degraded
reduced_context,kmeans,2,11876,1,C1,-0.39987577203220515,0.48424780825482616,synnetqos_m_00011877,S042_01187,2025-08-03 07:41:25.706275,1,Degraded
reduced_context,kmeans,2,11879,1,C1,0.05279147669400619,-0.5226018362762698,synnetqos_m_00011880,S042_01187,2025-08-03 07:44:25.706275,0,Not degraded
reduced_context,kmeans,2,11885,1,C1,0.381949870877805,-0.136601946097157,synnetqos_m_00011886,S042_01188,2025-08-22 06:55:41.489134,0,Not degraded
reduced_context,kmeans,2,11890,1,C1,-1.1704627294822554,-0.8738371391338267,synnetqos_m_00011891,S042_01189,2025-08-09 16:53:40.030440,1,Degraded
reduced_context,kmeans,2,11895,1,C1,-1.7812942888567693,0.09547043645699269,synnetqos_m_00011896,S042_01189,2025-08-09 16:58:40.030440,1,Degraded
reduced_context,kmeans,2,11904,0,C0,5.376478250000306,-0.6216617526504102,synnetqos_m_00011905,S042_01190,2025-07-29 20:12:57.200635,0,Not degraded
reduced_context,kmeans,2,11909,0,C0,4.18539368649499,-0.8664865121450738,synnetqos_m_00011910,S042_01190,2025-07-29 20:17:57.200635,0,Not degraded
reduced_context,kmeans,2,11913,1,C1,-2.3447874864315583,-0.38661699117770254,synnetqos_m_00011914,S042_01191,2025-08-09 06:52:04.735094,1,Degraded
reduced_context,kmeans,2,11916,1,C1,-0.9402519541120968,-0.16084341193526644,synnetqos_m_00011917,S042_01191,2025-08-09 06:55:04.735094,1,Degraded
reduced_context,kmeans,2,11929,0,C0,4.932238013909243,-0.6891116743887232,synnetqos_m_00011930,S042_01192,2025-08-19 09:43:20.010686,0,Not degraded
reduced_context,kmeans,2,11934,1,C1,-2.3972014276391693,0.48762539653291526,synnetqos_m_00011935,S042_01193,2025-08-20 02:02:11.108739,1,Degraded
reduced_context,kmeans,2,11958,1,C1,-1.6891296438128212,-0.5913873814118926,synnetqos_m_00011959,S042_01195,2025-07-31 15:04:26.020754,1,Degraded
reduced_context,kmeans,2,11959,1,C1,-2.1935365566883354,-0.0131732231467011,synnetqos_m_00011960,S042_01195,2025-07-31 15:05:26.020754,1,Degraded
reduced_context,kmeans,2,11962,0,C0,1.5498450665610812,0.841637745633088,synnetqos_m_00011963,S042_01196,2025-08-17 13:36:42.576231,0,Not degraded
reduced_context,kmeans,2,11963,1,C1,0.0030476730755878076,-0.39287445052651343,synnetqos_m_00011964,S042_01196,2025-08-17 13:37:42.576231,0,Not degraded
reduced_context,kmeans,2,11964,0,C0,2.068865740765086,0.570229608280214,synnetqos_m_00011965,S042_01196,2025-08-17 13:38:42.576231,0,Not degraded
reduced_context,kmeans,2,11967,0,C0,2.8029045417066127,1.4023067405994492,synnetqos_m_00011968,S042_01196,2025-08-17 13:41:42.576231,0,Not degraded
reduced_context,kmeans,2,11980,1,C1,-0.5405312625680253,1.2118684316110067,synnetqos_m_00011981,S042_01198,2025-08-13 03:29:48.321452,1,Degraded
reduced_context,kmeans,2,12000,1,C1,-0.5717800093883088,-0.8211175371781545,synnetqos_m_00012001,S042_01200,2025-08-24 23:00:25.581723,1,Degraded
reduced_context,kmeans,2,12023,1,C1,0.5243209668433946,-0.5387473333780034,synnetqos_m_00012024,S042_01202,2025-08-15 21:37:10.744334,0,Not degraded
reduced_context,kmeans,2,12042,1,C1,-1.798041794939352,-0.3163736061239793,synnetqos_m_00012043,S042_01204,2025-08-19 05:24:31.981412,1,Degraded
reduced_context,kmeans,2,12045,1,C1,-0.9440100016147251,0.662618627467194,synnetqos_m_00012046,S042_01204,2025-08-19 05:27:31.981412,1,Degraded
reduced_context,kmeans,2,12048,1,C1,-1.9516996335364103,1.2586222884174902,synnetqos_m_00012049,S042_01204,2025-08-19 05:30:31.981412,1,Degraded
reduced_context,kmeans,2,12063,1,C1,0.5449146974722264,-0.5951250435561615,synnetqos_m_00012064,S042_01206,2025-08-14 00:17:30.234538,1,Degraded
reduced_context,kmeans,2,12084,1,C1,-1.2375854728749416,0.3124794108593342,synnetqos_m_00012085,S042_01208,2025-07-31 11:32:18.785942,1,Degraded
reduced_context,kmeans,2,12107,1,C1,-0.6039705403195363,-1.4186354340394098,synnetqos_m_00012108,S042_01210,2025-08-17 13:14:49.910083,1,Degraded
reduced_context,kmeans,2,12113,0,C0,1.2943996053318907,0.1958105878617649,synnetqos_m_00012114,S042_01211,2025-08-19 03:58:46.085491,0,Not degraded
reduced_context,kmeans,2,12118,0,C0,2.251105559957405,-0.7216686438167125,synnetqos_m_00012119,S042_01211,2025-08-19 04:03:46.085491,0,Not degraded
reduced_context,kmeans,2,12122,1,C1,-1.9734224867753225,0.21994804180475278,synnetqos_m_00012123,S042_01212,2025-08-02 15:44:01.537725,1,Degraded
reduced_context,kmeans,2,12141,0,C0,2.195764658508162,3.350704713159804,synnetqos_m_00012142,S042_01214,2025-08-25 15:07:59.598431,1,Degraded
reduced_context,kmeans,2,12150,1,C1,-1.9984787046201093,0.21001000537478073,synnetqos_m_00012151,S042_01215,2025-08-08 05:28:47.654987,1,Degraded
reduced_context,kmeans,2,12177,0,C0,0.7179743356120241,0.11629184864327827,synnetqos_m_00012178,S042_01217,2025-08-05 13:25:46.310309,0,Not degraded
reduced_context,kmeans,2,12191,1,C1,-0.9733822174061848,-0.4383755485245257,synnetqos_m_00012192,S042_01219,2025-08-18 21:35:14.380060,1,Degraded
reduced_context,kmeans,2,12218,0,C0,2.145482467769875,3.415551025848511,synnetqos_m_00012219,S042_01221,2025-08-02 04:32:20.361893,0,Not degraded
reduced_context,kmeans,2,12241,1,C1,-0.3919431255380636,-0.5804441555668718,synnetqos_m_00012242,S042_01224,2025-07-30 18:43:56.830610,1,Degraded
reduced_context,kmeans,2,12252,1,C1,-0.14813785919439187,-1.0281114898351016,synnetqos_m_00012253,S042_01225,2025-08-20 12:05:22.823360,1,Degraded
reduced_context,kmeans,2,12256,1,C1,0.08354364318421886,-1.2905213045018988,synnetqos_m_00012257,S042_01225,2025-08-20 12:09:22.823360,0,Not degraded
reduced_context,kmeans,2,12273,0,C0,1.7954039333630223,0.42769979754885773,synnetqos_m_00012274,S042_01227,2025-08-12 03:30:04.474583,0,Not degraded
reduced_context,kmeans,2,12275,0,C0,2.043615394429062,-0.6925152349988214,synnetqos_m_00012276,S042_01227,2025-08-12 03:32:04.474583,0,Not degraded
reduced_context,kmeans,2,12282,1,C1,-2.0896071100067712,-0.5142686864169637,synnetqos_m_00012283,S042_01228,2025-08-01 22:19:19.516670,1,Degraded
reduced_context,kmeans,2,12292,0,C0,0.773779381362271,3.171949725115746,synnetqos_m_00012293,S042_01229,2025-08-22 11:39:31.418185,1,Degraded
reduced_context,kmeans,2,12300,1,C1,-2.4250185150439685,-0.38523691182021025,synnetqos_m_00012301,S042_01230,2025-08-01 07:22:46.474374,1,Degraded
reduced_context,kmeans,2,12307,1,C1,-1.5031581893462131,0.671307731259206,synnetqos_m_00012308,S042_01230,2025-08-01 07:29:46.474374,1,Degraded
reduced_context,kmeans,2,12308,1,C1,-1.7926222763861948,-0.45583413881103957,synnetqos_m_00012309,S042_01230,2025-08-01 07:30:46.474374,1,Degraded
reduced_context,kmeans,2,12317,0,C0,1.804266591675256,1.237271469884974,synnetqos_m_00012318,S042_01231,2025-08-18 10:49:08.333619,0,Not degraded
reduced_context,kmeans,2,12322,1,C1,-2.549963619239059,4.204178447730312,synnetqos_m_00012323,S042_01232,2025-08-22 13:35:09.364531,1,Degraded
reduced_context,kmeans,2,12336,0,C0,2.6252298558829725,0.4793842164767077,synnetqos_m_00012337,S042_01233,2025-08-13 02:42:36.148058,0,Not degraded
reduced_context,kmeans,2,12347,1,C1,-2.437140225298461,-0.1372122558738332,synnetqos_m_00012348,S042_01234,2025-08-23 12:28:45.611252,0,Not degraded
reduced_context,kmeans,2,12349,1,C1,-2.036850625485376,3.1354869508560888,synnetqos_m_00012350,S042_01234,2025-08-23 12:30:45.611252,1,Degraded
reduced_context,kmeans,2,12350,1,C1,-2.4605796021116126,-0.13341749660906502,synnetqos_m_00012351,S042_01235,2025-08-14 08:52:36.761902,1,Degraded
reduced_context,kmeans,2,12384,1,C1,-1.3170622911868837,0.20378147697734203,synnetqos_m_00012385,S042_01238,2025-08-24 23:02:52.414584,0,Not degraded
reduced_context,kmeans,2,12393,1,C1,-0.7606421422761571,1.1885057677665904,synnetqos_m_00012394,S042_01239,2025-07-29 00:04:19.582007,1,Degraded
reduced_context,kmeans,2,12400,0,C0,4.937334047652072,1.851742936772383,synnetqos_m_00012401,S042_01240,2025-08-01 18:46:49.750488,0,Not degraded
reduced_context,kmeans,2,12429,1,C1,-2.9791541313917635,-0.31647999187409587,synnetqos_m_00012430,S042_01242,2025-08-25 07:09:50.904996,1,Degraded
reduced_context,kmeans,2,12432,1,C1,-1.0727255570993575,-1.2658763456878714,synnetqos_m_00012433,S042_01243,2025-08-12 07:22:12.481895,1,Degraded
reduced_context,kmeans,2,12442,1,C1,-1.7534152672095045,0.25230310830121155,synnetqos_m_00012443,S042_01244,2025-08-10 22:11:55.773922,1,Degraded
reduced_context,kmeans,2,12449,1,C1,-2.0654328686780596,-0.6223756867833702,synnetqos_m_00012450,S042_01244,2025-08-10 22:18:55.773922,1,Degraded
reduced_context,kmeans,2,12456,0,C0,1.8639644765952206,2.2099077430822303,synnetqos_m_00012457,S042_01245,2025-08-11 00:47:42.346213,0,Not degraded
reduced_context,kmeans,2,12460,1,C1,-1.0635127183109891,1.6021041420461517,synnetqos_m_00012461,S042_01246,2025-08-14 10:11:57.400602,1,Degraded
reduced_context,kmeans,2,12471,1,C1,-1.1829868735457172,0.7570645727538198,synnetqos_m_00012472,S042_01247,2025-07-28 10:17:17.204372,1,Degraded
reduced_context,kmeans,2,12490,1,C1,0.5557425272334848,-0.7809890341064408,synnetqos_m_00012491,S042_01249,2025-08-20 19:21:49.870270,0,Not degraded
reduced_context,kmeans,2,12493,0,C0,2.362258131302038,-0.42971504131162325,synnetqos_m_00012494,S042_01249,2025-08-20 19:24:49.870270,0,Not degraded
reduced_context,kmeans,2,12499,0,C0,1.0679931630511406,-0.9918734098491493,synnetqos_m_00012500,S042_01249,2025-08-20 19:30:49.870270,0,Not degraded
reduced_context,kmeans,2,12500,1,C1,-1.4406816554767676,-0.6928847661668844,synnetqos_m_00012501,S042_01250,2025-07-29 16:18:28.439877,1,Degraded
reduced_context,kmeans,2,12503,1,C1,-1.1531031061081656,1.2667827212962872,synnetqos_m_00012504,S042_01250,2025-07-29 16:21:28.439877,1,Degraded
reduced_context,kmeans,2,12533,0,C0,2.128321517566237,-0.09416534374313307,synnetqos_m_00012534,S042_01253,2025-07-31 00:44:28.941135,0,Not degraded
reduced_context,kmeans,2,12536,1,C1,0.5387014026787605,-1.262426789464656,synnetqos_m_00012537,S042_01253,2025-07-31 00:47:28.941135,0,Not degraded
reduced_context,kmeans,2,12566,1,C1,-0.2789291557830682,-1.6375360256767872,synnetqos_m_00012567,S042_01256,2025-07-31 15:04:49.923653,1,Degraded
reduced_context,kmeans,2,12569,1,C1,0.17980900351170717,-1.4127195915422641,synnetqos_m_00012570,S042_01256,2025-07-31 15:07:49.923653,0,Not degraded
reduced_context,kmeans,2,12593,1,C1,-2.102316749621464,-0.28249791494670884,synnetqos_m_00012594,S042_01259,2025-08-14 17:32:02.283819,1,Degraded
reduced_context,kmeans,2,12596,1,C1,-2.2068660421749797,-0.23641811868699267,synnetqos_m_00012597,S042_01259,2025-08-14 17:35:02.283819,1,Degraded
reduced_context,kmeans,2,12603,0,C0,3.0942589574218253,-0.07607441614811566,synnetqos_m_00012604,S042_01260,2025-08-09 17:16:00.644243,0,Not degraded
reduced_context,kmeans,2,12609,0,C0,3.8003015428832083,-0.19728265442340884,synnetqos_m_00012610,S042_01260,2025-08-09 17:22:00.644243,0,Not degraded
reduced_context,kmeans,2,12614,0,C0,2.089539971092868,-0.188401689701612,synnetqos_m_00012615,S042_01261,2025-08-17 06:49:26.867695,0,Not degraded
reduced_context,kmeans,2,12619,0,C0,1.31301027799329,-0.1708244546991575,synnetqos_m_00012620,S042_01261,2025-08-17 06:54:26.867695,0,Not degraded
reduced_context,kmeans,2,12626,0,C0,2.1962034940389237,1.4886249950609243,synnetqos_m_00012627,S042_01262,2025-08-02 18:36:31.936051,0,Not degraded
reduced_context,kmeans,2,12640,1,C1,-1.7183622399072631,-0.675236786455586,synnetqos_m_00012641,S042_01264,2025-08-14 15:49:34.610968,1,Degraded
reduced_context,kmeans,2,12642,1,C1,-0.6122324921397528,-0.745778329268532,synnetqos_m_00012643,S042_01264,2025-08-14 15:51:34.610968,1,Degraded
reduced_context,kmeans,2,12669,1,C1,-0.9768038930162963,-0.6669678249599503,synnetqos_m_00012670,S042_01266,2025-08-09 12:08:52.059468,1,Degraded
reduced_context,kmeans,2,12676,1,C1,-0.8290536240976488,-0.8030884951158842,synnetqos_m_00012677,S042_01267,2025-07-30 09:25:31.665635,1,Degraded
reduced_context,kmeans,2,12678,0,C0,1.017993015851922,1.5902828746953026,synnetqos_m_00012679,S042_01267,2025-07-30 09:27:31.665635,0,Not degraded
reduced_context,kmeans,2,12684,0,C0,2.6937762592532883,-2.1555255142301113,synnetqos_m_00012685,S042_01268,2025-08-10 00:29:41.957396,0,Not degraded
reduced_context,kmeans,2,12702,1,C1,-0.7827207413322158,-0.11576828430833555,synnetqos_m_00012703,S042_01270,2025-07-29 10:00:43.795344,1,Degraded
reduced_context,kmeans,2,12706,1,C1,-1.105402687093365,-0.7678153900174178,synnetqos_m_00012707,S042_01270,2025-07-29 10:04:43.795344,0,Not degraded
reduced_context,kmeans,2,12708,1,C1,-0.7803360818391265,1.6667825196097001,synnetqos_m_00012709,S042_01270,2025-07-29 10:06:43.795344,1,Degraded
reduced_context,kmeans,2,12742,1,C1,0.42826981856286367,-1.3774506985474746,synnetqos_m_00012743,S042_01274,2025-08-22 20:28:13.281983,0,Not degraded
reduced_context,kmeans,2,12744,1,C1,-0.5730185729321865,0.3129628965330858,synnetqos_m_00012745,S042_01274,2025-08-22 20:30:13.281983,1,Degraded
reduced_context,kmeans,2,12793,1,C1,-2.1313912505122765,-0.5699721591589323,synnetqos_m_00012794,S042_01279,2025-07-27 21:39:27.207674,1,Degraded
reduced_context,kmeans,2,12806,1,C1,-1.7813730284484592,-0.5290450370336612,synnetqos_m_00012807,S042_01280,2025-08-03 16:49:24.224278,1,Degraded
reduced_context,kmeans,2,12809,1,C1,-1.2701381775726543,-0.40539631254799946,synnetqos_m_00012810,S042_01280,2025-08-03 16:52:24.224278,1,Degraded
reduced_context,kmeans,2,12829,1,C1,0.47700492343306916,2.1998636650686456,synnetqos_m_00012830,S042_01282,2025-08-01 07:14:37.831364,1,Degraded
reduced_context,kmeans,2,12847,1,C1,-1.2466354953891725,-1.2214977768291462,synnetqos_m_00012848,S042_01284,2025-08-10 03:06:26.230613,0,Not degraded
reduced_context,kmeans,2,12849,1,C1,-2.139839659015021,-0.657439558076613,synnetqos_m_00012850,S042_01284,2025-08-10 03:08:26.230613,1,Degraded
reduced_context,kmeans,2,12850,1,C1,-0.8344861819227883,-0.7317957267671172,synnetqos_m_00012851,S042_01285,2025-08-23 12:47:04.684060,1,Degraded
reduced_context,kmeans,2,12857,1,C1,-1.0276604926226414,-0.6637890993860311,synnetqos_m_00012858,S042_01285,2025-08-23 12:54:04.684060,1,Degraded
reduced_context,kmeans,2,12865,1,C1,-0.23016145216402298,-1.32028119050679,synnetqos_m_00012866,S042_01286,2025-08-11 19:43:38.503797,1,Degraded
reduced_context,kmeans,2,12870,1,C1,0.6530789895261376,-0.9178672538003998,synnetqos_m_00012871,S042_01287,2025-08-18 13:36:43.633678,0,Not degraded
reduced_context,kmeans,2,12871,0,C0,2.066614227189003,-1.0802626289085557,synnetqos_m_00012872,S042_01287,2025-08-18 13:37:43.633678,0,Not degraded
reduced_context,kmeans,2,12875,0,C0,2.5803387899007553,0.9134513099439282,synnetqos_m_00012876,S042_01287,2025-08-18 13:41:43.633678,0,Not degraded
reduced_context,kmeans,2,12889,1,C1,-2.705993838949947,0.9377976945226884,synnetqos_m_00012890,S042_01288,2025-08-12 23:21:00.928465,1,Degraded
reduced_context,kmeans,2,12892,0,C0,3.698535355170588,2.8301221403698857,synnetqos_m_00012893,S042_01289,2025-08-23 00:58:52.675380,0,Not degraded
reduced_context,kmeans,2,12912,1,C1,0.00021776885884785407,2.2604987232831384,synnetqos_m_00012913,S042_01291,2025-07-28 11:04:36.931970,1,Degraded
reduced_context,kmeans,2,12939,1,C1,-0.7360097710043181,-0.19089353862702008,synnetqos_m_00012940,S042_01293,2025-08-23 10:40:42.981085,1,Degraded
reduced_context,kmeans,2,12969,0,C0,1.7864557974692112,-1.4315719115717207,synnetqos_m_00012970,S042_01296,2025-08-12 19:54:48.322549,0,Not degraded
reduced_context,kmeans,2,12971,1,C1,0.1319607657579598,6.780692597033877,synnetqos_m_00012972,S042_01297,2025-08-14 14:04:13.579818,1,Degraded
reduced_context,kmeans,2,12975,1,C1,-0.6261218165030468,-0.9294312482972615,synnetqos_m_00012976,S042_01297,2025-08-14 14:08:13.579818,0,Not degraded
reduced_context,kmeans,2,12992,1,C1,-2.6465544214952126,0.1508272811594225,synnetqos_m_00012993,S042_01299,2025-08-19 09:59:42.093697,1,Degraded
reduced_context,kmeans,2,12995,1,C1,-2.0839883474260685,3.696264035509067,synnetqos_m_00012996,S042_01299,2025-08-19 10:02:42.093697,1,Degraded
reduced_context,kmeans,2,13000,1,C1,-2.6308764852535518,0.06300405957079089,synnetqos_m_00013001,S042_01300,2025-08-23 10:55:47.037807,1,Degraded
reduced_context,kmeans,2,13002,1,C1,-2.703757784419767,2.3480476264116708,synnetqos_m_00013003,S042_01300,2025-08-23 10:57:47.037807,1,Degraded
reduced_context,kmeans,2,13019,1,C1,-1.770904370490045,-0.17581218892015274,synnetqos_m_00013020,S042_01301,2025-08-17 20:02:20.565355,1,Degraded
reduced_context,kmeans,2,13020,1,C1,-0.8215368839121322,-0.8026522298313968,synnetqos_m_00013021,S042_01302,2025-08-10 17:10:49.732789,1,Degraded
reduced_context,kmeans,2,13026,1,C1,-0.353583591892521,0.08317775193621915,synnetqos_m_00013027,S042_01302,2025-08-10 17:16:49.732789,1,Degraded
reduced_context,kmeans,2,13031,1,C1,-0.07401371652162128,-0.7756880708923498,synnetqos_m_00013032,S042_01303,2025-08-01 00:06:26.354742,0,Not degraded
reduced_context,kmeans,2,13048,1,C1,0.002691426399262127,-0.6280575554509601,synnetqos_m_00013049,S042_01304,2025-08-11 19:36:07.203069,0,Not degraded
reduced_context,kmeans,2,13068,0,C0,3.5459030646165837,2.9617481500253975,synnetqos_m_00013069,S042_01306,2025-08-08 15:11:39.315359,0,Not degraded
reduced_context,kmeans,2,13069,1,C1,0.02138853063605233,1.0195469774261507,synnetqos_m_00013070,S042_01306,2025-08-08 15:12:39.315359,1,Degraded
reduced_context,kmeans,2,13092,0,C0,3.9660691717746466,3.14589856217148,synnetqos_m_00013093,S042_01309,2025-08-02 01:50:08.740255,0,Not degraded
reduced_context,kmeans,2,13120,0,C0,1.900479278803349,-1.7205717698258527,synnetqos_m_00013121,S042_01312,2025-08-02 01:11:21.596290,0,Not degraded
reduced_context,kmeans,2,13133,1,C1,-0.8650659595164379,-0.5718162489599924,synnetqos_m_00013134,S042_01313,2025-08-22 02:29:04.339187,0,Not degraded
reduced_context,kmeans,2,13134,1,C1,-0.4549109402502715,0.08912119621807396,synnetqos_m_00013135,S042_01313,2025-08-22 02:30:04.339187,1,Degraded
reduced_context,kmeans,2,13165,0,C0,4.68826930219174,-2.80236779547066,synnetqos_m_00013166,S042_01316,2025-08-12 10:13:39.748609,0,Not degraded
reduced_context,kmeans,2,13171,1,C1,-1.2723752009941915,-0.3322164798427148,synnetqos_m_00013172,S042_01317,2025-08-13 02:07:40.753561,1,Degraded
reduced_context,kmeans,2,13193,1,C1,0.780456170058741,0.26336731355247756,synnetqos_m_00013194,S042_01319,2025-08-22 04:14:52.756956,1,Degraded
reduced_context,kmeans,2,13198,1,C1,-0.07252278649561461,2.230162881198707,synnetqos_m_00013199,S042_01319,2025-08-22 04:19:52.756956,0,Not degraded
reduced_context,kmeans,2,13199,1,C1,-0.027434589635404315,-1.330403975749662,synnetqos_m_00013200,S042_01319,2025-08-22 04:20:52.756956,0,Not degraded
reduced_context,kmeans,2,13209,0,C0,2.9667839464237735,-0.5625044834706391,synnetqos_m_00013210,S042_01320,2025-07-27 15:17:28.842345,0,Not degraded
reduced_context,kmeans,2,13214,1,C1,-1.2018338222766805,0.16187157641362443,synnetqos_m_00013215,S042_01321,2025-08-02 06:57:16.382999,1,Degraded
reduced_context,kmeans,2,13217,1,C1,-0.21905275900123808,-0.5637475255947032,synnetqos_m_00013218,S042_01321,2025-08-02 07:00:16.382999,1,Degraded
reduced_context,kmeans,2,13225,1,C1,0.3599136014745423,1.8471245529621605,synnetqos_m_00013226,S042_01322,2025-08-13 01:16:38.300630,1,Degraded
reduced_context,kmeans,2,13228,1,C1,-0.8454421688215252,-0.3755530636258989,synnetqos_m_00013229,S042_01322,2025-08-13 01:19:38.300630,1,Degraded
reduced_context,kmeans,2,13264,1,C1,-0.5631506724868942,-1.0962469095494074,synnetqos_m_00013265,S042_01326,2025-07-26 14:40:34.930909,1,Degraded
reduced_context,kmeans,2,13269,1,C1,-0.7219705396505276,-1.0333108098643928,synnetqos_m_00013270,S042_01326,2025-07-26 14:45:34.930909,1,Degraded
reduced_context,kmeans,2,13280,1,C1,-1.1699440713116478,-0.3585898314903981,synnetqos_m_00013281,S042_01328,2025-08-10 17:49:09.380725,1,Degraded
reduced_context,kmeans,2,13291,1,C1,-0.03228499944114028,0.5014946007381876,synnetqos_m_00013292,S042_01329,2025-08-23 17:23:25.252659,0,Not degraded
reduced_context,kmeans,2,13299,0,C0,1.8063805196179248,1.4073077469747919,synnetqos_m_00013300,S042_01329,2025-08-23 17:31:25.252659,0,Not degraded
reduced_context,kmeans,2,13322,1,C1,0.19463327376589387,-1.1243968953204027,synnetqos_m_00013323,S042_01332,2025-08-01 02:02:39.102669,0,Not degraded
reduced_context,kmeans,2,13323,0,C0,0.7415903627156012,-0.5840576110208255,synnetqos_m_00013324,S042_01332,2025-08-01 02:03:39.102669,0,Not degraded
reduced_context,kmeans,2,13330,1,C1,0.3322784370451936,-1.6673884179922638,synnetqos_m_00013331,S042_01333,2025-07-27 22:50:55.501884,0,Not degraded
reduced_context,kmeans,2,13339,1,C1,0.26343477113121583,-0.836490884604644,synnetqos_m_00013340,S042_01333,2025-07-27 22:59:55.501884,1,Degraded
reduced_context,kmeans,2,13346,1,C1,-0.9715124709363523,0.04628021800129913,synnetqos_m_00013347,S042_01334,2025-08-20 17:49:49.483108,1,Degraded
reduced_context,kmeans,2,13372,0,C0,1.0795553844434798,-1.1622261232032747,synnetqos_m_00013373,S042_01337,2025-08-01 00:08:49.123812,0,Not degraded
reduced_context,kmeans,2,13377,1,C1,-0.6109187212104663,0.16282227248722325,synnetqos_m_00013378,S042_01337,2025-08-01 00:13:49.123812,1,Degraded
reduced_context,kmeans,2,13405,0,C0,4.412954222583001,-3.260802599094037,synnetqos_m_00013406,S042_01340,2025-08-17 23:12:38.270876,0,Not degraded
reduced_context,kmeans,2,13408,0,C0,4.724853022087099,-3.285572916383011,synnetqos_m_00013409,S042_01340,2025-08-17 23:15:38.270876,0,Not degraded
reduced_context,kmeans,2,13416,0,C0,2.104232599603422,1.0033173194357017,synnetqos_m_00013417,S042_01341,2025-07-28 14:08:21.902287,0,Not degraded
reduced_context,kmeans,2,13421,1,C1,-2.46267365408232,-0.06200562628710943,synnetqos_m_00013422,S042_01342,2025-08-21 10:41:15.887107,1,Degraded
reduced_context,kmeans,2,13431,1,C1,-0.6960637696952361,1.0186107280066135,synnetqos_m_00013432,S042_01343,2025-08-11 08:49:30.621672,1,Degraded
reduced_context,kmeans,2,13444,1,C1,-1.1045624125894724,-0.7092508111473141,synnetqos_m_00013445,S042_01344,2025-08-02 05:40:07.912606,1,Degraded
reduced_context,kmeans,2,13469,1,C1,-2.092295549466146,0.8190191192705997,synnetqos_m_00013470,S042_01346,2025-08-08 00:30:48.147183,1,Degraded
reduced_context,kmeans,2,13484,0,C0,0.8830147002887865,-1.267871335466564,synnetqos_m_00013485,S042_01348,2025-07-27 22:13:25.637264,0,Not degraded
reduced_context,kmeans,2,13498,1,C1,0.46621512718577673,-1.03629010133031,synnetqos_m_00013499,S042_01349,2025-08-03 22:50:34.240240,0,Not degraded
reduced_context,kmeans,2,13515,1,C1,0.6563588867652673,-0.7592300639091482,synnetqos_m_00013516,S042_01351,2025-08-13 19:59:57.343523,1,Degraded
reduced_context,kmeans,2,13521,1,C1,-2.2739302469739977,-0.02513526275634164,synnetqos_m_00013522,S042_01352,2025-08-01 17:12:39.015268,1,Degraded
reduced_context,kmeans,2,13523,1,C1,-1.4004789861582736,0.6846280048006632,synnetqos_m_00013524,S042_01352,2025-08-01 17:14:39.015268,1,Degraded
reduced_context,kmeans,2,13545,1,C1,-2.684262528026433,0.10105206845684792,synnetqos_m_00013546,S042_01354,2025-08-19 04:36:34.836050,1,Degraded
reduced_context,kmeans,2,13547,1,C1,-1.3555005991297073,1.1952843357718752,synnetqos_m_00013548,S042_01354,2025-08-19 04:38:34.836050,0,Not degraded
reduced_context,kmeans,2,13548,1,C1,-2.5259045577158385,0.013145407783396366,synnetqos_m_00013549,S042_01354,2025-08-19 04:39:34.836050,1,Degraded
reduced_context,kmeans,2,13552,0,C0,3.5068306149198754,2.118216112416929,synnetqos_m_00013553,S042_01355,2025-07-27 05:43:11.214811,0,Not degraded
reduced_context,kmeans,2,13553,0,C0,1.3032022094303521,-1.0053831835047036,synnetqos_m_00013554,S042_01355,2025-07-27 05:44:11.214811,0,Not degraded
reduced_context,kmeans,2,13596,1,C1,-1.093234641327244,-0.8927460639682799,synnetqos_m_00013597,S042_01359,2025-08-08 18:48:14.131249,1,Degraded
reduced_context,kmeans,2,13631,1,C1,-0.10085882097622278,-0.6694741502106809,synnetqos_m_00013632,S042_01363,2025-08-12 05:42:25.905898,0,Not degraded
reduced_context,kmeans,2,13664,1,C1,0.2723050543859217,-0.8404894110481986,synnetqos_m_00013665,S042_01366,2025-08-20 05:03:30.394370,0,Not degraded
reduced_context,kmeans,2,13682,1,C1,0.05856798058589119,-0.1664234598576884,synnetqos_m_00013683,S042_01368,2025-08-12 11:40:38.169699,0,Not degraded
reduced_context,kmeans,2,13694,1,C1,-2.7779308948308423,-0.12100498026848036,synnetqos_m_00013695,S042_01369,2025-08-02 22:43:28.894649,1,Degraded
reduced_context,kmeans,2,13704,0,C0,1.290257994509764,1.087521157937047,synnetqos_m_00013705,S042_01370,2025-08-19 20:47:33.919680,0,Not degraded
reduced_context,kmeans,2,13710,1,C1,0.23016052131815148,0.09935523809993949,synnetqos_m_00013711,S042_01371,2025-08-24 16:27:16.954839,0,Not degraded
reduced_context,kmeans,2,13713,1,C1,-1.2357944038249977,-0.1413456588562081,synnetqos_m_00013714,S042_01371,2025-08-24 16:30:16.954839,1,Degraded
reduced_context,kmeans,2,13716,1,C1,-0.6616507966072779,-0.49221184066073986,synnetqos_m_00013717,S042_01371,2025-08-24 16:33:16.954839,0,Not degraded
reduced_context,kmeans,2,13743,1,C1,-1.1623785847307448,-0.699485263818981,synnetqos_m_00013744,S042_01374,2025-07-29 11:24:08.472817,0,Not degraded
reduced_context,kmeans,2,13753,1,C1,0.13207354566477456,-0.5608142553041651,synnetqos_m_00013754,S042_01375,2025-08-22 09:34:42.118391,0,Not degraded
reduced_context,kmeans,2,13788,1,C1,-1.170876274987612,0.5225216662499353,synnetqos_m_00013789,S042_01378,2025-08-17 13:23:28.282530,1,Degraded
reduced_context,kmeans,2,13794,0,C0,2.3715548774142685,-1.315758691970482,synnetqos_m_00013795,S042_01379,2025-08-09 19:43:50.020179,0,Not degraded
reduced_context,kmeans,2,13853,0,C0,4.446194469690849,3.469838024568067,synnetqos_m_00013854,S042_01385,2025-08-16 02:26:10.091285,0,Not degraded
reduced_context,kmeans,2,13876,0,C0,1.4036237811877226,-0.8232403811775917,synnetqos_m_00013877,S042_01387,2025-07-28 08:24:55.236789,0,Not degraded
reduced_context,kmeans,2,13901,1,C1,-2.442620184615665,-0.3687430501863711,synnetqos_m_00013902,S042_01390,2025-08-17 11:24:05.748852,1,Degraded
reduced_context,kmeans,2,13915,0,C0,1.8420483445297724,-1.1665475740894249,synnetqos_m_00013916,S042_01391,2025-08-01 18:04:55.375537,0,Not degraded
reduced_context,kmeans,2,13917,0,C0,0.775117093111879,-1.5036870593704026,synnetqos_m_00013918,S042_01391,2025-08-01 18:06:55.375537,1,Degraded
reduced_context,kmeans,2,13928,1,C1,-0.9192003881431761,-0.49651480784574353,synnetqos_m_00013929,S042_01392,2025-08-20 17:08:22.023707,1,Degraded
reduced_context,kmeans,2,13930,1,C1,-2.640257389935536,-0.5379571736351804,synnetqos_m_00013931,S042_01393,2025-08-22 04:05:33.900532,1,Degraded
reduced_context,kmeans,2,13946,1,C1,0.47703178059421847,0.5331311120749406,synnetqos_m_00013947,S042_01394,2025-08-12 15:03:30.926948,0,Not degraded
reduced_context,kmeans,2,13948,1,C1,-1.2399914135673011,-0.28873883781657844,synnetqos_m_00013949,S042_01394,2025-08-12 15:05:30.926948,1,Degraded
reduced_context,kmeans,2,13959,0,C0,1.884878640484677,-0.7771557782878921,synnetqos_m_00013960,S042_01395,2025-08-12 20:07:35.777756,0,Not degraded
reduced_context,kmeans,2,13963,1,C1,0.12057291394451233,-0.7856122630057495,synnetqos_m_00013964,S042_01396,2025-08-20 07:40:19.918283,0,Not degraded
reduced_context,kmeans,2,13970,0,C0,1.4313410972412282,-1.5049429279327957,synnetqos_m_00013971,S042_01397,2025-08-23 00:30:12.929031,0,Not degraded
reduced_context,kmeans,2,14006,1,C1,-1.2072021650633553,-0.9359543968676554,synnetqos_m_00014007,S042_01400,2025-08-19 14:46:13.872806,0,Not degraded
reduced_context,kmeans,2,14019,0,C0,1.2134236843742694,0.0500883862408611,synnetqos_m_00014020,S042_01401,2025-07-31 05:39:30.740296,0,Not degraded
reduced_context,kmeans,2,14034,1,C1,-2.162921761944814,0.4785817434333748,synnetqos_m_00014035,S042_01403,2025-07-31 11:39:09.165055,1,Degraded
reduced_context,kmeans,2,14047,1,C1,-0.3504267463783571,-0.9398114409848325,synnetqos_m_00014048,S042_01404,2025-08-02 16:42:57.621617,1,Degraded
reduced_context,kmeans,2,14050,0,C0,1.3434434029208568,-0.9064235630759941,synnetqos_m_00014051,S042_01405,2025-08-08 14:20:24.506611,0,Not degraded
reduced_context,kmeans,2,14052,0,C0,1.0412124313469524,-0.8878577505491986,synnetqos_m_00014053,S042_01405,2025-08-08 14:22:24.506611,0,Not degraded
reduced_context,kmeans,2,14055,1,C1,-0.7088913522531549,-0.42696933462656694,synnetqos_m_00014056,S042_01405,2025-08-08 14:25:24.506611,1,Degraded
reduced_context,kmeans,2,14062,1,C1,-2.457153169161844,-0.6803518832306089,synnetqos_m_00014063,S042_01406,2025-08-04 00:03:25.803047,1,Degraded
reduced_context,kmeans,2,14083,1,C1,-0.5565452741426984,-0.854490829418364,synnetqos_m_00014084,S042_01408,2025-08-05 17:38:31.770715,0,Not degraded
reduced_context,kmeans,2,14085,1,C1,-0.25929094269200187,-0.8686150803582713,synnetqos_m_00014086,S042_01408,2025-08-05 17:40:31.770715,0,Not degraded
reduced_context,kmeans,2,14091,1,C1,-0.24651569780661117,-0.31177669888802745,synnetqos_m_00014092,S042_01409,2025-08-09 19:28:01.551216,0,Not degraded
reduced_context,kmeans,2,14115,1,C1,-1.3308946064696479,-1.0504939674089573,synnetqos_m_00014116,S042_01411,2025-08-07 05:58:28.673523,0,Not degraded
reduced_context,kmeans,2,14119,1,C1,-1.4651484731402313,-0.49798888540103214,synnetqos_m_00014120,S042_01411,2025-08-07 06:02:28.673523,1,Degraded
reduced_context,kmeans,2,14130,1,C1,-0.13235462708011422,0.8523953493646271,synnetqos_m_00014131,S042_01413,2025-08-19 09:01:27.816621,1,Degraded
reduced_context,kmeans,2,14138,1,C1,-0.3757200397476434,-0.2922587300187941,synnetqos_m_00014139,S042_01413,2025-08-19 09:09:27.816621,1,Degraded
reduced_context,kmeans,2,14144,1,C1,-1.9059003728052448,0.2769652443848715,synnetqos_m_00014145,S042_01414,2025-08-14 08:21:07.478181,1,Degraded
reduced_context,kmeans,2,14165,1,C1,0.5716113779532905,-1.6515489959806016,synnetqos_m_00014166,S042_01416,2025-08-15 10:13:00.004059,0,Not degraded
reduced_context,kmeans,2,14184,0,C0,0.9041206518769398,0.6224629648671244,synnetqos_m_00014185,S042_01418,2025-08-17 13:41:59.915744,0,Not degraded
reduced_context,kmeans,2,14188,1,C1,-0.7789934250205108,-0.21275647990216126,synnetqos_m_00014189,S042_01418,2025-08-17 13:45:59.915744,1,Degraded
reduced_context,kmeans,2,14193,0,C0,1.8458838156840975,-2.2640972732624394,synnetqos_m_00014194,S042_01419,2025-07-27 18:10:32.243738,0,Not degraded
reduced_context,kmeans,2,14202,1,C1,0.34257627642857896,0.7963445257819683,synnetqos_m_00014203,S042_01420,2025-08-04 11:05:52.205419,0,Not degraded
reduced_context,kmeans,2,14229,1,C1,-1.7861009106143937,-0.2804115315769172,synnetqos_m_00014230,S042_01422,2025-08-24 12:07:19.972166,1,Degraded
reduced_context,kmeans,2,14250,1,C1,-1.2011609488982369,0.9890533344042407,synnetqos_m_00014251,S042_01425,2025-08-06 21:36:37.728604,1,Degraded
reduced_context,kmeans,2,14255,1,C1,-1.0675844730770154,0.2368997908819586,synnetqos_m_00014256,S042_01425,2025-08-06 21:41:37.728604,1,Degraded
reduced_context,kmeans,2,14266,1,C1,-3.85869773665571,0.913326271560727,synnetqos_m_00014267,S042_01426,2025-08-14 10:37:41.386107,1,Degraded
reduced_context,kmeans,2,14273,1,C1,-1.2393045266489342,-0.46716570862542245,synnetqos_m_00014274,S042_01427,2025-08-19 02:41:34.877508,0,Not degraded
reduced_context,kmeans,2,14300,0,C0,0.6944784333602986,-0.6419955048273313,synnetqos_m_00014301,S042_01430,2025-08-21 12:17:11.879688,0,Not degraded
reduced_context,kmeans,2,14309,1,C1,0.1321739981437993,2.4534104652858826,synnetqos_m_00014310,S042_01430,2025-08-21 12:26:11.879688,1,Degraded
reduced_context,kmeans,2,14311,1,C1,-0.7531687093953721,-0.39512293306215523,synnetqos_m_00014312,S042_01431,2025-08-16 08:42:08.551796,0,Not degraded
reduced_context,kmeans,2,14345,1,C1,-1.1382076504385406,-0.4989442066907186,synnetqos_m_00014346,S042_01434,2025-08-06 13:47:29.663826,1,Degraded
reduced_context,kmeans,2,14348,1,C1,-1.51803266256693,-0.9320428739441173,synnetqos_m_00014349,S042_01434,2025-08-06 13:50:29.663826,1,Degraded
reduced_context,kmeans,2,14351,1,C1,0.6172164379030697,-1.4700850194538455,synnetqos_m_00014352,S042_01435,2025-08-05 22:27:29.783674,0,Not degraded
reduced_context,kmeans,2,14354,0,C0,1.6503481751930766,-1.2989811428785498,synnetqos_m_00014355,S042_01435,2025-08-05 22:30:29.783674,0,Not degraded
reduced_context,kmeans,2,14364,0,C0,3.7768157988679114,-0.8877330072268971,synnetqos_m_00014365,S042_01436,2025-07-29 13:28:10.573308,0,Not degraded
reduced_context,kmeans,2,14367,0,C0,2.7654172152628997,-0.271301064293345,synnetqos_m_00014368,S042_01436,2025-07-29 13:31:10.573308,0,Not degraded
reduced_context,kmeans,2,14374,1,C1,-1.1554385455828389,0.6589026434676477,synnetqos_m_00014375,S042_01437,2025-08-12 02:33:19.533936,0,Not degraded
reduced_context,kmeans,2,14400,1,C1,-0.4401445591536203,-0.6258888498249264,synnetqos_m_00014401,S042_01440,2025-08-12 14:35:27.767714,0,Not degraded
reduced_context,kmeans,2,14420,1,C1,-2.6400677746912873,0.3619049428424757,synnetqos_m_00014421,S042_01442,2025-07-29 06:12:07.751353,1,Degraded
reduced_context,kmeans,2,14423,1,C1,-2.7803157437526784,-0.03125850610762928,synnetqos_m_00014424,S042_01442,2025-07-29 06:15:07.751353,1,Degraded
reduced_context,kmeans,2,14430,0,C0,3.3683947490280777,-0.4036913297637812,synnetqos_m_00014431,S042_01443,2025-08-18 08:00:05.689854,0,Not degraded
reduced_context,kmeans,2,14447,0,C0,1.3329326987054515,-1.5918423075072556,synnetqos_m_00014448,S042_01444,2025-08-12 22:25:13.347956,0,Not degraded
reduced_context,kmeans,2,14467,0,C0,0.737789846749058,-1.4800211027569612,synnetqos_m_00014468,S042_01446,2025-08-23 04:06:58.024730,1,Degraded
reduced_context,kmeans,2,14472,1,C1,-0.47684651851034804,-0.6444591844140766,synnetqos_m_00014473,S042_01447,2025-08-15 23:35:08.768700,0,Not degraded
reduced_context,kmeans,2,14483,1,C1,-2.3110157422009294,3.0503206738018496,synnetqos_m_00014484,S042_01448,2025-08-22 10:23:20.121659,1,Degraded
reduced_context,kmeans,2,14514,0,C0,5.040099342866473,-0.711890427106819,synnetqos_m_00014515,S042_01451,2025-08-21 00:51:50.177213,0,Not degraded
reduced_context,kmeans,2,14530,0,C0,1.0440659870994327,-0.010681456553164166,synnetqos_m_00014531,S042_01453,2025-08-02 19:49:10.082539,0,Not degraded
reduced_context,kmeans,2,14537,0,C0,2.1989829247277255,0.5553928865582599,synnetqos_m_00014538,S042_01453,2025-08-02 19:56:10.082539,0,Not degraded
reduced_context,kmeans,2,14542,0,C0,1.9444473106364364,0.23447076013110205,synnetqos_m_00014543,S042_01454,2025-08-03 22:48:27.706933,0,Not degraded
reduced_context,kmeans,2,14545,0,C0,0.9932911680516484,-0.7726300308541797,synnetqos_m_00014546,S042_01454,2025-08-03 22:51:27.706933,0,Not degraded
reduced_context,kmeans,2,14551,1,C1,-0.33997492711673377,-1.0071363959850588,synnetqos_m_00014552,S042_01455,2025-08-03 11:28:10.246401,0,Not degraded
reduced_context,kmeans,2,14573,1,C1,-1.4188038003864358,0.20722718995756642,synnetqos_m_00014574,S042_01457,2025-08-03 00:16:02.820289,0,Not degraded
reduced_context,kmeans,2,14591,0,C0,2.121362768455003,-0.28080190774735553,synnetqos_m_00014592,S042_01459,2025-08-23 16:04:48.904753,0,Not degraded
reduced_context,kmeans,2,14617,1,C1,-1.987131667201365,-0.7898737680496637,synnetqos_m_00014618,S042_01461,2025-08-02 07:47:44.659236,1,Degraded
reduced_context,kmeans,2,14623,0,C0,0.8782464181664837,-0.8949457203985282,synnetqos_m_00014624,S042_01462,2025-08-03 02:19:29.382897,0,Not degraded
reduced_context,kmeans,2,14624,0,C0,2.5768357397425636,2.729508111693529,synnetqos_m_00014625,S042_01462,2025-08-03 02:20:29.382897,0,Not degraded
reduced_context,kmeans,2,14629,1,C1,-0.25731541142398645,-0.502214313943944,synnetqos_m_00014630,S042_01462,2025-08-03 02:25:29.382897,0,Not degraded
reduced_context,kmeans,2,14663,0,C0,1.3832625515495816,-0.7315696159418277,synnetqos_m_00014664,S042_01466,2025-08-09 23:34:31.891365,0,Not degraded
reduced_context,kmeans,2,14668,1,C1,0.32616438043656293,-1.575637899344009,synnetqos_m_00014669,S042_01466,2025-08-09 23:39:31.891365,0,Not degraded
reduced_context,kmeans,2,14683,1,C1,-0.5337242463799506,1.969433452284521,synnetqos_m_00014684,S042_01468,2025-08-13 12:27:16.758216,1,Degraded
reduced_context,kmeans,2,14684,1,C1,-0.3151419637653334,-0.08050233547101573,synnetqos_m_00014685,S042_01468,2025-08-13 12:28:16.758216,0,Not degraded
reduced_context,kmeans,2,14690,1,C1,-2.4017354789222436,0.5357763741203307,synnetqos_m_00014691,S042_01469,2025-07-28 04:59:56.079251,1,Degraded
reduced_context,kmeans,2,14699,1,C1,-1.974952402832301,-1.0047721427526386,synnetqos_m_00014700,S042_01469,2025-07-28 05:08:56.079251,1,Degraded
reduced_context,kmeans,2,14710,1,C1,-0.4476190367763217,-0.3427547585526131,synnetqos_m_00014711,S042_01471,2025-08-11 04:17:29.166973,0,Not degraded
reduced_context,kmeans,2,14720,0,C0,0.8769649721740802,1.0009315479588627,synnetqos_m_00014721,S042_01472,2025-08-01 01:17:34.165999,0,Not degraded
reduced_context,kmeans,2,14727,1,C1,-1.8045295829972636,0.4498021460441314,synnetqos_m_00014728,S042_01472,2025-08-01 01:24:34.165999,1,Degraded
reduced_context,kmeans,2,14774,1,C1,-2.1101106974612907,-0.5133607761336508,synnetqos_m_00014775,S042_01477,2025-08-14 05:59:17.381482,1,Degraded
reduced_context,kmeans,2,14788,0,C0,5.5804550173690695,-2.618796945000706,synnetqos_m_00014789,S042_01478,2025-08-22 05:18:38.588368,0,Not degraded
reduced_context,kmeans,2,14792,0,C0,1.6393267750906049,-0.515461104396733,synnetqos_m_00014793,S042_01479,2025-08-11 19:48:04.123077,0,Not degraded
reduced_context,kmeans,2,14805,0,C0,0.7515427291985259,0.05472034418152321,synnetqos_m_00014806,S042_01480,2025-08-18 10:26:06.146139,0,Not degraded
reduced_context,kmeans,2,14807,0,C0,2.715525161266156,1.8029782377449943,synnetqos_m_00014808,S042_01480,2025-08-18 10:28:06.146139,0,Not degraded
reduced_context,kmeans,2,14815,1,C1,-1.9955785746447594,-0.4744209952821149,synnetqos_m_00014816,S042_01481,2025-08-16 23:07:20.122738,1,Degraded
reduced_context,kmeans,2,14829,1,C1,0.007028257267934587,-1.228505526052768,synnetqos_m_00014830,S042_01482,2025-08-04 12:32:19.025225,0,Not degraded
reduced_context,kmeans,2,14830,0,C0,2.021915662095239,-0.9288332806227968,synnetqos_m_00014831,S042_01483,2025-08-06 13:07:02.120167,0,Not degraded
reduced_context,kmeans,2,14831,0,C0,1.7388687960225848,0.6148006683957329,synnetqos_m_00014832,S042_01483,2025-08-06 13:08:02.120167,0,Not degraded
reduced_context,kmeans,2,14882,1,C1,-0.2813931457243277,-0.6562566746617472,synnetqos_m_00014883,S042_01488,2025-08-23 13:38:20.241226,1,Degraded
reduced_context,kmeans,2,14889,0,C0,1.4087954922668204,2.1279686331801546,synnetqos_m_00014890,S042_01488,2025-08-23 13:45:20.241226,1,Degraded
reduced_context,kmeans,2,14902,0,C0,3.641154856199357,2.677047094034607,synnetqos_m_00014903,S042_01490,2025-08-09 02:21:34.509448,0,Not degraded
reduced_context,kmeans,2,14903,0,C0,1.6883959138048077,-0.9798752183293046,synnetqos_m_00014904,S042_01490,2025-08-09 02:22:34.509448,0,Not degraded
reduced_context,kmeans,2,14908,0,C0,2.3244256479951817,0.46991801683800305,synnetqos_m_00014909,S042_01490,2025-08-09 02:27:34.509448,0,Not degraded
reduced_context,kmeans,2,14917,1,C1,-1.4511633967675535,-0.16181342964835,synnetqos_m_00014918,S042_01491,2025-08-09 16:34:16.824423,1,Degraded
reduced_context,kmeans,2,14921,0,C0,1.8168156492866676,1.424649907628717,synnetqos_m_00014922,S042_01492,2025-07-27 03:15:24.423527,0,Not degraded
reduced_context,kmeans,2,14929,1,C1,0.4567340646220682,-0.9062071699292981,synnetqos_m_00014930,S042_01492,2025-07-27 03:23:24.423527,0,Not degraded
reduced_context,kmeans,2,14933,0,C0,1.5774624518367149,-1.9880724756307544,synnetqos_m_00014934,S042_01493,2025-08-08 23:36:31.091255,0,Not degraded
reduced_context,kmeans,2,14936,0,C0,1.6779828452201861,-1.2505310513319403,synnetqos_m_00014937,S042_01493,2025-08-08 23:39:31.091255,1,Degraded
reduced_context,kmeans,2,14948,1,C1,-0.6746903206269855,2.57246090407873,synnetqos_m_00014949,S042_01494,2025-08-17 10:09:26.158271,1,Degraded
reduced_context,kmeans,2,14949,1,C1,-1.1591014748151214,-0.18259962816151876,synnetqos_m_00014950,S042_01494,2025-08-17 10:10:26.158271,0,Not degraded
reduced_context,kmeans,2,14995,1,C1,-0.06709391456517247,-0.8936391290063426,synnetqos_m_00014996,S042_01499,2025-08-02 15:38:07.596137,0,Not degraded
reduced_context,kmeans,2,15002,1,C1,-0.24059658506568868,-0.9771466613838434,synnetqos_m_00015003,S042_01500,2025-08-16 16:01:33.417181,1,Degraded
reduced_context,kmeans,2,15017,1,C1,-1.6167601522495385,2.6305027987307605,synnetqos_m_00015018,S042_01501,2025-08-03 19:06:37.304609,1,Degraded
reduced_context,kmeans,2,15019,1,C1,-2.069916986914368,-0.7218488120103755,synnetqos_m_00015020,S042_01501,2025-08-03 19:08:37.304609,1,Degraded
reduced_context,kmeans,2,15032,0,C0,5.805179688868598,-0.3717960732148144,synnetqos_m_00015033,S042_01503,2025-08-15 20:54:45.764800,0,Not degraded
reduced_context,kmeans,2,15044,1,C1,-1.122700361752765,-0.37613199975557815,synnetqos_m_00015045,S042_01504,2025-08-01 19:18:56.385330,0,Not degraded
reduced_context,kmeans,2,15067,0,C0,1.484606735872205,0.14494932528593726,synnetqos_m_00015068,S042_01506,2025-08-18 00:15:13.539629,0,Not degraded
reduced_context,kmeans,2,15087,0,C0,0.8158429791188554,-1.1035168258416368,synnetqos_m_00015088,S042_01508,2025-08-17 17:13:20.021461,0,Not degraded
reduced_context,kmeans,2,15091,1,C1,-1.3013270657662672,-0.23728253464475246,synnetqos_m_00015092,S042_01509,2025-07-30 10:55:25.150052,1,Degraded
reduced_context,kmeans,2,15105,0,C0,3.1339017371579185,1.2797624285003955,synnetqos_m_00015106,S042_01510,2025-08-12 20:21:08.162721,1,Degraded
reduced_context,kmeans,2,15109,0,C0,2.6064303023762365,-1.7211991611838167,synnetqos_m_00015110,S042_01510,2025-08-12 20:25:08.162721,0,Not degraded
reduced_context,kmeans,2,15133,1,C1,-1.8880041409633228,1.6169195825875178,synnetqos_m_00015134,S042_01513,2025-08-08 18:38:10.535070,1,Degraded
reduced_context,kmeans,2,15135,1,C1,-1.253516630837331,-0.18271680013653568,synnetqos_m_00015136,S042_01513,2025-08-08 18:40:10.535070,0,Not degraded
reduced_context,kmeans,2,15149,1,C1,-1.2583561455408205,1.2582210715653381,synnetqos_m_00015150,S042_01514,2025-08-15 19:43:35.376862,1,Degraded
reduced_context,kmeans,2,15150,0,C0,1.202781623045261,0.6509951144838813,synnetqos_m_00015151,S042_01515,2025-08-11 09:09:59.854035,0,Not degraded
reduced_context,kmeans,2,15154,1,C1,-0.09690426027309804,3.7102165137066687,synnetqos_m_00015155,S042_01515,2025-08-11 09:13:59.854035,1,Degraded
reduced_context,kmeans,2,15162,0,C0,2.0446895414619264,-1.3383591739353045,synnetqos_m_00015163,S042_01516,2025-08-17 10:11:06.264909,0,Not degraded
reduced_context,kmeans,2,15183,1,C1,0.2842701579329774,-1.0646630592804913,synnetqos_m_00015184,S042_01518,2025-08-11 14:19:15.729804,0,Not degraded
reduced_context,kmeans,2,15188,0,C0,3.1161818972712174,1.9713704926954616,synnetqos_m_00015189,S042_01518,2025-08-11 14:24:15.729804,1,Degraded
reduced_context,kmeans,2,15221,1,C1,-1.8050096068367152,1.8961463816274011,synnetqos_m_00015222,S042_01522,2025-08-01 18:12:39.991608,1,Degraded
reduced_context,kmeans,2,15230,1,C1,-2.6538883418755095,-0.5327999145810915,synnetqos_m_00015231,S042_01523,2025-08-15 13:23:09.346456,1,Degraded
reduced_context,kmeans,2,15243,1,C1,-2.1395034436298297,-0.5078461495240517,synnetqos_m_00015244,S042_01524,2025-07-29 17:05:20.171072,1,Degraded
reduced_context,kmeans,2,15247,1,C1,-2.798650407603487,0.8220966888890794,synnetqos_m_00015248,S042_01524,2025-07-29 17:09:20.171072,1,Degraded
reduced_context,kmeans,2,15254,0,C0,6.540830802122746,-0.13111920336443111,synnetqos_m_00015255,S042_01525,2025-08-16 02:31:18.024042,0,Not degraded
reduced_context,kmeans,2,15258,0,C0,4.908524503433429,-1.6894404483120542,synnetqos_m_00015259,S042_01525,2025-08-16 02:35:18.024042,0,Not degraded
reduced_context,kmeans,2,15282,1,C1,-1.824886944948302,-0.8789284677581206,synnetqos_m_00015283,S042_01528,2025-08-01 01:01:52.165691,1,Degraded
reduced_context,kmeans,2,15294,1,C1,-1.3911129247162237,-0.27593985447550046,synnetqos_m_00015295,S042_01529,2025-08-25 07:00:27.714612,1,Degraded
reduced_context,kmeans,2,15299,1,C1,-1.4101589512722572,-0.16562583692635136,synnetqos_m_00015300,S042_01529,2025-08-25 07:05:27.714612,1,Degraded
reduced_context,kmeans,2,15325,1,C1,-2.6893804610958676,0.546826611254721,synnetqos_m_00015326,S042_01532,2025-08-23 16:58:25.881235,1,Degraded
reduced_context,kmeans,2,15336,1,C1,-1.0984618538464255,-0.0372608577756751,synnetqos_m_00015337,S042_01533,2025-08-23 11:23:40.888425,1,Degraded
reduced_context,kmeans,2,15359,1,C1,-0.9216285763476499,0.9824909865585878,synnetqos_m_00015360,S042_01535,2025-08-24 12:42:58.493487,0,Not degraded
reduced_context,kmeans,2,15362,1,C1,-0.4580008977274221,1.8126955268095895,synnetqos_m_00015363,S042_01536,2025-08-14 08:46:09.045888,1,Degraded
reduced_context,kmeans,2,15363,1,C1,-1.0770468420950352,-0.5079103430592481,synnetqos_m_00015364,S042_01536,2025-08-14 08:47:09.045888,1,Degraded
reduced_context,kmeans,2,15365,1,C1,-0.047218901027074926,3.141208070239603,synnetqos_m_00015366,S042_01536,2025-08-14 08:49:09.045888,1,Degraded
reduced_context,kmeans,2,15369,1,C1,-0.2578519505460634,-0.07154739948717927,synnetqos_m_00015370,S042_01536,2025-08-14 08:53:09.045888,0,Not degraded
reduced_context,kmeans,2,15384,1,C1,-2.1782186429212285,-0.2802472938231286,synnetqos_m_00015385,S042_01538,2025-07-31 02:21:11.039221,1,Degraded
reduced_context,kmeans,2,15390,0,C0,0.8648908837690911,-1.027824363165637,synnetqos_m_00015391,S042_01539,2025-08-21 21:00:03.243631,0,Not degraded
reduced_context,kmeans,2,15395,1,C1,0.004672271176264696,-0.816727851194706,synnetqos_m_00015396,S042_01539,2025-08-21 21:05:03.243631,1,Degraded
reduced_context,kmeans,2,15408,1,C1,-0.8606369636538352,-0.7928196669402775,synnetqos_m_00015409,S042_01540,2025-08-12 19:46:24.177302,1,Degraded
reduced_context,kmeans,2,15460,0,C0,3.8453717027698624,2.0739510934837937,synnetqos_m_00015461,S042_01546,2025-08-20 19:35:36.704108,1,Degraded
reduced_context,kmeans,2,15504,0,C0,1.1481081838205525,2.295782174122852,synnetqos_m_00015505,S042_01550,2025-08-18 16:56:03.582141,1,Degraded
reduced_context,kmeans,2,15506,1,C1,-0.21395086561911378,-0.8609177473878504,synnetqos_m_00015507,S042_01550,2025-08-18 16:58:03.582141,0,Not degraded
reduced_context,kmeans,2,15511,1,C1,0.47921048033275127,1.0049972777317624,synnetqos_m_00015512,S042_01551,2025-08-19 09:08:00.918347,0,Not degraded
reduced_context,kmeans,2,15525,1,C1,-0.6312535290159135,-0.24100557889500912,synnetqos_m_00015526,S042_01552,2025-08-12 18:56:40.285605,1,Degraded
reduced_context,kmeans,2,15526,1,C1,-1.0835942432015064,-0.5264892323249718,synnetqos_m_00015527,S042_01552,2025-08-12 18:57:40.285605,0,Not degraded
reduced_context,kmeans,2,15543,1,C1,0.6649927386896359,-1.6391462917425208,synnetqos_m_00015544,S042_01554,2025-08-08 14:29:34.260400,0,Not degraded
reduced_context,kmeans,2,15576,0,C0,1.0576904253353734,0.7189499737345937,synnetqos_m_00015577,S042_01557,2025-07-31 17:48:46.200849,0,Not degraded
reduced_context,kmeans,2,15583,0,C0,2.193053674392415,-0.12246997468453305,synnetqos_m_00015584,S042_01558,2025-08-22 13:55:56.118848,0,Not degraded
reduced_context,kmeans,2,15593,0,C0,1.9283497855846972,-1.7693630385090067,synnetqos_m_00015594,S042_01559,2025-08-17 12:49:11.885124,0,Not degraded
reduced_context,kmeans,2,15594,0,C0,2.0300716931053375,-1.2101446421924316,synnetqos_m_00015595,S042_01559,2025-08-17 12:50:11.885124,0,Not degraded
reduced_context,kmeans,2,15599,0,C0,1.7287597042761567,-1.8269266030309366,synnetqos_m_00015600,S042_01559,2025-08-17 12:55:11.885124,0,Not degraded
reduced_context,kmeans,2,15600,1,C1,-1.0924029632037398,0.3862248544474144,synnetqos_m_00015601,S042_01560,2025-07-31 22:20:34.997246,1,Degraded
reduced_context,kmeans,2,15602,1,C1,-1.0691010220472388,0.20737680638965098,synnetqos_m_00015603,S042_01560,2025-07-31 22:22:34.997246,1,Degraded
reduced_context,kmeans,2,15605,1,C1,-1.4394248974998745,0.6125993463192453,synnetqos_m_00015606,S042_01560,2025-07-31 22:25:34.997246,1,Degraded
reduced_context,kmeans,2,15624,0,C0,3.177274521789276,3.4966018454756678,synnetqos_m_00015625,S042_01562,2025-07-28 02:55:17.703261,0,Not degraded
reduced_context,kmeans,2,15626,1,C1,0.2464520057697168,0.9498735235007911,synnetqos_m_00015627,S042_01562,2025-07-28 02:57:17.703261,1,Degraded
reduced_context,kmeans,2,15631,1,C1,-1.4657136564424447,-0.8616679220258537,synnetqos_m_00015632,S042_01563,2025-08-01 02:50:26.876198,1,Degraded
reduced_context,kmeans,2,15643,0,C0,1.5946281209291717,-1.5332362895153155,synnetqos_m_00015644,S042_01564,2025-08-11 23:57:10.503542,0,Not degraded
reduced_context,kmeans,2,15644,0,C0,2.1960835826796554,0.3784562087936607,synnetqos_m_00015645,S042_01564,2025-08-11 23:58:10.503542,0,Not degraded
reduced_context,kmeans,2,15652,1,C1,-1.385570041047075,0.006378148017052658,synnetqos_m_00015653,S042_01565,2025-08-04 03:21:40.195565,1,Degraded
reduced_context,kmeans,2,15710,0,C0,2.518909047659766,-0.5962788196701114,synnetqos_m_00015711,S042_01571,2025-08-16 06:12:06.485820,0,Not degraded
reduced_context,kmeans,2,15735,0,C0,1.765761748843636,-0.83608602275347,synnetqos_m_00015736,S042_01573,2025-08-04 07:57:04.394711,0,Not degraded
reduced_context,kmeans,2,15741,1,C1,-2.1982289596777322,-0.10380974493014125,synnetqos_m_00015742,S042_01574,2025-08-11 02:29:35.145990,1,Degraded
reduced_context,kmeans,2,15755,1,C1,-0.4634923317220628,-0.4082861596482379,synnetqos_m_00015756,S042_01575,2025-08-10 16:58:35.496709,0,Not degraded
reduced_context,kmeans,2,15768,1,C1,-0.24245318650980094,-1.178881370241938,synnetqos_m_00015769,S042_01576,2025-08-04 03:28:46.499086,1,Degraded
reduced_context,kmeans,2,15778,0,C0,0.89789786691973,-0.7399083590404049,synnetqos_m_00015779,S042_01577,2025-08-10 15:23:40.025240,0,Not degraded
reduced_context,kmeans,2,15786,1,C1,-1.4088948289822711,-0.8461794432356778,synnetqos_m_00015787,S042_01578,2025-08-08 09:46:36.695457,1,Degraded
reduced_context,kmeans,2,15787,1,C1,-2.1385576753289626,-0.6962834022936727,synnetqos_m_00015788,S042_01578,2025-08-08 09:47:36.695457,1,Degraded
reduced_context,kmeans,2,15791,1,C1,-0.7309918451829979,-0.6433024060738357,synnetqos_m_00015792,S042_01579,2025-08-11 11:17:36.977904,1,Degraded
reduced_context,kmeans,2,15816,1,C1,0.13456480205371604,-0.9074663223368025,synnetqos_m_00015817,S042_01581,2025-08-23 15:08:34.795196,0,Not degraded
reduced_context,kmeans,2,15817,1,C1,-0.46059312767836913,-1.0038473248939164,synnetqos_m_00015818,S042_01581,2025-08-23 15:09:34.795196,1,Degraded
reduced_context,kmeans,2,15884,0,C0,3.373216173363113,0.9679363668377143,synnetqos_m_00015885,S042_01588,2025-08-22 09:02:42.011881,0,Not degraded
reduced_context,kmeans,2,15888,0,C0,4.401828034721314,-0.8247444322190397,synnetqos_m_00015889,S042_01588,2025-08-22 09:06:42.011881,0,Not degraded
reduced_context,kmeans,2,15899,0,C0,2.8514037333067983,3.9815008987993243,synnetqos_m_00015900,S042_01589,2025-08-18 15:31:45.112534,0,Not degraded
reduced_context,kmeans,2,15924,1,C1,-0.19869606202398182,-1.0160947029274117,synnetqos_m_00015925,S042_01592,2025-08-06 09:12:13.494745,1,Degraded
reduced_context,kmeans,2,15933,0,C0,0.8374874772949461,-0.8034835948718113,synnetqos_m_00015934,S042_01593,2025-08-05 14:51:33.769682,0,Not degraded
reduced_context,kmeans,2,15937,0,C0,1.3212902594104472,0.18902462620852586,synnetqos_m_00015938,S042_01593,2025-08-05 14:55:33.769682,0,Not degraded
reduced_context,kmeans,2,15955,1,C1,-1.4814158528842782,-1.048317428830092,synnetqos_m_00015956,S042_01595,2025-07-27 09:02:11.682162,1,Degraded
reduced_context,kmeans,2,15959,1,C1,-1.46188054398495,-0.9265840136331512,synnetqos_m_00015960,S042_01595,2025-07-27 09:06:11.682162,1,Degraded
reduced_context,kmeans,2,15966,0,C0,1.5172487665122845,-0.5810403507229754,synnetqos_m_00015967,S042_01596,2025-08-14 02:30:57.122820,0,Not degraded
reduced_context,kmeans,2,15981,1,C1,-1.6086314004341538,0.6920592824644826,synnetqos_m_00015982,S042_01598,2025-07-26 21:28:43.912938,1,Degraded
reduced_context,kmeans,2,15983,1,C1,-1.2724990274338572,-0.8203274362046674,synnetqos_m_00015984,S042_01598,2025-07-26 21:30:43.912938,1,Degraded
reduced_context,kmeans,2,16006,1,C1,-0.9853631487707935,-0.8357652211104045,synnetqos_m_00016007,S042_01600,2025-08-08 22:28:16.045820,1,Degraded
reduced_context,kmeans,2,16009,1,C1,-1.1343240909321426,0.01583987100368906,synnetqos_m_00016010,S042_01600,2025-08-08 22:31:16.045820,1,Degraded
reduced_context,kmeans,2,16016,1,C1,-1.0302127362680713,-0.02956747359080809,synnetqos_m_00016017,S042_01601,2025-08-15 22:54:53.597641,1,Degraded
reduced_context,kmeans,2,16046,0,C0,0.8287843532193961,-0.9027337354163292,synnetqos_m_00016047,S042_01604,2025-08-11 20:55:40.933834,0,Not degraded
reduced_context,kmeans,2,16060,1,C1,-0.4108956442967934,0.06709786538149984,synnetqos_m_00016061,S042_01606,2025-07-28 16:03:07.731225,0,Not degraded
reduced_context,kmeans,2,16068,1,C1,-0.8045028606299489,0.6549269743682894,synnetqos_m_00016069,S042_01606,2025-07-28 16:11:07.731225,0,Not degraded
reduced_context,kmeans,2,16075,1,C1,-1.2661779603711656,-0.36133829717769755,synnetqos_m_00016076,S042_01607,2025-08-12 00:32:34.602083,1,Degraded
reduced_context,kmeans,2,16099,1,C1,-1.5925889702546636,1.396632692252219,synnetqos_m_00016100,S042_01609,2025-08-21 02:11:41.466364,1,Degraded
reduced_context,kmeans,2,16100,1,C1,0.10053474576698301,-0.5311688956878923,synnetqos_m_00016101,S042_01610,2025-08-08 22:39:48.775141,0,Not degraded
reduced_context,kmeans,2,16102,0,C0,0.7901850869192433,-0.6451081698439132,synnetqos_m_00016103,S042_01610,2025-08-08 22:41:48.775141,0,Not degraded
reduced_context,kmeans,2,16144,1,C1,-0.7096210738810276,-0.39747885859270954,synnetqos_m_00016145,S042_01614,2025-08-07 15:07:45.192607,1,Degraded
reduced_context,kmeans,2,16157,1,C1,-1.2429200671566674,-0.526653105007167,synnetqos_m_00016158,S042_01615,2025-08-07 20:25:46.766257,0,Not degraded
reduced_context,kmeans,2,16197,0,C0,1.6739609906166246,-0.09271388004873463,synnetqos_m_00016198,S042_01619,2025-08-14 19:12:52.101409,0,Not degraded
reduced_context,kmeans,2,16201,1,C1,-0.4684600043918897,-1.0148156711571088,synnetqos_m_00016202,S042_01620,2025-08-18 10:21:15.754111,1,Degraded
reduced_context,kmeans,2,16209,0,C0,1.919740453008601,0.20895634360459145,synnetqos_m_00016210,S042_01620,2025-08-18 10:29:15.754111,0,Not degraded
reduced_context,kmeans,2,16214,0,C0,3.41656271267866,1.0013952319043387,synnetqos_m_00016215,S042_01621,2025-08-08 02:31:21.406992,0,Not degraded
reduced_context,kmeans,2,16238,0,C0,1.634780398348274,0.9990104942627258,synnetqos_m_00016239,S042_01623,2025-08-15 06:48:54.701177,0,Not degraded
reduced_context,kmeans,2,16245,1,C1,-0.9501593222369104,-0.8364807687079172,synnetqos_m_00016246,S042_01624,2025-08-14 07:53:25.594848,1,Degraded
reduced_context,kmeans,2,16270,1,C1,-2.3355834912131805,-0.746006577849865,synnetqos_m_00016271,S042_01627,2025-07-28 11:05:58.172361,1,Degraded
reduced_context,kmeans,2,16272,1,C1,-1.4542210809391225,-0.8677742510843299,synnetqos_m_00016273,S042_01627,2025-07-28 11:07:58.172361,1,Degraded
reduced_context,kmeans,2,16297,1,C1,-1.9875929627816227,-0.9424077147873892,synnetqos_m_00016298,S042_01629,2025-08-01 10:17:57.252880,1,Degraded
reduced_context,kmeans,2,16304,0,C0,1.5937384165354318,2.5750674736139,synnetqos_m_00016305,S042_01630,2025-08-03 20:08:53.846574,0,Not degraded
reduced_context,kmeans,2,16316,1,C1,-0.1763903970008627,1.1848447443977794,synnetqos_m_00016317,S042_01631,2025-08-07 23:54:54.124299,1,Degraded
reduced_context,kmeans,2,16318,0,C0,1.5045478298473196,-0.36029546362638015,synnetqos_m_00016319,S042_01631,2025-08-07 23:56:54.124299,0,Not degraded
reduced_context,kmeans,2,16328,1,C1,-2.4484490439476763,-0.01813181985193823,synnetqos_m_00016329,S042_01632,2025-08-13 21:02:45.823546,1,Degraded
reduced_context,kmeans,2,16330,0,C0,1.5829714853846153,-2.3514021748139973,synnetqos_m_00016331,S042_01633,2025-07-30 00:19:09.227441,0,Not degraded
reduced_context,kmeans,2,16343,1,C1,0.5802006590498436,1.429540296883508,synnetqos_m_00016344,S042_01634,2025-08-06 09:02:47.945649,1,Degraded
reduced_context,kmeans,2,16362,1,C1,-1.6922270141362137,0.49359250736151583,synnetqos_m_00016363,S042_01636,2025-08-06 18:54:23.311387,1,Degraded
reduced_context,kmeans,2,16369,1,C1,-0.11183607953432076,2.328540888281467,synnetqos_m_00016370,S042_01636,2025-08-06 19:01:23.311387,1,Degraded
reduced_context,kmeans,2,16373,1,C1,0.6176657947552762,-1.2342289278077385,synnetqos_m_00016374,S042_01637,2025-07-29 15:08:05.696635,0,Not degraded
reduced_context,kmeans,2,16387,1,C1,-0.4963960517324321,-0.9211004069886187,synnetqos_m_00016388,S042_01638,2025-08-11 19:05:06.051944,1,Degraded
reduced_context,kmeans,2,16394,1,C1,-2.4457858374904244,-0.840167936066845,synnetqos_m_00016395,S042_01639,2025-08-13 01:55:21.320964,1,Degraded
reduced_context,kmeans,2,16396,1,C1,-2.813867145601299,-0.19760634800671814,synnetqos_m_00016397,S042_01639,2025-08-13 01:57:21.320964,1,Degraded
reduced_context,kmeans,2,16399,1,C1,-2.196586635148585,-0.002440901757850618,synnetqos_m_00016400,S042_01639,2025-08-13 02:00:21.320964,1,Degraded
reduced_context,kmeans,2,16417,1,C1,-0.671955625110571,-0.8314689306311072,synnetqos_m_00016418,S042_01641,2025-08-23 13:03:24.424150,1,Degraded
reduced_context,kmeans,2,16421,1,C1,-1.8518711831928933,-0.1858336184795136,synnetqos_m_00016422,S042_01642,2025-08-01 15:03:04.713403,1,Degraded
reduced_context,kmeans,2,16436,1,C1,-0.4721610853662071,5.2854237799148684,synnetqos_m_00016437,S042_01643,2025-07-29 09:47:54.199276,1,Degraded
reduced_context,kmeans,2,16446,0,C0,4.577247866872326,-1.328557170788831,synnetqos_m_00016447,S042_01644,2025-07-31 15:39:09.600169,0,Not degraded
reduced_context,kmeans,2,16462,1,C1,-0.7345445463050599,-0.21403300995654434,synnetqos_m_00016463,S042_01646,2025-08-18 03:17:14.640297,0,Not degraded
reduced_context,kmeans,2,16467,1,C1,-0.8395100977061823,-0.0416239232632766,synnetqos_m_00016468,S042_01646,2025-08-18 03:22:14.640297,1,Degraded
reduced_context,kmeans,2,16480,1,C1,-1.1190918209448877,0.08213039142760742,synnetqos_m_00016481,S042_01648,2025-07-31 10:58:17.007159,1,Degraded
reduced_context,kmeans,2,16483,1,C1,-0.9282840907687766,-0.608113251681951,synnetqos_m_00016484,S042_01648,2025-07-31 11:01:17.007159,0,Not degraded
reduced_context,kmeans,2,16488,1,C1,0.0009692448817654256,4.401416044439249,synnetqos_m_00016489,S042_01648,2025-07-31 11:06:17.007159,1,Degraded
reduced_context,kmeans,2,16490,1,C1,-1.3016308984882317,-0.17128678864826072,synnetqos_m_00016491,S042_01649,2025-08-09 00:19:10.578153,1,Degraded
reduced_context,kmeans,2,16496,0,C0,1.0974172695854743,-1.1568605210751888,synnetqos_m_00016497,S042_01649,2025-08-09 00:25:10.578153,0,Not degraded
reduced_context,kmeans,2,16500,1,C1,-1.0120940987613893,-0.29783455851410695,synnetqos_m_00016501,S042_01650,2025-08-01 13:08:56.394641,1,Degraded
reduced_context,kmeans,2,16511,0,C0,2.4271960895339504,1.834242654196936,synnetqos_m_00016512,S042_01651,2025-07-28 13:16:21.070796,0,Not degraded
reduced_context,kmeans,2,16517,0,C0,1.2853291782791194,-1.3919137938108268,synnetqos_m_00016518,S042_01651,2025-07-28 13:22:21.070796,0,Not degraded
reduced_context,kmeans,2,16551,0,C0,1.5367897693481045,0.2635638101047581,synnetqos_m_00016552,S042_01655,2025-08-08 08:42:43.038709,0,Not degraded
reduced_context,kmeans,2,16552,0,C0,1.6936223201296898,-0.6432434583527403,synnetqos_m_00016553,S042_01655,2025-08-08 08:43:43.038709,0,Not degraded
reduced_context,kmeans,2,16553,1,C1,0.01878990276959768,0.07756262639356235,synnetqos_m_00016554,S042_01655,2025-08-08 08:44:43.038709,0,Not degraded
reduced_context,kmeans,2,16562,1,C1,-0.3396724380164085,2.901096129243398,synnetqos_m_00016563,S042_01656,2025-08-05 08:12:15.313758,1,Degraded
reduced_context,kmeans,2,16563,1,C1,-0.6141954828241237,-0.4328718095875815,synnetqos_m_00016564,S042_01656,2025-08-05 08:13:15.313758,1,Degraded
reduced_context,kmeans,2,16580,1,C1,-1.7847024145533026,-0.8313916408954523,synnetqos_m_00016581,S042_01658,2025-08-16 00:34:57.686452,0,Not degraded
reduced_context,kmeans,2,16597,1,C1,-3.0058334754251446,0.15979723399536364,synnetqos_m_00016598,S042_01659,2025-08-16 04:26:01.540332,1,Degraded
reduced_context,kmeans,2,16598,1,C1,-2.97228963764652,-0.07919181058115093,synnetqos_m_00016599,S042_01659,2025-08-16 04:27:01.540332,1,Degraded
reduced_context,kmeans,2,16611,1,C1,-0.2858150802201832,-0.11179414725960213,synnetqos_m_00016612,S042_01661,2025-07-31 04:40:41.057506,0,Not degraded
reduced_context,kmeans,2,16618,1,C1,0.009388385938576216,0.501359897350323,synnetqos_m_00016619,S042_01661,2025-07-31 04:47:41.057506,0,Not degraded
reduced_context,kmeans,2,16637,1,C1,-0.8693965816121545,-0.4200488997879399,synnetqos_m_00016638,S042_01663,2025-08-11 09:54:41.599327,1,Degraded
reduced_context,kmeans,2,16642,1,C1,-0.3568450096954847,1.9175227946800413,synnetqos_m_00016643,S042_01664,2025-08-12 23:02:13.872673,1,Degraded
reduced_context,kmeans,2,16646,1,C1,-0.9020854163394134,-0.5946408468533928,synnetqos_m_00016647,S042_01664,2025-08-12 23:06:13.872673,0,Not degraded
reduced_context,kmeans,2,16648,1,C1,-0.7320341127145541,-0.05760792605050168,synnetqos_m_00016649,S042_01664,2025-08-12 23:08:13.872673,0,Not degraded
reduced_context,kmeans,2,16661,1,C1,-0.4144324479101503,-0.7056730844473684,synnetqos_m_00016662,S042_01666,2025-08-23 15:24:51.575686,0,Not degraded
reduced_context,kmeans,2,16682,1,C1,-0.6172244190444859,-0.5622503489093131,synnetqos_m_00016683,S042_01668,2025-08-10 12:56:58.787078,0,Not degraded
reduced_context,kmeans,2,16694,1,C1,0.4459479650601082,2.152064603237546,synnetqos_m_00016695,S042_01669,2025-08-03 18:44:53.686207,1,Degraded
reduced_context,kmeans,2,16702,1,C1,-2.1016477360342285,-0.858730957204307,synnetqos_m_00016703,S042_01670,2025-08-23 02:09:02.717143,1,Degraded
reduced_context,kmeans,2,16704,1,C1,-1.5228576092230592,-0.3252185207675327,synnetqos_m_00016705,S042_01670,2025-08-23 02:11:02.717143,1,Degraded
reduced_context,kmeans,2,16707,1,C1,-3.133936475103763,-0.134782773897795,synnetqos_m_00016708,S042_01670,2025-08-23 02:14:02.717143,1,Degraded
reduced_context,kmeans,2,16729,1,C1,-2.3116909208444962,0.04772623470101601,synnetqos_m_00016730,S042_01672,2025-07-28 08:07:27.184656,1,Degraded
reduced_context,kmeans,2,16741,1,C1,-1.935568586888379,-0.5193315805122987,synnetqos_m_00016742,S042_01674,2025-08-23 03:50:06.407983,1,Degraded
reduced_context,kmeans,2,16749,0,C0,4.968572599757172,4.38070865967957,synnetqos_m_00016750,S042_01674,2025-08-23 03:58:06.407983,0,Not degraded
reduced_context,kmeans,2,16756,0,C0,4.033615776077346,-0.3472887619507729,synnetqos_m_00016757,S042_01675,2025-08-12 20:28:35.873392,0,Not degraded
reduced_context,kmeans,2,16760,1,C1,0.1867448797909327,0.742529769483566,synnetqos_m_00016761,S042_01676,2025-07-29 02:37:33.109686,1,Degraded
reduced_context,kmeans,2,16799,0,C0,8.024996282848678,2.489856611953454,synnetqos_m_00016800,S042_01679,2025-08-02 00:00:32.763887,0,Not degraded
reduced_context,kmeans,2,16807,0,C0,0.8546435599061665,1.745146130224771,synnetqos_m_00016808,S042_01680,2025-07-28 01:16:24.539949,1,Degraded
reduced_context,kmeans,2,16856,1,C1,0.21319867931664396,0.15358793041160168,synnetqos_m_00016857,S042_01685,2025-08-08 07:25:29.033022,0,Not degraded
reduced_context,kmeans,2,16864,0,C0,1.9904400036863652,-0.022527617863483333,synnetqos_m_00016865,S042_01686,2025-08-19 03:18:03.840416,1,Degraded
reduced_context,kmeans,2,16877,0,C0,2.2900829372571487,0.08076765872876876,synnetqos_m_00016878,S042_01687,2025-08-14 02:22:47.612084,0,Not degraded
reduced_context,kmeans,2,16917,0,C0,1.4441556844090644,-0.4392868629813081,synnetqos_m_00016918,S042_01691,2025-07-27 09:35:48.613616,0,Not degraded
reduced_context,kmeans,2,16919,0,C0,0.8225727314428991,-1.1494645550412221,synnetqos_m_00016920,S042_01691,2025-07-27 09:37:48.613616,0,Not degraded
reduced_context,kmeans,2,16936,1,C1,-0.7276512566159933,-0.5909314549515122,synnetqos_m_00016937,S042_01693,2025-08-21 01:28:59.560843,0,Not degraded
reduced_context,kmeans,2,16939,1,C1,-1.628584311073885,-0.39902639419317876,synnetqos_m_00016940,S042_01693,2025-08-21 01:31:59.560843,0,Not degraded
reduced_context,kmeans,2,16944,0,C0,0.6787530840400853,-1.084647511015031,synnetqos_m_00016945,S042_01694,2025-08-22 14:06:46.713027,0,Not degraded
reduced_context,kmeans,2,16957,1,C1,-1.9295985906624118,0.31238979326211963,synnetqos_m_00016958,S042_01695,2025-08-25 04:46:47.307693,1,Degraded
reduced_context,kmeans,2,16970,0,C0,2.222550125207939,-0.15379459233982243,synnetqos_m_00016971,S042_01697,2025-08-14 16:46:33.476650,0,Not degraded
reduced_context,kmeans,2,16982,1,C1,0.684542560860108,-1.1753089512672104,synnetqos_m_00016983,S042_01698,2025-08-16 04:27:50.487773,0,Not degraded
reduced_context,kmeans,2,16985,0,C0,0.7306948469099273,-1.5262031437350967,synnetqos_m_00016986,S042_01698,2025-08-16 04:30:50.487773,0,Not degraded
reduced_context,kmeans,2,16987,1,C1,0.5830349129076904,-0.7811128199307845,synnetqos_m_00016988,S042_01698,2025-08-16 04:32:50.487773,0,Not degraded
reduced_context,kmeans,2,16994,1,C1,-1.708665654026836,0.66201181322709,synnetqos_m_00016995,S042_01699,2025-08-06 09:08:38.091562,1,Degraded
reduced_context,kmeans,2,16996,0,C0,1.1482424594855798,0.0483384260832398,synnetqos_m_00016997,S042_01699,2025-08-06 09:10:38.091562,0,Not degraded
reduced_context,kmeans,2,16999,1,C1,-1.8552008444030068,0.0396000449667867,synnetqos_m_00017000,S042_01699,2025-08-06 09:13:38.091562,1,Degraded
reduced_context,kmeans,2,17018,1,C1,0.6707557894993794,-0.9236049693915085,synnetqos_m_00017019,S042_01701,2025-08-14 02:30:00.610000,0,Not degraded
reduced_context,kmeans,2,17036,1,C1,0.45493776331020186,-1.1787865701767144,synnetqos_m_00017037,S042_01703,2025-08-08 16:51:43.199548,0,Not degraded
reduced_context,kmeans,2,17040,0,C0,0.5215259183080043,0.14420307053469414,synnetqos_m_00017041,S042_01704,2025-08-07 04:34:56.024029,0,Not degraded
reduced_context,kmeans,2,17047,1,C1,-2.197879856010001,-0.1799799575238098,synnetqos_m_00017048,S042_01704,2025-08-07 04:41:56.024029,1,Degraded
reduced_context,kmeans,2,17050,1,C1,-0.4796513764141231,-0.8381387656226019,synnetqos_m_00017051,S042_01705,2025-08-01 21:47:02.033021,1,Degraded
reduced_context,kmeans,2,17062,1,C1,-0.5303867374998857,-0.5245646293353174,synnetqos_m_00017063,S042_01706,2025-08-02 11:46:55.681947,0,Not degraded
reduced_context,kmeans,2,17068,1,C1,-0.16475898538972852,1.4756019345733544,synnetqos_m_00017069,S042_01706,2025-08-02 11:52:55.681947,1,Degraded
reduced_context,kmeans,2,17073,0,C0,0.8189090159576167,0.7459177651542448,synnetqos_m_00017074,S042_01707,2025-08-07 22:51:02.421957,0,Not degraded
reduced_context,kmeans,2,17074,1,C1,-0.09999448591285315,-0.1887513526778436,synnetqos_m_00017075,S042_01707,2025-08-07 22:52:02.421957,0,Not degraded
reduced_context,kmeans,2,17080,1,C1,-0.5733184425370165,1.6004959976586681,synnetqos_m_00017081,S042_01708,2025-08-12 04:58:44.787690,1,Degraded
reduced_context,kmeans,2,17092,1,C1,-0.6145146236404118,-0.7388256273582677,synnetqos_m_00017093,S042_01709,2025-07-28 04:05:37.284443,1,Degraded
reduced_context,kmeans,2,17121,1,C1,-1.5956588643310752,0.46915100285604505,synnetqos_m_00017122,S042_01712,2025-08-10 16:04:39.978947,1,Degraded
reduced_context,kmeans,2,17135,0,C0,4.6277415869097975,4.6438189854911585,synnetqos_m_00017136,S042_01713,2025-08-10 00:26:03.823474,0,Not degraded
reduced_context,kmeans,2,17163,1,C1,-1.5883956110671977,-0.5743119544782295,synnetqos_m_00017164,S042_01716,2025-08-24 11:10:28.314384,1,Degraded
reduced_context,kmeans,2,17171,0,C0,2.5460241742203715,1.608037548069803,synnetqos_m_00017172,S042_01717,2025-08-24 08:22:45.927590,0,Not degraded
reduced_context,kmeans,2,17177,0,C0,1.32569041062969,-0.9834622162876216,synnetqos_m_00017178,S042_01717,2025-08-24 08:28:45.927590,0,Not degraded
reduced_context,kmeans,2,17197,1,C1,-1.1214740979130229,-0.47739488190375057,synnetqos_m_00017198,S042_01719,2025-08-14 18:27:21.700670,1,Degraded
reduced_context,kmeans,2,17214,0,C0,3.6026160756702503,1.504428411759293,synnetqos_m_00017215,S042_01721,2025-08-22 07:37:07.574074,0,Not degraded
reduced_context,kmeans,2,17215,0,C0,2.873169767518355,1.9664399253681326,synnetqos_m_00017216,S042_01721,2025-08-22 07:38:07.574074,0,Not degraded
reduced_context,kmeans,2,17228,1,C1,-1.941627527335098,1.4219377516837335,synnetqos_m_00017229,S042_01722,2025-08-20 03:54:09.613836,1,Degraded
reduced_context,kmeans,2,17229,1,C1,-2.188435135987976,-0.039050178218447716,synnetqos_m_00017230,S042_01722,2025-08-20 03:55:09.613836,1,Degraded
reduced_context,kmeans,2,17244,1,C1,-0.32610346709614735,-0.6194835399545812,synnetqos_m_00017245,S042_01724,2025-08-11 14:45:36.876621,0,Not degraded
reduced_context,kmeans,2,17272,1,C1,-0.6576816254616898,-0.6758037752281599,synnetqos_m_00017273,S042_01727,2025-08-06 08:49:06.607785,1,Degraded
reduced_context,kmeans,2,17291,1,C1,-0.04536175512613636,-1.0258312303156758,synnetqos_m_00017292,S042_01729,2025-08-10 19:02:17.911632,0,Not degraded
reduced_context,kmeans,2,17294,0,C0,2.3108736368528073,-0.4315733863380767,synnetqos_m_00017295,S042_01729,2025-08-10 19:05:17.911632,0,Not degraded
reduced_context,kmeans,2,17301,0,C0,1.218559192332762,1.6012501280618456,synnetqos_m_00017302,S042_01730,2025-08-06 09:57:16.195213,0,Not degraded
reduced_context,kmeans,2,17313,1,C1,-0.7838461762514486,-0.6783112964650974,synnetqos_m_00017314,S042_01731,2025-08-07 02:56:22.281688,1,Degraded
reduced_context,kmeans,2,17318,0,C0,2.592538028160431,-1.1611340975488647,synnetqos_m_00017319,S042_01731,2025-08-07 03:01:22.281688,0,Not degraded
reduced_context,kmeans,2,17331,0,C0,0.9185017182089266,-1.3034042661258545,synnetqos_m_00017332,S042_01733,2025-08-19 06:15:02.086018,0,Not degraded
reduced_context,kmeans,2,17335,0,C0,1.193983934550448,-1.4627480192552451,synnetqos_m_00017336,S042_01733,2025-08-19 06:19:02.086018,0,Not degraded
reduced_context,kmeans,2,17349,1,C1,-0.361839501595004,1.2462123510272962,synnetqos_m_00017350,S042_01734,2025-08-17 06:28:46.062584,1,Degraded
reduced_context,kmeans,2,17376,1,C1,-2.358885940267933,-0.4385680449488434,synnetqos_m_00017377,S042_01737,2025-08-16 03:10:21.678766,1,Degraded
reduced_context,kmeans,2,17377,1,C1,-2.2647118738725895,-0.010457653477007271,synnetqos_m_00017378,S042_01737,2025-08-16 03:11:21.678766,1,Degraded
reduced_context,kmeans,2,17390,1,C1,-1.322301790210801,-1.196413588035517,synnetqos_m_00017391,S042_01739,2025-07-31 14:01:45.403379,1,Degraded
reduced_context,kmeans,2,17395,1,C1,-0.19953101600695058,-1.8852821268942999,synnetqos_m_00017396,S042_01739,2025-07-31 14:06:45.403379,1,Degraded
reduced_context,kmeans,2,17411,1,C1,0.3263366291551086,-0.9432448170425694,synnetqos_m_00017412,S042_01741,2025-08-10 20:07:47.680648,0,Not degraded
reduced_context,kmeans,2,17414,0,C0,0.8015428111297147,0.3787074790882911,synnetqos_m_00017415,S042_01741,2025-08-10 20:10:47.680648,0,Not degraded
reduced_context,kmeans,2,17418,0,C0,1.5777916888848686,0.6956250973952252,synnetqos_m_00017419,S042_01741,2025-08-10 20:14:47.680648,0,Not degraded
reduced_context,kmeans,2,17431,0,C0,2.0950483539457294,0.34719817560022054,synnetqos_m_00017432,S042_01743,2025-07-31 11:21:04.509858,0,Not degraded
reduced_context,kmeans,2,17440,1,C1,-0.8475719360652171,-0.22047710994052008,synnetqos_m_00017441,S042_01744,2025-08-18 05:57:54.332970,1,Degraded
reduced_context,kmeans,2,17458,0,C0,1.3687558910921036,0.11100326763171847,synnetqos_m_00017459,S042_01745,2025-07-28 04:39:56.463724,0,Not degraded
reduced_context,kmeans,2,17477,1,C1,-2.342088880073888,0.8593111128469867,synnetqos_m_00017478,S042_01747,2025-07-31 08:45:31.827631,1,Degraded
reduced_context,kmeans,2,17494,1,C1,-0.17457341923740935,-0.261846242027908,synnetqos_m_00017495,S042_01749,2025-08-16 20:49:14.334985,0,Not degraded
reduced_context,kmeans,2,17515,1,C1,0.1438955457376453,-0.4513223954494514,synnetqos_m_00017516,S042_01751,2025-08-07 06:05:37.284923,0,Not degraded
reduced_context,kmeans,2,17531,1,C1,-1.5999478105130818,-0.6221852580029251,synnetqos_m_00017532,S042_01753,2025-08-01 10:32:38.725779,1,Degraded
reduced_context,kmeans,2,17532,1,C1,-1.3867450269419834,-1.0847832719953558,synnetqos_m_00017533,S042_01753,2025-08-01 10:33:38.725779,1,Degraded
reduced_context,kmeans,2,17535,1,C1,-1.5898928559273935,-0.47106156071289146,synnetqos_m_00017536,S042_01753,2025-08-01 10:36:38.725779,1,Degraded
reduced_context,kmeans,2,17537,1,C1,-0.1472382028681716,-1.1487968313670123,synnetqos_m_00017538,S042_01753,2025-08-01 10:38:38.725779,0,Not degraded
reduced_context,kmeans,2,17556,1,C1,-1.2785533214906097,1.6206943891531458,synnetqos_m_00017557,S042_01755,2025-08-13 18:10:19.779373,1,Degraded
reduced_context,kmeans,2,17558,1,C1,-0.2695140510402251,-0.44093945418614283,synnetqos_m_00017559,S042_01755,2025-08-13 18:12:19.779373,0,Not degraded
reduced_context,kmeans,2,17583,1,C1,-1.4734975580090146,-0.6797322183915393,synnetqos_m_00017584,S042_01758,2025-08-23 14:48:18.401216,1,Degraded
reduced_context,kmeans,2,17593,0,C0,4.255605372149173,-1.5866754136326562,synnetqos_m_00017594,S042_01759,2025-08-10 12:45:00.404213,0,Not degraded
reduced_context,kmeans,2,17604,0,C0,4.253289760195623,-2.978107553233057,synnetqos_m_00017605,S042_01760,2025-08-22 00:55:03.389548,0,Not degraded
reduced_context,kmeans,2,17621,1,C1,-0.2642643354349601,-1.3640624610025844,synnetqos_m_00017622,S042_01762,2025-08-22 03:37:51.917648,0,Not degraded
reduced_context,kmeans,2,17640,1,C1,-2.1027001514863564,3.2951644145023113,synnetqos_m_00017641,S042_01764,2025-08-10 18:58:18.784935,1,Degraded
reduced_context,kmeans,2,17664,1,C1,-0.4098401551424792,-1.469505424578393,synnetqos_m_00017665,S042_01766,2025-07-30 00:27:17.119351,0,Not degraded
reduced_context,kmeans,2,17678,0,C0,1.2463748616960768,2.520459667120818,synnetqos_m_00017679,S042_01767,2025-08-14 07:40:27.251248,0,Not degraded
reduced_context,kmeans,2,17680,1,C1,-2.98914240079618,0.359986264543259,synnetqos_m_00017681,S042_01768,2025-08-11 22:00:51.794285,1,Degraded
reduced_context,kmeans,2,17689,1,C1,-2.142667306486152,2.2745632205123156,synnetqos_m_00017690,S042_01768,2025-08-11 22:09:51.794285,1,Degraded
reduced_context,kmeans,2,17702,0,C0,4.514664218164187,-0.7074521962321836,synnetqos_m_00017703,S042_01770,2025-08-18 10:39:07.250885,0,Not degraded
reduced_context,kmeans,2,17714,1,C1,-1.4713612421445437,-0.7538765719430421,synnetqos_m_00017715,S042_01771,2025-08-02 10:18:38.023265,1,Degraded
reduced_context,kmeans,2,17723,1,C1,0.03159570855906071,-1.0200258989966764,synnetqos_m_00017724,S042_01772,2025-08-01 17:02:51.067328,0,Not degraded
reduced_context,kmeans,2,17732,1,C1,0.10088906915610743,-0.764334381709798,synnetqos_m_00017733,S042_01773,2025-08-07 02:11:41.800304,0,Not degraded
reduced_context,kmeans,2,17742,1,C1,-2.119997120934949,0.16606081585211346,synnetqos_m_00017743,S042_01774,2025-08-21 06:12:16.929242,1,Degraded
reduced_context,kmeans,2,17759,1,C1,0.2861563743631155,-0.9451028355082687,synnetqos_m_00017760,S042_01775,2025-08-03 21:26:00.647327,0,Not degraded
reduced_context,kmeans,2,17795,0,C0,1.3481786305171373,-1.2472599165751934,synnetqos_m_00017796,S042_01779,2025-08-05 21:56:26.249560,0,Not degraded
reduced_context,kmeans,2,17812,0,C0,3.5844860199899125,2.923796046808502,synnetqos_m_00017813,S042_01781,2025-08-21 20:27:42.898739,0,Not degraded
reduced_context,kmeans,2,17832,0,C0,0.6360795301727298,0.9206043985335538,synnetqos_m_00017833,S042_01783,2025-08-05 01:51:43.824812,0,Not degraded
reduced_context,kmeans,2,17834,1,C1,-1.033681477966746,-0.5578782624720188,synnetqos_m_00017835,S042_01783,2025-08-05 01:53:43.824812,0,Not degraded
reduced_context,kmeans,2,17835,1,C1,-0.42007162109275903,-0.12379444488059246,synnetqos_m_00017836,S042_01783,2025-08-05 01:54:43.824812,0,Not degraded
reduced_context,kmeans,2,17843,0,C0,1.5682920886202116,-0.8235368491514503,synnetqos_m_00017844,S042_01784,2025-08-17 02:07:33.537805,0,Not degraded
reduced_context,kmeans,2,17848,1,C1,-0.8022580750679035,-0.8850048028883211,synnetqos_m_00017849,S042_01784,2025-08-17 02:12:33.537805,1,Degraded
reduced_context,kmeans,2,17849,1,C1,-0.29439650342265256,0.9349431046125912,synnetqos_m_00017850,S042_01784,2025-08-17 02:13:33.537805,1,Degraded
reduced_context,kmeans,2,17868,0,C0,1.303375230847057,0.8492089678224464,synnetqos_m_00017869,S042_01786,2025-07-31 08:19:20.523776,1,Degraded
reduced_context,kmeans,2,17908,0,C0,2.0730771880434937,-0.2659006712153715,synnetqos_m_00017909,S042_01790,2025-07-27 10:56:06.133374,0,Not degraded
reduced_context,kmeans,2,17915,1,C1,0.3259088017379185,-0.8373676940064332,synnetqos_m_00017916,S042_01791,2025-07-31 01:24:25.515902,0,Not degraded
reduced_context,kmeans,2,17921,1,C1,0.3430070166474068,0.11587701197192676,synnetqos_m_00017922,S042_01792,2025-08-24 08:20:48.262273,0,Not degraded
reduced_context,kmeans,2,17924,1,C1,-0.30466049086312985,-0.3495565426874544,synnetqos_m_00017925,S042_01792,2025-08-24 08:23:48.262273,0,Not degraded
reduced_context,kmeans,2,17928,1,C1,-0.7236977223370467,-0.9087458778584543,synnetqos_m_00017929,S042_01792,2025-08-24 08:27:48.262273,0,Not degraded
reduced_context,kmeans,2,17929,1,C1,-0.6069761293744929,-0.6071104572381244,synnetqos_m_00017930,S042_01792,2025-08-24 08:28:48.262273,1,Degraded
reduced_context,kmeans,2,17934,1,C1,-0.9402460813270421,-0.427412408973756,synnetqos_m_00017935,S042_01793,2025-08-07 04:16:01.228609,0,Not degraded
reduced_context,kmeans,2,17946,1,C1,-0.9170060993561077,-0.6722574741621999,synnetqos_m_00017947,S042_01794,2025-08-15 09:03:14.504100,1,Degraded
reduced_context,kmeans,2,17972,1,C1,0.09942976889044164,-1.893318257201411,synnetqos_m_00017973,S042_01797,2025-07-29 23:36:20.739723,1,Degraded
reduced_context,kmeans,2,17974,0,C0,1.3861038903920613,-2.376592161790794,synnetqos_m_00017975,S042_01797,2025-07-29 23:38:20.739723,0,Not degraded
reduced_context,kmeans,2,17976,1,C1,-0.17540461794301757,-1.4899709646113446,synnetqos_m_00017977,S042_01797,2025-07-29 23:40:20.739723,0,Not degraded
reduced_context,kmeans,2,17983,1,C1,-0.675235953889147,-0.6532730181089459,synnetqos_m_00017984,S042_01798,2025-07-26 23:06:07.181798,0,Not degraded
reduced_context,kmeans,2,17985,1,C1,-1.4213173087807351,0.46835756564263165,synnetqos_m_00017986,S042_01798,2025-07-26 23:08:07.181798,1,Degraded
reduced_context,kmeans,2,17995,1,C1,-2.3009150571226478,0.13987120388845187,synnetqos_m_00017996,S042_01799,2025-08-17 19:00:57.542631,1,Degraded
reduced_context,kmeans,2,18011,1,C1,0.5422245641363292,-1.0156063614367976,synnetqos_m_00018012,S042_01801,2025-08-16 04:00:15.373462,0,Not degraded
reduced_context,kmeans,2,18022,0,C0,2.3988092234495766,-2.313642563810771,synnetqos_m_00018023,S042_01802,2025-07-30 18:13:38.196360,0,Not degraded
reduced_context,kmeans,2,18025,0,C0,3.498524913319753,-1.4498436928760097,synnetqos_m_00018026,S042_01802,2025-07-30 18:16:38.196360,0,Not degraded
reduced_context,kmeans,2,18027,0,C0,1.016052401230939,-1.1696614196466695,synnetqos_m_00018028,S042_01802,2025-07-30 18:18:38.196360,0,Not degraded
reduced_context,kmeans,2,18029,0,C0,3.660084207827636,-3.0512857235323927,synnetqos_m_00018030,S042_01802,2025-07-30 18:20:38.196360,0,Not degraded
reduced_context,kmeans,2,18039,1,C1,-0.008746113248885613,-0.4934264122651082,synnetqos_m_00018040,S042_01803,2025-08-09 23:03:28.243234,1,Degraded
reduced_context,kmeans,2,18055,1,C1,-2.7749142271495204,-0.18577283048611962,synnetqos_m_00018056,S042_01805,2025-08-15 23:01:01.100682,1,Degraded
reduced_context,kmeans,2,18056,1,C1,-2.672729209002115,-0.5401146456407602,synnetqos_m_00018057,S042_01805,2025-08-15 23:02:01.100682,1,Degraded
reduced_context,kmeans,2,18072,1,C1,-0.2057224274889074,-0.908444607546367,synnetqos_m_00018073,S042_01807,2025-08-09 21:50:05.522744,1,Degraded
reduced_context,kmeans,2,18084,1,C1,-2.9134337507472488,-0.08589305452089281,synnetqos_m_00018085,S042_01808,2025-07-29 03:06:46.623203,1,Degraded
reduced_context,kmeans,2,18090,1,C1,0.39236891992449685,0.16640705512911078,synnetqos_m_00018091,S042_01809,2025-08-09 11:40:08.254441,0,Not degraded
reduced_context,kmeans,2,18091,1,C1,-1.3089741113609348,-0.4615268617376327,synnetqos_m_00018092,S042_01809,2025-08-09 11:41:08.254441,1,Degraded
reduced_context,kmeans,2,18106,1,C1,0.15187444638622002,-0.01854086666358417,synnetqos_m_00018107,S042_01810,2025-07-26 03:54:09.426133,0,Not degraded
reduced_context,kmeans,2,18118,1,C1,-0.7133229833455957,-1.1789734943651564,synnetqos_m_00018119,S042_01811,2025-07-31 17:44:32.390613,1,Degraded
reduced_context,kmeans,2,18161,1,C1,-1.8486694070170653,-0.6401960200151371,synnetqos_m_00018162,S042_01816,2025-08-21 18:38:02.783623,1,Degraded
reduced_context,kmeans,2,18185,1,C1,-1.8998793771627807,0.05234327340547603,synnetqos_m_00018186,S042_01818,2025-08-11 07:44:56.674519,1,Degraded
reduced_context,kmeans,2,18208,1,C1,-0.41725413597802685,0.04513339821541256,synnetqos_m_00018209,S042_01820,2025-08-09 08:13:17.676545,1,Degraded
reduced_context,kmeans,2,18212,1,C1,-1.042759779389479,-0.6822221990056067,synnetqos_m_00018213,S042_01821,2025-08-06 10:41:00.264043,0,Not degraded
reduced_context,kmeans,2,18231,0,C0,5.5295385067154985,-1.5896024972664593,synnetqos_m_00018232,S042_01823,2025-08-04 03:25:32.608779,0,Not degraded
reduced_context,kmeans,2,18247,1,C1,-2.5609412144010224,-0.1342731098105579,synnetqos_m_00018248,S042_01824,2025-08-23 02:20:48.296077,1,Degraded
reduced_context,kmeans,2,18248,1,C1,-1.3531132174174247,2.6125094979042314,synnetqos_m_00018249,S042_01824,2025-08-23 02:21:48.296077,1,Degraded
reduced_context,kmeans,2,18287,1,C1,-2.404392372125214,0.5117014793101606,synnetqos_m_00018288,S042_01828,2025-08-22 17:40:27.002815,1,Degraded
reduced_context,kmeans,2,18308,1,C1,-0.2806095407787747,-0.7689471662817061,synnetqos_m_00018309,S042_01830,2025-07-28 14:51:21.572636,1,Degraded
reduced_context,kmeans,2,18310,0,C0,1.618607042692932,-1.037325499935802,synnetqos_m_00018311,S042_01831,2025-08-13 02:21:03.305669,0,Not degraded
reduced_context,kmeans,2,18324,1,C1,0.06311528974333958,-1.082546638449359,synnetqos_m_00018325,S042_01832,2025-08-19 13:07:35.900565,1,Degraded
reduced_context,kmeans,2,18325,1,C1,0.6456029150872027,-1.3515498524949034,synnetqos_m_00018326,S042_01832,2025-08-19 13:08:35.900565,0,Not degraded
reduced_context,kmeans,2,18337,1,C1,-2.2260497019990297,0.07057485871660368,synnetqos_m_00018338,S042_01833,2025-08-06 09:11:32.945551,1,Degraded
reduced_context,kmeans,2,18345,1,C1,0.0837426494275133,0.8944992595039628,synnetqos_m_00018346,S042_01834,2025-08-24 08:22:31.511688,0,Not degraded
reduced_context,kmeans,2,18351,0,C0,1.5337942165505571,-1.4370708456197008,synnetqos_m_00018352,S042_01835,2025-08-16 19:01:21.905499,0,Not degraded
reduced_context,kmeans,2,18353,0,C0,1.3862988273263492,-0.756872682135111,synnetqos_m_00018354,S042_01835,2025-08-16 19:03:21.905499,0,Not degraded
reduced_context,kmeans,2,18363,1,C1,0.4659011056937705,-0.8203934087907331,synnetqos_m_00018364,S042_01836,2025-08-24 23:10:46.779608,0,Not degraded
reduced_context,kmeans,2,18374,0,C0,4.172272751899952,-1.7316591527918181,synnetqos_m_00018375,S042_01837,2025-08-05 15:09:44.102800,0,Not degraded
reduced_context,kmeans,2,18384,0,C0,1.3974664261992737,-0.3250460815056267,synnetqos_m_00018385,S042_01838,2025-08-18 19:42:55.896994,0,Not degraded
reduced_context,kmeans,2,18388,0,C0,1.3479717602903485,-1.4222945659251947,synnetqos_m_00018389,S042_01838,2025-08-18 19:46:55.896994,0,Not degraded
reduced_context,kmeans,2,18394,0,C0,6.104466072606248,-2.9480522102117344,synnetqos_m_00018395,S042_01839,2025-08-12 15:52:53.476752,0,Not degraded
reduced_context,kmeans,2,18428,1,C1,0.18385470349602648,2.341138882310377,synnetqos_m_00018429,S042_01842,2025-08-17 00:04:44.289673,1,Degraded
reduced_context,kmeans,2,18441,0,C0,0.607566457920625,-0.8013514528549037,synnetqos_m_00018442,S042_01844,2025-08-12 00:22:24.306381,0,Not degraded
reduced_context,kmeans,2,18444,1,C1,0.010427159374796865,-0.8606636639443233,synnetqos_m_00018445,S042_01844,2025-08-12 00:25:24.306381,0,Not degraded
reduced_context,kmeans,2,18459,1,C1,-1.2970857161782414,0.22190633165619547,synnetqos_m_00018460,S042_01845,2025-08-23 18:07:52.478168,1,Degraded
reduced_context,kmeans,2,18466,0,C0,2.3563690377966764,-0.7828523591455506,synnetqos_m_00018467,S042_01846,2025-08-15 08:54:07.212620,0,Not degraded
reduced_context,kmeans,2,18469,0,C0,1.0002641809056771,-1.1364061789669822,synnetqos_m_00018470,S042_01846,2025-08-15 08:57:07.212620,0,Not degraded
reduced_context,kmeans,2,18473,1,C1,-0.8403499781564413,0.9424871190778945,synnetqos_m_00018474,S042_01847,2025-08-13 14:48:05.312177,0,Not degraded
reduced_context,kmeans,2,18485,1,C1,-1.4737306351273523,1.5431365771716188,synnetqos_m_00018486,S042_01848,2025-08-03 03:36:13.893109,1,Degraded
reduced_context,kmeans,2,18493,0,C0,5.504376856320665,0.6555071898391033,synnetqos_m_00018494,S042_01849,2025-08-25 03:10:48.680883,0,Not degraded
reduced_context,kmeans,2,18503,0,C0,3.8086830809663126,-2.9004711125631037,synnetqos_m_00018504,S042_01850,2025-08-14 08:46:35.998076,0,Not degraded
reduced_context,kmeans,2,18510,0,C0,2.598745815614679,2.5154549560298243,synnetqos_m_00018511,S042_01851,2025-08-09 02:51:57.281380,0,Not degraded
reduced_context,kmeans,2,18511,0,C0,2.223198972158193,-0.7981207659145674,synnetqos_m_00018512,S042_01851,2025-08-09 02:52:57.281380,0,Not degraded
reduced_context,kmeans,2,18522,0,C0,1.3503184855153052,-0.16948672545464052,synnetqos_m_00018523,S042_01852,2025-08-16 14:29:41.868551,0,Not degraded
reduced_context,kmeans,2,18530,1,C1,-0.5804852204848848,-0.08055260836542077,synnetqos_m_00018531,S042_01853,2025-08-17 05:37:51.040170,0,Not degraded
reduced_context,kmeans,2,18544,1,C1,-2.7750639899593486,0.9836026451147641,synnetqos_m_00018545,S042_01854,2025-08-23 21:36:37.809198,1,Degraded
reduced_context,kmeans,2,18552,1,C1,-1.0676335607776206,0.019237651121205686,synnetqos_m_00018553,S042_01855,2025-07-30 18:24:55.236130,1,Degraded
reduced_context,kmeans,2,18559,1,C1,-0.2491901055224108,-1.1376726033488644,synnetqos_m_00018560,S042_01855,2025-07-30 18:31:55.236130,1,Degraded
reduced_context,kmeans,2,18561,0,C0,2.42170220891332,-2.425891745346583,synnetqos_m_00018562,S042_01856,2025-08-24 18:46:36.623115,0,Not degraded
reduced_context,kmeans,2,18564,0,C0,1.5573538365525854,-1.849881196895921,synnetqos_m_00018565,S042_01856,2025-08-24 18:49:36.623115,0,Not degraded
reduced_context,kmeans,2,18573,1,C1,0.07491231906829302,-0.9935323144240573,synnetqos_m_00018574,S042_01857,2025-08-16 05:28:06.027886,0,Not degraded
reduced_context,kmeans,2,18587,1,C1,0.17049820523263265,-0.012723084522311544,synnetqos_m_00018588,S042_01858,2025-07-29 18:13:59.211028,0,Not degraded
reduced_context,kmeans,2,18588,1,C1,-0.481457933761309,0.5764281539465493,synnetqos_m_00018589,S042_01858,2025-07-29 18:14:59.211028,1,Degraded
reduced_context,kmeans,2,18641,1,C1,0.16881579782977663,-1.015039830029006,synnetqos_m_00018642,S042_01864,2025-07-31 08:45:28.783864,0,Not degraded
reduced_context,kmeans,2,18656,0,C0,1.49939358052082,1.4608092243437094,synnetqos_m_00018657,S042_01865,2025-07-31 05:38:21.562266,1,Degraded
reduced_context,kmeans,2,18693,0,C0,0.7348016775831877,-1.1563062061944689,synnetqos_m_00018694,S042_01869,2025-08-02 23:07:18.885573,0,Not degraded
reduced_context,kmeans,2,18741,1,C1,-2.588117969040063,0.03150204166161783,synnetqos_m_00018742,S042_01874,2025-08-07 03:15:35.439519,1,Degraded
reduced_context,kmeans,2,18742,1,C1,-1.4399459633778522,0.8457159930988131,synnetqos_m_00018743,S042_01874,2025-08-07 03:16:35.439519,1,Degraded
reduced_context,kmeans,2,18774,1,C1,0.16274380082399703,1.8803354670152759,synnetqos_m_00018775,S042_01877,2025-08-21 12:46:42.345382,0,Not degraded
reduced_context,kmeans,2,18784,1,C1,-1.908019804307723,-0.43764843852558716,synnetqos_m_00018785,S042_01878,2025-08-22 15:14:39.564617,0,Not degraded
reduced_context,kmeans,2,18787,1,C1,-2.002403220844557,-0.07694425793065864,synnetqos_m_00018788,S042_01878,2025-08-22 15:17:39.564617,1,Degraded
reduced_context,kmeans,2,18794,1,C1,-1.26582404758054,-0.46383858136837536,synnetqos_m_00018795,S042_01879,2025-07-26 15:08:15.389862,0,Not degraded
reduced_context,kmeans,2,18799,0,C0,1.3096570024117733,1.9405459218155903,synnetqos_m_00018800,S042_01879,2025-07-26 15:13:15.389862,0,Not degraded
reduced_context,kmeans,2,18803,1,C1,-1.133482349576075,-0.327106866036182,synnetqos_m_00018804,S042_01880,2025-08-14 18:43:58.324652,1,Degraded
reduced_context,kmeans,2,18837,1,C1,-0.3138329202158927,-0.7911332706693367,synnetqos_m_00018838,S042_01883,2025-07-31 00:58:08.990797,0,Not degraded
reduced_context,kmeans,2,18840,1,C1,-0.694312536100826,-0.8432862809871304,synnetqos_m_00018841,S042_01884,2025-08-09 11:09:23.770645,1,Degraded
reduced_context,kmeans,2,18842,1,C1,-1.1141397935414201,-0.8866408859693102,synnetqos_m_00018843,S042_01884,2025-08-09 11:11:23.770645,1,Degraded
reduced_context,kmeans,2,18849,1,C1,-1.2674849547788933,-0.20170286730406747,synnetqos_m_00018850,S042_01884,2025-08-09 11:18:23.770645,1,Degraded
reduced_context,kmeans,2,18855,1,C1,-1.0691316102068493,-0.2097368620859788,synnetqos_m_00018856,S042_01885,2025-08-25 04:57:31.486005,1,Degraded
reduced_context,kmeans,2,18859,1,C1,-1.956518998284601,-0.9004997740960744,synnetqos_m_00018860,S042_01885,2025-08-25 05:01:31.486005,1,Degraded
reduced_context,kmeans,2,18867,1,C1,-1.2432895408310767,-0.3775584007507146,synnetqos_m_00018868,S042_01886,2025-08-13 22:00:05.483111,0,Not degraded
reduced_context,kmeans,2,18884,1,C1,0.06736425764468333,-0.8783803444446525,synnetqos_m_00018885,S042_01888,2025-08-04 08:19:55.950855,0,Not degraded
reduced_context,kmeans,2,18921,1,C1,-1.0402884556647634,-1.1725933749966655,synnetqos_m_00018922,S042_01892,2025-08-22 01:51:31.168968,1,Degraded
reduced_context,kmeans,2,19003,0,C0,2.1821810304924947,5.5811208930815726,synnetqos_m_00019004,S042_01900,2025-08-24 22:08:52.082748,0,Not degraded
reduced_context,kmeans,2,19012,1,C1,0.11606079842354525,0.6725828998911796,synnetqos_m_00019013,S042_01901,2025-08-05 18:18:51.001990,1,Degraded
reduced_context,kmeans,2,19015,0,C0,1.684741289927816,1.7310492221739988,synnetqos_m_00019016,S042_01901,2025-08-05 18:21:51.001990,0,Not degraded
reduced_context,kmeans,2,19022,0,C0,4.750505217100202,-0.08978775215822828,synnetqos_m_00019023,S042_01902,2025-08-07 02:05:16.144412,0,Not degraded
reduced_context,kmeans,2,19028,0,C0,2.5360350283240427,0.5613862492357717,synnetqos_m_00019029,S042_01902,2025-08-07 02:11:16.144412,0,Not degraded
reduced_context,kmeans,2,19029,0,C0,3.3810574964312283,0.7706500157076313,synnetqos_m_00019030,S042_01902,2025-08-07 02:12:16.144412,0,Not degraded
reduced_context,kmeans,2,19041,1,C1,-0.41037196357343736,-0.9503585949825812,synnetqos_m_00019042,S042_01904,2025-08-20 17:02:44.228528,0,Not degraded
reduced_context,kmeans,2,19047,1,C1,-0.06029977625389777,0.34103125754462016,synnetqos_m_00019048,S042_01904,2025-08-20 17:08:44.228528,1,Degraded
reduced_context,kmeans,2,19050,1,C1,0.47653877588254834,-0.003356709361938902,synnetqos_m_00019051,S042_01905,2025-08-08 10:35:39.128769,0,Not degraded
reduced_context,kmeans,2,19051,1,C1,-1.2999149443937583,-0.15144907683729278,synnetqos_m_00019052,S042_01905,2025-08-08 10:36:39.128769,1,Degraded
reduced_context,kmeans,2,19069,0,C0,2.1798396660708943,1.7943724753222199,synnetqos_m_00019070,S042_01906,2025-08-09 04:17:39.788673,0,Not degraded
reduced_context,kmeans,2,19070,1,C1,-0.4693209104329949,1.2546386319523828,synnetqos_m_00019071,S042_01907,2025-08-16 08:27:29.958522,1,Degraded
reduced_context,kmeans,2,19093,1,C1,-0.5072383316648635,-0.12416515588086913,synnetqos_m_00019094,S042_01909,2025-08-14 05:37:24.933509,1,Degraded
reduced_context,kmeans,2,19095,1,C1,0.1494721190562875,0.3832448349760516,synnetqos_m_00019096,S042_01909,2025-08-14 05:39:24.933509,0,Not degraded
reduced_context,kmeans,2,19100,0,C0,1.073883233969428,-0.6440820093009512,synnetqos_m_00019101,S042_01910,2025-08-20 08:26:39.230270,0,Not degraded
reduced_context,kmeans,2,19108,1,C1,0.24863530629703676,0.5146821962281583,synnetqos_m_00019109,S042_01910,2025-08-20 08:34:39.230270,0,Not degraded
reduced_context,kmeans,2,19112,0,C0,2.9101382857831344,1.3062283489544508,synnetqos_m_00019113,S042_01911,2025-08-15 21:18:55.646030,0,Not degraded
reduced_context,kmeans,2,19116,0,C0,1.6621289363929117,-1.6528618712163687,synnetqos_m_00019117,S042_01911,2025-08-15 21:22:55.646030,0,Not degraded
reduced_context,kmeans,2,19121,1,C1,-1.8269920269159772,0.5401413970869856,synnetqos_m_00019122,S042_01912,2025-08-10 15:53:18.282591,1,Degraded
reduced_context,kmeans,2,19126,1,C1,0.35045152168110005,-1.0779769171094196,synnetqos_m_00019127,S042_01912,2025-08-10 15:58:18.282591,0,Not degraded
reduced_context,kmeans,2,19170,0,C0,1.0670832527679097,-0.828170822187496,synnetqos_m_00019171,S042_01917,2025-07-27 23:50:09.375596,0,Not degraded
reduced_context,kmeans,2,19178,0,C0,1.652563325620678,-0.8325212441214351,synnetqos_m_00019179,S042_01917,2025-07-27 23:58:09.375596,0,Not degraded
reduced_context,kmeans,2,19190,1,C1,-0.3456524088575269,-0.5327794153666535,synnetqos_m_00019191,S042_01919,2025-08-01 09:59:15.707039,0,Not degraded
reduced_context,kmeans,2,19212,1,C1,0.6366846407094826,-1.5422960190934678,synnetqos_m_00019213,S042_01921,2025-08-23 19:52:16.774326,0,Not degraded
reduced_context,kmeans,2,19222,1,C1,-0.9051779019175425,-0.25023375551572236,synnetqos_m_00019223,S042_01922,2025-07-28 16:33:03.331830,0,Not degraded
reduced_context,kmeans,2,19223,1,C1,-1.3728354439909674,0.266774787618653,synnetqos_m_00019224,S042_01922,2025-07-28 16:34:03.331830,1,Degraded
reduced_context,kmeans,2,19224,1,C1,-1.7695398866226861,-0.10208403234413188,synnetqos_m_00019225,S042_01922,2025-07-28 16:35:03.331830,1,Degraded
reduced_context,kmeans,2,19233,1,C1,-0.8726980112224415,-0.8907995372322897,synnetqos_m_00019234,S042_01923,2025-08-20 05:46:49.115805,1,Degraded
reduced_context,kmeans,2,19312,1,C1,-1.015614168392424,0.30061734766496,synnetqos_m_00019313,S042_01931,2025-08-22 17:25:22.359119,1,Degraded
reduced_context,kmeans,2,19330,1,C1,-1.737672306045667,-0.748350974218549,synnetqos_m_00019331,S042_01933,2025-08-21 22:02:11.180865,1,Degraded
reduced_context,kmeans,2,19368,1,C1,-0.8507230978995003,-0.6382188903628012,synnetqos_m_00019369,S042_01936,2025-08-09 15:38:14.825001,0,Not degraded
reduced_context,kmeans,2,19371,1,C1,0.29425698022870606,-0.47524313659031686,synnetqos_m_00019372,S042_01937,2025-08-18 20:58:27.648471,0,Not degraded
reduced_context,kmeans,2,19390,1,C1,0.3517401882220841,3.542913594754163,synnetqos_m_00019391,S042_01939,2025-08-11 23:56:32.643848,1,Degraded
reduced_context,kmeans,2,19402,1,C1,-0.7090646827893179,0.6630869007096261,synnetqos_m_00019403,S042_01940,2025-08-02 08:04:14.751957,1,Degraded
reduced_context,kmeans,2,19404,1,C1,-0.9944226511779615,-0.052128448158922085,synnetqos_m_00019405,S042_01940,2025-08-02 08:06:14.751957,1,Degraded
reduced_context,kmeans,2,19405,1,C1,-1.7403819840192754,-0.08260362034894352,synnetqos_m_00019406,S042_01940,2025-08-02 08:07:14.751957,1,Degraded
reduced_context,kmeans,2,19424,0,C0,1.6956482575591427,1.804771789798714,synnetqos_m_00019425,S042_01942,2025-08-09 17:43:31.627733,0,Not degraded
reduced_context,kmeans,2,19455,1,C1,-1.0314027070038039,-0.9736381675032636,synnetqos_m_00019456,S042_01945,2025-08-04 14:08:04.741979,0,Not degraded
reduced_context,kmeans,2,19463,1,C1,0.18103493615391836,3.428718521338321,synnetqos_m_00019464,S042_01946,2025-07-26 19:11:35.721726,1,Degraded
reduced_context,kmeans,2,19470,1,C1,-2.3453146681499777,0.16989387839973666,synnetqos_m_00019471,S042_01947,2025-08-23 08:36:03.481626,1,Degraded
reduced_context,kmeans,2,19473,1,C1,-2.5035478390806984,-0.261216637851091,synnetqos_m_00019474,S042_01947,2025-08-23 08:39:03.481626,1,Degraded
reduced_context,kmeans,2,19476,1,C1,-2.8793538776132857,-0.4273972075667167,synnetqos_m_00019477,S042_01947,2025-08-23 08:42:03.481626,1,Degraded
reduced_context,kmeans,2,19482,1,C1,-0.8064618274143665,-0.7024746016866217,synnetqos_m_00019483,S042_01948,2025-08-19 14:15:02.686914,1,Degraded
reduced_context,kmeans,2,19495,1,C1,-2.052110760934553,1.1347517147674198,synnetqos_m_00019496,S042_01949,2025-08-23 11:36:15.616052,0,Not degraded
reduced_context,kmeans,2,19514,1,C1,-0.2609593126729313,-1.1474116941229209,synnetqos_m_00019515,S042_01951,2025-08-14 18:05:22.083674,1,Degraded
reduced_context,kmeans,2,19523,1,C1,-1.2950129788754696,-0.4824710330696435,synnetqos_m_00019524,S042_01952,2025-08-08 18:40:03.203346,1,Degraded
reduced_context,kmeans,2,19535,1,C1,-1.2628346528095138,0.13409194083165352,synnetqos_m_00019536,S042_01953,2025-08-04 09:57:22.985493,1,Degraded
reduced_context,kmeans,2,19545,1,C1,-0.62515508569149,-0.8252935693070382,synnetqos_m_00019546,S042_01954,2025-08-17 12:21:14.801689,0,Not degraded
reduced_context,kmeans,2,19568,1,C1,-0.24206225106125415,1.4843269782586763,synnetqos_m_00019569,S042_01956,2025-08-01 04:48:32.219630,1,Degraded
reduced_context,kmeans,2,19569,0,C0,2.178300010569282,1.5621427386443418,synnetqos_m_00019570,S042_01956,2025-08-01 04:49:32.219630,0,Not degraded
reduced_context,kmeans,2,19577,0,C0,3.651114727988484,2.043978316519754,synnetqos_m_00019578,S042_01957,2025-07-26 17:56:30.644134,0,Not degraded
reduced_context,kmeans,2,19582,0,C0,1.1348468709535675,-0.6865858372340512,synnetqos_m_00019583,S042_01958,2025-07-31 15:22:31.993314,1,Degraded
reduced_context,kmeans,2,19583,1,C1,0.707467835027313,-1.5397298047752048,synnetqos_m_00019584,S042_01958,2025-07-31 15:23:31.993314,1,Degraded
reduced_context,kmeans,2,19589,1,C1,-0.453072317597666,-1.3363342608333424,synnetqos_m_00019590,S042_01958,2025-07-31 15:29:31.993314,1,Degraded
reduced_context,kmeans,2,19596,1,C1,-1.3051088111593236,-0.5097971690903798,synnetqos_m_00019597,S042_01959,2025-08-18 01:55:12.150399,1,Degraded
reduced_context,kmeans,2,19606,0,C0,1.5628780285100612,4.484264297702568,synnetqos_m_00019607,S042_01960,2025-07-31 12:13:12.469005,0,Not degraded
reduced_context,kmeans,2,19607,1,C1,0.1959326193426153,-1.2512507288416832,synnetqos_m_00019608,S042_01960,2025-07-31 12:14:12.469005,0,Not degraded
reduced_context,kmeans,2,19608,1,C1,0.5102711544759899,-0.6078914250256303,synnetqos_m_00019609,S042_01960,2025-07-31 12:15:12.469005,0,Not degraded
reduced_context,kmeans,2,19612,1,C1,-0.3349828909968384,-1.0813405220906256,synnetqos_m_00019613,S042_01961,2025-08-14 01:32:15.441453,1,Degraded
reduced_context,kmeans,2,19617,1,C1,-0.7649124009087594,-0.8741886536885588,synnetqos_m_00019618,S042_01961,2025-08-14 01:37:15.441453,1,Degraded
reduced_context,kmeans,2,19637,0,C0,3.986232424392008,-3.324977376714107,synnetqos_m_00019638,S042_01963,2025-08-21 03:06:57.976965,0,Not degraded
reduced_context,kmeans,2,19639,0,C0,4.45302689518993,-2.5085759854370036,synnetqos_m_00019640,S042_01963,2025-08-21 03:08:57.976965,0,Not degraded
reduced_context,kmeans,2,19640,0,C0,1.8232441843756826,0.46377212622958675,synnetqos_m_00019641,S042_01964,2025-08-16 08:48:44.404007,0,Not degraded
reduced_context,kmeans,2,19649,0,C0,3.0089530290553026,-1.9841993259715642,synnetqos_m_00019650,S042_01964,2025-08-16 08:57:44.404007,0,Not degraded
reduced_context,kmeans,2,19650,1,C1,-2.80006903141359,-0.052517400689356585,synnetqos_m_00019651,S042_01965,2025-08-12 18:33:38.106638,1,Degraded
reduced_context,kmeans,2,19653,1,C1,-2.0812884838346384,-0.7443600594123957,synnetqos_m_00019654,S042_01965,2025-08-12 18:36:38.106638,1,Degraded
reduced_context,kmeans,2,19655,1,C1,-2.7682003704120453,-0.5025862126879601,synnetqos_m_00019656,S042_01965,2025-08-12 18:38:38.106638,1,Degraded
reduced_context,kmeans,2,19657,1,C1,-2.2814948111284568,-0.21425218238652113,synnetqos_m_00019658,S042_01965,2025-08-12 18:40:38.106638,1,Degraded
reduced_context,kmeans,2,19658,1,C1,-3.186980261826612,-0.1835503493616097,synnetqos_m_00019659,S042_01965,2025-08-12 18:41:38.106638,1,Degraded
reduced_context,kmeans,2,19681,1,C1,-1.8539317774443929,-0.5604075726442292,synnetqos_m_00019682,S042_01968,2025-08-10 12:01:19.312168,1,Degraded
reduced_context,kmeans,2,19683,1,C1,-1.728327876281255,-0.23994751856221605,synnetqos_m_00019684,S042_01968,2025-08-10 12:03:19.312168,1,Degraded
reduced_context,kmeans,2,19693,1,C1,-1.373533411256792,0.11590371706099986,synnetqos_m_00019694,S042_01969,2025-08-16 13:54:32.544159,0,Not degraded
reduced_context,kmeans,2,19696,1,C1,-0.9636753440013845,-0.04453806822986489,synnetqos_m_00019697,S042_01969,2025-08-16 13:57:32.544159,0,Not degraded
reduced_context,kmeans,2,19697,1,C1,-0.09162319769541238,-0.4881822023828867,synnetqos_m_00019698,S042_01969,2025-08-16 13:58:32.544159,0,Not degraded
reduced_context,kmeans,2,19703,1,C1,-2.778982231429812,0.06412804522451793,synnetqos_m_00019704,S042_01970,2025-07-28 11:46:28.187289,1,Degraded
reduced_context,kmeans,2,19710,1,C1,0.18336655927897824,1.510416517183759,synnetqos_m_00019711,S042_01971,2025-08-15 09:44:21.274335,0,Not degraded
reduced_context,kmeans,2,19733,0,C0,4.4022881383608885,2.137251470707621,synnetqos_m_00019734,S042_01973,2025-08-13 11:49:03.280929,0,Not degraded
reduced_context,kmeans,2,19745,1,C1,-1.7393511001371857,-0.8003256351813428,synnetqos_m_00019746,S042_01974,2025-08-01 13:31:16.662651,1,Degraded
reduced_context,kmeans,2,19773,1,C1,-0.6005807179303286,-0.8624739153319979,synnetqos_m_00019774,S042_01977,2025-08-15 11:22:26.556487,1,Degraded
reduced_context,kmeans,2,19800,1,C1,-1.0542486349699147,-0.26551688577818,synnetqos_m_00019801,S042_01980,2025-08-04 15:41:26.424659,1,Degraded
reduced_context,kmeans,2,19812,1,C1,-1.1699330080566477,-0.6443125112276067,synnetqos_m_00019813,S042_01981,2025-08-04 03:26:37.524683,1,Degraded
reduced_context,kmeans,2,19815,1,C1,-1.3460990700516606,-0.0387331013619317,synnetqos_m_00019816,S042_01981,2025-08-04 03:29:37.524683,1,Degraded
reduced_context,kmeans,2,19842,0,C0,2.9329056079653797,0.026202403020534303,synnetqos_m_00019843,S042_01984,2025-08-16 18:53:23.969078,0,Not degraded
reduced_context,kmeans,2,19847,0,C0,2.971791719959706,-0.5864722756221945,synnetqos_m_00019848,S042_01984,2025-08-16 18:58:23.969078,0,Not degraded
reduced_context,kmeans,2,19864,1,C1,-0.7687414467266876,0.9819028599268924,synnetqos_m_00019865,S042_01986,2025-08-08 02:47:06.668416,0,Not degraded
reduced_context,kmeans,2,19865,1,C1,-0.5823463887970549,2.2861966357922987,synnetqos_m_00019866,S042_01986,2025-08-08 02:48:06.668416,1,Degraded
reduced_context,kmeans,2,19869,1,C1,-0.7913750150689954,1.4163731259622114,synnetqos_m_00019870,S042_01986,2025-08-08 02:52:06.668416,0,Not degraded
reduced_context,kmeans,2,19874,1,C1,-2.2868082015450244,-0.06454416604043016,synnetqos_m_00019875,S042_01987,2025-08-21 01:36:14.575645,1,Degraded
reduced_context,kmeans,2,19890,1,C1,0.3572740286037483,-0.2003183780920489,synnetqos_m_00019891,S042_01989,2025-08-19 11:43:05.967256,1,Degraded
reduced_context,kmeans,2,19895,1,C1,-0.4028251578142228,-1.132357281022107,synnetqos_m_00019896,S042_01989,2025-08-19 11:48:05.967256,1,Degraded
reduced_context,kmeans,2,19931,0,C0,3.6587650660016338,0.05095801668264543,synnetqos_m_00019932,S042_01993,2025-08-06 04:20:17.052374,0,Not degraded
reduced_context,kmeans,2,19943,1,C1,-0.2869467298991983,0.9666443231077817,synnetqos_m_00019944,S042_01994,2025-08-21 02:12:31.973216,1,Degraded
reduced_context,kmeans,2,19955,0,C0,2.2660567453525067,-2.1743429287315297,synnetqos_m_00019956,S042_01995,2025-08-22 06:49:08.779415,0,Not degraded
reduced_context,kmeans,2,19967,0,C0,4.226459007962491,2.4403776285144447,synnetqos_m_00019968,S042_01996,2025-07-27 14:06:24.201969,0,Not degraded
reduced_context,kmeans,2,19981,0,C0,3.196937506228016,-0.17882012897204605,synnetqos_m_00019982,S042_01998,2025-08-18 00:06:09.466237,0,Not degraded
reduced_context,kmeans,2,20002,0,C0,1.1734762464265092,-0.9035994312808121,synnetqos_m_00020003,S042_02000,2025-08-01 00:54:11.813637,0,Not degraded
reduced_context,kmeans,2,20011,0,C0,2.266425079968168,-0.5282285808219978,synnetqos_m_00020012,S042_02001,2025-08-08 07:38:54.802457,0,Not degraded
reduced_context,kmeans,2,20026,1,C1,-0.5041380600144607,-0.5134594300226694,synnetqos_m_00020027,S042_02002,2025-08-01 06:53:27.479396,0,Not degraded
reduced_context,kmeans,2,20028,1,C1,-1.319188062268193,-0.30192892046424047,synnetqos_m_00020029,S042_02002,2025-08-01 06:55:27.479396,0,Not degraded
reduced_context,kmeans,2,20029,1,C1,-0.3115975215173852,-0.45031546330957906,synnetqos_m_00020030,S042_02002,2025-08-01 06:56:27.479396,0,Not degraded
reduced_context,kmeans,2,20035,1,C1,-0.36355605445369776,-0.20693146812714477,synnetqos_m_00020036,S042_02003,2025-07-31 13:33:31.056072,0,Not degraded
reduced_context,kmeans,2,20038,1,C1,-0.8748406869009708,0.5250720746510027,synnetqos_m_00020039,S042_02003,2025-07-31 13:36:31.056072,1,Degraded
reduced_context,kmeans,2,20048,0,C0,1.3673736959554854,-0.8098655056576226,synnetqos_m_00020049,S042_02004,2025-08-17 07:51:05.698502,0,Not degraded
reduced_context,kmeans,2,20068,1,C1,-0.1715277165269556,2.2842872110498798,synnetqos_m_00020069,S042_02006,2025-08-17 20:40:48.640301,1,Degraded
reduced_context,kmeans,2,20077,1,C1,-3.532573830453313,0.9986139249978574,synnetqos_m_00020078,S042_02007,2025-07-28 00:29:59.975906,1,Degraded
reduced_context,kmeans,2,20078,1,C1,-3.854895727776063,0.25415820560656444,synnetqos_m_00020079,S042_02007,2025-07-28 00:30:59.975906,0,Not degraded
reduced_context,kmeans,2,20079,1,C1,-3.702367994136651,0.71581807045252,synnetqos_m_00020080,S042_02007,2025-07-28 00:31:59.975906,1,Degraded
reduced_context,kmeans,2,20091,0,C0,2.969562903313677,-0.42488555803074113,synnetqos_m_00020092,S042_02009,2025-07-26 11:59:46.559447,0,Not degraded
reduced_context,kmeans,2,20093,0,C0,5.753828002936865,2.6368933745865895,synnetqos_m_00020094,S042_02009,2025-07-26 12:01:46.559447,0,Not degraded
reduced_context,kmeans,2,20126,1,C1,-0.6260648116848277,-0.48070324256293895,synnetqos_m_00020127,S042_02012,2025-08-14 01:03:47.391776,1,Degraded
reduced_context,kmeans,2,20129,1,C1,0.17479376064427216,0.6039389102747906,synnetqos_m_00020130,S042_02012,2025-08-14 01:06:47.391776,1,Degraded
reduced_context,kmeans,2,20133,1,C1,-0.1059613384748983,3.052531052705649,synnetqos_m_00020134,S042_02013,2025-08-07 13:26:12.659447,1,Degraded
reduced_context,kmeans,2,20148,1,C1,0.1581061753919449,0.36675696232768434,synnetqos_m_00020149,S042_02014,2025-08-13 10:30:31.971495,1,Degraded
reduced_context,kmeans,2,20158,1,C1,-1.296580102953087,-0.7593329641234329,synnetqos_m_00020159,S042_02015,2025-08-23 21:58:08.353358,1,Degraded
reduced_context,kmeans,2,20159,1,C1,-0.46013019858269316,-1.2868344827903537,synnetqos_m_00020160,S042_02015,2025-08-23 21:59:08.353358,1,Degraded
reduced_context,kmeans,2,20166,1,C1,0.11489469372464656,0.4123914119249507,synnetqos_m_00020167,S042_02016,2025-08-10 07:01:01.435235,0,Not degraded
reduced_context,kmeans,2,20167,1,C1,-0.4616793885975649,1.7384672809384487,synnetqos_m_00020168,S042_02016,2025-08-10 07:02:01.435235,1,Degraded
reduced_context,kmeans,2,20173,1,C1,-1.199137039985397,-0.2585676352381713,synnetqos_m_00020174,S042_02017,2025-08-20 00:48:41.940119,1,Degraded
reduced_context,kmeans,2,20185,0,C0,1.6608968794725507,-2.0168395489452315,synnetqos_m_00020186,S042_02018,2025-08-25 12:17:03.957808,0,Not degraded
reduced_context,kmeans,2,20193,0,C0,1.5579783583701867,-0.6101941659707326,synnetqos_m_00020194,S042_02019,2025-08-02 06:22:49.426953,0,Not degraded
reduced_context,kmeans,2,20241,1,C1,-0.4636749863982354,-0.6787959221516354,synnetqos_m_00020242,S042_02024,2025-07-30 06:53:56.043316,1,Degraded
reduced_context,kmeans,2,20267,1,C1,-0.43705733531162433,0.4888391671138229,synnetqos_m_00020268,S042_02026,2025-08-07 06:35:03.385449,0,Not degraded
reduced_context,kmeans,2,20283,0,C0,4.139259671923205,-2.670529920589818,synnetqos_m_00020284,S042_02028,2025-07-31 03:22:43.178390,0,Not degraded
reduced_context,kmeans,2,20305,0,C0,1.909786596230362,-0.1057240354231429,synnetqos_m_00020306,S042_02030,2025-08-21 07:58:28.949859,0,Not degraded
reduced_context,kmeans,2,20311,0,C0,1.3357847465668276,-1.5948139162597754,synnetqos_m_00020312,S042_02031,2025-08-18 14:12:26.884753,0,Not degraded
reduced_context,kmeans,2,20318,0,C0,1.0506534662073235,-1.7275961947594323,synnetqos_m_00020319,S042_02031,2025-08-18 14:19:26.884753,0,Not degraded
reduced_context,kmeans,2,20336,1,C1,-1.9593868276869086,-0.07008170122943971,synnetqos_m_00020337,S042_02033,2025-08-23 21:35:03.209472,1,Degraded
reduced_context,kmeans,2,20340,1,C1,-1.2049170376892198,-0.08510539372391587,synnetqos_m_00020341,S042_02034,2025-07-27 10:09:49.990101,1,Degraded
reduced_context,kmeans,2,20342,1,C1,-1.1593078802371948,-0.022273371365047444,synnetqos_m_00020343,S042_02034,2025-07-27 10:11:49.990101,1,Degraded
reduced_context,kmeans,2,20371,1,C1,-0.9217819810493324,1.009538911737227,synnetqos_m_00020372,S042_02037,2025-07-31 18:35:04.098512,1,Degraded
reduced_context,kmeans,2,20386,0,C0,2.687030944630767,5.891042543195586,synnetqos_m_00020387,S042_02038,2025-08-07 17:29:09.147802,1,Degraded
reduced_context,kmeans,2,20394,1,C1,-1.0278693157165595,-0.2952964677769708,synnetqos_m_00020395,S042_02039,2025-07-30 12:41:35.065941,1,Degraded
reduced_context,kmeans,2,20395,1,C1,-1.1933291592709665,-0.1772689953589299,synnetqos_m_00020396,S042_02039,2025-07-30 12:42:35.065941,1,Degraded
reduced_context,kmeans,2,20404,1,C1,-0.5341392940298257,-0.606355546644489,synnetqos_m_00020405,S042_02040,2025-08-21 22:54:23.941038,1,Degraded
reduced_context,kmeans,2,20405,1,C1,-0.5493808063851123,-0.6578238194348622,synnetqos_m_00020406,S042_02040,2025-08-21 22:55:23.941038,1,Degraded
reduced_context,kmeans,2,20406,1,C1,-0.9941494421817059,-0.8303518319521896,synnetqos_m_00020407,S042_02040,2025-08-21 22:56:23.941038,1,Degraded
reduced_context,kmeans,2,20429,1,C1,-0.790690448216573,1.3583297743944551,synnetqos_m_00020430,S042_02042,2025-08-14 18:35:20.801397,0,Not degraded
reduced_context,kmeans,2,20444,1,C1,-2.4352932868637294,0.3995758860238362,synnetqos_m_00020445,S042_02044,2025-08-14 02:39:01.697063,1,Degraded
reduced_context,kmeans,2,20456,1,C1,-1.487538307053993,0.3344043299457134,synnetqos_m_00020457,S042_02045,2025-08-01 18:31:25.262236,1,Degraded
reduced_context,kmeans,2,20469,0,C0,1.7665283424821951,2.6639928764879217,synnetqos_m_00020470,S042_02046,2025-08-20 22:47:34.227665,1,Degraded
reduced_context,kmeans,2,20479,0,C0,1.212188086132754,-0.5968637728326343,synnetqos_m_00020480,S042_02047,2025-08-16 04:00:46.563186,0,Not degraded
reduced_context,kmeans,2,20508,0,C0,2.72331299156545,-1.1575523327928585,synnetqos_m_00020509,S042_02050,2025-08-13 21:08:47.947815,0,Not degraded
reduced_context,kmeans,2,20567,0,C0,2.5051155796958304,-0.7077925598774126,synnetqos_m_00020568,S042_02056,2025-07-27 18:13:04.639724,0,Not degraded
reduced_context,kmeans,2,20581,1,C1,-0.8135701053863255,-0.8196381529287994,synnetqos_m_00020582,S042_02058,2025-08-08 16:54:59.474793,1,Degraded
reduced_context,kmeans,2,20588,1,C1,-0.29722732882104774,-1.0390523781076275,synnetqos_m_00020589,S042_02058,2025-08-08 17:01:59.474793,1,Degraded
reduced_context,kmeans,2,20605,1,C1,0.20315332855778614,-0.20419082149318196,synnetqos_m_00020606,S042_02060,2025-08-10 21:49:09.603025,0,Not degraded
reduced_context,kmeans,2,20608,1,C1,0.4841031897647046,-0.007762946288886165,synnetqos_m_00020609,S042_02060,2025-08-10 21:52:09.603025,0,Not degraded
reduced_context,kmeans,2,20610,1,C1,-2.3981748907449796,-0.006824678159163135,synnetqos_m_00020611,S042_02061,2025-08-08 04:49:23.714967,1,Degraded
reduced_context,kmeans,2,20644,1,C1,-1.188984162510444,-0.504771270793561,synnetqos_m_00020645,S042_02064,2025-08-04 18:53:31.658654,1,Degraded
reduced_context,kmeans,2,20648,1,C1,-1.0740279784144293,2.809352704819257,synnetqos_m_00020649,S042_02064,2025-08-04 18:57:31.658654,1,Degraded
reduced_context,kmeans,2,20650,1,C1,-0.8988383849846582,-0.6348472235555229,synnetqos_m_00020651,S042_02065,2025-08-09 06:15:00.116540,0,Not degraded
reduced_context,kmeans,2,20651,1,C1,-1.3666111195369397,-0.6960817438495092,synnetqos_m_00020652,S042_02065,2025-08-09 06:16:00.116540,0,Not degraded
reduced_context,kmeans,2,20655,1,C1,-1.161310953480093,0.017805077896590756,synnetqos_m_00020656,S042_02065,2025-08-09 06:20:00.116540,1,Degraded
reduced_context,kmeans,2,20671,1,C1,0.6888420983166261,-1.4828357029184531,synnetqos_m_00020672,S042_02067,2025-08-15 11:29:43.691695,1,Degraded
reduced_context,kmeans,2,20677,1,C1,0.10080630985129665,0.1694118958571098,synnetqos_m_00020678,S042_02067,2025-08-15 11:35:43.691695,1,Degraded
reduced_context,kmeans,2,20684,1,C1,-1.2577062624137607,0.31417050417104864,synnetqos_m_00020685,S042_02068,2025-08-19 14:31:19.562502,0,Not degraded
reduced_context,kmeans,2,20688,1,C1,-1.1801737989544385,-0.1899687961376659,synnetqos_m_00020689,S042_02068,2025-08-19 14:35:19.562502,0,Not degraded
reduced_context,kmeans,2,20699,0,C0,3.07774162729264,-1.4780530050500373,synnetqos_m_00020700,S042_02069,2025-08-07 18:32:25.711691,0,Not degraded
reduced_context,kmeans,2,20712,1,C1,0.36102721288474005,3.814502985245382,synnetqos_m_00020713,S042_02071,2025-08-05 13:27:33.439458,1,Degraded
reduced_context,kmeans,2,20725,1,C1,0.3019812087108399,-0.015886742674724938,synnetqos_m_00020726,S042_02072,2025-08-07 13:33:24.603985,0,Not degraded
reduced_context,kmeans,2,20731,0,C0,1.396814399536053,0.08078524524021738,synnetqos_m_00020732,S042_02073,2025-07-30 08:00:50.101105,1,Degraded
reduced_context,kmeans,2,20737,1,C1,-0.4237052162268356,-0.7542178777561922,synnetqos_m_00020738,S042_02073,2025-07-30 08:06:50.101105,1,Degraded
reduced_context,kmeans,2,20740,0,C0,1.0976878535562384,-0.7168893908367335,synnetqos_m_00020741,S042_02074,2025-07-28 07:35:12.821691,0,Not degraded
reduced_context,kmeans,2,20781,1,C1,-1.9165103338609981,-0.0662789473885762,synnetqos_m_00020782,S042_02078,2025-08-11 17:32:11.555101,1,Degraded
reduced_context,kmeans,2,20787,1,C1,-0.6650889481801708,0.5318772513042725,synnetqos_m_00020788,S042_02078,2025-08-11 17:38:11.555101,1,Degraded
reduced_context,kmeans,2,20790,0,C0,0.904378151346163,-0.9398827553234647,synnetqos_m_00020791,S042_02079,2025-08-11 01:39:57.121089,0,Not degraded
reduced_context,kmeans,2,20799,0,C0,1.883079719824103,-1.8684709043524355,synnetqos_m_00020800,S042_02079,2025-08-11 01:48:57.121089,0,Not degraded
reduced_context,kmeans,2,20824,1,C1,-1.0189235854414491,-1.596654188593916,synnetqos_m_00020825,S042_02082,2025-08-18 23:15:20.592929,1,Degraded
reduced_context,kmeans,2,20855,1,C1,-1.186210383440855,-0.05695913540567825,synnetqos_m_00020856,S042_02085,2025-07-31 18:49:46.933539,1,Degraded
reduced_context,kmeans,2,20862,1,C1,-0.5936658063092726,-0.9378479863228113,synnetqos_m_00020863,S042_02086,2025-08-20 18:12:58.911662,1,Degraded
reduced_context,kmeans,2,20876,0,C0,2.9968941266014193,-2.5390608019743723,synnetqos_m_00020877,S042_02087,2025-08-10 10:34:48.787720,0,Not degraded
reduced_context,kmeans,2,20879,0,C0,4.286437446233763,-3.360808936895946,synnetqos_m_00020880,S042_02087,2025-08-10 10:37:48.787720,0,Not degraded
reduced_context,kmeans,2,20887,1,C1,-1.1265972266619033,-0.5369476425220924,synnetqos_m_00020888,S042_02088,2025-08-03 07:08:32.971860,1,Degraded
reduced_context,kmeans,2,20897,1,C1,-0.17186857054406468,0.2820797691218132,synnetqos_m_00020898,S042_02089,2025-08-03 01:22:30.564034,0,Not degraded
reduced_context,kmeans,2,20903,1,C1,-0.8137398452307475,-1.2050151722311562,synnetqos_m_00020904,S042_02090,2025-08-14 17:38:55.099377,1,Degraded
reduced_context,kmeans,2,20915,1,C1,-1.6975065304610382,-0.1936805301107011,synnetqos_m_00020916,S042_02091,2025-08-23 00:43:34.967669,0,Not degraded
reduced_context,kmeans,2,20940,1,C1,-2.468314592934941,-0.7051541692349887,synnetqos_m_00020941,S042_02094,2025-08-01 04:28:11.248305,1,Degraded
reduced_context,kmeans,2,20955,1,C1,-1.908269736576893,-0.5676310806038923,synnetqos_m_00020956,S042_02095,2025-08-23 05:50:58.312352,1,Degraded
reduced_context,kmeans,2,20961,1,C1,-0.3283772309885903,-0.01893572099425541,synnetqos_m_00020962,S042_02096,2025-07-28 00:39:21.220652,1,Degraded
reduced_context,kmeans,2,20974,1,C1,0.3601580937111164,-1.5605418555093618,synnetqos_m_00020975,S042_02097,2025-07-27 01:07:45.420490,0,Not degraded
reduced_context,kmeans,2,20975,1,C1,-0.20617173359192412,-1.269923942817356,synnetqos_m_00020976,S042_02097,2025-07-27 01:08:45.420490,0,Not degraded
reduced_context,kmeans,2,20986,0,C0,0.8645308892526326,-1.8893278581087658,synnetqos_m_00020987,S042_02098,2025-07-27 18:19:21.862632,1,Degraded
reduced_context,kmeans,2,20999,1,C1,-0.8338907829168857,-1.088612127539639,synnetqos_m_00021000,S042_02099,2025-08-01 21:35:29.357939,1,Degraded
reduced_context,kmeans,2,21022,0,C0,4.2789179096874985,-3.3781066958800134,synnetqos_m_00021023,S042_02102,2025-08-11 09:49:16.289429,0,Not degraded
reduced_context,kmeans,2,21027,1,C1,-2.6239595532825337,-0.09769950060445468,synnetqos_m_00021028,S042_02102,2025-08-11 09:54:16.289429,1,Degraded
reduced_context,kmeans,2,21038,1,C1,-0.9434145435276478,0.5574829685597141,synnetqos_m_00021039,S042_02103,2025-08-06 10:21:48.259034,1,Degraded
reduced_context,kmeans,2,21051,0,C0,4.640116972399939,-1.8207156976498515,synnetqos_m_00021052,S042_02105,2025-08-13 12:59:42.170210,0,Not degraded
reduced_context,kmeans,2,21072,1,C1,-0.4284463481303706,0.18354142693678352,synnetqos_m_00021073,S042_02107,2025-08-20 05:02:05.061370,1,Degraded
reduced_context,kmeans,2,21075,1,C1,-0.7585533533953766,-0.08148052825510406,synnetqos_m_00021076,S042_02107,2025-08-20 05:05:05.061370,1,Degraded
reduced_context,kmeans,2,21078,0,C0,1.50968281056631,-0.27597372422004096,synnetqos_m_00021079,S042_02107,2025-08-20 05:08:05.061370,0,Not degraded
reduced_context,kmeans,2,21086,1,C1,-0.7407606389897154,-0.5754051341625953,synnetqos_m_00021087,S042_02108,2025-08-19 00:58:24.926230,1,Degraded
reduced_context,kmeans,2,21089,1,C1,0.22485181488932773,-1.2897796934919263,synnetqos_m_00021090,S042_02108,2025-08-19 01:01:24.926230,0,Not degraded
reduced_context,kmeans,2,21098,1,C1,0.22191127624246007,0.6382959864104664,synnetqos_m_00021099,S042_02109,2025-08-13 16:19:07.774927,1,Degraded
reduced_context,kmeans,2,21102,1,C1,-1.0504681011207684,-1.0585745836832503,synnetqos_m_00021103,S042_02110,2025-08-19 00:56:48.014573,0,Not degraded
reduced_context,kmeans,2,21108,1,C1,-0.38505954203008136,-1.4079570937841943,synnetqos_m_00021109,S042_02110,2025-08-19 01:02:48.014573,1,Degraded
reduced_context,kmeans,2,21141,1,C1,-1.6580618701257512,0.04919551302307528,synnetqos_m_00021142,S042_02114,2025-07-27 22:18:01.411735,1,Degraded
reduced_context,kmeans,2,21146,1,C1,-1.233177218279306,-0.41137063411575275,synnetqos_m_00021147,S042_02114,2025-07-27 22:23:01.411735,1,Degraded
reduced_context,kmeans,2,21150,1,C1,-1.603187824753839,-0.6960409654177112,synnetqos_m_00021151,S042_02115,2025-08-21 17:11:31.316953,1,Degraded
reduced_context,kmeans,2,21152,1,C1,-0.7413436149358269,-0.22385730544327656,synnetqos_m_00021153,S042_02115,2025-08-21 17:13:31.316953,1,Degraded
reduced_context,kmeans,2,21162,1,C1,0.20579347518269558,-0.009020362609257114,synnetqos_m_00021163,S042_02116,2025-08-24 02:16:45.448019,0,Not degraded
reduced_context,kmeans,2,21167,1,C1,-1.4807976422680185,0.11065770736869354,synnetqos_m_00021168,S042_02116,2025-08-24 02:21:45.448019,0,Not degraded
reduced_context,kmeans,2,21195,0,C0,1.1996813957574866,0.11373074360441943,synnetqos_m_00021196,S042_02119,2025-08-24 11:34:29.160213,0,Not degraded
reduced_context,kmeans,2,21216,1,C1,-1.2298679447142964,-0.8539785387814306,synnetqos_m_00021217,S042_02121,2025-08-13 00:25:06.899523,1,Degraded
reduced_context,kmeans,2,21228,0,C0,0.9533034037658895,-0.911691423639624,synnetqos_m_00021229,S042_02122,2025-08-16 05:07:42.215381,0,Not degraded
reduced_context,kmeans,2,21237,0,C0,3.8666178231695367,-2.796973239557524,synnetqos_m_00021238,S042_02123,2025-08-24 04:53:16.091818,0,Not degraded
reduced_context,kmeans,2,21246,1,C1,-1.1917813336370122,0.3660719734679042,synnetqos_m_00021247,S042_02124,2025-08-07 02:03:30.261399,1,Degraded
reduced_context,kmeans,2,21248,1,C1,-0.7899852323298987,-1.2885604441490832,synnetqos_m_00021249,S042_02124,2025-08-07 02:05:30.261399,1,Degraded
reduced_context,kmeans,2,21262,0,C0,1.8335111691742405,1.280863880337038,synnetqos_m_00021263,S042_02126,2025-08-14 05:51:26.731077,0,Not degraded
reduced_context,kmeans,2,21265,1,C1,-0.1438859165806693,1.0007754428970554,synnetqos_m_00021266,S042_02126,2025-08-14 05:54:26.731077,0,Not degraded
reduced_context,kmeans,2,21280,0,C0,0.714047090036536,0.06360768573654005,synnetqos_m_00021281,S042_02128,2025-08-19 12:47:16.849750,0,Not degraded
reduced_context,kmeans,2,21308,1,C1,-0.08376706527140632,0.1473277440794531,synnetqos_m_00021309,S042_02130,2025-08-18 10:30:31.969759,1,Degraded
reduced_context,kmeans,2,21319,1,C1,-0.21237176252829285,-1.1577930825037954,synnetqos_m_00021320,S042_02131,2025-08-23 10:55:32.368346,0,Not degraded
reduced_context,kmeans,2,21320,1,C1,-1.582250303813285,-0.328499892437138,synnetqos_m_00021321,S042_02132,2025-08-07 18:40:33.247147,1,Degraded
reduced_context,kmeans,2,21373,0,C0,0.7819269433948279,-0.7062992846893708,synnetqos_m_00021374,S042_02137,2025-07-26 22:21:34.163806,0,Not degraded
reduced_context,kmeans,2,21397,1,C1,0.43744424447904495,-0.5302360464536039,synnetqos_m_00021398,S042_02139,2025-08-23 16:41:09.832347,0,Not degraded
reduced_context,kmeans,2,21403,1,C1,-1.923174573011543,-0.5561389295272678,synnetqos_m_00021404,S042_02140,2025-08-20 07:44:11.120890,1,Degraded
reduced_context,kmeans,2,21426,1,C1,0.29041390357820684,-1.1390878484651519,synnetqos_m_00021427,S042_02142,2025-08-15 05:56:34.511077,0,Not degraded
reduced_context,kmeans,2,21440,1,C1,-0.37472906803940537,-0.2469025617049648,synnetqos_m_00021441,S042_02144,2025-08-08 04:11:30.123391,0,Not degraded
reduced_context,kmeans,2,21445,1,C1,0.4602088655010558,-0.5220740718774067,synnetqos_m_00021446,S042_02144,2025-08-08 04:16:30.123391,0,Not degraded
reduced_context,kmeans,2,21461,1,C1,0.0659503867883289,-0.7577077084243999,synnetqos_m_00021462,S042_02146,2025-08-06 20:48:29.943349,1,Degraded
reduced_context,kmeans,2,21495,1,C1,-0.2373449476402372,-0.8752920340471725,synnetqos_m_00021496,S042_02149,2025-08-17 04:36:04.484514,0,Not degraded
reduced_context,kmeans,2,21497,1,C1,-0.038645611892280975,-0.868340192191125,synnetqos_m_00021498,S042_02149,2025-08-17 04:38:04.484514,0,Not degraded
reduced_context,kmeans,2,21510,0,C0,1.6328982348488326,1.5973376146126248,synnetqos_m_00021511,S042_02151,2025-08-18 08:18:01.153747,0,Not degraded
reduced_context,kmeans,2,21520,1,C1,-0.35814165019420174,-0.8242868641976636,synnetqos_m_00021521,S042_02152,2025-08-18 13:32:14.655622,1,Degraded
reduced_context,kmeans,2,21528,1,C1,-0.23758640914935678,-0.8724435977069174,synnetqos_m_00021529,S042_02152,2025-08-18 13:40:14.655622,1,Degraded
reduced_context,kmeans,2,21529,1,C1,-0.011103558307223892,-0.48463852140115504,synnetqos_m_00021530,S042_02152,2025-08-18 13:41:14.655622,1,Degraded
reduced_context,kmeans,2,21533,0,C0,1.8022332706875535,1.5260770709793807,synnetqos_m_00021534,S042_02153,2025-08-23 10:50:04.219641,0,Not degraded
reduced_context,kmeans,2,21542,1,C1,-1.158942092417272,-0.7595056249813468,synnetqos_m_00021543,S042_02154,2025-08-12 18:47:28.503738,0,Not degraded
reduced_context,kmeans,2,21572,1,C1,-0.6011257747773795,-0.45477619130130265,synnetqos_m_00021573,S042_02157,2025-07-28 01:57:46.874988,0,Not degraded
reduced_context,kmeans,2,21575,1,C1,-0.6035164956803805,-0.6430011484430846,synnetqos_m_00021576,S042_02157,2025-07-28 02:00:46.874988,0,Not degraded
reduced_context,kmeans,2,21583,0,C0,3.595191055624353,-1.8916651123268904,synnetqos_m_00021584,S042_02158,2025-08-04 00:12:11.239426,0,Not degraded
reduced_context,kmeans,2,21600,1,C1,-0.6544320052926867,-0.6862833352456795,synnetqos_m_00021601,S042_02160,2025-07-31 20:48:30.000953,0,Not degraded
reduced_context,kmeans,2,21603,1,C1,-0.5637335323055677,-0.866744569440649,synnetqos_m_00021604,S042_02160,2025-07-31 20:51:30.000953,1,Degraded
reduced_context,kmeans,2,21617,1,C1,0.027153722939522104,1.5892604853658385,synnetqos_m_00021618,S042_02161,2025-07-31 17:47:12.340903,0,Not degraded
reduced_context,kmeans,2,21623,1,C1,-2.010536328589611,-0.4729346310614629,synnetqos_m_00021624,S042_02162,2025-08-06 07:23:14.240869,1,Degraded
reduced_context,kmeans,2,21632,0,C0,1.8102167506671807,0.18015309605687488,synnetqos_m_00021633,S042_02163,2025-08-07 09:54:40.628253,0,Not degraded
reduced_context,kmeans,2,21642,1,C1,0.31595552489471207,1.148106327387523,synnetqos_m_00021643,S042_02164,2025-08-03 14:38:25.545146,1,Degraded
reduced_context,kmeans,2,21643,1,C1,0.07470700527566922,0.29523058254351164,synnetqos_m_00021644,S042_02164,2025-08-03 14:39:25.545146,0,Not degraded
reduced_context,kmeans,2,21644,1,C1,-0.2661270298936692,-0.36037349783719197,synnetqos_m_00021645,S042_02164,2025-08-03 14:40:25.545146,1,Degraded
reduced_context,kmeans,2,21646,1,C1,-0.020277356262167874,1.1237471182437988,synnetqos_m_00021647,S042_02164,2025-08-03 14:42:25.545146,1,Degraded
reduced_context,kmeans,2,21649,0,C0,1.4872190935159493,0.22760682796757106,synnetqos_m_00021650,S042_02164,2025-08-03 14:45:25.545146,0,Not degraded
reduced_context,kmeans,2,21651,0,C0,0.9871342892237119,-1.4345738245586075,synnetqos_m_00021652,S042_02165,2025-08-17 11:35:39.683847,0,Not degraded
reduced_context,kmeans,2,21654,0,C0,1.6505176391612906,-1.7455806576079398,synnetqos_m_00021655,S042_02165,2025-08-17 11:38:39.683847,0,Not degraded
reduced_context,kmeans,2,21663,1,C1,-1.2400723253318375,-0.245124651799438,synnetqos_m_00021664,S042_02166,2025-08-24 18:32:31.143476,0,Not degraded
reduced_context,kmeans,2,21671,1,C1,-0.4713545762366999,-0.5982935145447064,synnetqos_m_00021672,S042_02167,2025-08-05 10:40:33.591849,1,Degraded
reduced_context,kmeans,2,21675,1,C1,0.47508167395437634,-0.6498347465485184,synnetqos_m_00021676,S042_02167,2025-08-05 10:44:33.591849,0,Not degraded
reduced_context,kmeans,2,21695,0,C0,0.8112178425874581,-0.21542120163870335,synnetqos_m_00021696,S042_02169,2025-08-16 20:13:29.138588,0,Not degraded
reduced_context,kmeans,2,21706,1,C1,-0.7201731024803236,-0.5602617529980113,synnetqos_m_00021707,S042_02170,2025-08-09 11:39:17.061284,1,Degraded
reduced_context,kmeans,2,21719,1,C1,-2.6466175629812208,0.33978013984619004,synnetqos_m_00021720,S042_02171,2025-07-27 09:37:34.957102,1,Degraded
reduced_context,kmeans,2,21723,0,C0,3.8343342979731716,2.298304338109874,synnetqos_m_00021724,S042_02172,2025-08-25 10:17:49.544163,0,Not degraded
reduced_context,kmeans,2,21736,0,C0,1.1727243790864572,-1.535879801214101,synnetqos_m_00021737,S042_02173,2025-08-01 19:34:39.383891,0,Not degraded
reduced_context,kmeans,2,21764,1,C1,-0.0003200686217809806,-1.266806270454352,synnetqos_m_00021765,S042_02176,2025-08-10 14:17:17.319836,1,Degraded
reduced_context,kmeans,2,21770,1,C1,-0.32228744510907226,-0.6617307629366813,synnetqos_m_00021771,S042_02177,2025-08-06 10:38:23.263552,1,Degraded
reduced_context,kmeans,2,21796,1,C1,-0.2390238036078184,0.6941648638592244,synnetqos_m_00021797,S042_02179,2025-08-17 01:23:26.848914,1,Degraded
reduced_context,kmeans,2,21800,1,C1,-0.1592945826229922,-0.8292791909383396,synnetqos_m_00021801,S042_02180,2025-08-13 19:56:13.924405,0,Not degraded
reduced_context,kmeans,2,21803,0,C0,1.3901314515498546,-1.6188955446321043,synnetqos_m_00021804,S042_02180,2025-08-13 19:59:13.924405,0,Not degraded
reduced_context,kmeans,2,21804,1,C1,0.09409059317844339,-1.3272759698453882,synnetqos_m_00021805,S042_02180,2025-08-13 20:00:13.924405,1,Degraded
reduced_context,kmeans,2,21827,1,C1,-3.705137541077048,0.2925560572798727,synnetqos_m_00021828,S042_02182,2025-08-11 22:16:30.643152,1,Degraded
reduced_context,kmeans,2,21828,1,C1,-3.797479039669508,0.6896161431507583,synnetqos_m_00021829,S042_02182,2025-08-11 22:17:30.643152,1,Degraded
reduced_context,kmeans,2,21831,0,C0,2.449788060297715,-0.645275940738664,synnetqos_m_00021832,S042_02183,2025-08-02 08:15:32.271728,0,Not degraded
reduced_context,kmeans,2,21843,1,C1,-1.1682823314010646,-0.5350143992181454,synnetqos_m_00021844,S042_02184,2025-07-30 07:17:42.476292,1,Degraded
reduced_context,kmeans,2,21860,1,C1,-1.3233432882503764,-0.6848693976620936,synnetqos_m_00021861,S042_02186,2025-08-22 17:01:03.260967,1,Degraded
reduced_context,kmeans,2,21867,1,C1,-0.5879498227527654,0.18952455908544383,synnetqos_m_00021868,S042_02186,2025-08-22 17:08:03.260967,1,Degraded
reduced_context,kmeans,2,21884,1,C1,0.10727495157280531,-0.3910022225703555,synnetqos_m_00021885,S042_02188,2025-08-13 09:29:23.946650,0,Not degraded
reduced_context,kmeans,2,21890,0,C0,1.344875848249695,-1.1669996432105754,synnetqos_m_00021891,S042_02189,2025-08-02 18:31:26.854120,0,Not degraded
reduced_context,kmeans,2,21892,0,C0,5.513320823291226,-2.15938158657873,synnetqos_m_00021893,S042_02189,2025-08-02 18:33:26.854120,0,Not degraded
reduced_context,kmeans,2,21902,1,C1,0.390071321245739,1.1130979065040865,synnetqos_m_00021903,S042_02190,2025-08-24 20:35:02.008025,1,Degraded
reduced_context,kmeans,2,21907,1,C1,-0.04869084819850956,0.7305062796661788,synnetqos_m_00021908,S042_02190,2025-08-24 20:40:02.008025,0,Not degraded
reduced_context,kmeans,2,21916,1,C1,-1.0413001430417732,-0.7546615878418056,synnetqos_m_00021917,S042_02191,2025-07-28 20:33:59.838506,1,Degraded
reduced_context,kmeans,2,21948,0,C0,0.7496311240920109,-0.16629806964264834,synnetqos_m_00021949,S042_02194,2025-08-09 13:18:07.476514,0,Not degraded
reduced_context,kmeans,2,21954,1,C1,0.540275016062021,2.2274510999874186,synnetqos_m_00021955,S042_02195,2025-08-21 15:43:28.424630,1,Degraded
reduced_context,kmeans,2,21958,1,C1,-1.3432230589001022,-0.08989851402812365,synnetqos_m_00021959,S042_02195,2025-08-21 15:47:28.424630,1,Degraded
reduced_context,kmeans,2,21960,0,C0,0.7280214817977579,0.5585486088885755,synnetqos_m_00021961,S042_02196,2025-08-02 04:32:34.687066,0,Not degraded
reduced_context,kmeans,2,21992,0,C0,1.4640236697634208,-0.5549924006709963,synnetqos_m_00021993,S042_02199,2025-08-05 11:30:42.096579,0,Not degraded
reduced_context,kmeans,2,22020,1,C1,-1.2645315002890798,0.6293936049115084,synnetqos_m_00022021,S042_02202,2025-08-15 17:55:27.402721,1,Degraded
reduced_context,kmeans,2,22023,1,C1,-1.143941454266519,-0.6400006541159015,synnetqos_m_00022024,S042_02202,2025-08-15 17:58:27.402721,0,Not degraded
reduced_context,kmeans,2,22027,1,C1,-0.9181948032811866,2.7764618178754805,synnetqos_m_00022028,S042_02202,2025-08-15 18:02:27.402721,1,Degraded
reduced_context,kmeans,2,22028,1,C1,-1.1555359886422019,-0.6620319223499873,synnetqos_m_00022029,S042_02202,2025-08-15 18:03:27.402721,1,Degraded
reduced_context,kmeans,2,22042,0,C0,4.163917196899988,-2.397359867869947,synnetqos_m_00022043,S042_02204,2025-08-08 12:01:19.664245,0,Not degraded
reduced_context,kmeans,2,22054,1,C1,-2.547158813580709,3.584409627617842,synnetqos_m_00022055,S042_02205,2025-08-21 07:25:17.025156,1,Degraded
reduced_context,kmeans,2,22076,0,C0,1.3810025234991996,0.6773787923269775,synnetqos_m_00022077,S042_02207,2025-07-27 05:27:50.043454,0,Not degraded
reduced_context,kmeans,2,22087,1,C1,-0.2824084793478722,-0.46547228655611905,synnetqos_m_00022088,S042_02208,2025-08-03 02:56:34.189806,0,Not degraded
reduced_context,kmeans,2,22092,0,C0,1.2130218558201045,-1.1161245500689194,synnetqos_m_00022093,S042_02209,2025-08-21 21:12:29.324998,0,Not degraded
reduced_context,kmeans,2,22120,1,C1,-0.3958872651065625,-0.7922570742666571,synnetqos_m_00022121,S042_02212,2025-08-03 08:20:28.749762,0,Not degraded
reduced_context,kmeans,2,22134,1,C1,-1.1422827077037638,-0.34747592846064107,synnetqos_m_00022135,S042_02213,2025-08-08 23:59:57.589858,0,Not degraded
reduced_context,kmeans,2,22160,1,C1,-0.32517112720860014,-0.15966237347022302,synnetqos_m_00022161,S042_02216,2025-08-20 05:49:02.728136,0,Not degraded
reduced_context,kmeans,2,22168,0,C0,1.0820791787635755,-0.02476515904198271,synnetqos_m_00022169,S042_02216,2025-08-20 05:57:02.728136,0,Not degraded
reduced_context,kmeans,2,22170,0,C0,0.5743025245534301,-0.13834375776509067,synnetqos_m_00022171,S042_02217,2025-08-16 12:00:36.751080,0,Not degraded
reduced_context,kmeans,2,22172,1,C1,-1.038683162132859,-0.4305330361792776,synnetqos_m_00022173,S042_02217,2025-08-16 12:02:36.751080,0,Not degraded
reduced_context,kmeans,2,22174,1,C1,-1.5611107714590688,-0.2694754433804933,synnetqos_m_00022175,S042_02217,2025-08-16 12:04:36.751080,1,Degraded
reduced_context,kmeans,2,22185,0,C0,1.1259476312615404,-0.9483403056673348,synnetqos_m_00022186,S042_02218,2025-08-05 08:47:21.029918,0,Not degraded
reduced_context,kmeans,2,22206,1,C1,0.3913120889999232,-1.1754024792458126,synnetqos_m_00022207,S042_02220,2025-08-12 21:05:09.168376,1,Degraded
reduced_context,kmeans,2,22213,0,C0,0.8214378453530351,-0.19554497659370584,synnetqos_m_00022214,S042_02221,2025-08-06 23:20:53.836889,0,Not degraded
reduced_context,kmeans,2,22233,1,C1,0.04444213052402959,0.2343810022964122,synnetqos_m_00022234,S042_02223,2025-08-12 05:56:44.010594,0,Not degraded
reduced_context,kmeans,2,22244,1,C1,-0.699240492846062,-0.39615773338324717,synnetqos_m_00022245,S042_02224,2025-08-20 22:59:24.273177,1,Degraded
reduced_context,kmeans,2,22286,1,C1,-0.9518935158240727,-0.3672471706068796,synnetqos_m_00022287,S042_02228,2025-08-17 06:45:34.488181,1,Degraded
reduced_context,kmeans,2,22292,1,C1,-0.5049958941353291,-0.24993657370496258,synnetqos_m_00022293,S042_02229,2025-08-14 03:36:18.040653,0,Not degraded
reduced_context,kmeans,2,22297,1,C1,-0.31850937219728365,-0.27533301893416934,synnetqos_m_00022298,S042_02229,2025-08-14 03:41:18.040653,0,Not degraded
reduced_context,kmeans,2,22323,1,C1,-1.7219595559124141,-0.6629991394499019,synnetqos_m_00022324,S042_02232,2025-08-16 15:40:14.379954,1,Degraded
reduced_context,kmeans,2,22332,1,C1,-3.28988861417292,1.290378562884743,synnetqos_m_00022333,S042_02233,2025-08-21 08:35:24.859178,1,Degraded
reduced_context,kmeans,2,22336,1,C1,-2.9763970893642395,0.2654216750829886,synnetqos_m_00022337,S042_02233,2025-08-21 08:39:24.859178,1,Degraded
reduced_context,kmeans,2,22346,1,C1,-1.9681985511034235,-0.08056495629385929,synnetqos_m_00022347,S042_02234,2025-08-01 19:38:44.772563,1,Degraded
reduced_context,kmeans,2,22360,1,C1,-0.9388615014404483,0.7818923966024007,synnetqos_m_00022361,S042_02236,2025-07-27 20:03:13.774712,1,Degraded
reduced_context,kmeans,2,22361,1,C1,-1.4481065850604797,-0.452598382237201,synnetqos_m_00022362,S042_02236,2025-07-27 20:04:13.774712,1,Degraded
reduced_context,kmeans,2,22362,1,C1,-0.38376262499472374,-0.5544602680456224,synnetqos_m_00022363,S042_02236,2025-07-27 20:05:13.774712,0,Not degraded
reduced_context,kmeans,2,22387,1,C1,-1.4341823044459086,0.14277208744286926,synnetqos_m_00022388,S042_02238,2025-08-24 04:02:13.726454,1,Degraded
reduced_context,kmeans,2,22392,1,C1,0.3725491019028994,-0.6739226504598247,synnetqos_m_00022393,S042_02239,2025-08-22 21:55:19.426131,0,Not degraded
reduced_context,kmeans,2,22398,1,C1,-1.3990250832790958,-0.10474790296975969,synnetqos_m_00022399,S042_02239,2025-08-22 22:01:19.426131,1,Degraded
reduced_context,kmeans,2,22410,1,C1,-0.4813287443952508,0.18635354851292404,synnetqos_m_00022411,S042_02241,2025-08-22 00:45:28.680231,1,Degraded
reduced_context,kmeans,2,22417,1,C1,-0.7907653294976569,-0.8331661403718922,synnetqos_m_00022418,S042_02241,2025-08-22 00:52:28.680231,0,Not degraded
reduced_context,kmeans,2,22421,1,C1,-1.8071443178474755,-1.01362748775359,synnetqos_m_00022422,S042_02242,2025-08-10 02:35:50.326831,1,Degraded
reduced_context,kmeans,2,22427,1,C1,-0.44072409240834215,-0.7288173636140753,synnetqos_m_00022428,S042_02242,2025-08-10 02:41:50.326831,1,Degraded
reduced_context,kmeans,2,22442,1,C1,-0.5662997676997559,-0.5540661126052389,synnetqos_m_00022443,S042_02244,2025-08-23 17:29:52.928975,1,Degraded
reduced_context,kmeans,2,22454,1,C1,-0.7404921414088026,0.9221142824762966,synnetqos_m_00022455,S042_02245,2025-08-09 02:49:05.794124,1,Degraded
reduced_context,kmeans,2,22471,1,C1,-0.018049532711245556,-0.10912667171236953,synnetqos_m_00022472,S042_02247,2025-07-30 19:49:32.197406,0,Not degraded
reduced_context,kmeans,2,22475,0,C0,1.1671598695681058,-0.6332853761561829,synnetqos_m_00022476,S042_02247,2025-07-30 19:53:32.197406,0,Not degraded
reduced_context,kmeans,2,22490,1,C1,0.2597796630510874,-1.4037646239390658,synnetqos_m_00022491,S042_02249,2025-08-12 06:24:26.130607,0,Not degraded
reduced_context,kmeans,2,22505,1,C1,-1.8280156281654751,-0.7449117551481768,synnetqos_m_00022506,S042_02250,2025-08-09 23:42:59.754612,1,Degraded
reduced_context,kmeans,2,22509,1,C1,-1.807115690298443,-0.4823196044486236,synnetqos_m_00022510,S042_02250,2025-08-09 23:46:59.754612,1,Degraded
reduced_context,kmeans,2,22514,1,C1,-1.929347398255288,0.1825520946442409,synnetqos_m_00022515,S042_02251,2025-08-14 00:12:12.826236,0,Not degraded
reduced_context,kmeans,2,22515,1,C1,-2.2399445343646573,1.8422094348308047,synnetqos_m_00022516,S042_02251,2025-08-14 00:13:12.826236,1,Degraded
reduced_context,kmeans,2,22524,1,C1,0.4860638132027438,1.2440495270187073,synnetqos_m_00022525,S042_02252,2025-08-01 15:07:07.328191,1,Degraded
reduced_context,kmeans,2,22531,0,C0,2.487839661615671,-1.8603322744237183,synnetqos_m_00022532,S042_02253,2025-08-19 18:12:17.598457,0,Not degraded
reduced_context,kmeans,2,22543,0,C0,1.5265615348774437,-0.6627339886711843,synnetqos_m_00022544,S042_02254,2025-07-28 01:30:58.382146,0,Not degraded
reduced_context,kmeans,2,22559,1,C1,-0.3808835152940473,0.14948779982786967,synnetqos_m_00022560,S042_02255,2025-08-06 15:01:00.242049,0,Not degraded
reduced_context,kmeans,2,22562,1,C1,-3.324924850881274,-0.15781686100051995,synnetqos_m_00022563,S042_02256,2025-08-17 17:29:10.444163,1,Degraded
reduced_context,kmeans,2,22582,1,C1,-2.083372751593048,1.1932796725315098,synnetqos_m_00022583,S042_02258,2025-08-12 13:37:18.116230,1,Degraded
reduced_context,kmeans,2,22596,1,C1,-0.3007513328429026,-0.7945670913048127,synnetqos_m_00022597,S042_02259,2025-08-03 02:14:34.008729,1,Degraded
reduced_context,kmeans,2,22597,1,C1,-1.6993862523957037,-0.7516674092015141,synnetqos_m_00022598,S042_02259,2025-08-03 02:15:34.008729,1,Degraded
reduced_context,kmeans,2,22610,1,C1,-1.1264202258882723,2.761798005252605,synnetqos_m_00022611,S042_02261,2025-08-08 17:50:28.233482,1,Degraded
reduced_context,kmeans,2,22617,0,C0,3.4856532056130614,2.1371351990849794,synnetqos_m_00022618,S042_02261,2025-08-08 17:57:28.233482,0,Not degraded
reduced_context,kmeans,2,22631,0,C0,0.7346528007218229,-0.2826129615733253,synnetqos_m_00022632,S042_02263,2025-08-18 13:13:35.241698,0,Not degraded
reduced_context,kmeans,2,22633,1,C1,-0.45424918060800523,-0.3594378069157714,synnetqos_m_00022634,S042_02263,2025-08-18 13:15:35.241698,0,Not degraded
reduced_context,kmeans,2,22641,1,C1,-2.0999405167281124,-0.16218495369823782,synnetqos_m_00022642,S042_02264,2025-07-28 11:32:53.521787,1,Degraded
reduced_context,kmeans,2,22645,1,C1,0.10704613054971421,-1.2225051646212448,synnetqos_m_00022646,S042_02264,2025-07-28 11:36:53.521787,1,Degraded
reduced_context,kmeans,2,22651,1,C1,-1.018768254051748,-0.8082323366982236,synnetqos_m_00022652,S042_02265,2025-08-15 18:13:56.449667,1,Degraded
reduced_context,kmeans,2,22676,1,C1,-1.3531050796236785,-0.4392220805285431,synnetqos_m_00022677,S042_02267,2025-08-20 21:38:08.877063,1,Degraded
reduced_context,kmeans,2,22678,1,C1,-1.6907121756055155,-0.3094701136262014,synnetqos_m_00022679,S042_02267,2025-08-20 21:40:08.877063,1,Degraded
reduced_context,kmeans,2,22683,1,C1,-1.2993374285759667,0.07316715949421393,synnetqos_m_00022684,S042_02268,2025-08-08 10:08:56.400538,1,Degraded
reduced_context,kmeans,2,22688,1,C1,-0.4441193460175037,1.8316816274000902,synnetqos_m_00022689,S042_02268,2025-08-08 10:13:56.400538,1,Degraded
reduced_context,kmeans,2,22697,1,C1,-2.1834106485181617,-0.20185862189666,synnetqos_m_00022698,S042_02269,2025-08-06 16:49:17.291573,1,Degraded
reduced_context,kmeans,2,22699,1,C1,-2.62778453985131,0.23394828338779236,synnetqos_m_00022700,S042_02269,2025-08-06 16:51:17.291573,1,Degraded
reduced_context,kmeans,2,22723,1,C1,-0.7844442478244029,-1.4675839513614888,synnetqos_m_00022724,S042_02272,2025-08-12 01:13:50.293470,1,Degraded
reduced_context,kmeans,2,22729,1,C1,-1.422643621801912,-1.1968738887255894,synnetqos_m_00022730,S042_02272,2025-08-12 01:19:50.293470,1,Degraded
reduced_context,kmeans,2,22744,0,C0,0.716159929089469,0.1768125307958973,synnetqos_m_00022745,S042_02274,2025-08-18 12:05:05.002953,0,Not degraded
reduced_context,kmeans,2,22762,1,C1,0.4649561213833741,-1.0576409068977901,synnetqos_m_00022763,S042_02276,2025-08-15 09:50:11.681681,0,Not degraded
reduced_context,kmeans,2,22774,1,C1,-0.907194592173645,1.9424425596794461,synnetqos_m_00022775,S042_02277,2025-08-01 23:05:55.361410,1,Degraded
reduced_context,kmeans,2,22815,1,C1,-2.3263532815494674,0.8133840920000883,synnetqos_m_00022816,S042_02281,2025-08-11 09:59:27.104820,1,Degraded
reduced_context,kmeans,2,22868,1,C1,-0.7558778923125337,-0.3647967353350759,synnetqos_m_00022869,S042_02286,2025-08-20 05:14:30.315816,0,Not degraded
reduced_context,kmeans,2,22880,1,C1,-2.628271730767014,1.2090646090261337,synnetqos_m_00022881,S042_02288,2025-08-18 18:48:59.058840,1,Degraded
reduced_context,kmeans,2,22881,1,C1,-2.021397199614072,3.5655037404635337,synnetqos_m_00022882,S042_02288,2025-08-18 18:49:59.058840,1,Degraded
reduced_context,kmeans,2,22903,1,C1,0.3356354897770553,-0.6744213244527688,synnetqos_m_00022904,S042_02290,2025-08-16 21:05:22.414735,0,Not degraded
reduced_context,kmeans,2,22917,0,C0,0.6447537594672251,-0.7063910930422989,synnetqos_m_00022918,S042_02291,2025-07-27 01:02:27.998876,0,Not degraded
reduced_context,kmeans,2,22945,1,C1,-2.205502064490702,0.3146001182114891,synnetqos_m_00022946,S042_02294,2025-07-29 05:15:29.679617,1,Degraded
reduced_context,kmeans,2,22954,1,C1,-0.42756145839775983,-1.0190562373060748,synnetqos_m_00022955,S042_02295,2025-08-14 06:10:53.344746,0,Not degraded
reduced_context,kmeans,2,22959,1,C1,-1.8871991733657023,-0.7066601500764462,synnetqos_m_00022960,S042_02295,2025-08-14 06:15:53.344746,1,Degraded
reduced_context,kmeans,2,22964,0,C0,1.9279889094324656,-1.1206028794325043,synnetqos_m_00022965,S042_02296,2025-08-23 03:15:14.080925,0,Not degraded
reduced_context,kmeans,2,22966,0,C0,2.034321327639228,-0.987059880093325,synnetqos_m_00022967,S042_02296,2025-08-23 03:17:14.080925,0,Not degraded
reduced_context,kmeans,2,22971,1,C1,-0.9022090140732447,2.318000116809743,synnetqos_m_00022972,S042_02297,2025-08-25 14:27:35.964278,1,Degraded
reduced_context,kmeans,2,22972,1,C1,-2.1813122661164526,0.09139687981859393,synnetqos_m_00022973,S042_02297,2025-08-25 14:28:35.964278,0,Not degraded
reduced_context,kmeans,2,22976,1,C1,0.403027699085907,0.06599554167638319,synnetqos_m_00022977,S042_02297,2025-08-25 14:32:35.964278,0,Not degraded
reduced_context,kmeans,2,23006,1,C1,-2.1496905709531005,0.030173066832504487,synnetqos_m_00023007,S042_02300,2025-08-23 15:27:46.470806,1,Degraded
reduced_context,kmeans,2,23011,1,C1,-1.4282559925804346,-0.5421822214993848,synnetqos_m_00023012,S042_02301,2025-07-29 19:42:53.405750,1,Degraded
reduced_context,kmeans,2,23012,1,C1,-0.06380686420404866,-0.43836687208102576,synnetqos_m_00023013,S042_02301,2025-07-29 19:43:53.405750,1,Degraded
reduced_context,kmeans,2,23022,1,C1,0.39415856564067314,-0.3779293131628317,synnetqos_m_00023023,S042_02302,2025-07-30 18:17:37.355607,0,Not degraded
reduced_context,kmeans,2,23047,0,C0,4.654871806839377,-2.7740541504798735,synnetqos_m_00023048,S042_02304,2025-08-21 20:33:26.088791,0,Not degraded
reduced_context,kmeans,2,23077,1,C1,-0.8938342533410103,-0.5649410358704565,synnetqos_m_00023078,S042_02307,2025-08-11 18:04:50.980417,0,Not degraded
reduced_context,kmeans,2,23078,1,C1,0.28139046488835834,0.8012242540262446,synnetqos_m_00023079,S042_02307,2025-08-11 18:05:50.980417,1,Degraded
reduced_context,kmeans,2,23089,1,C1,-1.3711482698645066,-0.2323153875310052,synnetqos_m_00023090,S042_02308,2025-08-02 14:42:56.420202,0,Not degraded
reduced_context,kmeans,2,23097,1,C1,-0.788834001430699,-0.4306608777130775,synnetqos_m_00023098,S042_02309,2025-08-14 10:24:50.643433,1,Degraded
reduced_context,kmeans,2,23117,1,C1,-1.7146681788551952,-0.37100102806606877,synnetqos_m_00023118,S042_02311,2025-08-13 01:49:42.421263,1,Degraded
reduced_context,kmeans,2,23144,0,C0,0.7678225631418341,-0.7107776479471068,synnetqos_m_00023145,S042_02314,2025-08-02 05:01:11.616305,0,Not degraded
reduced_context,kmeans,2,23165,1,C1,-0.51886170436508,-0.6796713584557834,synnetqos_m_00023166,S042_02316,2025-07-30 13:39:40.749223,0,Not degraded
reduced_context,kmeans,2,23173,1,C1,-0.7122231028565472,0.12475786411091086,synnetqos_m_00023174,S042_02317,2025-08-20 12:37:38.900295,1,Degraded
reduced_context,kmeans,2,23187,1,C1,-0.7218795758990927,2.2789094885156675,synnetqos_m_00023188,S042_02318,2025-07-26 22:57:43.041491,1,Degraded
reduced_context,kmeans,2,23213,1,C1,0.27763194770907107,-0.3257838412140491,synnetqos_m_00023214,S042_02321,2025-08-04 07:11:00.016712,0,Not degraded
reduced_context,kmeans,2,23215,1,C1,-0.5360374688981295,-0.5358267343029232,synnetqos_m_00023216,S042_02321,2025-08-04 07:13:00.016712,1,Degraded
reduced_context,kmeans,2,23230,0,C0,0.9237993961698452,-1.9737289667667475,synnetqos_m_00023231,S042_02323,2025-08-06 11:24:17.995518,1,Degraded
reduced_context,kmeans,2,23232,0,C0,1.536596112236149,-2.110091294882264,synnetqos_m_00023233,S042_02323,2025-08-06 11:26:17.995518,0,Not degraded
reduced_context,kmeans,2,23235,0,C0,4.663328454995779,1.0411444560779077,synnetqos_m_00023236,S042_02323,2025-08-06 11:29:17.995518,1,Degraded
reduced_context,kmeans,2,23241,1,C1,-1.963676309712357,0.2677598565261306,synnetqos_m_00023242,S042_02324,2025-07-26 12:54:26.593124,1,Degraded
reduced_context,kmeans,2,23247,1,C1,-1.3821214679481952,-0.23322843169929344,synnetqos_m_00023248,S042_02324,2025-07-26 13:00:26.593124,1,Degraded
reduced_context,kmeans,2,23250,1,C1,-0.7479435610345929,2.0818488688128833,synnetqos_m_00023251,S042_02325,2025-08-09 02:20:44.170447,1,Degraded
reduced_context,kmeans,2,23251,1,C1,-1.8489258084372588,0.39750896581489553,synnetqos_m_00023252,S042_02325,2025-08-09 02:21:44.170447,1,Degraded
reduced_context,kmeans,2,23273,1,C1,0.37573871097334327,-0.6563505823946909,synnetqos_m_00023274,S042_02327,2025-08-12 06:59:39.439505,0,Not degraded
reduced_context,kmeans,2,23282,0,C0,1.005206638265898,1.7585872376720582,synnetqos_m_00023283,S042_02328,2025-07-28 23:41:30.037039,0,Not degraded
reduced_context,kmeans,2,23285,1,C1,0.3344127712965853,-0.9617102332878402,synnetqos_m_00023286,S042_02328,2025-07-28 23:44:30.037039,0,Not degraded
reduced_context,kmeans,2,23316,0,C0,4.256639722765462,-1.6323420849336059,synnetqos_m_00023317,S042_02331,2025-08-01 13:38:36.561098,0,Not degraded
reduced_context,kmeans,2,23317,0,C0,4.021949804909371,-2.647576060709429,synnetqos_m_00023318,S042_02331,2025-08-01 13:39:36.561098,0,Not degraded
reduced_context,kmeans,2,23328,0,C0,1.658609389010351,-1.411276467199168,synnetqos_m_00023329,S042_02332,2025-08-25 15:00:53.909835,0,Not degraded
reduced_context,kmeans,2,23344,1,C1,-0.011660328016476616,0.08758029469133283,synnetqos_m_00023345,S042_02334,2025-08-23 10:48:06.511183,0,Not degraded
reduced_context,kmeans,2,23373,1,C1,-0.5613140861819031,-0.5995197072516208,synnetqos_m_00023374,S042_02337,2025-08-07 23:10:29.273740,1,Degraded
reduced_context,kmeans,2,23374,1,C1,-0.723288584220036,-1.0236335114220918,synnetqos_m_00023375,S042_02337,2025-08-07 23:11:29.273740,0,Not degraded
reduced_context,kmeans,2,23387,0,C0,4.6790919209079975,-0.10311766863895631,synnetqos_m_00023388,S042_02338,2025-08-03 17:43:15.619118,0,Not degraded
reduced_context,kmeans,2,23400,1,C1,-2.0626834765411357,0.3718319572084059,synnetqos_m_00023401,S042_02340,2025-08-24 08:49:08.953171,1,Degraded
reduced_context,kmeans,2,23406,1,C1,-1.2479792621812287,-0.34433510852981686,synnetqos_m_00023407,S042_02340,2025-08-24 08:55:08.953171,0,Not degraded
reduced_context,kmeans,2,23429,1,C1,-1.0037983108089912,0.9472654413609911,synnetqos_m_00023430,S042_02342,2025-07-30 06:07:08.680165,1,Degraded
reduced_context,kmeans,2,23439,1,C1,-1.437108351948923,0.14249037602211662,synnetqos_m_00023440,S042_02343,2025-08-06 06:29:20.315886,1,Degraded
reduced_context,kmeans,2,23442,0,C0,3.4996098359951717,0.35849583361077186,synnetqos_m_00023443,S042_02344,2025-08-24 17:14:04.261063,0,Not degraded
reduced_context,kmeans,2,23447,0,C0,2.8839531435403476,0.9563125416516729,synnetqos_m_00023448,S042_02344,2025-08-24 17:19:04.261063,0,Not degraded
reduced_context,kmeans,2,23456,1,C1,-3.2203503889149045,0.541124695086525,synnetqos_m_00023457,S042_02345,2025-08-03 02:41:30.898894,1,Degraded
reduced_context,kmeans,2,23469,1,C1,-0.2819039797572641,-0.09691589826786884,synnetqos_m_00023470,S042_02346,2025-08-22 21:16:47.599582,1,Degraded
reduced_context,kmeans,2,23499,1,C1,-0.9599995660572186,1.5967614246344979,synnetqos_m_00023500,S042_02349,2025-08-04 20:39:59.401873,1,Degraded
reduced_context,kmeans,2,23500,1,C1,0.09461576049935251,-0.8417709638692117,synnetqos_m_00023501,S042_02350,2025-08-07 20:40:16.708913,0,Not degraded
reduced_context,kmeans,2,23514,0,C0,0.899233200838498,-1.446461741535407,synnetqos_m_00023515,S042_02351,2025-08-21 04:36:30.080970,0,Not degraded
reduced_context,kmeans,2,23516,0,C0,0.8709055877539733,-0.929558642423343,synnetqos_m_00023517,S042_02351,2025-08-21 04:38:30.080970,0,Not degraded
reduced_context,kmeans,2,23521,1,C1,-2.3234066341261363,-0.32431594813366516,synnetqos_m_00023522,S042_02352,2025-08-06 00:56:56.943332,1,Degraded
reduced_context,kmeans,2,23528,1,C1,-1.8611532650426026,0.03025542760306838,synnetqos_m_00023529,S042_02352,2025-08-06 01:03:56.943332,0,Not degraded
reduced_context,kmeans,2,23533,1,C1,-1.4991598161510584,-0.45835232202236253,synnetqos_m_00023534,S042_02353,2025-07-30 20:14:54.196808,1,Degraded
reduced_context,kmeans,2,23537,1,C1,-2.135745406874429,0.7107434475561363,synnetqos_m_00023538,S042_02353,2025-07-30 20:18:54.196808,1,Degraded
reduced_context,kmeans,2,23561,1,C1,-0.9447158539641407,-0.5893469780142855,synnetqos_m_00023562,S042_02356,2025-08-04 20:17:28.253861,1,Degraded
reduced_context,kmeans,2,23565,1,C1,0.18852312400241478,-0.6003328030714185,synnetqos_m_00023566,S042_02356,2025-08-04 20:21:28.253861,1,Degraded
reduced_context,kmeans,2,23570,1,C1,-2.879666140012837,-0.045647537195522635,synnetqos_m_00023571,S042_02357,2025-08-03 22:36:03.551609,0,Not degraded
reduced_context,kmeans,2,23576,1,C1,-2.1343989393244667,-0.29976212177021444,synnetqos_m_00023577,S042_02357,2025-08-03 22:42:03.551609,1,Degraded
reduced_context,kmeans,2,23581,0,C0,1.9957439008685458,-1.3260154684338175,synnetqos_m_00023582,S042_02358,2025-08-05 22:14:52.399141,0,Not degraded
reduced_context,kmeans,2,23594,0,C0,2.4171592448377313,0.9859654408126486,synnetqos_m_00023595,S042_02359,2025-08-03 14:24:12.591956,1,Degraded
reduced_context,kmeans,2,23603,0,C0,3.951967167388635,-2.1833740629071703,synnetqos_m_00023604,S042_02360,2025-08-07 11:33:28.547502,0,Not degraded
reduced_context,kmeans,2,23638,0,C0,2.5869227126230663,-0.9110162019759719,synnetqos_m_00023639,S042_02363,2025-08-23 13:15:04.507178,0,Not degraded
reduced_context,kmeans,2,23642,0,C0,0.7581769219753721,-1.375600205321151,synnetqos_m_00023643,S042_02364,2025-08-05 06:06:46.540608,0,Not degraded
reduced_context,kmeans,2,23643,0,C0,1.1962969318936754,-1.656151194870664,synnetqos_m_00023644,S042_02364,2025-08-05 06:07:46.540608,0,Not degraded
reduced_context,kmeans,2,23652,1,C1,-1.6290669491907217,1.0019059996203876,synnetqos_m_00023653,S042_02365,2025-08-09 17:01:30.539912,1,Degraded
reduced_context,kmeans,2,23657,1,C1,-1.918057473173723,0.4039112823921086,synnetqos_m_00023658,S042_02365,2025-08-09 17:06:30.539912,0,Not degraded
reduced_context,kmeans,2,23667,1,C1,-0.6211611690465055,1.0775698233982098,synnetqos_m_00023668,S042_02366,2025-07-29 23:14:11.317956,1,Degraded
reduced_context,kmeans,2,23687,1,C1,-2.227757114063461,-0.4993290691190899,synnetqos_m_00023688,S042_02368,2025-08-08 04:06:38.845408,1,Degraded
reduced_context,kmeans,2,23689,1,C1,-1.2082180475199562,-0.530066996349438,synnetqos_m_00023690,S042_02368,2025-08-08 04:08:38.845408,0,Not degraded
reduced_context,kmeans,2,23696,1,C1,-0.7850072214400349,-0.477044583933952,synnetqos_m_00023697,S042_02369,2025-08-08 07:22:32.240977,1,Degraded
reduced_context,kmeans,2,23698,1,C1,-1.6389786732036788,-0.5076764250192204,synnetqos_m_00023699,S042_02369,2025-08-08 07:24:32.240977,1,Degraded
reduced_context,kmeans,2,23714,1,C1,-0.7477998461341947,-1.2464755093823807,synnetqos_m_00023715,S042_02371,2025-08-02 03:43:05.383596,1,Degraded
reduced_context,kmeans,2,23726,1,C1,-1.5172861334216916,0.15951105870715948,synnetqos_m_00023727,S042_02372,2025-07-30 02:04:13.116499,1,Degraded
reduced_context,kmeans,2,23739,1,C1,0.20844871016797703,0.41859449899935497,synnetqos_m_00023740,S042_02373,2025-08-10 12:20:52.619611,0,Not degraded
reduced_context,kmeans,2,23742,1,C1,-0.20547630292264144,-1.052049005186341,synnetqos_m_00023743,S042_02374,2025-08-17 01:07:00.691369,0,Not degraded
reduced_context,kmeans,2,23747,1,C1,-0.03183449096521588,-0.7322642759687165,synnetqos_m_00023748,S042_02374,2025-08-17 01:12:00.691369,0,Not degraded
reduced_context,kmeans,2,23759,1,C1,-3.679285220012899,1.7203631780578783,synnetqos_m_00023760,S042_02375,2025-07-31 06:02:50.462551,1,Degraded
reduced_context,kmeans,2,23763,1,C1,-1.9520887675447114,-0.7568819081032767,synnetqos_m_00023764,S042_02376,2025-08-06 02:41:42.689372,1,Degraded
reduced_context,kmeans,2,23764,1,C1,-1.6159183164706281,1.240908949792412,synnetqos_m_00023765,S042_02376,2025-08-06 02:42:42.689372,1,Degraded
reduced_context,kmeans,2,23775,1,C1,-1.9772467685852666,2.004295488334523,synnetqos_m_00023776,S042_02377,2025-08-03 11:31:41.272326,1,Degraded
reduced_context,kmeans,2,23782,0,C0,1.8902169111669407,-0.1139931214706414,synnetqos_m_00023783,S042_02378,2025-08-04 10:32:33.381007,0,Not degraded
reduced_context,kmeans,2,23788,0,C0,1.5505242029458337,-0.850446829614489,synnetqos_m_00023789,S042_02378,2025-08-04 10:38:33.381007,0,Not degraded
reduced_context,kmeans,2,23792,0,C0,2.701121455717207,0.7082841482056808,synnetqos_m_00023793,S042_02379,2025-08-02 16:27:25.203484,0,Not degraded
reduced_context,kmeans,2,23803,1,C1,0.007565850300769589,2.0416234922289087,synnetqos_m_00023804,S042_02380,2025-08-04 17:47:12.538777,1,Degraded
reduced_context,kmeans,2,23817,1,C1,-1.114546583370118,-0.8538447755611609,synnetqos_m_00023818,S042_02381,2025-08-20 04:34:18.624655,1,Degraded
reduced_context,kmeans,2,23835,1,C1,-2.8349142351532985,0.5739878663814973,synnetqos_m_00023836,S042_02383,2025-08-15 19:53:21.933274,1,Degraded
reduced_context,kmeans,2,23841,1,C1,-0.7158192371954032,-0.4354807176034082,synnetqos_m_00023842,S042_02384,2025-08-11 21:10:27.475033,1,Degraded
reduced_context,kmeans,2,23843,1,C1,-0.9910168016073484,0.4506568020048548,synnetqos_m_00023844,S042_02384,2025-08-11 21:12:27.475033,0,Not degraded
reduced_context,kmeans,2,23844,1,C1,-0.5414653703028802,0.8420786598015852,synnetqos_m_00023845,S042_02384,2025-08-11 21:13:27.475033,1,Degraded
reduced_context,kmeans,2,23846,1,C1,-1.5061655666720217,-0.312606348977277,synnetqos_m_00023847,S042_02384,2025-08-11 21:15:27.475033,1,Degraded
reduced_context,kmeans,2,23866,0,C0,1.1199946736357576,-0.970208638568776,synnetqos_m_00023867,S042_02386,2025-08-07 03:54:12.053474,0,Not degraded
reduced_context,kmeans,2,23923,0,C0,2.0968539404700652,-0.7902319902318611,synnetqos_m_00023924,S042_02392,2025-08-15 02:14:47.340052,0,Not degraded
reduced_context,kmeans,2,23930,1,C1,-1.3127158396601089,-0.1821612107109512,synnetqos_m_00023931,S042_02393,2025-08-14 13:59:36.177702,0,Not degraded
reduced_context,kmeans,2,23935,1,C1,-2.0133273852060642,0.9697833568282452,synnetqos_m_00023936,S042_02393,2025-08-14 14:04:36.177702,1,Degraded
reduced_context,kmeans,2,24025,1,C1,-0.8984858966007269,-0.907188655950564,synnetqos_m_00024026,S042_02402,2025-08-24 17:12:03.778216,1,Degraded
reduced_context,kmeans,2,24028,0,C0,0.9035445764039257,-1.7671994285085197,synnetqos_m_00024029,S042_02402,2025-08-24 17:15:03.778216,0,Not degraded
reduced_context,kmeans,2,24050,0,C0,4.528009000185473,-2.354743304768848,synnetqos_m_00024051,S042_02405,2025-08-09 05:54:44.403803,0,Not degraded
reduced_context,kmeans,2,24056,0,C0,2.0644577768433194,-0.6546662647053397,synnetqos_m_00024057,S042_02405,2025-08-09 06:00:44.403803,0,Not degraded
reduced_context,kmeans,2,24062,1,C1,0.3298944407956676,2.9017005620733474,synnetqos_m_00024063,S042_02406,2025-08-10 20:48:25.956061,1,Degraded
reduced_context,kmeans,2,24063,1,C1,-1.9017276356496844,-0.17426743754584265,synnetqos_m_00024064,S042_02406,2025-08-10 20:49:25.956061,1,Degraded
reduced_context,kmeans,2,24092,1,C1,-0.7855975463294872,-0.8519965445548385,synnetqos_m_00024093,S042_02409,2025-08-05 00:31:43.605218,1,Degraded
reduced_context,kmeans,2,24103,0,C0,1.3367266596521221,2.7778778904291297,synnetqos_m_00024104,S042_02410,2025-08-11 17:57:53.582401,0,Not degraded
reduced_context,kmeans,2,24107,1,C1,-0.1078221853403386,-0.4561851257405646,synnetqos_m_00024108,S042_02410,2025-08-11 18:01:53.582401,1,Degraded
reduced_context,kmeans,2,24119,1,C1,-2.916691417647633,-0.18073507709164052,synnetqos_m_00024120,S042_02411,2025-08-02 19:59:52.062286,1,Degraded
reduced_context,kmeans,2,24123,0,C0,1.1673246454178674,-1.2876418262276634,synnetqos_m_00024124,S042_02412,2025-08-24 19:48:37.617198,0,Not degraded
reduced_context,kmeans,2,24131,0,C0,2.461851914535541,-2.0430519177275897,synnetqos_m_00024132,S042_02413,2025-08-07 09:41:55.864727,0,Not degraded
reduced_context,kmeans,2,24154,1,C1,-0.26800146837729083,-0.3847288751214761,synnetqos_m_00024155,S042_02415,2025-08-25 06:23:04.699810,0,Not degraded
reduced_context,kmeans,2,24165,0,C0,1.0639983039807506,0.6363745661608515,synnetqos_m_00024166,S042_02416,2025-08-14 02:56:49.519735,0,Not degraded
reduced_context,kmeans,2,24176,0,C0,1.7302575344153046,1.1363327060753563,synnetqos_m_00024177,S042_02417,2025-08-25 00:29:27.337612,0,Not degraded
reduced_context,kmeans,2,24184,0,C0,0.7989925359352212,-0.34307703301986586,synnetqos_m_00024185,S042_02418,2025-08-18 02:42:57.424668,0,Not degraded
reduced_context,kmeans,2,24185,1,C1,-0.5533815257915763,-1.2082310708623385,synnetqos_m_00024186,S042_02418,2025-08-18 02:43:57.424668,1,Degraded
reduced_context,kmeans,2,24197,0,C0,5.000383591907951,4.92683776698981,synnetqos_m_00024198,S042_02419,2025-07-28 12:55:08.824986,0,Not degraded
reduced_context,kmeans,2,24202,0,C0,1.0631890092152512,-0.3928080017040267,synnetqos_m_00024203,S042_02420,2025-08-01 08:52:46.972444,0,Not degraded
reduced_context,kmeans,2,24224,0,C0,1.5902794072990836,0.45485360266241637,synnetqos_m_00024225,S042_02422,2025-08-23 11:21:49.451901,0,Not degraded
reduced_context,kmeans,2,24246,1,C1,-2.4171729009137244,-0.34828047316177313,synnetqos_m_00024247,S042_02424,2025-08-16 06:49:24.095081,1,Degraded
reduced_context,kmeans,2,24257,1,C1,-2.0245115807066876,1.2112725786539853,synnetqos_m_00024258,S042_02425,2025-08-10 14:17:55.844927,1,Degraded
reduced_context,kmeans,2,24283,1,C1,-1.5583678822848985,-0.48730315495370374,synnetqos_m_00024284,S042_02428,2025-07-27 21:46:13.667846,1,Degraded
reduced_context,kmeans,2,24296,1,C1,-0.7763525778541712,-1.0225306977865747,synnetqos_m_00024297,S042_02429,2025-08-01 02:07:51.714395,1,Degraded
reduced_context,kmeans,2,24299,1,C1,-0.42810829095977565,-0.8873347395152392,synnetqos_m_00024300,S042_02429,2025-08-01 02:10:51.714395,1,Degraded
reduced_context,kmeans,2,24301,1,C1,-0.6281582479429261,-0.5429994373191228,synnetqos_m_00024302,S042_02430,2025-08-07 05:27:48.141438,0,Not degraded
reduced_context,kmeans,2,24308,1,C1,-0.21432064522181263,-0.7242437272019523,synnetqos_m_00024309,S042_02430,2025-08-07 05:34:48.141438,1,Degraded
reduced_context,kmeans,2,24324,1,C1,-2.1873536552422674,-0.034039275563624266,synnetqos_m_00024325,S042_02432,2025-08-11 23:05:42.787378,1,Degraded
reduced_context,kmeans,2,24384,1,C1,-0.4954883440388405,0.4312351011902938,synnetqos_m_00024385,S042_02438,2025-08-03 19:42:04.724553,1,Degraded
reduced_context,kmeans,2,24391,1,C1,-1.0373937390566075,1.6201526151367178,synnetqos_m_00024392,S042_02439,2025-08-02 14:38:36.910557,1,Degraded
reduced_context,kmeans,2,24400,0,C0,1.530877453131524,-1.8011023270039435,synnetqos_m_00024401,S042_02440,2025-08-11 06:20:04.393585,0,Not degraded
reduced_context,kmeans,2,24402,0,C0,2.290498218938929,-1.9588631989406986,synnetqos_m_00024403,S042_02440,2025-08-11 06:22:04.393585,0,Not degraded
reduced_context,kmeans,2,24411,1,C1,-0.12801452066928326,-0.6516570081203492,synnetqos_m_00024412,S042_02441,2025-08-15 09:40:28.689100,0,Not degraded
reduced_context,kmeans,2,24445,0,C0,1.8393007394552259,-1.025278784918392,synnetqos_m_00024446,S042_02444,2025-08-19 13:51:06.632841,0,Not degraded
reduced_context,kmeans,2,24446,1,C1,-0.14783617625767567,-0.1843698332548242,synnetqos_m_00024447,S042_02444,2025-08-19 13:52:06.632841,1,Degraded
reduced_context,kmeans,2,24500,1,C1,-0.9958638072072217,0.15654621011156028,synnetqos_m_00024501,S042_02450,2025-08-17 20:48:10.959082,1,Degraded
reduced_context,kmeans,2,24501,0,C0,0.6786177757164518,-1.0087832641054815,synnetqos_m_00024502,S042_02450,2025-08-17 20:49:10.959082,0,Not degraded
reduced_context,kmeans,2,24513,0,C0,1.940753329166721,0.6761081165133696,synnetqos_m_00024514,S042_02451,2025-08-21 11:17:54.238868,0,Not degraded
reduced_context,kmeans,2,24520,0,C0,3.5535254814771116,3.6397517311594854,synnetqos_m_00024521,S042_02452,2025-08-15 21:30:44.420640,1,Degraded
reduced_context,kmeans,2,24525,0,C0,2.2575892987085813,-0.5887590695998369,synnetqos_m_00024526,S042_02452,2025-08-15 21:35:44.420640,0,Not degraded
reduced_context,kmeans,2,24528,0,C0,2.2686198590192723,-0.8398056847191911,synnetqos_m_00024529,S042_02452,2025-08-15 21:38:44.420640,0,Not degraded
reduced_context,kmeans,2,24530,0,C0,2.1177622203575712,-0.7870754750708875,synnetqos_m_00024531,S042_02453,2025-08-16 14:49:10.277821,0,Not degraded
reduced_context,kmeans,2,24541,0,C0,2.178922990434815,0.30757024508334896,synnetqos_m_00024542,S042_02454,2025-07-29 09:10:06.929794,0,Not degraded
reduced_context,kmeans,2,24544,0,C0,2.1430282160020573,0.03590139153429576,synnetqos_m_00024545,S042_02454,2025-07-29 09:13:06.929794,0,Not degraded
reduced_context,kmeans,2,24587,0,C0,1.9491260550907157,-1.1213601554422155,synnetqos_m_00024588,S042_02458,2025-08-13 01:52:20.288629,0,Not degraded
reduced_context,kmeans,2,24593,1,C1,-1.086887371323919,-0.48371560564621485,synnetqos_m_00024594,S042_02459,2025-07-30 10:48:17.062258,1,Degraded
reduced_context,kmeans,2,24598,1,C1,-0.2904653476772236,2.0391515771567064,synnetqos_m_00024599,S042_02459,2025-07-30 10:53:17.062258,1,Degraded
reduced_context,kmeans,2,24620,0,C0,4.44610693767072,1.9814845536941532,synnetqos_m_00024621,S042_02462,2025-08-20 06:56:11.936485,0,Not degraded
reduced_context,kmeans,2,24622,0,C0,2.24367883305439,-1.4032014957059558,synnetqos_m_00024623,S042_02462,2025-08-20 06:58:11.936485,0,Not degraded
reduced_context,kmeans,2,24625,0,C0,3.144652245664707,0.9344179122434637,synnetqos_m_00024626,S042_02462,2025-08-20 07:01:11.936485,1,Degraded
reduced_context,kmeans,2,24629,0,C0,2.8388970019237485,-2.1704325120527863,synnetqos_m_00024630,S042_02462,2025-08-20 07:05:11.936485,0,Not degraded
reduced_context,kmeans,2,24655,0,C0,0.7090875373699831,0.9313540817092899,synnetqos_m_00024656,S042_02465,2025-07-30 22:04:14.639739,0,Not degraded
reduced_context,kmeans,2,24671,1,C1,-1.5234655394091716,0.49594046904221223,synnetqos_m_00024672,S042_02467,2025-08-01 16:32:31.416936,1,Degraded
reduced_context,kmeans,2,24677,1,C1,-1.5224445397882032,2.7327528002237864,synnetqos_m_00024678,S042_02467,2025-08-01 16:38:31.416936,1,Degraded
reduced_context,kmeans,2,24691,0,C0,3.5589420149233613,-1.2933272629498398,synnetqos_m_00024692,S042_02469,2025-07-28 00:49:48.757711,0,Not degraded
reduced_context,kmeans,2,24693,0,C0,0.8101028359521881,0.12400060008024691,synnetqos_m_00024694,S042_02469,2025-07-28 00:51:48.757711,1,Degraded
reduced_context,kmeans,2,24717,1,C1,-0.6076075117193278,0.6716154827746612,synnetqos_m_00024718,S042_02471,2025-08-19 15:52:03.797500,1,Degraded
reduced_context,kmeans,2,24723,1,C1,-0.39928339163789084,-0.6660039362258898,synnetqos_m_00024724,S042_02472,2025-08-08 18:21:47.407799,0,Not degraded
reduced_context,kmeans,2,24754,1,C1,-1.1515009281720245,-0.32007371308643806,synnetqos_m_00024755,S042_02475,2025-07-31 23:34:56.955242,1,Degraded
reduced_context,kmeans,2,24761,0,C0,1.7242147160215666,-0.5211947967597735,synnetqos_m_00024762,S042_02476,2025-07-31 02:13:49.154427,0,Not degraded
reduced_context,kmeans,2,24778,0,C0,0.9730722522759206,-0.6299247771254792,synnetqos_m_00024779,S042_02477,2025-08-11 07:17:20.698078,0,Not degraded
reduced_context,kmeans,2,24780,0,C0,2.2703654362602324,-0.30766078850279077,synnetqos_m_00024781,S042_02478,2025-08-21 09:17:52.715133,1,Degraded
reduced_context,kmeans,2,24819,1,C1,-0.707102689642667,-0.4065306386066245,synnetqos_m_00024820,S042_02481,2025-08-24 03:00:09.163795,0,Not degraded
reduced_context,kmeans,2,24828,1,C1,-3.09587868127781,-0.3232839320319452,synnetqos_m_00024829,S042_02482,2025-07-27 07:05:08.241250,1,Degraded
reduced_context,kmeans,2,24830,1,C1,-2.0761966924747264,0.1977826024887314,synnetqos_m_00024831,S042_02483,2025-08-21 12:42:04.336952,1,Degraded
reduced_context,kmeans,2,24838,1,C1,-2.241324338223197,1.3633489360792788,synnetqos_m_00024839,S042_02483,2025-08-21 12:50:04.336952,1,Degraded
reduced_context,kmeans,2,24843,1,C1,0.5121605750481565,2.0966868132664156,synnetqos_m_00024844,S042_02484,2025-08-24 23:21:08.749106,0,Not degraded
reduced_context,kmeans,2,24844,1,C1,-0.7664253806333989,-0.19858938235447982,synnetqos_m_00024845,S042_02484,2025-08-24 23:22:08.749106,0,Not degraded
reduced_context,kmeans,2,24866,1,C1,0.11839711856894683,-0.8683252823059663,synnetqos_m_00024867,S042_02486,2025-07-29 01:27:40.576775,0,Not degraded
reduced_context,kmeans,2,24876,1,C1,-1.4566405041115484,-0.9565945833870839,synnetqos_m_00024877,S042_02487,2025-08-12 03:46:04.603718,1,Degraded
reduced_context,kmeans,2,24880,1,C1,-2.966356521528933,-0.07339393523319923,synnetqos_m_00024881,S042_02488,2025-08-06 23:41:04.973166,1,Degraded
reduced_context,kmeans,2,24901,1,C1,0.35191743672587184,-0.6396191131130498,synnetqos_m_00024902,S042_02490,2025-08-02 19:37:22.124483,0,Not degraded
reduced_context,kmeans,2,24931,1,C1,-0.9403923372382657,0.17605046189720203,synnetqos_m_00024932,S042_02493,2025-08-20 07:38:27.080872,0,Not degraded
reduced_context,kmeans,2,24939,1,C1,-1.2130064706671668,-0.16471527857509555,synnetqos_m_00024940,S042_02493,2025-08-20 07:46:27.080872,0,Not degraded
reduced_context,kmeans,2,24954,0,C0,2.1220760004939034,0.9051577653332641,synnetqos_m_00024955,S042_02495,2025-08-12 02:31:48.296061,0,Not degraded
reduced_context,kmeans,2,24956,1,C1,-1.1496838569590062,-0.6185494972220232,synnetqos_m_00024957,S042_02495,2025-08-12 02:33:48.296061,1,Degraded
reduced_context,kmeans,2,24994,1,C1,0.3565818606891238,-0.09327753744390284,synnetqos_m_00024995,S042_02499,2025-08-08 08:18:27.520915,1,Degraded
reduced_context,kmeans,2,25002,0,C0,1.5769384931430768,-0.4499634517901983,synnetqos_m_00025003,S042_02500,2025-08-25 06:48:57.418601,0,Not degraded
reduced_context,kmeans,2,25005,0,C0,4.61120555768813,6.882874969636008,synnetqos_m_00025006,S042_02500,2025-08-25 06:51:57.418601,0,Not degraded
reduced_context,kmeans,2,25008,0,C0,2.5906300817796954,-0.8233304104308015,synnetqos_m_00025009,S042_02500,2025-08-25 06:54:57.418601,0,Not degraded
reduced_context,kmeans,2,25010,1,C1,-0.6304157784883189,-1.405255364125781,synnetqos_m_00025011,S042_02501,2025-08-18 11:02:49.149613,1,Degraded
reduced_context,kmeans,2,25016,1,C1,-2.048395258323365,-0.5822759506933256,synnetqos_m_00025017,S042_02501,2025-08-18 11:08:49.149613,1,Degraded
reduced_context,kmeans,2,25041,1,C1,0.4930669630562227,2.8171567598362977,synnetqos_m_00025042,S042_02504,2025-08-04 02:06:44.108062,0,Not degraded
reduced_context,kmeans,2,25065,1,C1,-1.7168994329416523,2.116038881638265,synnetqos_m_00025066,S042_02506,2025-08-02 11:33:06.386966,1,Degraded
reduced_context,kmeans,2,25073,0,C0,2.409148290141691,-1.071456123002336,synnetqos_m_00025074,S042_02507,2025-08-16 17:08:16.727067,0,Not degraded
reduced_context,kmeans,2,25082,1,C1,-2.101748497203246,-0.32603204562862076,synnetqos_m_00025083,S042_02508,2025-08-21 10:58:03.791587,1,Degraded
reduced_context,kmeans,2,25086,1,C1,-1.8986199420350158,0.7396240998327066,synnetqos_m_00025087,S042_02508,2025-08-21 11:02:03.791587,1,Degraded
reduced_context,kmeans,2,25096,1,C1,-3.508218051573267,0.262136129127822,synnetqos_m_00025097,S042_02509,2025-08-06 11:22:36.152264,1,Degraded
reduced_context,kmeans,2,25102,1,C1,0.2652463542601763,0.6621780060202604,synnetqos_m_00025103,S042_02510,2025-08-07 13:38:48.004604,1,Degraded
reduced_context,kmeans,2,25112,0,C0,2.1407156306878363,-0.1907922292909379,synnetqos_m_00025113,S042_02511,2025-08-09 04:05:27.592153,0,Not degraded
reduced_context,kmeans,2,25115,1,C1,0.15327706887573458,-0.36283470989627586,synnetqos_m_00025116,S042_02511,2025-08-09 04:08:27.592153,0,Not degraded
reduced_context,kmeans,2,25123,0,C0,6.050520419427171,-1.7859143138947904,synnetqos_m_00025124,S042_02512,2025-08-19 16:33:04.523683,0,Not degraded
reduced_context,kmeans,2,25141,1,C1,-1.336397115012822,-0.5542721460445161,synnetqos_m_00025142,S042_02514,2025-08-21 02:25:13.741492,1,Degraded
reduced_context,kmeans,2,25142,1,C1,-0.42285299424844186,3.886797451782559,synnetqos_m_00025143,S042_02514,2025-08-21 02:26:13.741492,1,Degraded
reduced_context,kmeans,2,25149,1,C1,-1.081084765256421,0.31229883788240725,synnetqos_m_00025150,S042_02514,2025-08-21 02:33:13.741492,1,Degraded
reduced_context,kmeans,2,25156,0,C0,1.6500191328067024,-0.6002051636948094,synnetqos_m_00025157,S042_02515,2025-08-04 21:31:23.435907,0,Not degraded
reduced_context,kmeans,2,25165,1,C1,-0.028153867015835755,0.04715195826490807,synnetqos_m_00025166,S042_02516,2025-08-14 12:42:40.756886,0,Not degraded
reduced_context,kmeans,2,25171,0,C0,1.7168605772467185,-0.2791801666089938,synnetqos_m_00025172,S042_02517,2025-07-31 19:34:08.473008,0,Not degraded
reduced_context,kmeans,2,25176,0,C0,2.1428919825335875,-1.7749251862064364,synnetqos_m_00025177,S042_02517,2025-07-31 19:39:08.473008,0,Not degraded
reduced_context,kmeans,2,25183,1,C1,-1.390810399178106,3.546539145827648,synnetqos_m_00025184,S042_02518,2025-07-29 10:35:16.229040,1,Degraded
reduced_context,kmeans,2,25184,1,C1,-1.2099769103584461,1.7919366627605509,synnetqos_m_00025185,S042_02518,2025-07-29 10:36:16.229040,1,Degraded
reduced_context,kmeans,2,25190,0,C0,2.9300119735820465,-1.1016342587850647,synnetqos_m_00025191,S042_02519,2025-08-19 16:40:04.994337,0,Not degraded
reduced_context,kmeans,2,25199,0,C0,2.804755932282125,-0.6675315753248978,synnetqos_m_00025200,S042_02519,2025-08-19 16:49:04.994337,0,Not degraded
reduced_context,kmeans,2,25274,0,C0,1.9372059307379923,-0.6527857627930116,synnetqos_m_00025275,S042_02527,2025-08-07 10:42:10.751152,1,Degraded
reduced_context,kmeans,2,25275,0,C0,2.707172808929853,-1.979422578783167,synnetqos_m_00025276,S042_02527,2025-08-07 10:43:10.751152,1,Degraded
reduced_context,kmeans,2,25292,1,C1,-0.7824262600574905,-0.33686398890419356,synnetqos_m_00025293,S042_02529,2025-07-26 19:05:04.929499,1,Degraded
reduced_context,kmeans,2,25301,1,C1,-2.134624883153398,4.037185673434972,synnetqos_m_00025302,S042_02530,2025-08-05 02:19:45.958948,1,Degraded
reduced_context,kmeans,2,25325,1,C1,-0.40974792554770634,-0.6711141777255035,synnetqos_m_00025326,S042_02532,2025-07-29 18:00:54.036885,1,Degraded
reduced_context,kmeans,2,25327,1,C1,0.31765989678195483,-0.8299960587713437,synnetqos_m_00025328,S042_02532,2025-07-29 18:02:54.036885,1,Degraded
reduced_context,kmeans,2,25329,1,C1,-0.2764407404095761,-1.64512532432732,synnetqos_m_00025330,S042_02532,2025-07-29 18:04:54.036885,1,Degraded
reduced_context,kmeans,2,25335,1,C1,-0.5551389970228153,-0.8514483856096564,synnetqos_m_00025336,S042_02533,2025-08-22 11:26:04.962276,0,Not degraded
reduced_context,kmeans,2,25355,1,C1,-2.1827002089531944,1.4860114026741702,synnetqos_m_00025356,S042_02535,2025-08-06 17:31:49.468373,1,Degraded
reduced_context,kmeans,2,25362,1,C1,-2.6372014092832474,0.214912880349408,synnetqos_m_00025363,S042_02536,2025-08-18 02:44:23.308304,1,Degraded
reduced_context,kmeans,2,25374,1,C1,-2.6664735502058026,0.9708123579700734,synnetqos_m_00025375,S042_02537,2025-08-08 09:23:42.428286,1,Degraded
reduced_context,kmeans,2,25381,0,C0,3.5145555484010202,-0.9422745277540461,synnetqos_m_00025382,S042_02538,2025-08-04 13:22:45.554806,0,Not degraded
reduced_context,kmeans,2,25391,1,C1,-2.2991377966300663,-0.7056754211595958,synnetqos_m_00025392,S042_02539,2025-08-09 23:40:03.214918,1,Degraded
reduced_context,kmeans,2,25403,1,C1,-3.259095522823338,-0.14621878860719187,synnetqos_m_00025404,S042_02540,2025-08-06 03:25:20.740679,1,Degraded
reduced_context,kmeans,2,25409,1,C1,-2.792610802556412,-0.3406187698108529,synnetqos_m_00025410,S042_02540,2025-08-06 03:31:20.740679,1,Degraded
reduced_context,kmeans,2,25420,1,C1,-2.17136969776958,-0.28698694770678745,synnetqos_m_00025421,S042_02542,2025-08-02 15:00:22.407656,1,Degraded
reduced_context,kmeans,2,25442,1,C1,-1.2698348712616985,1.4422829582443222,synnetqos_m_00025443,S042_02544,2025-07-31 22:13:15.775407,1,Degraded
reduced_context,kmeans,2,25447,1,C1,-2.2279148596641654,0.5143800319149504,synnetqos_m_00025448,S042_02544,2025-07-31 22:18:15.775407,1,Degraded
reduced_context,kmeans,2,25448,1,C1,-2.4183342608384137,-0.6917729421638183,synnetqos_m_00025449,S042_02544,2025-07-31 22:19:15.775407,1,Degraded
reduced_context,kmeans,2,25451,1,C1,-0.016375986543854644,0.737229450082422,synnetqos_m_00025452,S042_02545,2025-07-31 13:38:23.385988,1,Degraded
reduced_context,kmeans,2,25453,1,C1,0.19620888797142857,-1.1634949190329276,synnetqos_m_00025454,S042_02545,2025-07-31 13:40:23.385988,0,Not degraded
reduced_context,kmeans,2,25468,0,C0,1.6478380245012083,0.16408063637014056,synnetqos_m_00025469,S042_02546,2025-08-24 20:58:53.121438,0,Not degraded
reduced_context,kmeans,2,25502,1,C1,-1.7315632886496237,-0.21434153870922593,synnetqos_m_00025503,S042_02550,2025-08-13 10:34:23.046605,1,Degraded
reduced_context,kmeans,2,25503,1,C1,-1.6563731754463296,3.1055155836402637,synnetqos_m_00025504,S042_02550,2025-08-13 10:35:23.046605,1,Degraded
reduced_context,kmeans,2,25505,1,C1,-1.2128299320836087,-0.9862821976477646,synnetqos_m_00025506,S042_02550,2025-08-13 10:37:23.046605,1,Degraded
reduced_context,kmeans,2,25509,1,C1,-1.8380647555864993,-0.4433320139968061,synnetqos_m_00025510,S042_02550,2025-08-13 10:41:23.046605,1,Degraded
reduced_context,kmeans,2,25511,0,C0,4.824737496031359,4.882091507907948,synnetqos_m_00025512,S042_02551,2025-08-15 16:02:55.158834,0,Not degraded
reduced_context,kmeans,2,25522,1,C1,-2.4352236992230005,1.589343299377877,synnetqos_m_00025523,S042_02552,2025-08-16 17:11:25.539807,1,Degraded
reduced_context,kmeans,2,25526,1,C1,-2.6540086418181836,0.9907739404734457,synnetqos_m_00025527,S042_02552,2025-08-16 17:15:25.539807,1,Degraded
reduced_context,kmeans,2,25529,1,C1,-3.856928312456387,0.2109120100646654,synnetqos_m_00025530,S042_02552,2025-08-16 17:18:25.539807,1,Degraded
reduced_context,kmeans,2,25540,1,C1,0.3560117215361412,1.4706898581583345,synnetqos_m_00025541,S042_02554,2025-08-07 15:21:49.702261,1,Degraded
reduced_context,kmeans,2,25560,0,C0,1.3147305595867282,-1.1655720206962223,synnetqos_m_00025561,S042_02556,2025-08-21 07:08:44.624123,0,Not degraded
reduced_context,kmeans,2,25573,1,C1,-1.060311490001949,-1.2177216234070314,synnetqos_m_00025574,S042_02557,2025-08-01 23:15:34.137383,1,Degraded
reduced_context,kmeans,2,25602,1,C1,0.3718875691435041,-1.4389019479613916,synnetqos_m_00025603,S042_02560,2025-08-18 17:42:34.522170,0,Not degraded
reduced_context,kmeans,2,25606,1,C1,0.16896551725014536,0.03860469675810169,synnetqos_m_00025607,S042_02560,2025-08-18 17:46:34.522170,1,Degraded
reduced_context,kmeans,2,25624,1,C1,-2.4259855895893074,1.9205012040859457,synnetqos_m_00025625,S042_02562,2025-08-12 09:06:31.440206,1,Degraded
reduced_context,kmeans,2,25632,1,C1,-2.7463087791498846,0.03402889108887428,synnetqos_m_00025633,S042_02563,2025-08-18 15:19:48.465930,1,Degraded
reduced_context,kmeans,2,25673,1,C1,-0.1992182958963246,-0.130808073838283,synnetqos_m_00025674,S042_02567,2025-08-25 11:08:47.018744,0,Not degraded
reduced_context,kmeans,2,25683,0,C0,1.778439767540074,-0.1730045449508503,synnetqos_m_00025684,S042_02568,2025-08-20 12:02:23.523164,0,Not degraded
reduced_context,kmeans,2,25684,0,C0,6.309308376335279,-0.48525088272862715,synnetqos_m_00025685,S042_02568,2025-08-20 12:03:23.523164,0,Not degraded
reduced_context,kmeans,2,25689,0,C0,5.919628384635019,1.4230573794983603,synnetqos_m_00025690,S042_02568,2025-08-20 12:08:23.523164,1,Degraded
reduced_context,kmeans,2,25691,0,C0,1.2630314632400266,-1.4074806582433166,synnetqos_m_00025692,S042_02569,2025-07-31 18:04:13.391365,0,Not degraded
reduced_context,kmeans,2,25696,1,C1,0.6329519542923031,-1.5320661726845697,synnetqos_m_00025697,S042_02569,2025-07-31 18:09:13.391365,0,Not degraded
reduced_context,kmeans,2,25710,1,C1,0.24265079502467168,-1.6080310715548332,synnetqos_m_00025711,S042_02571,2025-08-04 18:38:08.745913,1,Degraded
reduced_context,kmeans,2,25723,1,C1,0.312164127965973,0.652150680348883,synnetqos_m_00025724,S042_02572,2025-07-27 09:10:21.084945,1,Degraded
reduced_context,kmeans,2,25727,0,C0,2.2423276424269636,-0.5006221786570624,synnetqos_m_00025728,S042_02572,2025-07-27 09:14:21.084945,0,Not degraded
reduced_context,kmeans,2,25733,1,C1,-0.3968282969615409,-0.19270689046305062,synnetqos_m_00025734,S042_02573,2025-08-01 02:27:18.695550,1,Degraded
reduced_context,kmeans,2,25735,1,C1,-0.9668716270877431,-0.5805036092934349,synnetqos_m_00025736,S042_02573,2025-08-01 02:29:18.695550,0,Not degraded
reduced_context,kmeans,2,25752,0,C0,1.9101678352775024,-0.0265956894028962,synnetqos_m_00025753,S042_02575,2025-08-14 16:07:59.590181,0,Not degraded
reduced_context,kmeans,2,25760,1,C1,-1.7804411382099423,-0.5832302340390977,synnetqos_m_00025761,S042_02576,2025-08-22 22:22:23.641413,1,Degraded
reduced_context,kmeans,2,25765,1,C1,-0.7490666789210584,-0.4863088776770552,synnetqos_m_00025766,S042_02576,2025-08-22 22:27:23.641413,0,Not degraded
reduced_context,kmeans,2,25766,1,C1,-1.2169232342758987,-0.26000999203053016,synnetqos_m_00025767,S042_02576,2025-08-22 22:28:23.641413,0,Not degraded
reduced_context,kmeans,2,25828,1,C1,-0.0853012799404815,-1.070553346349286,synnetqos_m_00025829,S042_02582,2025-08-22 12:54:40.408159,0,Not degraded
reduced_context,kmeans,2,25834,1,C1,-0.49969543474505057,-0.3088454229331648,synnetqos_m_00025835,S042_02583,2025-07-28 18:40:00.119609,0,Not degraded
reduced_context,kmeans,2,25844,1,C1,-1.4415999994606354,3.2245843551136693,synnetqos_m_00025845,S042_02584,2025-07-31 14:31:18.886411,1,Degraded
reduced_context,kmeans,2,25850,1,C1,-0.5380778963187819,-0.9947369323325562,synnetqos_m_00025851,S042_02585,2025-08-12 08:21:34.896321,1,Degraded
reduced_context,kmeans,2,25855,1,C1,-0.2666920189622984,-1.2535379420613786,synnetqos_m_00025856,S042_02585,2025-08-12 08:26:34.896321,1,Degraded
reduced_context,kmeans,2,25868,1,C1,-3.093063396373572,-0.5196146980864109,synnetqos_m_00025869,S042_02586,2025-08-09 03:19:24.088651,1,Degraded
reduced_context,kmeans,2,25873,1,C1,0.08177865784799196,0.309658135137284,synnetqos_m_00025874,S042_02587,2025-08-11 08:59:35.016231,1,Degraded
reduced_context,kmeans,2,25875,1,C1,-0.366310609737927,-0.621103642762725,synnetqos_m_00025876,S042_02587,2025-08-11 09:01:35.016231,1,Degraded
reduced_context,kmeans,2,25918,1,C1,-0.551743556413204,-0.504194228841498,synnetqos_m_00025919,S042_02591,2025-07-27 19:43:00.911021,0,Not degraded
reduced_context,kmeans,2,25924,1,C1,-0.4557428479422059,-1.0933341133753778,synnetqos_m_00025925,S042_02592,2025-07-30 13:59:48.362290,1,Degraded
reduced_context,kmeans,2,25927,1,C1,-0.8704671827773196,-0.48511219610255624,synnetqos_m_00025928,S042_02592,2025-07-30 14:02:48.362290,1,Degraded
reduced_context,kmeans,2,25930,1,C1,-2.767160614130313,3.4407834168755773,synnetqos_m_00025931,S042_02593,2025-07-30 06:59:45.894591,1,Degraded
reduced_context,kmeans,2,25959,1,C1,-0.22868335468286924,-0.5598920823065481,synnetqos_m_00025960,S042_02595,2025-08-12 03:37:08.572711,0,Not degraded
reduced_context,kmeans,2,25960,1,C1,-2.8755245776946867,2.929132963416527,synnetqos_m_00025961,S042_02596,2025-08-10 16:06:00.937945,1,Degraded
reduced_context,kmeans,2,25975,1,C1,-1.5727992716998596,0.5652341565642129,synnetqos_m_00025976,S042_02597,2025-08-21 15:40:19.351723,1,Degraded
reduced_context,kmeans,2,25976,1,C1,-1.6634582965787421,-0.381296373430969,synnetqos_m_00025977,S042_02597,2025-08-21 15:41:19.351723,0,Not degraded
reduced_context,kmeans,2,25982,1,C1,-2.1431725951209106,-0.41292724906771167,synnetqos_m_00025983,S042_02598,2025-08-19 14:44:05.957819,1,Degraded
reduced_context,kmeans,2,25983,1,C1,-1.4968418092455738,-0.5731510632836766,synnetqos_m_00025984,S042_02598,2025-08-19 14:45:05.957819,1,Degraded
reduced_context,kmeans,2,25984,1,C1,-0.8407682979865141,3.5830594641588376,synnetqos_m_00025985,S042_02598,2025-08-19 14:46:05.957819,1,Degraded
reduced_context,kmeans,2,25988,1,C1,-0.7839759083286789,0.5730073478961643,synnetqos_m_00025989,S042_02598,2025-08-19 14:50:05.957819,1,Degraded
reduced_context,kmeans,2,26001,0,C0,3.0779530461096867,0.3680140193670684,synnetqos_m_00026002,S042_02600,2025-08-17 01:57:12.157238,0,Not degraded
reduced_context,kmeans,2,26030,0,C0,1.4755784241479193,-1.6342452172325819,synnetqos_m_00026031,S042_02603,2025-08-06 21:03:12.541687,0,Not degraded
reduced_context,kmeans,2,26059,1,C1,-2.1437280863483403,0.3459504299161925,synnetqos_m_00026060,S042_02605,2025-08-25 20:56:40.771630,1,Degraded
reduced_context,kmeans,2,26070,1,C1,-1.7879230759160964,-0.4422527483240104,synnetqos_m_00026071,S042_02607,2025-07-31 20:41:04.640796,1,Degraded
reduced_context,kmeans,2,26073,1,C1,-1.7757700214393422,-0.2543514673764334,synnetqos_m_00026074,S042_02607,2025-07-31 20:44:04.640796,1,Degraded
reduced_context,kmeans,2,26086,1,C1,0.04333107038342017,-1.8075980552884752,synnetqos_m_00026087,S042_02608,2025-08-04 23:39:41.918161,1,Degraded
reduced_context,kmeans,2,26103,1,C1,-1.7568971708543724,2.443103561130335,synnetqos_m_00026104,S042_02610,2025-08-04 15:57:53.180794,1,Degraded
reduced_context,kmeans,2,26149,0,C0,1.0543435245871948,-0.8643237250884428,synnetqos_m_00026150,S042_02614,2025-08-14 18:47:36.222098,0,Not degraded
reduced_context,kmeans,2,26153,1,C1,-1.4011706587910648,-0.3213405765821834,synnetqos_m_00026154,S042_02615,2025-08-02 22:39:26.109135,0,Not degraded
reduced_context,kmeans,2,26174,1,C1,-0.5387398305838271,-0.6615343897682422,synnetqos_m_00026175,S042_02617,2025-08-24 03:49:23.921869,0,Not degraded
reduced_context,kmeans,2,26183,1,C1,-1.6666183335786255,0.9707223042190734,synnetqos_m_00026184,S042_02618,2025-07-29 14:40:37.290588,1,Degraded
reduced_context,kmeans,2,26189,1,C1,-1.8021806081938057,-0.8317142116088603,synnetqos_m_00026190,S042_02618,2025-07-29 14:46:37.290588,1,Degraded
reduced_context,kmeans,2,26195,0,C0,2.824272709454252,-0.11921970273785182,synnetqos_m_00026196,S042_02619,2025-08-02 23:46:45.693182,0,Not degraded
reduced_context,kmeans,2,26217,1,C1,-1.3186368813980813,1.5725482970890874,synnetqos_m_00026218,S042_02621,2025-08-06 16:08:31.929129,1,Degraded
reduced_context,kmeans,2,26226,1,C1,-2.387435179679368,-0.630957949128841,synnetqos_m_00026227,S042_02622,2025-08-14 07:17:47.310605,1,Degraded
reduced_context,kmeans,2,26235,1,C1,-3.3739648962446247,0.03274884539542151,synnetqos_m_00026236,S042_02623,2025-08-06 18:51:05.492439,0,Not degraded
reduced_context,kmeans,2,26236,1,C1,-3.350324364034591,1.477672078051349,synnetqos_m_00026237,S042_02623,2025-08-06 18:52:05.492439,1,Degraded
reduced_context,kmeans,2,26248,1,C1,0.5872270444364056,0.5908413965291207,synnetqos_m_00026249,S042_02624,2025-07-30 21:40:48.301473,0,Not degraded
reduced_context,kmeans,2,26250,1,C1,-1.201420983956826,-0.8953993753551864,synnetqos_m_00026251,S042_02625,2025-08-07 14:19:32.685768,1,Degraded
reduced_context,kmeans,2,26259,0,C0,0.7546742642738339,1.38897231580559,synnetqos_m_00026260,S042_02625,2025-08-07 14:28:32.685768,1,Degraded
reduced_context,kmeans,2,26267,1,C1,-2.2698335341679314,-0.11474003572826341,synnetqos_m_00026268,S042_02626,2025-08-06 22:35:56.699191,1,Degraded
reduced_context,kmeans,2,26273,1,C1,-0.29319955937124054,-1.1786212494688035,synnetqos_m_00026274,S042_02627,2025-07-26 18:38:39.921775,1,Degraded
reduced_context,kmeans,2,26282,1,C1,-0.2492571656705114,0.6574304476375828,synnetqos_m_00026283,S042_02628,2025-08-03 11:45:04.181581,1,Degraded
reduced_context,kmeans,2,26306,0,C0,1.091958605664531,-0.4410523206737205,synnetqos_m_00026307,S042_02630,2025-08-15 17:17:29.604441,0,Not degraded
reduced_context,kmeans,2,26319,1,C1,-1.0169250740027114,1.0369542952031994,synnetqos_m_00026320,S042_02631,2025-08-06 20:16:58.786381,1,Degraded
reduced_context,kmeans,2,26350,1,C1,-0.5348882528920124,1.6688978888051225,synnetqos_m_00026351,S042_02635,2025-07-26 21:56:16.125525,1,Degraded
reduced_context,kmeans,2,26360,0,C0,0.44966979318701095,-0.6583419862955042,synnetqos_m_00026361,S042_02636,2025-08-03 06:24:49.467823,0,Not degraded
reduced_context,kmeans,2,26371,1,C1,-2.729913693351583,0.10437512788736675,synnetqos_m_00026372,S042_02637,2025-08-20 11:08:45.357528,1,Degraded
reduced_context,kmeans,2,26381,1,C1,-2.7525978081901608,0.004397154060432458,synnetqos_m_00026382,S042_02638,2025-08-19 07:38:38.917423,1,Degraded
reduced_context,kmeans,2,26383,1,C1,-2.68897203040647,-0.054863607249696376,synnetqos_m_00026384,S042_02638,2025-08-19 07:40:38.917423,1,Degraded
reduced_context,kmeans,2,26388,1,C1,-3.007424592344016,-0.02382174941520096,synnetqos_m_00026389,S042_02638,2025-08-19 07:45:38.917423,1,Degraded
reduced_context,kmeans,2,26394,0,C0,2.17970716862715,-0.4830631233844565,synnetqos_m_00026395,S042_02639,2025-07-30 23:38:51.795146,0,Not degraded
reduced_context,kmeans,2,26395,0,C0,6.616874288909022,5.846825311863761,synnetqos_m_00026396,S042_02639,2025-07-30 23:39:51.795146,0,Not degraded
reduced_context,kmeans,2,26404,0,C0,1.1644639107649997,-0.40657339191813874,synnetqos_m_00026405,S042_02640,2025-08-04 18:27:27.426652,1,Degraded
reduced_context,kmeans,2,26407,0,C0,1.0940250362038364,0.09839107055603385,synnetqos_m_00026408,S042_02640,2025-08-04 18:30:27.426652,0,Not degraded
reduced_context,kmeans,2,26412,1,C1,-0.7906191893458656,0.4154760705290948,synnetqos_m_00026413,S042_02641,2025-08-22 13:05:43.224780,1,Degraded
reduced_context,kmeans,2,26439,1,C1,-0.4793473364598135,0.11620399902658571,synnetqos_m_00026440,S042_02643,2025-08-24 16:28:51.344227,1,Degraded
reduced_context,kmeans,2,26442,1,C1,-1.0818903244389533,0.7667646835515365,synnetqos_m_00026443,S042_02644,2025-08-05 18:33:39.110233,1,Degraded
reduced_context,kmeans,2,26455,0,C0,2.0401974792831896,-1.6185852582705678,synnetqos_m_00026456,S042_02645,2025-07-29 17:11:57.101957,0,Not degraded
reduced_context,kmeans,2,26458,1,C1,0.31395396327344594,-0.47766080336190714,synnetqos_m_00026459,S042_02645,2025-07-29 17:14:57.101957,1,Degraded
reduced_context,kmeans,2,26477,1,C1,0.5172223223664253,-0.7428162731127004,synnetqos_m_00026478,S042_02647,2025-08-01 19:39:46.272646,0,Not degraded
reduced_context,kmeans,2,26483,1,C1,-0.47541061384111144,2.3971781565309804,synnetqos_m_00026484,S042_02648,2025-08-04 11:37:02.937043,1,Degraded
reduced_context,kmeans,2,26492,1,C1,-0.3001503112923725,-0.8371453936553322,synnetqos_m_00026493,S042_02649,2025-08-23 07:04:44.891023,1,Degraded
reduced_context,kmeans,2,26508,1,C1,-1.0797382899512595,1.0701078549075576,synnetqos_m_00026509,S042_02650,2025-08-10 09:20:46.772161,1,Degraded
reduced_context,kmeans,2,26512,1,C1,-0.8040849318434985,-0.6091472468175599,synnetqos_m_00026513,S042_02651,2025-08-23 15:47:45.807594,0,Not degraded
reduced_context,kmeans,2,26513,1,C1,-1.1576099337375283,-0.1424571066816417,synnetqos_m_00026514,S042_02651,2025-08-23 15:48:45.807594,0,Not degraded
reduced_context,kmeans,2,26520,0,C0,2.4513804991702783,3.3500128026629445,synnetqos_m_00026521,S042_02652,2025-07-27 14:16:28.816598,0,Not degraded
reduced_context,kmeans,2,26525,0,C0,2.9095903556897365,0.7936898810072708,synnetqos_m_00026526,S042_02652,2025-07-27 14:21:28.816598,0,Not degraded
reduced_context,kmeans,2,26539,1,C1,-1.2008504335820547,3.8387263228990465,synnetqos_m_00026540,S042_02653,2025-08-10 00:39:27.491152,1,Degraded
reduced_context,kmeans,2,26544,1,C1,-2.193846929560338,-0.7274521948562175,synnetqos_m_00026545,S042_02654,2025-08-17 15:59:06.869967,1,Degraded
reduced_context,kmeans,2,26549,1,C1,-2.095957026759458,-0.9417001390298465,synnetqos_m_00026550,S042_02654,2025-08-17 16:04:06.869967,1,Degraded
reduced_context,kmeans,2,26550,0,C0,4.5370092455315465,-1.6368640060376474,synnetqos_m_00026551,S042_02655,2025-08-22 07:01:56.183982,0,Not degraded
reduced_context,kmeans,2,26553,0,C0,4.73672524773862,-0.41941035909928276,synnetqos_m_00026554,S042_02655,2025-08-22 07:04:56.183982,0,Not degraded
reduced_context,kmeans,2,26578,1,C1,-1.888999446314442,-0.35399002445423555,synnetqos_m_00026579,S042_02657,2025-08-15 06:49:19.965977,0,Not degraded
reduced_context,kmeans,2,26593,1,C1,-2.156035918098814,-0.8960082976277564,synnetqos_m_00026594,S042_02659,2025-08-19 08:09:27.123291,1,Degraded
reduced_context,kmeans,2,26602,1,C1,-0.29024304986639293,-0.48337241294475464,synnetqos_m_00026603,S042_02660,2025-08-21 05:20:38.950507,0,Not degraded
reduced_context,kmeans,2,26603,1,C1,-1.1844057526785563,-0.8302833620243038,synnetqos_m_00026604,S042_02660,2025-08-21 05:21:38.950507,0,Not degraded
reduced_context,kmeans,2,26627,1,C1,-0.7533936490239317,-1.0357131722248993,synnetqos_m_00026628,S042_02662,2025-08-01 02:39:08.935960,1,Degraded
reduced_context,kmeans,2,26630,0,C0,5.597413976424016,4.575183451731026,synnetqos_m_00026631,S042_02663,2025-08-02 03:54:58.292691,0,Not degraded
reduced_context,kmeans,2,26655,1,C1,-1.0734017131880609,-0.9151093752766165,synnetqos_m_00026656,S042_02665,2025-08-10 00:44:48.461374,1,Degraded
reduced_context,kmeans,2,26656,1,C1,-0.8711922726683172,-0.23552143876753504,synnetqos_m_00026657,S042_02665,2025-08-10 00:45:48.461374,1,Degraded
reduced_context,kmeans,2,26657,1,C1,-2.0969060266945774,-0.40604258465108756,synnetqos_m_00026658,S042_02665,2025-08-10 00:46:48.461374,1,Degraded
reduced_context,kmeans,2,26658,1,C1,-1.756078047191025,-0.6837865504788508,synnetqos_m_00026659,S042_02665,2025-08-10 00:47:48.461374,1,Degraded
reduced_context,kmeans,2,26680,0,C0,1.483990549052071,0.42734171501672624,synnetqos_m_00026681,S042_02668,2025-08-16 01:19:31.011296,0,Not degraded
reduced_context,kmeans,2,26709,0,C0,0.558113723303371,3.501017082970129,synnetqos_m_00026710,S042_02670,2025-08-09 08:31:13.454943,1,Degraded
reduced_context,kmeans,2,26710,1,C1,-0.9264339305029975,-0.26965775113147333,synnetqos_m_00026711,S042_02671,2025-08-18 05:00:41.038926,0,Not degraded
reduced_context,kmeans,2,26713,1,C1,-0.07699831670787352,2.750468346115676,synnetqos_m_00026714,S042_02671,2025-08-18 05:03:41.038926,1,Degraded
reduced_context,kmeans,2,26723,0,C0,1.3212286028753053,-1.1878801219839772,synnetqos_m_00026724,S042_02672,2025-08-18 10:21:40.988766,0,Not degraded
reduced_context,kmeans,2,26742,1,C1,0.22448197313242385,2.906712222468916,synnetqos_m_00026743,S042_02674,2025-08-14 06:15:04.578918,1,Degraded
reduced_context,kmeans,2,26744,0,C0,4.580681454422244,4.161086793702012,synnetqos_m_00026745,S042_02674,2025-08-14 06:17:04.578918,0,Not degraded
reduced_context,kmeans,2,26751,0,C0,0.4772180491036542,-0.07382987014271244,synnetqos_m_00026752,S042_02675,2025-08-19 03:58:23.350567,0,Not degraded
reduced_context,kmeans,2,26768,1,C1,-0.16434687545996834,-1.2159345013276883,synnetqos_m_00026769,S042_02676,2025-08-14 10:25:08.768265,1,Degraded
reduced_context,kmeans,2,26775,1,C1,0.44967550434722375,1.9252500588934982,synnetqos_m_00026776,S042_02677,2025-08-18 17:47:29.746161,1,Degraded
reduced_context,kmeans,2,26791,0,C0,0.8544925475335575,4.30839109390207,synnetqos_m_00026792,S042_02679,2025-08-16 19:35:00.088296,1,Degraded
reduced_context,kmeans,2,26801,1,C1,-0.5884051187746149,3.3521819839363314,synnetqos_m_00026802,S042_02680,2025-08-20 16:53:16.754282,1,Degraded
reduced_context,kmeans,2,26818,1,C1,-1.7380091889566864,-0.6782858565721291,synnetqos_m_00026819,S042_02681,2025-07-30 14:47:58.109867,1,Degraded
reduced_context,kmeans,2,26822,1,C1,-1.250142857340123,0.6605017916611255,synnetqos_m_00026823,S042_02682,2025-08-06 21:17:09.275194,1,Degraded
reduced_context,kmeans,2,26827,1,C1,-1.4112810484317206,-0.17694267516048084,synnetqos_m_00026828,S042_02682,2025-08-06 21:22:09.275194,0,Not degraded
reduced_context,kmeans,2,26828,1,C1,-1.2634357049367124,1.5591525092282652,synnetqos_m_00026829,S042_02682,2025-08-06 21:23:09.275194,1,Degraded
reduced_context,kmeans,2,26845,0,C0,1.8070857656134336,0.3546227306004388,synnetqos_m_00026846,S042_02684,2025-08-20 16:16:29.389246,0,Not degraded
reduced_context,kmeans,2,26849,1,C1,-0.5960831634840841,0.32549420320032746,synnetqos_m_00026850,S042_02684,2025-08-20 16:20:29.389246,1,Degraded
reduced_context,kmeans,2,26857,1,C1,-1.7268816127363342,-0.46097359881632766,synnetqos_m_00026858,S042_02685,2025-07-29 15:48:01.608146,1,Degraded
reduced_context,kmeans,2,26863,1,C1,-2.021977994110576,1.3849611818809726,synnetqos_m_00026864,S042_02686,2025-08-09 19:19:33.946935,1,Degraded
reduced_context,kmeans,2,26884,0,C0,1.346023766006177,-1.2793432921969476,synnetqos_m_00026885,S042_02688,2025-08-08 11:01:51.265733,0,Not degraded
reduced_context,kmeans,2,26886,1,C1,0.4862186736310382,-1.2366285345374746,synnetqos_m_00026887,S042_02688,2025-08-08 11:03:51.265733,0,Not degraded
reduced_context,kmeans,2,26887,0,C0,0.7724193523497536,-1.189617911860811,synnetqos_m_00026888,S042_02688,2025-08-08 11:04:51.265733,0,Not degraded
reduced_context,kmeans,2,26901,0,C0,0.8521413987063091,0.4450347278128085,synnetqos_m_00026902,S042_02690,2025-08-23 12:58:08.042947,0,Not degraded
reduced_context,kmeans,2,26903,1,C1,0.5237392988563767,0.14466465987387508,synnetqos_m_00026904,S042_02690,2025-08-23 13:00:08.042947,0,Not degraded
reduced_context,kmeans,2,26919,1,C1,-3.144413521415466,-0.09794694566731196,synnetqos_m_00026920,S042_02691,2025-08-18 00:46:40.714256,1,Degraded
reduced_context,kmeans,2,26930,0,C0,0.7460227107960727,1.2895529867987234,synnetqos_m_00026931,S042_02693,2025-08-25 00:49:49.401432,0,Not degraded
reduced_context,kmeans,2,26944,1,C1,-1.588447210218719,0.5790468004886884,synnetqos_m_00026945,S042_02694,2025-08-13 01:14:42.365929,1,Degraded
reduced_context,kmeans,2,26956,1,C1,-1.1274069155385376,-0.5004859982020438,synnetqos_m_00026957,S042_02695,2025-07-29 19:05:15.429697,1,Degraded
reduced_context,kmeans,2,26962,1,C1,-0.780389371027485,-0.3335161325785147,synnetqos_m_00026963,S042_02696,2025-08-12 11:08:33.365486,0,Not degraded
reduced_context,kmeans,2,26964,1,C1,-0.26091821134939497,-0.09041391945680016,synnetqos_m_00026965,S042_02696,2025-08-12 11:10:33.365486,0,Not degraded
reduced_context,kmeans,2,26982,1,C1,-1.016157804448145,2.4400676661715743,synnetqos_m_00026983,S042_02698,2025-08-03 18:37:39.302442,1,Degraded
reduced_context,kmeans,2,26983,1,C1,-1.7667346232003187,-0.12552334351836197,synnetqos_m_00026984,S042_02698,2025-08-03 18:38:39.302442,1,Degraded
reduced_context,kmeans,2,26991,1,C1,-1.4004853868217104,-0.7662090774790064,synnetqos_m_00026992,S042_02699,2025-08-03 20:31:31.528311,1,Degraded
reduced_context,kmeans,2,27001,1,C1,-1.4018113989030645,1.399541265628133,synnetqos_m_00027002,S042_02700,2025-08-06 05:43:07.114620,1,Degraded
reduced_context,kmeans,2,27007,1,C1,-0.5483221538886279,0.38022994616199657,synnetqos_m_00027008,S042_02700,2025-08-06 05:49:07.114620,1,Degraded
reduced_context,kmeans,2,27016,1,C1,-0.225186419830495,-1.060088743000921,synnetqos_m_00027017,S042_02701,2025-08-14 09:56:44.113880,1,Degraded
reduced_context,kmeans,2,27036,1,C1,-0.5271677897822291,-0.714749429803385,synnetqos_m_00027037,S042_02703,2025-08-12 00:44:55.833086,0,Not degraded
reduced_context,kmeans,2,27043,1,C1,-1.9079249543817949,0.08865093735526977,synnetqos_m_00027044,S042_02704,2025-07-27 23:36:03.255501,1,Degraded
reduced_context,kmeans,2,27051,1,C1,-1.4691390233380481,3.6695713074759118,synnetqos_m_00027052,S042_02705,2025-08-06 14:32:53.953040,1,Degraded
reduced_context,kmeans,2,27056,1,C1,-1.4807179105632111,0.45995240592077635,synnetqos_m_00027057,S042_02705,2025-08-06 14:37:53.953040,1,Degraded
reduced_context,kmeans,2,27058,1,C1,-2.43309663928228,1.5177281842276724,synnetqos_m_00027059,S042_02705,2025-08-06 14:39:53.953040,1,Degraded
reduced_context,kmeans,2,27059,1,C1,-0.8737897571339767,-0.24439977778373242,synnetqos_m_00027060,S042_02705,2025-08-06 14:40:53.953040,0,Not degraded
reduced_context,kmeans,2,27083,1,C1,0.20792779965485228,-0.12792372424452858,synnetqos_m_00027084,S042_02708,2025-08-14 05:54:57.034824,0,Not degraded
reduced_context,kmeans,2,27088,1,C1,-1.7966730075599595,0.6844202149877749,synnetqos_m_00027089,S042_02708,2025-08-14 05:59:57.034824,1,Degraded
reduced_context,kmeans,2,27105,1,C1,-1.3200836464065266,-0.45946863845915914,synnetqos_m_00027106,S042_02710,2025-08-07 13:40:49.589681,1,Degraded
reduced_context,kmeans,2,27107,1,C1,-1.6724059026937055,-1.4838870778836508,synnetqos_m_00027108,S042_02710,2025-08-07 13:42:49.589681,1,Degraded
reduced_context,kmeans,2,27111,1,C1,-0.5091963959500774,-0.5301768431475665,synnetqos_m_00027112,S042_02711,2025-08-07 22:48:28.531779,0,Not degraded
reduced_context,kmeans,2,27112,0,C0,2.975867450430669,1.3040669709405628,synnetqos_m_00027113,S042_02711,2025-08-07 22:49:28.531779,0,Not degraded
reduced_context,kmeans,2,27113,1,C1,0.3553100918066552,-0.8228854270687592,synnetqos_m_00027114,S042_02711,2025-08-07 22:50:28.531779,0,Not degraded
reduced_context,kmeans,2,27146,1,C1,-1.7889916411054319,-0.3896066367994593,synnetqos_m_00027147,S042_02714,2025-08-04 22:38:49.217850,1,Degraded
reduced_context,kmeans,2,27149,1,C1,-0.014660090854691075,-0.5498754389170105,synnetqos_m_00027150,S042_02714,2025-08-04 22:41:49.217850,0,Not degraded
reduced_context,kmeans,2,27206,1,C1,-0.4249566906541799,-0.8597054481773069,synnetqos_m_00027207,S042_02720,2025-08-08 05:35:13.431743,0,Not degraded
reduced_context,kmeans,2,27212,0,C0,2.928135314620048,-0.6266761922836359,synnetqos_m_00027213,S042_02721,2025-08-08 07:32:49.785893,0,Not degraded
reduced_context,kmeans,2,27214,0,C0,2.253592508976723,1.5934104288385995,synnetqos_m_00027215,S042_02721,2025-08-08 07:34:49.785893,0,Not degraded
reduced_context,kmeans,2,27222,0,C0,1.1373380512819065,-0.7462746046856082,synnetqos_m_00027223,S042_02722,2025-08-02 10:01:39.683165,0,Not degraded
reduced_context,kmeans,2,27234,1,C1,-1.8151471441390623,-0.25834224908812503,synnetqos_m_00027235,S042_02723,2025-08-01 03:22:06.817416,1,Degraded
reduced_context,kmeans,2,27255,0,C0,5.8069484421135344,-0.18920111482959995,synnetqos_m_00027256,S042_02725,2025-08-06 09:25:29.486148,0,Not degraded
reduced_context,kmeans,2,27276,0,C0,1.830691376386471,-0.7882867848279668,synnetqos_m_00027277,S042_02727,2025-08-09 19:36:34.904638,0,Not degraded
reduced_context,kmeans,2,27294,1,C1,-0.6453350937526653,-1.0036325112686226,synnetqos_m_00027295,S042_02729,2025-08-16 23:17:39.162870,0,Not degraded
reduced_context,kmeans,2,27317,0,C0,1.0036480449337424,-0.7246927981111967,synnetqos_m_00027318,S042_02731,2025-08-11 07:02:19.461078,0,Not degraded
reduced_context,kmeans,2,27319,0,C0,1.5175676061392944,-1.4620532684479366,synnetqos_m_00027320,S042_02731,2025-08-11 07:04:19.461078,0,Not degraded
reduced_context,kmeans,2,27320,0,C0,1.5083099367230677,-0.7122162601751246,synnetqos_m_00027321,S042_02732,2025-08-23 13:01:54.788434,0,Not degraded
reduced_context,kmeans,2,27321,0,C0,1.9126971822754923,-1.0147836325609336,synnetqos_m_00027322,S042_02732,2025-08-23 13:02:54.788434,0,Not degraded
reduced_context,kmeans,2,27332,0,C0,4.1493281809076885,-1.2938784660998601,synnetqos_m_00027333,S042_02733,2025-08-20 01:31:12.885941,0,Not degraded
reduced_context,kmeans,2,27349,1,C1,-1.6524569008259216,1.2458637034672242,synnetqos_m_00027350,S042_02734,2025-08-12 07:41:05.206160,1,Degraded
reduced_context,kmeans,2,27356,1,C1,-1.1778018977535363,-0.650171774860235,synnetqos_m_00027357,S042_02735,2025-08-09 00:49:30.418287,0,Not degraded
reduced_context,kmeans,2,27357,1,C1,-2.334391575836926,0.5509275336852678,synnetqos_m_00027358,S042_02735,2025-08-09 00:50:30.418287,1,Degraded
reduced_context,kmeans,2,27362,1,C1,-1.9001682420562687,-0.5279882261783707,synnetqos_m_00027363,S042_02736,2025-08-04 21:37:54.665279,1,Degraded
reduced_context,kmeans,2,27365,1,C1,-3.36320647521605,-0.016109366815908056,synnetqos_m_00027366,S042_02736,2025-08-04 21:40:54.665279,1,Degraded
reduced_context,kmeans,2,27370,1,C1,-1.4760452349745037,1.0966806596565104,synnetqos_m_00027371,S042_02737,2025-08-01 06:21:37.657921,1,Degraded
reduced_context,kmeans,2,27375,1,C1,-0.7455266409195856,1.2443327707776193,synnetqos_m_00027376,S042_02737,2025-08-01 06:26:37.657921,1,Degraded
reduced_context,kmeans,2,27379,1,C1,-0.48398084567419036,4.55072912197415,synnetqos_m_00027380,S042_02737,2025-08-01 06:30:37.657921,1,Degraded
reduced_context,kmeans,2,27395,1,C1,0.5478386836763964,-1.4713515609111618,synnetqos_m_00027396,S042_02739,2025-08-22 21:19:19.331364,0,Not degraded
reduced_context,kmeans,2,27410,0,C0,0.9607881839160191,1.5491002292725178,synnetqos_m_00027411,S042_02741,2025-08-22 07:48:04.242960,0,Not degraded
reduced_context,kmeans,2,27412,0,C0,2.610666704061947,3.34525442012648,synnetqos_m_00027413,S042_02741,2025-08-22 07:50:04.242960,0,Not degraded
reduced_context,kmeans,2,27419,1,C1,-0.0725531294756982,-0.5303943565842331,synnetqos_m_00027420,S042_02741,2025-08-22 07:57:04.242960,0,Not degraded
reduced_context,kmeans,2,27425,1,C1,-2.0474729424634943,-0.1930894048917142,synnetqos_m_00027426,S042_02742,2025-08-06 14:37:42.370531,1,Degraded
reduced_context,kmeans,2,27437,1,C1,-0.5615028454573129,0.0003627986115217821,synnetqos_m_00027438,S042_02743,2025-08-08 00:05:16.780446,1,Degraded
reduced_context,kmeans,2,27442,1,C1,-2.2149701679252822,-0.3337230411307358,synnetqos_m_00027443,S042_02744,2025-07-29 12:59:23.719842,1,Degraded
reduced_context,kmeans,2,27451,1,C1,-0.7049757296649553,0.8583908350763797,synnetqos_m_00027452,S042_02745,2025-08-15 15:46:31.494762,0,Not degraded
reduced_context,kmeans,2,27459,1,C1,-1.7432181074242452,1.811312710580306,synnetqos_m_00027460,S042_02745,2025-08-15 15:54:31.494762,1,Degraded
reduced_context,kmeans,2,27466,1,C1,-1.5990773303445016,-0.09105448647413819,synnetqos_m_00027467,S042_02746,2025-07-26 23:55:50.845634,1,Degraded
reduced_context,kmeans,2,27476,1,C1,-1.7694812407599865,-0.01255865298444938,synnetqos_m_00027477,S042_02747,2025-08-03 20:10:39.974493,1,Degraded
reduced_context,kmeans,2,27485,1,C1,-1.137221192883636,0.05181460334134081,synnetqos_m_00027486,S042_02748,2025-08-11 11:14:15.538360,1,Degraded
reduced_context,kmeans,2,27488,1,C1,-0.9888230830208244,-0.5188120890015209,synnetqos_m_00027489,S042_02748,2025-08-11 11:17:15.538360,1,Degraded
reduced_context,kmeans,2,27510,0,C0,1.6785152345581151,-1.1289028860363484,synnetqos_m_00027511,S042_02751,2025-08-19 03:27:54.553657,0,Not degraded
reduced_context,kmeans,2,27526,0,C0,3.860132420726661,6.409014214361523,synnetqos_m_00027527,S042_02752,2025-08-02 15:11:03.721179,1,Degraded
reduced_context,kmeans,2,27529,1,C1,-0.02371660851698687,-0.8802573422849707,synnetqos_m_00027530,S042_02752,2025-08-02 15:14:03.721179,0,Not degraded
reduced_context,kmeans,2,27553,1,C1,-1.2605062432372782,3.050330644346549,synnetqos_m_00027554,S042_02755,2025-08-09 13:28:03.239468,1,Degraded
reduced_context,kmeans,2,27561,1,C1,-1.5860435325798947,0.3632970305795065,synnetqos_m_00027562,S042_02756,2025-08-15 23:27:38.236651,1,Degraded
reduced_context,kmeans,2,27577,1,C1,-1.518076973852034,-0.7980077861297619,synnetqos_m_00027578,S042_02757,2025-08-20 21:57:44.352335,1,Degraded
reduced_context,kmeans,2,27581,1,C1,-2.6830140550190067,0.312882922587218,synnetqos_m_00027582,S042_02758,2025-07-29 17:54:30.925742,1,Degraded
reduced_context,kmeans,2,27582,1,C1,-2.896642511959525,0.14691530423109647,synnetqos_m_00027583,S042_02758,2025-07-29 17:55:30.925742,1,Degraded
reduced_context,kmeans,2,27585,1,C1,-1.5158115259350033,1.2556816187998847,synnetqos_m_00027586,S042_02758,2025-07-29 17:58:30.925742,0,Not degraded
reduced_context,kmeans,2,27592,1,C1,-1.1383373780280293,0.4778357555063075,synnetqos_m_00027593,S042_02759,2025-08-01 22:55:32.978329,1,Degraded
reduced_context,kmeans,2,27593,1,C1,-1.2677924533286355,-0.6955215792599942,synnetqos_m_00027594,S042_02759,2025-08-01 22:56:32.978329,1,Degraded
reduced_context,kmeans,2,27599,1,C1,-2.4274642016002383,-0.8790565263006452,synnetqos_m_00027600,S042_02759,2025-08-01 23:02:32.978329,1,Degraded
reduced_context,kmeans,2,27631,0,C0,2.2454165500401113,3.1582488539547886,synnetqos_m_00027632,S042_02763,2025-08-16 01:27:12.167295,0,Not degraded
reduced_context,kmeans,2,27632,1,C1,-0.8997504707028888,-0.8496552127648632,synnetqos_m_00027633,S042_02763,2025-08-16 01:28:12.167295,0,Not degraded
reduced_context,kmeans,2,27637,1,C1,0.1695024261797896,-0.7217589509868747,synnetqos_m_00027638,S042_02763,2025-08-16 01:33:12.167295,0,Not degraded
reduced_context,kmeans,2,27646,0,C0,5.9100904261209815,1.5808350446751547,synnetqos_m_00027647,S042_02764,2025-08-17 23:29:10.206837,0,Not degraded
reduced_context,kmeans,2,27654,0,C0,2.504887421381793,-1.2373981671569534,synnetqos_m_00027655,S042_02765,2025-08-17 10:28:51.789983,0,Not degraded
reduced_context,kmeans,2,27663,1,C1,0.4772251572440259,0.5522193263691841,synnetqos_m_00027664,S042_02766,2025-08-13 22:50:35.670102,0,Not degraded
reduced_context,kmeans,2,27675,1,C1,0.2612136754245015,0.4331754347188573,synnetqos_m_00027676,S042_02767,2025-08-01 23:11:01.184970,1,Degraded
reduced_context,kmeans,2,27693,1,C1,-1.065584879544929,-0.26266117293587476,synnetqos_m_00027694,S042_02769,2025-08-03 14:18:25.496394,0,Not degraded
reduced_context,kmeans,2,27703,1,C1,-2.8199181712381995,-0.27398276967397417,synnetqos_m_00027704,S042_02770,2025-07-30 09:31:48.891697,1,Degraded
reduced_context,kmeans,2,27706,1,C1,-2.210846903801923,-0.2919141778901854,synnetqos_m_00027707,S042_02770,2025-07-30 09:34:48.891697,1,Degraded
reduced_context,kmeans,2,27715,0,C0,1.8555335324518079,-2.275831031721156,synnetqos_m_00027716,S042_02771,2025-08-24 16:21:45.267325,0,Not degraded
reduced_context,kmeans,2,27738,0,C0,3.545512367866276,-0.48199533844284004,synnetqos_m_00027739,S042_02773,2025-08-21 15:32:01.288437,0,Not degraded
reduced_context,kmeans,2,27761,1,C1,-0.8832569498035205,-0.908104403886915,synnetqos_m_00027762,S042_02776,2025-08-24 10:01:54.384431,1,Degraded
reduced_context,kmeans,2,27774,1,C1,0.3841349074507381,0.0942891442975978,synnetqos_m_00027775,S042_02777,2025-08-03 16:19:27.018597,1,Degraded
reduced_context,kmeans,2,27777,1,C1,-0.8285856917081302,-0.9979159595014829,synnetqos_m_00027778,S042_02777,2025-08-03 16:22:27.018597,1,Degraded
reduced_context,kmeans,2,27787,1,C1,-0.6447246086106538,0.2640728490504243,synnetqos_m_00027788,S042_02778,2025-08-13 03:25:02.256776,1,Degraded
reduced_context,kmeans,2,27798,1,C1,-0.6570660732333743,-0.8555340467659962,synnetqos_m_00027799,S042_02779,2025-08-20 00:49:10.410875,0,Not degraded
reduced_context,kmeans,2,27801,1,C1,-2.5617164272883697,-0.525656299234628,synnetqos_m_00027802,S042_02780,2025-08-09 00:07:00.745401,1,Degraded
reduced_context,kmeans,2,27810,1,C1,-1.3675611094029592,-0.5881155212142377,synnetqos_m_00027811,S042_02781,2025-08-08 15:07:31.853645,0,Not degraded
reduced_context,kmeans,2,27829,1,C1,-0.6156844358769471,1.655677426446365,synnetqos_m_00027830,S042_02782,2025-07-29 02:10:25.094153,1,Degraded
reduced_context,kmeans,2,27833,1,C1,0.33247312992705325,0.12690018179401708,synnetqos_m_00027834,S042_02783,2025-08-20 03:47:16.000511,0,Not degraded
reduced_context,kmeans,2,27860,1,C1,-1.1091813742112573,3.236818529708021,synnetqos_m_00027861,S042_02786,2025-07-28 17:43:49.121916,1,Degraded
reduced_context,kmeans,2,27861,1,C1,-2.0707137575373733,-0.7458838328524576,synnetqos_m_00027862,S042_02786,2025-07-28 17:44:49.121916,1,Degraded
reduced_context,kmeans,2,27873,0,C0,2.33586875056202,0.5554221444148406,synnetqos_m_00027874,S042_02787,2025-08-08 22:10:23.385741,0,Not degraded
reduced_context,kmeans,2,27890,0,C0,1.9840653423445234,-1.5480037612178854,synnetqos_m_00027891,S042_02789,2025-08-02 15:00:18.335085,0,Not degraded
reduced_context,kmeans,2,27900,0,C0,3.617959376362924,-0.5097429501671885,synnetqos_m_00027901,S042_02790,2025-07-31 16:43:45.795054,0,Not degraded
reduced_context,kmeans,2,27905,0,C0,3.8806182218424135,3.67680416081211,synnetqos_m_00027906,S042_02790,2025-07-31 16:48:45.795054,1,Degraded
reduced_context,kmeans,2,27906,0,C0,7.244896491869632,6.116150271835191,synnetqos_m_00027907,S042_02790,2025-07-31 16:49:45.795054,0,Not degraded
reduced_context,kmeans,2,27908,0,C0,1.4575431303541893,-1.3596421119750197,synnetqos_m_00027909,S042_02790,2025-07-31 16:51:45.795054,0,Not degraded
reduced_context,kmeans,2,27917,0,C0,0.9342817081585374,-0.7125920640176043,synnetqos_m_00027918,S042_02791,2025-08-24 03:28:46.846431,0,Not degraded
reduced_context,kmeans,2,27918,1,C1,-0.6677708805711475,-0.13819853170217067,synnetqos_m_00027919,S042_02791,2025-08-24 03:29:46.846431,1,Degraded
reduced_context,kmeans,2,27933,1,C1,0.3228770758178731,2.2771421537028815,synnetqos_m_00027934,S042_02793,2025-08-13 02:31:08.082315,1,Degraded
reduced_context,kmeans,2,27944,0,C0,2.6090138850041225,-2.2252412617656097,synnetqos_m_00027945,S042_02794,2025-07-30 01:22:39.526104,0,Not degraded
reduced_context,kmeans,2,27950,1,C1,0.2235939703383058,-0.1349908027898159,synnetqos_m_00027951,S042_02795,2025-08-10 15:17:22.550345,1,Degraded
reduced_context,kmeans,2,27959,1,C1,-1.4468169786645757,-0.6186322797641968,synnetqos_m_00027960,S042_02795,2025-08-10 15:26:22.550345,1,Degraded
reduced_context,kmeans,2,27966,0,C0,1.8739129948105837,-1.5018650968601037,synnetqos_m_00027967,S042_02796,2025-08-08 06:00:12.509500,0,Not degraded
reduced_context,kmeans,2,27984,1,C1,-1.5960773685118246,3.7249072319686194,synnetqos_m_00027985,S042_02798,2025-08-05 04:23:53.662376,1,Degraded
reduced_context,kmeans,2,27988,1,C1,-1.5364861380303123,-0.03912300382620329,synnetqos_m_00027989,S042_02798,2025-08-05 04:27:53.662376,1,Degraded
reduced_context,kmeans,2,27992,1,C1,-0.4874054903016684,-0.8351171728848183,synnetqos_m_00027993,S042_02799,2025-07-26 18:16:24.450296,0,Not degraded
reduced_context,kmeans,2,27999,1,C1,-0.6070928561642798,0.9818317296522625,synnetqos_m_00028000,S042_02799,2025-07-26 18:23:24.450296,1,Degraded
reduced_context,kmeans,2,28000,1,C1,0.021676670047240332,1.0288787389265055,synnetqos_m_00028001,S042_02800,2025-07-31 00:07:34.556104,1,Degraded
reduced_context,kmeans,2,28016,1,C1,-0.7949301445855111,-1.1770029342386354,synnetqos_m_00028017,S042_02801,2025-08-02 23:12:46.198734,1,Degraded
reduced_context,kmeans,2,28023,0,C0,1.2698898814406911,2.0877114451375394,synnetqos_m_00028024,S042_02802,2025-08-24 05:14:29.431250,1,Degraded
reduced_context,kmeans,2,28028,0,C0,1.7924567522664057,-0.033510953917813474,synnetqos_m_00028029,S042_02802,2025-08-24 05:19:29.431250,0,Not degraded
reduced_context,kmeans,2,28034,1,C1,-1.2174514488903028,-1.0456121049354616,synnetqos_m_00028035,S042_02803,2025-08-08 06:01:06.130077,1,Degraded
reduced_context,kmeans,2,28038,1,C1,0.2195363429749495,-0.7376220326339906,synnetqos_m_00028039,S042_02803,2025-08-08 06:05:06.130077,0,Not degraded
reduced_context,kmeans,2,28063,0,C0,1.6255981290509733,-0.24427382709711146,synnetqos_m_00028064,S042_02806,2025-07-28 11:41:25.425432,0,Not degraded
reduced_context,kmeans,2,28070,1,C1,-1.2215983103404877,0.575798161162094,synnetqos_m_00028071,S042_02807,2025-08-01 15:47:44.891979,1,Degraded
reduced_context,kmeans,2,28072,1,C1,0.4821197021336761,-0.4935791889314756,synnetqos_m_00028073,S042_02807,2025-08-01 15:49:44.891979,0,Not degraded
reduced_context,kmeans,2,28084,1,C1,0.17132466544265146,0.012883710308357395,synnetqos_m_00028085,S042_02808,2025-08-18 19:35:53.922755,0,Not degraded
reduced_context,kmeans,2,28116,0,C0,1.351731039240789,-0.8650789235405552,synnetqos_m_00028117,S042_02811,2025-08-05 18:22:49.161523,0,Not degraded
reduced_context,kmeans,2,28124,1,C1,-2.3682266228946878,0.31511086060201615,synnetqos_m_00028125,S042_02812,2025-07-28 17:25:25.836859,1,Degraded
reduced_context,kmeans,2,28126,1,C1,-2.991077858404173,2.8304664281782492,synnetqos_m_00028127,S042_02812,2025-07-28 17:27:25.836859,1,Degraded
reduced_context,kmeans,2,28128,1,C1,-2.608710260130297,-0.047168629568284555,synnetqos_m_00028129,S042_02812,2025-07-28 17:29:25.836859,1,Degraded
reduced_context,kmeans,2,28153,1,C1,-1.5519447766995411,1.0608145839746168,synnetqos_m_00028154,S042_02815,2025-08-10 18:50:27.755181,1,Degraded
reduced_context,kmeans,2,28168,1,C1,0.30867920690856976,0.16292146763523957,synnetqos_m_00028169,S042_02816,2025-07-31 01:51:35.510013,0,Not degraded
reduced_context,kmeans,2,28183,0,C0,1.6682859890472412,-0.375298860703673,synnetqos_m_00028184,S042_02818,2025-08-14 14:21:11.498697,0,Not degraded
reduced_context,kmeans,2,28186,0,C0,2.390778059690382,-1.247024901828557,synnetqos_m_00028187,S042_02818,2025-08-14 14:24:11.498697,0,Not degraded
reduced_context,kmeans,2,28208,1,C1,0.08871539463235589,-1.5610164935891193,synnetqos_m_00028209,S042_02820,2025-08-17 06:16:23.297331,0,Not degraded
reduced_context,kmeans,2,28212,1,C1,-2.4527945854087436,-0.3907795499264545,synnetqos_m_00028213,S042_02821,2025-07-30 03:19:23.771323,1,Degraded
reduced_context,kmeans,2,28229,1,C1,0.15013445824276916,0.341302354779504,synnetqos_m_00028230,S042_02822,2025-07-29 19:05:40.052477,0,Not degraded
reduced_context,kmeans,2,28232,1,C1,-1.6976066858982966,-0.720115683633173,synnetqos_m_00028233,S042_02823,2025-07-30 19:29:59.200800,1,Degraded
reduced_context,kmeans,2,28233,1,C1,-1.54971120444766,-0.669391828863137,synnetqos_m_00028234,S042_02823,2025-07-30 19:30:59.200800,1,Degraded
reduced_context,kmeans,2,28237,1,C1,-1.7641186810472023,-0.8617334863437369,synnetqos_m_00028238,S042_02823,2025-07-30 19:34:59.200800,1,Degraded
reduced_context,kmeans,2,28240,1,C1,-2.1057371531444757,-0.5332865493359407,synnetqos_m_00028241,S042_02824,2025-08-10 00:13:12.574882,1,Degraded
reduced_context,kmeans,2,28252,0,C0,2.239538413536584,-1.1741773175271726,synnetqos_m_00028253,S042_02825,2025-08-04 12:52:45.227648,0,Not degraded
reduced_context,kmeans,2,28318,0,C0,2.570255242292612,-0.36912665330720357,synnetqos_m_00028319,S042_02831,2025-08-15 00:50:00.428741,0,Not degraded
reduced_context,kmeans,2,28330,0,C0,6.944557020917791,1.913015569999688,synnetqos_m_00028331,S042_02833,2025-08-05 15:43:16.557565,0,Not degraded
reduced_context,kmeans,2,28343,1,C1,0.1323678024427553,-0.15172900663503755,synnetqos_m_00028344,S042_02834,2025-08-08 09:46:52.749924,1,Degraded
reduced_context,kmeans,2,28378,0,C0,4.803808059310895,0.4631814995573318,synnetqos_m_00028379,S042_02837,2025-07-31 14:00:06.244658,0,Not degraded
reduced_context,kmeans,2,28415,0,C0,1.7161871749952784,-1.3963553792766665,synnetqos_m_00028416,S042_02841,2025-08-07 14:32:33.063555,0,Not degraded
reduced_context,kmeans,2,28422,1,C1,-0.6814241284608623,-0.91427136161996,synnetqos_m_00028423,S042_02842,2025-08-16 22:31:41.178738,1,Degraded
reduced_context,kmeans,2,28437,1,C1,0.48121867248692274,-1.213318017723397,synnetqos_m_00028438,S042_02843,2025-08-09 05:38:10.714005,0,Not degraded
reduced_context,kmeans,2,28440,1,C1,-2.0831908439397107,-0.672667631517559,synnetqos_m_00028441,S042_02844,2025-08-09 04:56:18.089047,1,Degraded
reduced_context,kmeans,2,28455,1,C1,-1.730765434703046,-0.2942191541785702,synnetqos_m_00028456,S042_02845,2025-08-11 22:37:59.167181,0,Not degraded
reduced_context,kmeans,2,28464,0,C0,2.301800098595039,0.45958184785015443,synnetqos_m_00028465,S042_02846,2025-08-08 23:58:46.995268,0,Not degraded
reduced_context,kmeans,2,28478,0,C0,1.3641413842925307,-1.9524541913292937,synnetqos_m_00028479,S042_02847,2025-08-01 20:45:30.534674,0,Not degraded
reduced_context,kmeans,2,28489,0,C0,1.719468261046304,-1.512702278652888,synnetqos_m_00028490,S042_02848,2025-07-31 13:58:15.431269,0,Not degraded
reduced_context,kmeans,2,28498,1,C1,-0.709658439389448,2.2406730795636167,synnetqos_m_00028499,S042_02849,2025-08-02 03:30:39.667044,1,Degraded
reduced_context,kmeans,2,28499,1,C1,-1.4165847247820162,-0.6823794352883831,synnetqos_m_00028500,S042_02849,2025-08-02 03:31:39.667044,1,Degraded
reduced_context,kmeans,2,28505,1,C1,-0.4295372639136098,0.11692879524479458,synnetqos_m_00028506,S042_02850,2025-08-13 06:32:40.124463,0,Not degraded
reduced_context,kmeans,2,28515,1,C1,-3.167671636738861,0.19375822508414156,synnetqos_m_00028516,S042_02851,2025-08-01 15:48:51.253603,1,Degraded
reduced_context,kmeans,2,28524,1,C1,-0.4556923773990109,-1.0065107583652648,synnetqos_m_00028525,S042_02852,2025-08-23 20:20:54.041931,1,Degraded
reduced_context,kmeans,2,28526,1,C1,0.13253542481864136,-0.4964713425307242,synnetqos_m_00028527,S042_02852,2025-08-23 20:22:54.041931,1,Degraded
reduced_context,kmeans,2,28527,1,C1,-0.21425256166848936,-0.13653571368973094,synnetqos_m_00028528,S042_02852,2025-08-23 20:23:54.041931,1,Degraded
reduced_context,kmeans,2,28530,0,C0,3.200163273629245,-2.1178975164612415,synnetqos_m_00028531,S042_02853,2025-08-21 18:14:24.106104,0,Not degraded
reduced_context,kmeans,2,28544,0,C0,1.6841732695832616,2.694970038135846,synnetqos_m_00028545,S042_02854,2025-08-22 10:55:05.978331,1,Degraded
reduced_context,kmeans,2,28553,1,C1,-0.15485731666888464,-0.7059029371336598,synnetqos_m_00028554,S042_02855,2025-08-08 14:15:02.303588,0,Not degraded
reduced_context,kmeans,2,28575,1,C1,-1.3065981324655986,-0.4288255313426269,synnetqos_m_00028576,S042_02857,2025-08-15 16:38:27.172169,1,Degraded
reduced_context,kmeans,2,28596,1,C1,-1.3495280072850848,0.4315320219897492,synnetqos_m_00028597,S042_02859,2025-08-07 07:48:50.577367,1,Degraded
reduced_context,kmeans,2,28603,0,C0,2.866047917432539,-0.19186589492047176,synnetqos_m_00028604,S042_02860,2025-08-07 07:56:33.483935,0,Not degraded
reduced_context,kmeans,2,28610,1,C1,-0.43294220430032765,1.4288410988916633,synnetqos_m_00028611,S042_02861,2025-08-19 06:42:59.752941,0,Not degraded
reduced_context,kmeans,2,28615,1,C1,-1.61622627717865,-0.6660181994776712,synnetqos_m_00028616,S042_02861,2025-08-19 06:47:59.752941,1,Degraded
reduced_context,kmeans,2,28619,1,C1,-1.2264629719456495,-0.2804687404878628,synnetqos_m_00028620,S042_02861,2025-08-19 06:51:59.752941,0,Not degraded
reduced_context,kmeans,2,28630,1,C1,-2.489167074167982,0.08294605892298995,synnetqos_m_00028631,S042_02863,2025-08-22 03:27:47.388993,1,Degraded
reduced_context,kmeans,2,28640,1,C1,-1.585181447473598,0.0459267513277136,synnetqos_m_00028641,S042_02864,2025-08-19 05:38:04.300021,1,Degraded
reduced_context,kmeans,2,28685,0,C0,0.6838031728121676,0.46952802026896423,synnetqos_m_00028686,S042_02868,2025-08-01 01:12:09.671015,0,Not degraded
reduced_context,kmeans,2,28727,1,C1,-1.0510072947263223,-1.196134810909698,synnetqos_m_00028728,S042_02872,2025-08-14 10:04:28.085027,1,Degraded
reduced_context,kmeans,2,28740,1,C1,-0.8270975682745527,-0.7949552853038513,synnetqos_m_00028741,S042_02874,2025-08-13 20:18:07.991341,1,Degraded
reduced_context,kmeans,2,28745,1,C1,-0.7055169937001858,-0.9376074907536307,synnetqos_m_00028746,S042_02874,2025-08-13 20:23:07.991341,1,Degraded
reduced_context,kmeans,2,28767,1,C1,-0.21185889554200021,-0.5728081149279513,synnetqos_m_00028768,S042_02876,2025-08-11 09:03:30.864039,0,Not degraded
reduced_context,kmeans,2,28796,1,C1,-0.45902555468517553,0.0663911828369966,synnetqos_m_00028797,S042_02879,2025-08-15 10:57:30.405819,1,Degraded
reduced_context,kmeans,2,28821,0,C0,2.459809934750518,-0.14154242418683338,synnetqos_m_00028822,S042_02882,2025-08-09 05:01:28.616628,0,Not degraded
reduced_context,kmeans,2,28831,0,C0,1.2219824863113677,-0.6336171669972047,synnetqos_m_00028832,S042_02883,2025-08-16 00:53:41.922337,0,Not degraded
reduced_context,kmeans,2,28833,0,C0,1.1403740733660677,-0.6116283453940147,synnetqos_m_00028834,S042_02883,2025-08-16 00:55:41.922337,0,Not degraded
reduced_context,kmeans,2,28843,0,C0,2.7786727417865134,-1.4581093207088993,synnetqos_m_00028844,S042_02884,2025-08-10 05:02:14.065649,0,Not degraded
reduced_context,kmeans,2,28845,0,C0,1.9238392100610575,-0.8991134319343842,synnetqos_m_00028846,S042_02884,2025-08-10 05:04:14.065649,0,Not degraded
reduced_context,kmeans,2,28849,1,C1,0.24322375519883188,-0.8248170265226203,synnetqos_m_00028850,S042_02884,2025-08-10 05:08:14.065649,0,Not degraded
reduced_context,kmeans,2,28865,1,C1,0.6441635288485426,-1.7818039533405434,synnetqos_m_00028866,S042_02886,2025-08-15 04:21:39.038052,0,Not degraded
reduced_context,kmeans,2,28888,0,C0,1.069372431994374,0.9608929321725392,synnetqos_m_00028889,S042_02888,2025-08-01 14:07:08.866996,1,Degraded
reduced_context,kmeans,2,28895,0,C0,1.7625849920943453,0.9873225158456238,synnetqos_m_00028896,S042_02889,2025-07-29 18:45:41.361583,0,Not degraded
reduced_context,kmeans,2,28915,1,C1,-1.33137792006099,-0.5783598798393605,synnetqos_m_00028916,S042_02891,2025-07-31 12:46:22.373740,1,Degraded
reduced_context,kmeans,2,28933,0,C0,1.0181730406536889,-1.3900218065953702,synnetqos_m_00028934,S042_02893,2025-08-18 18:20:49.892312,0,Not degraded
reduced_context,kmeans,2,28941,1,C1,-1.4941520286656758,-0.5220895702373624,synnetqos_m_00028942,S042_02894,2025-07-30 03:05:13.231847,1,Degraded
reduced_context,kmeans,2,28943,1,C1,-0.8170032591588865,-0.6249890111697136,synnetqos_m_00028944,S042_02894,2025-07-30 03:07:13.231847,1,Degraded
reduced_context,kmeans,2,28945,1,C1,-1.0414443814595329,-0.27871146964794713,synnetqos_m_00028946,S042_02894,2025-07-30 03:09:13.231847,0,Not degraded
reduced_context,kmeans,2,28948,0,C0,1.3903174602852768,3.373641299127734,synnetqos_m_00028949,S042_02894,2025-07-30 03:12:13.231847,1,Degraded
reduced_context,kmeans,2,28953,0,C0,1.0388382577132065,-1.0104308191858062,synnetqos_m_00028954,S042_02895,2025-08-11 21:13:29.582887,0,Not degraded
reduced_context,kmeans,2,28954,0,C0,0.7501326758319993,-1.0758576165581204,synnetqos_m_00028955,S042_02895,2025-08-11 21:14:29.582887,0,Not degraded
reduced_context,kmeans,2,28968,1,C1,-1.2761143456477215,1.8767409822748218,synnetqos_m_00028969,S042_02896,2025-07-27 10:33:04.094472,1,Degraded
reduced_context,kmeans,2,28974,1,C1,-2.117915408587918,-0.5974572603791914,synnetqos_m_00028975,S042_02897,2025-08-05 19:16:14.032162,1,Degraded
reduced_context,kmeans,2,28976,1,C1,-1.7018228273848839,-0.5486890536617387,synnetqos_m_00028977,S042_02897,2025-08-05 19:18:14.032162,1,Degraded
reduced_context,kmeans,2,28997,0,C0,1.257317020878602,-0.9138063193188766,synnetqos_m_00028998,S042_02899,2025-08-19 23:12:53.516205,0,Not degraded
reduced_context,kmeans,2,29009,1,C1,-1.40316635795613,-0.7247310902442287,synnetqos_m_00029010,S042_02900,2025-07-30 12:34:29.812385,1,Degraded
reduced_context,kmeans,2,29012,1,C1,0.32851415624359187,-0.4474830819930871,synnetqos_m_00029013,S042_02901,2025-08-15 21:30:49.648153,0,Not degraded
reduced_context,kmeans,2,29015,0,C0,1.548737041839633,0.6570246306088343,synnetqos_m_00029016,S042_02901,2025-08-15 21:33:49.648153,0,Not degraded
reduced_context,kmeans,2,29036,0,C0,5.649271583458768,4.110774764156869,synnetqos_m_00029037,S042_02903,2025-07-28 05:27:11.983899,0,Not degraded
reduced_context,kmeans,2,29045,1,C1,-0.2922572209334276,-0.9502991241766099,synnetqos_m_00029046,S042_02904,2025-08-25 06:17:14.256142,0,Not degraded
reduced_context,kmeans,2,29049,1,C1,-1.2111042785153805,-0.23321597471668365,synnetqos_m_00029050,S042_02904,2025-08-25 06:21:14.256142,1,Degraded
reduced_context,kmeans,2,29052,1,C1,-2.1930918563337665,-0.18926647365543206,synnetqos_m_00029053,S042_02905,2025-08-16 18:01:28.329671,1,Degraded
reduced_context,kmeans,2,29072,1,C1,0.09474082688754047,-0.4104086036570787,synnetqos_m_00029073,S042_02907,2025-08-04 21:42:53.224342,1,Degraded
reduced_context,kmeans,2,29077,1,C1,-0.8573265893479817,-0.9031984954045841,synnetqos_m_00029078,S042_02907,2025-08-04 21:47:53.224342,1,Degraded
reduced_context,kmeans,2,29091,1,C1,-0.3730022126255437,0.3014599759035749,synnetqos_m_00029092,S042_02909,2025-08-06 22:49:56.676871,1,Degraded
reduced_context,kmeans,2,29101,1,C1,0.39990854651502666,-0.3820902538979987,synnetqos_m_00029102,S042_02910,2025-08-11 00:01:05.472485,0,Not degraded
reduced_context,kmeans,2,29115,1,C1,0.507589038697229,-0.023828077572456745,synnetqos_m_00029116,S042_02911,2025-08-15 20:08:44.234253,0,Not degraded
reduced_context,kmeans,2,29138,1,C1,-1.8592787911341315,-0.7468618639881911,synnetqos_m_00029139,S042_02913,2025-08-22 15:49:49.142039,1,Degraded
reduced_context,kmeans,2,29147,1,C1,-2.8570322870256297,0.26586913790206174,synnetqos_m_00029148,S042_02914,2025-08-01 07:16:22.763681,1,Degraded
reduced_context,kmeans,2,29158,0,C0,0.7643584653056925,1.8973666602792192,synnetqos_m_00029159,S042_02915,2025-08-15 04:47:35.578284,0,Not degraded
reduced_context,kmeans,2,29159,0,C0,2.2145080205479113,3.7045219498539903,synnetqos_m_00029160,S042_02915,2025-08-15 04:48:35.578284,0,Not degraded
reduced_context,kmeans,2,29166,0,C0,1.2594374748449566,-0.820064442858472,synnetqos_m_00029167,S042_02916,2025-08-14 09:51:07.241338,0,Not degraded
reduced_context,kmeans,2,29180,1,C1,-1.2034420125511445,3.800227160722681,synnetqos_m_00029181,S042_02918,2025-08-16 23:40:20.343952,0,Not degraded
reduced_context,kmeans,2,29184,1,C1,-1.0068321037584296,-0.5797026555380919,synnetqos_m_00029185,S042_02918,2025-08-16 23:44:20.343952,0,Not degraded
reduced_context,kmeans,2,29194,1,C1,-1.8979182163188233,0.11666056107500103,synnetqos_m_00029195,S042_02919,2025-08-18 17:49:51.003034,1,Degraded
reduced_context,kmeans,2,29203,1,C1,-0.18836071410509392,0.7355131777546121,synnetqos_m_00029204,S042_02920,2025-07-29 05:57:54.474381,1,Degraded
reduced_context,kmeans,2,29206,0,C0,2.939770002317534,-2.4958950520721115,synnetqos_m_00029207,S042_02920,2025-07-29 06:00:54.474381,0,Not degraded
reduced_context,kmeans,2,29222,0,C0,4.466151987039613,-2.533338332380098,synnetqos_m_00029223,S042_02922,2025-08-21 07:14:06.291887,0,Not degraded
reduced_context,kmeans,2,29230,1,C1,-0.7561228283543047,-0.5690626476812481,synnetqos_m_00029231,S042_02923,2025-08-06 17:47:50.106687,0,Not degraded
reduced_context,kmeans,2,29238,1,C1,-1.0725857173237867,-0.9095804459575078,synnetqos_m_00029239,S042_02923,2025-08-06 17:55:50.106687,1,Degraded
reduced_context,kmeans,2,29239,1,C1,0.17133671585896326,-0.2667667009560537,synnetqos_m_00029240,S042_02923,2025-08-06 17:56:50.106687,1,Degraded
reduced_context,kmeans,2,29255,1,C1,-1.9307292904801165,-0.9850568930274813,synnetqos_m_00029256,S042_02925,2025-08-02 23:44:32.494943,1,Degraded
reduced_context,kmeans,2,29267,1,C1,-1.4897584079415036,1.121412519617392,synnetqos_m_00029268,S042_02926,2025-07-27 13:07:31.289227,1,Degraded
reduced_context,kmeans,2,29268,1,C1,-2.219867510492731,0.0429067940660381,synnetqos_m_00029269,S042_02926,2025-07-27 13:08:31.289227,1,Degraded
reduced_context,kmeans,2,29285,0,C0,2.340547034319839,-2.208720570236323,synnetqos_m_00029286,S042_02928,2025-08-21 10:28:51.524130,0,Not degraded
reduced_context,kmeans,2,29322,1,C1,-0.5438890704044609,-0.5748508113677817,synnetqos_m_00029323,S042_02932,2025-08-08 08:53:48.174527,0,Not degraded
reduced_context,kmeans,2,29325,0,C0,2.155483794255756,0.9945415639378792,synnetqos_m_00029326,S042_02932,2025-08-08 08:56:48.174527,0,Not degraded
reduced_context,kmeans,2,29330,0,C0,3.668609382667325,-0.01680817070796762,synnetqos_m_00029331,S042_02933,2025-07-26 15:13:02.622924,0,Not degraded
reduced_context,kmeans,2,29341,1,C1,-0.743503920116954,-0.6771169653614152,synnetqos_m_00029342,S042_02934,2025-08-08 05:26:32.091426,1,Degraded
reduced_context,kmeans,2,29348,1,C1,-0.9442693100727079,-1.2492881434865226,synnetqos_m_00029349,S042_02934,2025-08-08 05:33:32.091426,1,Degraded
reduced_context,kmeans,2,29351,0,C0,2.8825364335375774,-1.4502355339283401,synnetqos_m_00029352,S042_02935,2025-08-13 05:34:39.760125,0,Not degraded
reduced_context,kmeans,2,29352,0,C0,3.759369340303442,-1.5635196655926693,synnetqos_m_00029353,S042_02935,2025-08-13 05:35:39.760125,0,Not degraded
reduced_context,kmeans,2,29365,1,C1,-2.0693434532449033,-0.4923433531920094,synnetqos_m_00029366,S042_02936,2025-08-15 21:32:22.819932,1,Degraded
reduced_context,kmeans,2,29371,1,C1,-0.19677389785177354,-0.2771703602393005,synnetqos_m_00029372,S042_02937,2025-08-10 03:59:46.484408,0,Not degraded
reduced_context,kmeans,2,29377,1,C1,-0.7461023391282562,1.9044493768360407,synnetqos_m_00029378,S042_02937,2025-08-10 04:05:46.484408,1,Degraded
reduced_context,kmeans,2,29385,1,C1,-1.5479068808328786,-0.17185007948524744,synnetqos_m_00029386,S042_02938,2025-08-02 03:37:17.829916,1,Degraded
reduced_context,kmeans,2,29425,1,C1,-1.2415477013710372,-0.5674347842394302,synnetqos_m_00029426,S042_02942,2025-08-14 10:29:27.717930,1,Degraded
reduced_context,kmeans,2,29435,1,C1,-1.7648984549079076,0.09492306476589837,synnetqos_m_00029436,S042_02943,2025-08-08 08:53:02.758049,1,Degraded
reduced_context,kmeans,2,29440,1,C1,-0.6110528480074702,0.397548348071123,synnetqos_m_00029441,S042_02944,2025-07-27 03:15:47.994960,0,Not degraded
reduced_context,kmeans,2,29468,0,C0,1.0063589763524314,1.3154437945637683,synnetqos_m_00029469,S042_02946,2025-08-23 00:50:40.266564,0,Not degraded
reduced_context,kmeans,2,29477,1,C1,-1.9706456420901755,1.9514319408512435,synnetqos_m_00029478,S042_02947,2025-08-13 14:21:14.737247,1,Degraded
reduced_context,kmeans,2,29489,1,C1,-1.5711314667062737,-0.8291125561513581,synnetqos_m_00029490,S042_02948,2025-08-21 23:53:27.522967,1,Degraded
reduced_context,kmeans,2,29497,1,C1,-1.2104789035685244,-0.019441713882727536,synnetqos_m_00029498,S042_02949,2025-07-31 04:00:20.090474,1,Degraded
reduced_context,kmeans,2,29512,0,C0,4.117018069658571,5.3736723342469395,synnetqos_m_00029513,S042_02951,2025-08-01 01:39:23.085475,1,Degraded
reduced_context,kmeans,2,29552,1,C1,-1.2291132440890105,-0.4337179534250121,synnetqos_m_00029553,S042_02955,2025-08-19 07:42:54.248508,0,Not degraded
reduced_context,kmeans,2,29561,0,C0,4.46160168894795,0.038288002244712134,synnetqos_m_00029562,S042_02956,2025-08-19 17:36:54.142055,0,Not degraded
reduced_context,kmeans,2,29568,0,C0,3.9969929018020474,2.301383090364241,synnetqos_m_00029569,S042_02956,2025-08-19 17:43:54.142055,1,Degraded
reduced_context,kmeans,2,29573,1,C1,-1.4692570158830935,-0.8077988226160282,synnetqos_m_00029574,S042_02957,2025-08-03 11:08:51.825822,1,Degraded
reduced_context,kmeans,2,29578,1,C1,-0.746322917945026,-0.6007771927019613,synnetqos_m_00029579,S042_02957,2025-08-03 11:13:51.825822,1,Degraded
reduced_context,kmeans,2,29585,1,C1,-1.3364510815034278,-0.7001156584478972,synnetqos_m_00029586,S042_02958,2025-08-08 23:54:46.288298,1,Degraded
reduced_context,kmeans,2,29615,1,C1,-0.6770388565554198,2.277804351657144,synnetqos_m_00029616,S042_02961,2025-07-29 12:58:34.292959,1,Degraded
reduced_context,kmeans,2,29637,1,C1,0.05434471155988536,-0.6330817951958987,synnetqos_m_00029638,S042_02963,2025-07-28 02:41:26.820911,0,Not degraded
reduced_context,kmeans,2,29651,1,C1,-2.3299195427318367,-0.14393172473031043,synnetqos_m_00029652,S042_02965,2025-08-05 16:00:26.331881,1,Degraded
reduced_context,kmeans,2,29655,1,C1,-2.7763721477633045,0.23244785289763628,synnetqos_m_00029656,S042_02965,2025-08-05 16:04:26.331881,1,Degraded
reduced_context,kmeans,2,29683,1,C1,-2.873831935878688,-0.31863175422021317,synnetqos_m_00029684,S042_02968,2025-08-12 06:52:48.797322,1,Degraded
reduced_context,kmeans,2,29696,0,C0,0.792876291139258,-1.294614012897838,synnetqos_m_00029697,S042_02969,2025-08-09 07:47:07.083819,0,Not degraded
reduced_context,kmeans,2,29700,0,C0,3.0847037539292765,-2.0105668488178847,synnetqos_m_00029701,S042_02970,2025-08-22 17:33:40.791505,0,Not degraded
reduced_context,kmeans,2,29701,0,C0,3.1836389057467196,-1.6651223745430015,synnetqos_m_00029702,S042_02970,2025-08-22 17:34:40.791505,0,Not degraded
reduced_context,kmeans,2,29707,0,C0,5.59561216251891,1.1262360855153368,synnetqos_m_00029708,S042_02970,2025-08-22 17:40:40.791505,1,Degraded
reduced_context,kmeans,2,29721,1,C1,-1.5279361704319632,-0.5971348515306117,synnetqos_m_00029722,S042_02972,2025-08-17 17:46:04.371317,1,Degraded
reduced_context,kmeans,2,29724,1,C1,-1.0788598925574506,0.08960310259351403,synnetqos_m_00029725,S042_02972,2025-08-17 17:49:04.371317,1,Degraded
reduced_context,kmeans,2,29746,1,C1,-1.0207488127865645,-0.324387005631626,synnetqos_m_00029747,S042_02974,2025-08-12 08:41:11.016460,1,Degraded
reduced_context,kmeans,2,29748,1,C1,-0.7731879947406954,1.302759490195218,synnetqos_m_00029749,S042_02974,2025-08-12 08:43:11.016460,1,Degraded
reduced_context,kmeans,2,29765,1,C1,-0.617124471040521,2.0147489977735518,synnetqos_m_00029766,S042_02976,2025-08-19 02:08:50.685978,1,Degraded
reduced_context,kmeans,2,29786,1,C1,-1.3617804709125,-1.2582846357871766,synnetqos_m_00029787,S042_02978,2025-08-15 09:08:13.650496,1,Degraded
reduced_context,kmeans,2,29790,1,C1,-2.487953931625933,1.9732886055506489,synnetqos_m_00029791,S042_02979,2025-07-28 22:43:33.344964,1,Degraded
reduced_context,kmeans,2,29811,0,C0,1.301736269738437,-0.28410255136866114,synnetqos_m_00029812,S042_02981,2025-08-01 07:31:30.637649,0,Not degraded
reduced_context,kmeans,2,29829,1,C1,-3.4250079558911386,-0.13903797715549743,synnetqos_m_00029830,S042_02982,2025-08-15 12:40:21.645088,1,Degraded
reduced_context,kmeans,2,29850,1,C1,-1.4253853433289128,-1.0302273432413735,synnetqos_m_00029851,S042_02985,2025-08-19 23:09:33.240213,1,Degraded
reduced_context,kmeans,2,29875,1,C1,-0.5524083970035849,-0.0709833416910293,synnetqos_m_00029876,S042_02987,2025-07-27 05:23:37.161535,0,Not degraded
reduced_context,kmeans,2,29883,0,C0,0.7864780883947907,-0.19960044151400996,synnetqos_m_00029884,S042_02988,2025-08-16 21:12:19.503642,0,Not degraded
reduced_context,kmeans,2,29892,0,C0,0.8481383631504833,-0.6754424096646444,synnetqos_m_00029893,S042_02989,2025-08-16 11:31:31.321039,0,Not degraded
reduced_context,kmeans,2,29906,1,C1,-1.7932139848992121,0.06869073158379688,synnetqos_m_00029907,S042_02990,2025-08-05 16:03:30.955899,1,Degraded
reduced_context,kmeans,2,29909,1,C1,-2.296342806776554,-0.4358498947877755,synnetqos_m_00029910,S042_02990,2025-08-05 16:06:30.955899,1,Degraded
reduced_context,kmeans,2,29912,1,C1,-1.611392887723188,-0.4230503563712652,synnetqos_m_00029913,S042_02991,2025-08-16 14:52:59.141105,1,Degraded
reduced_context,kmeans,2,29913,1,C1,-1.5596673004254982,1.400561358994842,synnetqos_m_00029914,S042_02991,2025-08-16 14:53:59.141105,1,Degraded
reduced_context,kmeans,2,29946,0,C0,1.782755806021431,-1.0627959978333839,synnetqos_m_00029947,S042_02994,2025-08-12 14:29:28.820198,0,Not degraded
reduced_context,kmeans,2,29956,0,C0,7.340643718419788,5.519923111402515,synnetqos_m_00029957,S042_02995,2025-08-23 04:11:52.755594,0,Not degraded
reduced_context,kmeans,2,29957,0,C0,2.574011339487339,-0.19383872388716178,synnetqos_m_00029958,S042_02995,2025-08-23 04:12:52.755594,0,Not degraded
reduced_context,kmeans,2,29965,1,C1,-2.531926189233458,1.2566941898136124,synnetqos_m_00029966,S042_02996,2025-07-31 13:19:33.096063,1,Degraded
reduced_context,kmeans,2,29980,0,C0,2.4039360257107,1.6573805591063295,synnetqos_m_00029981,S042_02998,2025-07-31 00:06:06.315235,0,Not degraded
reduced_context,kmeans,2,29986,1,C1,-1.6520797553953028,1.0150276492765817,synnetqos_m_00029987,S042_02998,2025-07-31 00:12:06.315235,1,Degraded
reduced_context,kmeans,2,29988,1,C1,-1.8249698179873095,0.20602204576070124,synnetqos_m_00029989,S042_02998,2025-07-31 00:14:06.315235,1,Degraded
reduced_context,kmeans,2,30007,0,C0,0.7391522475334709,0.5772080423554754,synnetqos_m_00030008,S042_03000,2025-08-09 08:17:14.571195,1,Degraded
reduced_context,kmeans,2,30021,1,C1,-0.028500779208835113,0.18831390097192327,synnetqos_m_00030022,S042_03002,2025-07-26 06:39:59.150852,1,Degraded
reduced_context,kmeans,2,30023,1,C1,0.3162849040082251,-0.27549205207709493,synnetqos_m_00030024,S042_03002,2025-07-26 06:41:59.150852,0,Not degraded
reduced_context,kmeans,2,30069,0,C0,2.1847091173452062,0.48899915448762565,synnetqos_m_00030070,S042_03006,2025-07-30 09:29:28.028679,1,Degraded
reduced_context,kmeans,2,30091,1,C1,-2.9045444655105936,-0.5740731664036797,synnetqos_m_00030092,S042_03009,2025-08-04 21:28:29.314256,1,Degraded
reduced_context,kmeans,2,30104,1,C1,-2.5515913409762887,1.3586797109207907,synnetqos_m_00030105,S042_03010,2025-07-28 00:07:46.073632,1,Degraded
reduced_context,kmeans,2,30111,0,C0,2.8585941488484394,2.5255125770498217,synnetqos_m_00030112,S042_03011,2025-08-12 12:16:53.976987,0,Not degraded
reduced_context,kmeans,2,30124,1,C1,-1.063349942906063,0.420431131627771,synnetqos_m_00030125,S042_03012,2025-08-06 01:10:16.914579,0,Not degraded
reduced_context,kmeans,2,30172,1,C1,-2.056494882827608,-0.047992686996456084,synnetqos_m_00030173,S042_03017,2025-08-15 20:51:57.245516,1,Degraded
reduced_context,kmeans,2,30173,1,C1,-1.7499296236099915,0.5136838844159163,synnetqos_m_00030174,S042_03017,2025-08-15 20:52:57.245516,1,Degraded
reduced_context,kmeans,2,30233,0,C0,5.449933474227611,2.2948086505553222,synnetqos_m_00030234,S042_03023,2025-08-09 09:13:50.568258,0,Not degraded
reduced_context,kmeans,2,30235,0,C0,3.5668983234103138,-2.5121674001110166,synnetqos_m_00030236,S042_03023,2025-08-09 09:15:50.568258,0,Not degraded
reduced_context,kmeans,2,30244,1,C1,-2.6807386844559686,-0.21245414881529834,synnetqos_m_00030245,S042_03024,2025-07-26 20:26:39.670233,1,Degraded
reduced_context,kmeans,2,30247,1,C1,-1.773905263749487,-0.11395246446453228,synnetqos_m_00030248,S042_03024,2025-07-26 20:29:39.670233,1,Degraded
reduced_context,kmeans,2,30261,0,C0,0.9379113095749414,-0.8788947389216616,synnetqos_m_00030262,S042_03026,2025-08-12 15:56:08.409059,0,Not degraded
reduced_context,kmeans,2,30262,1,C1,-0.04114834114378075,-0.6666594276295765,synnetqos_m_00030263,S042_03026,2025-08-12 15:57:08.409059,0,Not degraded
reduced_context,kmeans,2,30279,1,C1,-1.3799225613663624,-0.5253457271673466,synnetqos_m_00030280,S042_03027,2025-08-13 00:20:51.151689,1,Degraded
reduced_context,kmeans,2,30290,1,C1,0.2147297899443396,-0.0021910816338459108,synnetqos_m_00030291,S042_03029,2025-08-06 02:26:42.455337,0,Not degraded
reduced_context,kmeans,2,30295,1,C1,0.41449639442790776,2.4392868766904914,synnetqos_m_00030296,S042_03029,2025-08-06 02:31:42.455337,1,Degraded
reduced_context,kmeans,2,30307,0,C0,2.8851008772496542,-0.28696190140521005,synnetqos_m_00030308,S042_03030,2025-08-01 04:55:22.659147,0,Not degraded
reduced_context,kmeans,2,30312,0,C0,1.4020569592950833,-1.151509678536071,synnetqos_m_00030313,S042_03031,2025-08-06 17:21:19.173292,0,Not degraded
reduced_context,kmeans,2,30315,1,C1,0.35079948284804163,-0.9559280206754005,synnetqos_m_00030316,S042_03031,2025-08-06 17:24:19.173292,0,Not degraded
reduced_context,kmeans,2,30355,1,C1,-2.392130644252946,-0.017646490715311443,synnetqos_m_00030356,S042_03035,2025-08-11 16:13:02.218847,1,Degraded
reduced_context,kmeans,2,30357,1,C1,-1.74804196485891,0.03780239363970083,synnetqos_m_00030358,S042_03035,2025-08-11 16:15:02.218847,1,Degraded
reduced_context,kmeans,2,30360,1,C1,-1.056109288048589,-0.2741904058378837,synnetqos_m_00030361,S042_03036,2025-08-04 01:56:05.057855,0,Not degraded
reduced_context,kmeans,2,30378,0,C0,1.322550916322389,-0.01142954713093712,synnetqos_m_00030379,S042_03037,2025-08-10 09:43:58.125238,0,Not degraded
reduced_context,kmeans,2,30392,1,C1,-0.39301635726247847,-0.8099242121300612,synnetqos_m_00030393,S042_03039,2025-08-19 07:16:13.762835,0,Not degraded
reduced_context,kmeans,2,30420,1,C1,-1.393826724021438,0.07779421012506779,synnetqos_m_00030421,S042_03042,2025-08-14 12:49:25.050435,1,Degraded
reduced_context,kmeans,2,30421,1,C1,-0.3738408186735804,-0.37813445522022726,synnetqos_m_00030422,S042_03042,2025-08-14 12:50:25.050435,1,Degraded
reduced_context,kmeans,2,30427,1,C1,-1.2668826034798228,-0.42238551978757377,synnetqos_m_00030428,S042_03042,2025-08-14 12:56:25.050435,1,Degraded
reduced_context,kmeans,2,30429,1,C1,-1.5248243326692341,-0.329096494444044,synnetqos_m_00030430,S042_03042,2025-08-14 12:58:25.050435,0,Not degraded
reduced_context,kmeans,2,30435,0,C0,1.65703462172596,-0.8585564500191963,synnetqos_m_00030436,S042_03043,2025-08-03 12:40:51.583279,0,Not degraded
reduced_context,kmeans,2,30443,1,C1,-0.8671368523015045,-0.5403320727071642,synnetqos_m_00030444,S042_03044,2025-07-29 14:37:49.595468,0,Not degraded
reduced_context,kmeans,2,30453,1,C1,-1.791671448338352,0.3005336953215712,synnetqos_m_00030454,S042_03045,2025-08-14 15:04:25.334862,1,Degraded
reduced_context,kmeans,2,30497,1,C1,0.2741699829330522,-0.5205369483919862,synnetqos_m_00030498,S042_03049,2025-08-12 19:24:04.863735,0,Not degraded
reduced_context,kmeans,2,30504,1,C1,-0.38987420043129556,1.0645227115656035,synnetqos_m_00030505,S042_03050,2025-08-24 18:00:28.554072,1,Degraded
reduced_context,kmeans,2,30510,1,C1,-0.3400095105947732,-0.9176574134986529,synnetqos_m_00030511,S042_03051,2025-08-09 09:30:37.736913,1,Degraded
reduced_context,kmeans,2,30511,0,C0,0.519864177931461,-1.1580501149670135,synnetqos_m_00030512,S042_03051,2025-08-09 09:31:37.736913,0,Not degraded
reduced_context,kmeans,2,30512,1,C1,-0.45210981978241527,-0.6829542519829765,synnetqos_m_00030513,S042_03051,2025-08-09 09:32:37.736913,0,Not degraded
reduced_context,kmeans,2,30520,1,C1,-0.34907044423833494,0.014193021729039947,synnetqos_m_00030521,S042_03052,2025-08-03 23:30:42.720240,1,Degraded
reduced_context,kmeans,2,30525,1,C1,-2.0643179722472453,-0.019266759116950964,synnetqos_m_00030526,S042_03052,2025-08-03 23:35:42.720240,1,Degraded
reduced_context,kmeans,2,30534,1,C1,-2.3284779071847352,-0.30205910424148247,synnetqos_m_00030535,S042_03053,2025-07-30 19:53:11.937209,1,Degraded
reduced_context,kmeans,2,30539,1,C1,-2.365483195776538,0.380215007136843,synnetqos_m_00030540,S042_03053,2025-07-30 19:58:11.937209,1,Degraded
reduced_context,kmeans,2,30556,1,C1,-0.6106350522303325,-0.8766488453249894,synnetqos_m_00030557,S042_03055,2025-08-19 11:03:46.010163,1,Degraded
reduced_context,kmeans,2,30621,1,C1,-0.05010646375619616,-1.329452765737073,synnetqos_m_00030622,S042_03062,2025-07-30 19:57:36.068716,0,Not degraded
reduced_context,kmeans,2,30622,0,C0,1.9536022678048137,1.6626805284315638,synnetqos_m_00030623,S042_03062,2025-07-30 19:58:36.068716,1,Degraded
reduced_context,kmeans,2,30629,0,C0,1.3460528857490228,2.601167989953509,synnetqos_m_00030630,S042_03062,2025-07-30 20:05:36.068716,1,Degraded
reduced_context,kmeans,2,30630,1,C1,-1.3624227496113,-0.690728219470516,synnetqos_m_00030631,S042_03063,2025-08-18 18:47:25.815259,1,Degraded
reduced_context,kmeans,2,30640,0,C0,0.7917867889784247,1.2096661525162358,synnetqos_m_00030641,S042_03064,2025-08-14 13:13:49.796135,1,Degraded
reduced_context,kmeans,2,30645,1,C1,-0.9684369314774179,0.8424770483208083,synnetqos_m_00030646,S042_03064,2025-08-14 13:18:49.796135,1,Degraded
reduced_context,kmeans,2,30650,0,C0,0.6343448978718115,-1.310251291898816,synnetqos_m_00030651,S042_03065,2025-08-14 00:21:09.004306,0,Not degraded
reduced_context,kmeans,2,30672,1,C1,-0.22154641093205377,-1.6646380229553774,synnetqos_m_00030673,S042_03067,2025-08-23 10:33:55.371882,1,Degraded
reduced_context,kmeans,2,30682,1,C1,-0.45564013500768824,-0.2524359418213497,synnetqos_m_00030683,S042_03068,2025-08-05 00:18:11.525046,0,Not degraded
reduced_context,kmeans,2,30684,1,C1,-0.9623453042381672,-0.8337658836751818,synnetqos_m_00030685,S042_03068,2025-08-05 00:20:11.525046,1,Degraded
reduced_context,kmeans,2,30701,1,C1,-2.39968390259828,-0.21105247127581114,synnetqos_m_00030702,S042_03070,2025-08-21 07:28:23.131055,1,Degraded
reduced_context,kmeans,2,30704,1,C1,-2.1938212218792903,0.25520232266571835,synnetqos_m_00030705,S042_03070,2025-08-21 07:31:23.131055,1,Degraded
reduced_context,kmeans,2,30715,0,C0,1.2052511759203082,0.08074133745976536,synnetqos_m_00030716,S042_03071,2025-08-12 00:03:04.363820,0,Not degraded
reduced_context,kmeans,2,30739,1,C1,-0.9900498711629289,1.0764814898191881,synnetqos_m_00030740,S042_03073,2025-08-24 22:01:25.032586,1,Degraded
reduced_context,kmeans,2,30743,1,C1,-2.4578988566077906,-0.011554268094893641,synnetqos_m_00030744,S042_03074,2025-08-24 08:28:58.431943,1,Degraded
reduced_context,kmeans,2,30756,1,C1,-0.16011719653661075,-0.6431207708842093,synnetqos_m_00030757,S042_03075,2025-08-16 03:12:48.556655,0,Not degraded
reduced_context,kmeans,2,30760,1,C1,-0.8837538881270804,-0.20813280703689482,synnetqos_m_00030761,S042_03076,2025-08-21 08:09:45.316427,1,Degraded
reduced_context,kmeans,2,30769,1,C1,0.035821065492940674,-1.0427439777186582,synnetqos_m_00030770,S042_03076,2025-08-21 08:18:45.316427,0,Not degraded
reduced_context,kmeans,2,30788,1,C1,-1.5486978813014982,-0.339711912023335,synnetqos_m_00030789,S042_03078,2025-08-23 09:36:35.806011,1,Degraded
reduced_context,kmeans,2,30802,0,C0,5.636215601464663,-3.023753404461492,synnetqos_m_00030803,S042_03080,2025-08-01 10:50:32.882911,0,Not degraded
reduced_context,kmeans,2,30809,0,C0,3.3437591337816417,-1.8571531706436837,synnetqos_m_00030810,S042_03080,2025-08-01 10:57:32.882911,0,Not degraded
reduced_context,kmeans,2,30861,1,C1,0.47997745795553903,2.8058165709256913,synnetqos_m_00030862,S042_03086,2025-08-08 23:34:53.887897,1,Degraded
reduced_context,kmeans,2,30864,1,C1,-0.20892094428523428,-0.7675891574734317,synnetqos_m_00030865,S042_03086,2025-08-08 23:37:53.887897,0,Not degraded
reduced_context,kmeans,2,30885,0,C0,2.983809085411767,-0.5838788603045908,synnetqos_m_00030886,S042_03088,2025-08-02 19:08:16.407265,0,Not degraded
reduced_context,kmeans,2,30896,1,C1,-0.8678302367626436,-0.4696650541647683,synnetqos_m_00030897,S042_03089,2025-08-22 07:22:16.835151,0,Not degraded
reduced_context,kmeans,2,30904,1,C1,-2.2829901484828943,0.4695768311401757,synnetqos_m_00030905,S042_03090,2025-08-16 00:29:51.164925,1,Degraded
reduced_context,kmeans,2,30916,1,C1,-1.6814710090053309,-0.541469376261897,synnetqos_m_00030917,S042_03091,2025-07-28 01:45:22.276626,1,Degraded
reduced_context,kmeans,2,30918,1,C1,-1.683933331095263,-0.9033919880147554,synnetqos_m_00030919,S042_03091,2025-07-28 01:47:22.276626,1,Degraded
reduced_context,kmeans,2,30943,0,C0,1.1757373475005706,3.208688013092503,synnetqos_m_00030944,S042_03094,2025-07-29 16:58:05.317280,0,Not degraded
reduced_context,kmeans,2,30946,0,C0,1.9409431524042748,0.21992768456045644,synnetqos_m_00030947,S042_03094,2025-07-29 17:01:05.317280,0,Not degraded
reduced_context,kmeans,2,30950,1,C1,0.2380249450723042,-0.4682251052219839,synnetqos_m_00030951,S042_03095,2025-08-07 23:55:19.279518,0,Not degraded
reduced_context,kmeans,2,30958,0,C0,5.200951706760521,-2.2566691579566722,synnetqos_m_00030959,S042_03095,2025-08-08 00:03:19.279518,0,Not degraded
reduced_context,kmeans,2,30966,1,C1,-0.40133597947620825,4.34545576561848,synnetqos_m_00030967,S042_03096,2025-08-03 22:32:04.938275,1,Degraded
reduced_context,kmeans,2,30967,0,C0,0.8383689986496152,-0.8785107376685529,synnetqos_m_00030968,S042_03096,2025-08-03 22:33:04.938275,0,Not degraded
reduced_context,kmeans,2,30995,1,C1,0.3392090208278254,-1.1749212397893645,synnetqos_m_00030996,S042_03099,2025-08-24 06:57:19.063268,1,Degraded
reduced_context,kmeans,2,31005,1,C1,-0.8312723939769298,-0.8720501929814817,synnetqos_m_00031006,S042_03100,2025-08-14 14:18:25.678304,1,Degraded
reduced_context,kmeans,2,31018,0,C0,1.537522430451011,-0.5379479973365803,synnetqos_m_00031019,S042_03101,2025-08-10 12:44:23.349828,0,Not degraded
reduced_context,kmeans,2,31022,1,C1,-1.1589189899986334,1.722489183316936,synnetqos_m_00031023,S042_03102,2025-08-22 09:22:19.658927,1,Degraded
reduced_context,kmeans,2,31026,1,C1,-1.252555638142767,-0.9308205255281107,synnetqos_m_00031027,S042_03102,2025-08-22 09:26:19.658927,1,Degraded
reduced_context,kmeans,2,31027,1,C1,-2.670731035174641,-0.10810226358170943,synnetqos_m_00031028,S042_03102,2025-08-22 09:27:19.658927,1,Degraded
reduced_context,kmeans,2,31031,0,C0,4.55578060245482,-1.176431160646391,synnetqos_m_00031032,S042_03103,2025-08-08 23:09:55.324759,0,Not degraded
reduced_context,kmeans,2,31039,0,C0,5.6476443955360605,-0.2335439371842984,synnetqos_m_00031040,S042_03103,2025-08-08 23:17:55.324759,0,Not degraded
reduced_context,kmeans,2,31042,1,C1,-1.3678621539366598,0.44355582277748884,synnetqos_m_00031043,S042_03104,2025-08-11 16:46:59.845249,1,Degraded
reduced_context,kmeans,2,31062,1,C1,-1.3173715172256002,-0.44252059329734494,synnetqos_m_00031063,S042_03106,2025-08-18 06:09:21.541973,0,Not degraded
reduced_context,kmeans,2,31104,1,C1,-0.04324425248226086,-0.9472731449719632,synnetqos_m_00031105,S042_03110,2025-08-09 16:26:44.183357,0,Not degraded
reduced_context,kmeans,2,31106,1,C1,0.4460404207892384,3.712587610238038,synnetqos_m_00031107,S042_03110,2025-08-09 16:28:44.183357,0,Not degraded
reduced_context,kmeans,2,31109,1,C1,-0.5714527009115234,-0.7360105230272451,synnetqos_m_00031110,S042_03110,2025-08-09 16:31:44.183357,0,Not degraded
reduced_context,kmeans,2,31132,1,C1,-1.0862373137238082,0.014687917832965865,synnetqos_m_00031133,S042_03113,2025-08-05 06:12:11.523487,1,Degraded
reduced_context,kmeans,2,31151,1,C1,-2.084124529009062,3.665733502600997,synnetqos_m_00031152,S042_03115,2025-07-30 07:23:09.079812,1,Degraded
reduced_context,kmeans,2,31153,1,C1,-2.296946298569744,2.68467745231235,synnetqos_m_00031154,S042_03115,2025-07-30 07:25:09.079812,1,Degraded
reduced_context,kmeans,2,31178,1,C1,-1.0032601397917809,-0.5546564987318192,synnetqos_m_00031179,S042_03117,2025-07-27 11:12:11.603683,1,Degraded
reduced_context,kmeans,2,31190,0,C0,1.8736042298121744,0.3273726933400019,synnetqos_m_00031191,S042_03119,2025-08-25 03:55:58.393409,0,Not degraded
reduced_context,kmeans,2,31203,0,C0,1.322409997111162,-0.675633969304611,synnetqos_m_00031204,S042_03120,2025-08-04 10:07:11.360048,0,Not degraded
reduced_context,kmeans,2,31219,1,C1,-1.889348718737181,1.755535046712434,synnetqos_m_00031220,S042_03121,2025-08-22 22:12:38.947119,1,Degraded
reduced_context,kmeans,2,31235,1,C1,-3.3271402989621537,1.3116222751708475,synnetqos_m_00031236,S042_03123,2025-08-17 07:50:48.238153,1,Degraded
reduced_context,kmeans,2,31238,1,C1,-3.5586360006832494,0.573468913173746,synnetqos_m_00031239,S042_03123,2025-08-17 07:53:48.238153,1,Degraded
reduced_context,kmeans,2,31245,0,C0,1.295748176675933,1.1931554084175087,synnetqos_m_00031246,S042_03124,2025-08-05 16:20:17.713057,0,Not degraded
reduced_context,kmeans,2,31249,0,C0,1.9747357329717101,-0.2506189592614844,synnetqos_m_00031250,S042_03124,2025-08-05 16:24:17.713057,0,Not degraded
reduced_context,kmeans,2,31264,1,C1,-1.0532542165258667,-0.5168541179433832,synnetqos_m_00031265,S042_03126,2025-08-14 14:31:02.338045,1,Degraded
reduced_context,kmeans,2,31272,1,C1,-0.5697975909119827,-0.12759279255537528,synnetqos_m_00031273,S042_03127,2025-08-21 13:44:42.362672,1,Degraded
reduced_context,kmeans,2,31277,1,C1,0.6369287456777801,3.3371212601027325,synnetqos_m_00031278,S042_03127,2025-08-21 13:49:42.362672,1,Degraded
reduced_context,kmeans,2,31278,0,C0,1.1395122982610943,-0.1771258109528462,synnetqos_m_00031279,S042_03127,2025-08-21 13:50:42.362672,0,Not degraded
reduced_context,kmeans,2,31286,1,C1,0.33491883481886925,1.114951278992418,synnetqos_m_00031287,S042_03128,2025-08-23 11:03:08.525392,1,Degraded
reduced_context,kmeans,2,31311,1,C1,-1.6462913274406603,-0.2200985955774246,synnetqos_m_00031312,S042_03131,2025-08-14 21:42:37.637378,1,Degraded
reduced_context,kmeans,2,31313,1,C1,-1.8162729679394332,-0.027505303123819082,synnetqos_m_00031314,S042_03131,2025-08-14 21:44:37.637378,1,Degraded
reduced_context,kmeans,2,31320,1,C1,-1.4344167333469344,-0.6718726034183093,synnetqos_m_00031321,S042_03132,2025-07-29 18:33:47.277452,1,Degraded
reduced_context,kmeans,2,31323,1,C1,0.3651804035372052,-0.7125565382660838,synnetqos_m_00031324,S042_03132,2025-07-29 18:36:47.277452,0,Not degraded
reduced_context,kmeans,2,31333,1,C1,0.35465401247497114,-1.35186439872005,synnetqos_m_00031334,S042_03133,2025-08-20 16:44:25.535137,0,Not degraded
reduced_context,kmeans,2,31375,0,C0,3.409702891156565,0.44688122364338756,synnetqos_m_00031376,S042_03137,2025-08-03 21:26:35.898864,1,Degraded
reduced_context,kmeans,2,31386,1,C1,-1.8956272318098168,-0.3963363987084815,synnetqos_m_00031387,S042_03138,2025-08-08 21:54:24.220165,1,Degraded
reduced_context,kmeans,2,31395,1,C1,-0.3770074264314402,0.0980863745557006,synnetqos_m_00031396,S042_03139,2025-08-19 18:11:06.032354,1,Degraded
reduced_context,kmeans,2,31398,1,C1,-0.07960843101583451,-0.0633921965385291,synnetqos_m_00031399,S042_03139,2025-08-19 18:14:06.032354,0,Not degraded
reduced_context,kmeans,2,31400,1,C1,-1.524757718715194,-0.5477112980007122,synnetqos_m_00031401,S042_03140,2025-08-11 12:22:26.705842,1,Degraded
reduced_context,kmeans,2,31410,1,C1,0.4242245563704019,-0.7542942046684697,synnetqos_m_00031411,S042_03141,2025-08-02 19:36:49.966618,0,Not degraded
reduced_context,kmeans,2,31420,0,C0,3.0072076850579683,3.424501398787504,synnetqos_m_00031421,S042_03142,2025-08-10 20:13:27.879116,0,Not degraded
reduced_context,kmeans,2,31427,0,C0,4.360727518202138,-1.3441095812533452,synnetqos_m_00031428,S042_03142,2025-08-10 20:20:27.879116,0,Not degraded
reduced_context,kmeans,2,31431,1,C1,-2.3999912699402657,-0.7000541051621018,synnetqos_m_00031432,S042_03143,2025-08-21 11:36:50.049854,1,Degraded
reduced_context,kmeans,2,31437,1,C1,-2.3086344634722007,2.019303485706387,synnetqos_m_00031438,S042_03143,2025-08-21 11:42:50.049854,1,Degraded
reduced_context,kmeans,2,31444,1,C1,-0.9420520458290553,0.036543090285442496,synnetqos_m_00031445,S042_03144,2025-08-08 17:25:54.929321,1,Degraded
reduced_context,kmeans,2,31453,1,C1,0.3903372467225426,-0.26871214159025,synnetqos_m_00031454,S042_03145,2025-08-23 10:06:55.923706,0,Not degraded
reduced_context,kmeans,2,31457,1,C1,-0.18857275383662372,-0.43824020462079655,synnetqos_m_00031458,S042_03145,2025-08-23 10:10:55.923706,0,Not degraded
reduced_context,kmeans,2,31461,1,C1,-2.000956869106259,0.6510951335384743,synnetqos_m_00031462,S042_03146,2025-08-14 00:27:23.592776,1,Degraded
reduced_context,kmeans,2,31468,1,C1,-2.26312143831378,-0.6163022309939965,synnetqos_m_00031469,S042_03146,2025-08-14 00:34:23.592776,1,Degraded
reduced_context,kmeans,2,31481,1,C1,-0.6481104219064058,-0.0027950026030333294,synnetqos_m_00031482,S042_03148,2025-07-29 20:12:26.340254,1,Degraded
reduced_context,kmeans,2,31485,1,C1,-1.6787927493251806,-0.7985205098254128,synnetqos_m_00031486,S042_03148,2025-07-29 20:16:26.340254,1,Degraded
reduced_context,kmeans,2,31497,1,C1,-0.40897880397967695,-1.443933089899128,synnetqos_m_00031498,S042_03149,2025-08-12 15:52:54.130010,1,Degraded
reduced_context,kmeans,2,31535,0,C0,3.1263868409671685,2.33933061763416,synnetqos_m_00031536,S042_03153,2025-07-31 19:31:33.233704,0,Not degraded
reduced_context,kmeans,2,31551,0,C0,4.913171038491349,4.56959760624278,synnetqos_m_00031552,S042_03155,2025-08-20 17:46:06.036910,0,Not degraded
reduced_context,kmeans,2,31594,1,C1,0.5119391552693221,-0.8475877878950354,synnetqos_m_00031595,S042_03159,2025-08-16 18:41:05.629858,0,Not degraded
reduced_context,kmeans,2,31595,0,C0,0.6406544676030479,0.5251936523613838,synnetqos_m_00031596,S042_03159,2025-08-16 18:42:05.629858,0,Not degraded
reduced_context,kmeans,2,31614,1,C1,-0.9301647823483031,3.1589474994532627,synnetqos_m_00031615,S042_03161,2025-08-15 19:36:43.431466,1,Degraded
reduced_context,kmeans,2,31620,1,C1,0.41519823566308556,1.0352763083524423,synnetqos_m_00031621,S042_03162,2025-08-12 20:47:08.401208,1,Degraded
reduced_context,kmeans,2,31634,1,C1,-0.724680380564525,-0.7821099007375967,synnetqos_m_00031635,S042_03163,2025-08-06 14:06:33.281601,1,Degraded
reduced_context,kmeans,2,31640,1,C1,-1.5884629496368954,0.22331246593706064,synnetqos_m_00031641,S042_03164,2025-08-17 14:19:39.916221,1,Degraded
reduced_context,kmeans,2,31657,1,C1,-1.252662010203081,1.8123440623116593,synnetqos_m_00031658,S042_03165,2025-08-07 16:04:25.142017,1,Degraded
reduced_context,kmeans,2,31680,1,C1,-3.1961830754906013,-0.23870143091050466,synnetqos_m_00031681,S042_03168,2025-07-27 18:35:36.359205,1,Degraded
reduced_context,kmeans,2,31709,0,C0,2.642347931463067,-1.0487432954850804,synnetqos_m_00031710,S042_03170,2025-08-22 20:44:10.209070,0,Not degraded
reduced_context,kmeans,2,31724,1,C1,-1.2597057740493167,-0.7361307435933777,synnetqos_m_00031725,S042_03172,2025-08-01 01:43:01.725207,1,Degraded
reduced_context,kmeans,2,31762,0,C0,0.8057394744183105,-1.664349618833722,synnetqos_m_00031763,S042_03176,2025-08-01 13:04:14.000686,0,Not degraded
reduced_context,kmeans,2,31787,1,C1,-2.7679959868077706,-0.01808894469323763,synnetqos_m_00031788,S042_03178,2025-08-25 07:20:08.359523,1,Degraded
reduced_context,kmeans,2,31792,1,C1,-0.8899533688537613,-0.013917957119387689,synnetqos_m_00031793,S042_03179,2025-08-12 12:15:28.327172,1,Degraded
reduced_context,kmeans,2,31795,1,C1,-0.651052306941139,-0.3059910938916668,synnetqos_m_00031796,S042_03179,2025-08-12 12:18:28.327172,1,Degraded
reduced_context,kmeans,2,31797,1,C1,0.33353340837317136,-1.0405329002637635,synnetqos_m_00031798,S042_03179,2025-08-12 12:20:28.327172,0,Not degraded
reduced_context,kmeans,2,31806,0,C0,4.717891975853776,1.3139443817294543,synnetqos_m_00031807,S042_03180,2025-08-25 06:47:23.271009,0,Not degraded
reduced_context,kmeans,2,31833,1,C1,-1.716878302328648,-0.44347313505924774,synnetqos_m_00031834,S042_03183,2025-08-03 02:59:29.137284,1,Degraded
reduced_context,kmeans,2,31843,1,C1,-3.1211645184066823,2.7082896482174936,synnetqos_m_00031844,S042_03184,2025-08-23 06:04:41.369645,1,Degraded
reduced_context,kmeans,2,31854,1,C1,-1.556583485315477,-0.3420538996227326,synnetqos_m_00031855,S042_03185,2025-08-04 05:42:16.568143,1,Degraded
reduced_context,kmeans,2,31860,0,C0,0.7912084733726991,0.8163020328608797,synnetqos_m_00031861,S042_03186,2025-08-06 20:01:49.986136,0,Not degraded
reduced_context,kmeans,2,31861,1,C1,0.2897805787295186,0.8665586242123612,synnetqos_m_00031862,S042_03186,2025-08-06 20:02:49.986136,0,Not degraded
reduced_context,kmeans,2,31867,1,C1,-0.6257857604576242,-0.4492131716414958,synnetqos_m_00031868,S042_03186,2025-08-06 20:08:49.986136,0,Not degraded
reduced_context,kmeans,2,31898,0,C0,3.7198744414731695,-2.1715064810619182,synnetqos_m_00031899,S042_03189,2025-08-19 20:49:14.405823,1,Degraded
reduced_context,kmeans,2,31904,1,C1,0.2470888123133712,-1.1937009711430584,synnetqos_m_00031905,S042_03190,2025-08-08 06:07:55.458676,0,Not degraded
reduced_context,kmeans,2,31912,1,C1,-2.662916075441597,-0.02713734588583358,synnetqos_m_00031913,S042_03191,2025-08-02 07:35:30.441122,1,Degraded
reduced_context,kmeans,2,31914,1,C1,-1.8223899709432512,-0.512307172121519,synnetqos_m_00031915,S042_03191,2025-08-02 07:37:30.441122,1,Degraded
reduced_context,kmeans,2,31924,1,C1,-1.398224432019627,0.2885175178466548,synnetqos_m_00031925,S042_03192,2025-08-09 05:51:27.281830,1,Degraded
reduced_context,kmeans,2,31926,1,C1,-1.9823154974015913,0.036893804047468025,synnetqos_m_00031927,S042_03192,2025-08-09 05:53:27.281830,1,Degraded
reduced_context,kmeans,2,31956,1,C1,-1.7072807883726,2.4450535495986965,synnetqos_m_00031957,S042_03195,2025-08-10 05:46:24.071723,1,Degraded
reduced_context,kmeans,2,31957,1,C1,-1.255720010776919,0.2563772723086345,synnetqos_m_00031958,S042_03195,2025-08-10 05:47:24.071723,0,Not degraded
reduced_context,kmeans,2,31972,1,C1,-1.7553587345182886,-0.14470323795940526,synnetqos_m_00031973,S042_03197,2025-07-31 10:23:51.630611,1,Degraded
reduced_context,kmeans,2,32003,1,C1,-1.2799834293476693,0.8391416928554536,synnetqos_m_00032004,S042_03200,2025-08-06 09:00:39.529979,1,Degraded
reduced_context,kmeans,2,32007,1,C1,-1.084334753976299,-0.9380244254275304,synnetqos_m_00032008,S042_03200,2025-08-06 09:04:39.529979,1,Degraded
reduced_context,kmeans,2,32013,1,C1,0.4697454781772392,-0.43784036075845684,synnetqos_m_00032014,S042_03201,2025-08-19 16:28:41.660466,0,Not degraded
reduced_context,kmeans,2,32015,0,C0,0.6604451783862021,-1.3531484963841656,synnetqos_m_00032016,S042_03201,2025-08-19 16:30:41.660466,0,Not degraded
reduced_context,kmeans,2,32021,1,C1,0.37228082366429516,-0.6974249996073986,synnetqos_m_00032022,S042_03202,2025-08-02 14:33:01.738090,0,Not degraded
reduced_context,kmeans,2,32027,0,C0,1.9817752625825447,0.7262520081792384,synnetqos_m_00032028,S042_03202,2025-08-02 14:39:01.738090,0,Not degraded
reduced_context,kmeans,2,32030,1,C1,-1.2063062255549197,-0.9062074518230222,synnetqos_m_00032031,S042_03203,2025-08-11 18:01:59.903706,1,Degraded
reduced_context,kmeans,2,32035,1,C1,-1.1206037335114059,-1.539915180047274,synnetqos_m_00032036,S042_03203,2025-08-11 18:06:59.903706,1,Degraded
reduced_context,kmeans,2,32041,1,C1,-1.7818928666094018,0.6332570887956024,synnetqos_m_00032042,S042_03204,2025-08-11 06:24:28.435683,1,Degraded
reduced_context,kmeans,2,32054,0,C0,2.369273561433864,0.12434767326868731,synnetqos_m_00032055,S042_03205,2025-08-18 17:50:42.772680,0,Not degraded
reduced_context,kmeans,2,32062,1,C1,-0.05483661207323543,-0.7667458839661927,synnetqos_m_00032063,S042_03206,2025-08-05 04:48:28.093703,0,Not degraded
reduced_context,kmeans,2,32071,0,C0,3.0991151934805936,3.4201527718963325,synnetqos_m_00032072,S042_03207,2025-07-30 05:57:26.795152,0,Not degraded
reduced_context,kmeans,2,32076,0,C0,2.136086159012842,-1.0330850404655398,synnetqos_m_00032077,S042_03207,2025-07-30 06:02:26.795152,0,Not degraded
reduced_context,kmeans,2,32087,1,C1,-0.41717849903477655,0.676390648096717,synnetqos_m_00032088,S042_03208,2025-08-20 03:13:06.501212,0,Not degraded
reduced_context,kmeans,2,32115,0,C0,3.0814130810959393,0.42497964488818457,synnetqos_m_00032116,S042_03211,2025-07-27 03:26:19.320809,0,Not degraded
reduced_context,kmeans,2,32120,1,C1,0.4406530082476468,-0.7668214293895671,synnetqos_m_00032121,S042_03212,2025-08-17 10:30:17.099770,0,Not degraded
reduced_context,kmeans,2,32131,1,C1,-2.429506868314177,-0.15042521228772704,synnetqos_m_00032132,S042_03213,2025-08-16 00:56:58.221329,1,Degraded
reduced_context,kmeans,2,32140,0,C0,2.522388144630326,-2.4870702548206025,synnetqos_m_00032141,S042_03214,2025-08-02 00:54:55.663824,0,Not degraded
reduced_context,kmeans,2,32149,0,C0,3.404634997314312,-2.509260675916355,synnetqos_m_00032150,S042_03214,2025-08-02 01:03:55.663824,0,Not degraded
reduced_context,kmeans,2,32163,1,C1,-0.087094896146206,0.2917169562533562,synnetqos_m_00032164,S042_03216,2025-08-02 13:03:29.224876,0,Not degraded
reduced_context,kmeans,2,32172,0,C0,2.298440088256257,0.7334856290539619,synnetqos_m_00032173,S042_03217,2025-08-19 01:03:55.917958,0,Not degraded
reduced_context,kmeans,2,32180,0,C0,0.8385850013258612,-0.2979273150130593,synnetqos_m_00032181,S042_03218,2025-08-08 11:39:00.204594,0,Not degraded
reduced_context,kmeans,2,32181,1,C1,-0.8460440468249717,0.91930982656145,synnetqos_m_00032182,S042_03218,2025-08-08 11:40:00.204594,1,Degraded
reduced_context,kmeans,2,32210,0,C0,2.0255927310589446,-0.7219744937105288,synnetqos_m_00032211,S042_03221,2025-08-23 12:13:09.734742,0,Not degraded
reduced_context,kmeans,2,32227,0,C0,1.112362020294399,-0.14073640999158707,synnetqos_m_00032228,S042_03222,2025-08-18 14:44:43.847783,0,Not degraded
reduced_context,kmeans,2,32240,1,C1,0.15041449124648157,-0.09263693780677695,synnetqos_m_00032241,S042_03224,2025-08-08 14:23:01.765180,1,Degraded
reduced_context,kmeans,2,32241,1,C1,-0.1590023020433342,-1.1246438625698252,synnetqos_m_00032242,S042_03224,2025-08-08 14:24:01.765180,0,Not degraded
reduced_context,kmeans,2,32243,1,C1,-0.5038121522898265,1.1753620235796454,synnetqos_m_00032244,S042_03224,2025-08-08 14:26:01.765180,1,Degraded
reduced_context,kmeans,2,32246,1,C1,-0.16891529331912755,-1.0580352086088949,synnetqos_m_00032247,S042_03224,2025-08-08 14:29:01.765180,1,Degraded
reduced_context,kmeans,2,32255,1,C1,-1.5483545283884437,3.6401387597356436,synnetqos_m_00032256,S042_03225,2025-08-19 03:46:21.723685,1,Degraded
reduced_context,kmeans,2,32257,1,C1,-1.5884935642547013,-0.09987479875141772,synnetqos_m_00032258,S042_03225,2025-08-19 03:48:21.723685,1,Degraded
reduced_context,kmeans,2,32258,1,C1,-1.861395517725782,-0.4232649417629998,synnetqos_m_00032259,S042_03225,2025-08-19 03:49:21.723685,0,Not degraded
reduced_context,kmeans,2,32266,0,C0,2.225111492312624,4.3905748104521205,synnetqos_m_00032267,S042_03226,2025-07-31 14:53:09.538095,1,Degraded
reduced_context,kmeans,2,32271,1,C1,-0.9636262925118584,-0.7519472994806056,synnetqos_m_00032272,S042_03227,2025-08-13 12:13:29.717564,1,Degraded
reduced_context,kmeans,2,32276,0,C0,3.365378493415121,-2.271705095735524,synnetqos_m_00032277,S042_03227,2025-08-13 12:18:29.717564,0,Not degraded
reduced_context,kmeans,2,32286,1,C1,0.13235063897122595,-0.486246769425486,synnetqos_m_00032287,S042_03228,2025-08-19 15:15:13.725098,1,Degraded
reduced_context,kmeans,2,32291,1,C1,-1.7573522479565422,-0.7534289939326553,synnetqos_m_00032292,S042_03229,2025-08-22 03:09:50.913661,1,Degraded
reduced_context,kmeans,2,32293,1,C1,-0.7070348103023842,1.9379101530770684,synnetqos_m_00032294,S042_03229,2025-08-22 03:11:50.913661,1,Degraded
reduced_context,kmeans,2,32323,0,C0,0.8872880801552738,0.9160373757184102,synnetqos_m_00032324,S042_03232,2025-08-22 16:58:00.813223,0,Not degraded
reduced_context,kmeans,2,32361,1,C1,-2.2455817866618446,0.43502688053122124,synnetqos_m_00032362,S042_03236,2025-07-31 12:47:10.980077,1,Degraded
reduced_context,kmeans,2,32364,1,C1,-1.972425998418447,-0.1934685644830277,synnetqos_m_00032365,S042_03236,2025-07-31 12:50:10.980077,1,Degraded
reduced_context,kmeans,2,32368,1,C1,-2.068718439519396,-0.9345561861059504,synnetqos_m_00032369,S042_03236,2025-07-31 12:54:10.980077,1,Degraded
reduced_context,kmeans,2,32380,0,C0,2.302043915837153,-2.522335474489247,synnetqos_m_00032381,S042_03238,2025-08-07 00:18:06.128570,0,Not degraded
reduced_context,kmeans,2,32383,1,C1,-0.009159651247918885,-1.9509413583376651,synnetqos_m_00032384,S042_03238,2025-08-07 00:21:06.128570,1,Degraded
reduced_context,kmeans,2,32388,0,C0,2.539418739158546,-2.929675846942567,synnetqos_m_00032389,S042_03238,2025-08-07 00:26:06.128570,0,Not degraded
reduced_context,kmeans,2,32395,0,C0,1.6348002357942304,-0.35415418049740743,synnetqos_m_00032396,S042_03239,2025-08-05 16:41:01.134800,0,Not degraded
reduced_context,kmeans,2,32415,1,C1,-0.1974221633210133,-0.8547378592686794,synnetqos_m_00032416,S042_03241,2025-08-12 18:15:36.922417,1,Degraded
reduced_context,kmeans,2,32417,1,C1,0.2536246585583659,-0.07207224340992095,synnetqos_m_00032418,S042_03241,2025-08-12 18:17:36.922417,0,Not degraded
reduced_context,kmeans,2,32423,0,C0,1.4240336943173633,1.8904283536255289,synnetqos_m_00032424,S042_03242,2025-07-28 07:06:01.369481,1,Degraded
reduced_context,kmeans,2,32437,0,C0,2.020868044528993,-0.3713081517871097,synnetqos_m_00032438,S042_03243,2025-08-25 04:39:33.703895,0,Not degraded
reduced_context,kmeans,2,32443,0,C0,1.3814670164279825,1.0745040843710194,synnetqos_m_00032444,S042_03244,2025-07-31 14:42:36.176084,0,Not degraded
reduced_context,kmeans,2,32450,0,C0,1.5791091698333468,-0.1902793352626862,synnetqos_m_00032451,S042_03245,2025-08-25 06:28:08.285511,0,Not degraded
reduced_context,kmeans,2,32452,1,C1,0.5861584446069279,0.23669656051496127,synnetqos_m_00032453,S042_03245,2025-08-25 06:30:08.285511,0,Not degraded
reduced_context,kmeans,2,32454,0,C0,2.7511161726101254,1.5123273190097137,synnetqos_m_00032455,S042_03245,2025-08-25 06:32:08.285511,0,Not degraded
reduced_context,kmeans,2,32458,1,C1,0.49434215431207595,-0.3549220754278421,synnetqos_m_00032459,S042_03245,2025-08-25 06:36:08.285511,0,Not degraded
reduced_context,kmeans,2,32464,1,C1,-2.259596650327489,0.2709957647264166,synnetqos_m_00032465,S042_03246,2025-08-15 11:19:10.136626,1,Degraded
reduced_context,kmeans,2,32468,1,C1,-1.760850531236339,1.3301960350642195,synnetqos_m_00032469,S042_03246,2025-08-15 11:23:10.136626,1,Degraded
reduced_context,kmeans,2,32474,0,C0,2.4947795252455616,-1.9260982043685724,synnetqos_m_00032475,S042_03247,2025-08-13 06:24:26.372121,0,Not degraded
reduced_context,kmeans,2,32488,1,C1,-1.619258099340721,-0.1097064693044854,synnetqos_m_00032489,S042_03248,2025-08-15 11:20:21.902451,1,Degraded
reduced_context,kmeans,2,32501,1,C1,-1.7910711712711795,3.7650786096505575,synnetqos_m_00032502,S042_03250,2025-08-21 05:39:58.235802,1,Degraded
reduced_context,kmeans,2,32504,1,C1,-3.3155335207195,-0.1384612692120774,synnetqos_m_00032505,S042_03250,2025-08-21 05:42:58.235802,1,Degraded
reduced_context,kmeans,2,32509,1,C1,-3.419616340010933,0.4756794051143134,synnetqos_m_00032510,S042_03250,2025-08-21 05:47:58.235802,1,Degraded
reduced_context,kmeans,2,32515,1,C1,-2.032716703084739,-0.4333927438376197,synnetqos_m_00032516,S042_03251,2025-08-11 00:08:58.010634,1,Degraded
reduced_context,kmeans,2,32520,1,C1,-0.3363139980976013,-0.2789951504472632,synnetqos_m_00032521,S042_03252,2025-08-23 16:01:20.863953,0,Not degraded
reduced_context,kmeans,2,32528,1,C1,-0.8472322379232899,-0.5763896399138091,synnetqos_m_00032529,S042_03252,2025-08-23 16:09:20.863953,1,Degraded
reduced_context,kmeans,2,32532,0,C0,2.166937241454136,0.6184249187640097,synnetqos_m_00032533,S042_03253,2025-08-24 07:11:46.278589,0,Not degraded
reduced_context,kmeans,2,32535,0,C0,2.682614180095617,-0.9254622989896681,synnetqos_m_00032536,S042_03253,2025-08-24 07:14:46.278589,0,Not degraded
reduced_context,kmeans,2,32559,0,C0,5.513591713381476,-1.5708120876747367,synnetqos_m_00032560,S042_03255,2025-08-13 00:19:08.179411,0,Not degraded
reduced_context,kmeans,2,32560,1,C1,-2.3403388359240505,1.1998664798877159,synnetqos_m_00032561,S042_03256,2025-08-05 19:05:21.810980,1,Degraded
reduced_context,kmeans,2,32570,1,C1,-0.2942231644246027,-0.7940800766027996,synnetqos_m_00032571,S042_03257,2025-07-28 21:01:53.140172,0,Not degraded
reduced_context,kmeans,2,32574,1,C1,-0.8863169456560782,0.19880558524042466,synnetqos_m_00032575,S042_03257,2025-07-28 21:05:53.140172,1,Degraded
reduced_context,kmeans,2,32576,1,C1,-0.5528141462065591,1.1994900839535212,synnetqos_m_00032577,S042_03257,2025-07-28 21:07:53.140172,1,Degraded
reduced_context,kmeans,2,32614,1,C1,0.24548751914228178,3.2072182264800375,synnetqos_m_00032615,S042_03261,2025-07-28 18:50:18.048799,1,Degraded
reduced_context,kmeans,2,32620,0,C0,1.5881307307157584,-0.3860616767341687,synnetqos_m_00032621,S042_03262,2025-07-27 02:15:42.497842,0,Not degraded
reduced_context,kmeans,2,32622,0,C0,2.4488288806784007,0.9804773918634999,synnetqos_m_00032623,S042_03262,2025-07-27 02:17:42.497842,0,Not degraded
reduced_context,kmeans,2,32627,1,C1,0.6269194492577754,-1.3883841715951046,synnetqos_m_00032628,S042_03262,2025-07-27 02:22:42.497842,0,Not degraded
reduced_context,kmeans,2,32630,0,C0,1.1731604113548069,-0.24269286324876096,synnetqos_m_00032631,S042_03263,2025-08-04 01:52:52.805138,0,Not degraded
reduced_context,kmeans,2,32643,1,C1,0.009358320297472723,0.5893670288129759,synnetqos_m_00032644,S042_03264,2025-08-24 17:00:17.252182,1,Degraded
reduced_context,kmeans,2,32651,1,C1,-1.1484328575875118,-0.6722131684164995,synnetqos_m_00032652,S042_03265,2025-08-14 09:18:42.397782,1,Degraded
reduced_context,kmeans,2,32652,0,C0,1.3425441018245061,1.016001124052406,synnetqos_m_00032653,S042_03265,2025-08-14 09:19:42.397782,0,Not degraded
reduced_context,kmeans,2,32654,1,C1,-0.7127130988289389,-0.6984414809010302,synnetqos_m_00032655,S042_03265,2025-08-14 09:21:42.397782,0,Not degraded
reduced_context,kmeans,2,32668,1,C1,-2.366334525504795,1.0112907948454672,synnetqos_m_00032669,S042_03266,2025-08-04 05:50:12.258360,1,Degraded
reduced_context,kmeans,2,32697,1,C1,-1.7773121146179458,-0.7115105107449943,synnetqos_m_00032698,S042_03269,2025-07-27 11:15:46.918710,1,Degraded
reduced_context,kmeans,2,32731,0,C0,0.9003341547046106,3.173482957105247,synnetqos_m_00032732,S042_03273,2025-08-16 18:19:34.166983,1,Degraded
reduced_context,kmeans,2,32737,1,C1,-0.3068741706546549,3.5598161349436164,synnetqos_m_00032738,S042_03273,2025-08-16 18:25:34.166983,1,Degraded
reduced_context,kmeans,2,32764,0,C0,4.080710940347178,-1.3376839219518946,synnetqos_m_00032765,S042_03276,2025-08-03 00:29:40.082341,0,Not degraded
reduced_context,kmeans,2,32769,0,C0,2.085108710512103,-1.9122826890464482,synnetqos_m_00032770,S042_03276,2025-08-03 00:34:40.082341,0,Not degraded
reduced_context,kmeans,2,32771,1,C1,-1.4574826951604003,-1.3502227371588054,synnetqos_m_00032772,S042_03277,2025-08-18 18:54:28.846192,1,Degraded
reduced_context,kmeans,2,32781,0,C0,0.8303566815386328,4.50653586359523,synnetqos_m_00032782,S042_03278,2025-08-25 05:23:57.703132,0,Not degraded
reduced_context,kmeans,2,32801,1,C1,-0.47726723096471796,-0.5466932394623241,synnetqos_m_00032802,S042_03280,2025-08-18 09:43:47.901805,1,Degraded
reduced_context,kmeans,2,32811,0,C0,1.91609789782274,-0.18390337366310547,synnetqos_m_00032812,S042_03281,2025-07-27 15:29:17.480184,0,Not degraded
reduced_context,kmeans,2,32814,1,C1,-0.8261876324394309,0.7680502728586339,synnetqos_m_00032815,S042_03281,2025-07-27 15:32:17.480184,1,Degraded
reduced_context,kmeans,2,32815,0,C0,1.507717703697503,0.3239440254526951,synnetqos_m_00032816,S042_03281,2025-07-27 15:33:17.480184,0,Not degraded
reduced_context,kmeans,2,32845,1,C1,-1.1175692516533053,-0.4710384860830174,synnetqos_m_00032846,S042_03284,2025-08-11 00:00:01.753747,1,Degraded
reduced_context,kmeans,2,32864,1,C1,-0.7019590010598965,-0.9740210464490808,synnetqos_m_00032865,S042_03286,2025-07-27 13:09:18.177951,1,Degraded
reduced_context,kmeans,2,32867,1,C1,-1.4525912931519593,-0.4826345406212079,synnetqos_m_00032868,S042_03286,2025-07-27 13:12:18.177951,1,Degraded
reduced_context,kmeans,2,32870,1,C1,0.21243088525465456,-1.3576843409674595,synnetqos_m_00032871,S042_03287,2025-08-22 19:21:32.317215,1,Degraded
reduced_context,kmeans,2,32872,1,C1,-0.23278042266810148,-1.2512768439210589,synnetqos_m_00032873,S042_03287,2025-08-22 19:23:32.317215,0,Not degraded
reduced_context,kmeans,2,32882,1,C1,-1.0475648323736277,-0.34333420648557067,synnetqos_m_00032883,S042_03288,2025-07-26 18:21:28.362907,1,Degraded
reduced_context,kmeans,2,32890,1,C1,0.05758476478868684,-0.0266843098102617,synnetqos_m_00032891,S042_03289,2025-08-20 03:31:49.889924,0,Not degraded
reduced_context,kmeans,2,32916,0,C0,2.959299814511865,-0.8280593667357855,synnetqos_m_00032917,S042_03291,2025-08-23 12:24:51.499714,0,Not degraded
reduced_context,kmeans,2,32917,0,C0,3.287688492843683,-1.6076059150830337,synnetqos_m_00032918,S042_03291,2025-08-23 12:25:51.499714,0,Not degraded
reduced_context,kmeans,2,32929,1,C1,0.14827245177359244,-0.0230582152721771,synnetqos_m_00032930,S042_03292,2025-08-23 04:51:57.556866,0,Not degraded
reduced_context,kmeans,2,32946,1,C1,-0.9070343530414178,4.356730544748265,synnetqos_m_00032947,S042_03294,2025-08-20 07:08:06.212646,1,Degraded
reduced_context,kmeans,2,32952,1,C1,0.10398783185629823,-0.7201534300262856,synnetqos_m_00032953,S042_03295,2025-08-02 23:23:20.182773,0,Not degraded
reduced_context,kmeans,2,32956,1,C1,-0.9788539725646614,-0.7729688518970463,synnetqos_m_00032957,S042_03295,2025-08-02 23:27:20.182773,0,Not degraded
reduced_context,kmeans,2,32965,1,C1,0.27525567805037626,-0.38449735502468924,synnetqos_m_00032966,S042_03296,2025-08-12 05:17:45.656708,1,Degraded
reduced_context,kmeans,2,32966,1,C1,-0.31832094966635327,-0.5497502617205139,synnetqos_m_00032967,S042_03296,2025-08-12 05:18:45.656708,1,Degraded
reduced_context,kmeans,2,32978,1,C1,-0.8737301822253073,-0.4559386349284812,synnetqos_m_00032979,S042_03297,2025-08-01 02:04:48.626135,0,Not degraded
reduced_context,kmeans,2,32989,1,C1,-1.5174823129518737,2.9782742980272263,synnetqos_m_00032990,S042_03298,2025-08-03 19:07:00.479390,1,Degraded
reduced_context,kmeans,2,32993,1,C1,-0.8316390166567,-0.5850258513673208,synnetqos_m_00032994,S042_03299,2025-08-17 18:06:29.843277,0,Not degraded
reduced_context,kmeans,2,33010,1,C1,0.00487445091991346,-0.5244312670954825,synnetqos_m_00033011,S042_03301,2025-08-07 03:37:57.962170,0,Not degraded
reduced_context,kmeans,2,33019,1,C1,-0.3127525933798185,-1.157497784978253,synnetqos_m_00033020,S042_03301,2025-08-07 03:46:57.962170,1,Degraded
reduced_context,kmeans,2,33026,1,C1,-1.1370426533494462,-0.9987816612767424,synnetqos_m_00033027,S042_03302,2025-08-08 22:08:13.366049,1,Degraded
reduced_context,kmeans,2,33030,1,C1,-0.7053175716037574,-0.6306074297386899,synnetqos_m_00033031,S042_03303,2025-08-10 11:56:43.629922,1,Degraded
reduced_context,kmeans,2,33033,1,C1,-0.41273696039389235,-0.6993808833324926,synnetqos_m_00033034,S042_03303,2025-08-10 11:59:43.629922,1,Degraded
reduced_context,kmeans,2,33036,1,C1,-0.17048542302664332,0.035948467833305055,synnetqos_m_00033037,S042_03303,2025-08-10 12:02:43.629922,0,Not degraded
reduced_context,kmeans,2,33068,0,C0,5.9197052290356025,1.3747884999099917,synnetqos_m_00033069,S042_03306,2025-08-02 00:09:12.748306,0,Not degraded
reduced_context,kmeans,2,33086,0,C0,5.422343386890547,3.851726488532156,synnetqos_m_00033087,S042_03308,2025-08-20 15:35:09.750613,0,Not degraded
reduced_context,kmeans,2,33088,0,C0,3.6227018214978113,0.9452868046065115,synnetqos_m_00033089,S042_03308,2025-08-20 15:37:09.750613,0,Not degraded
reduced_context,kmeans,2,33091,1,C1,-1.1961823320356553,0.08060843299658407,synnetqos_m_00033092,S042_03309,2025-08-19 15:51:46.500789,1,Degraded
reduced_context,kmeans,2,33107,1,C1,-0.21797288436685422,-0.5159611314351946,synnetqos_m_00033108,S042_03310,2025-08-02 16:14:15.323269,0,Not degraded
reduced_context,kmeans,2,33111,0,C0,1.0826149509576617,-0.7808790034314188,synnetqos_m_00033112,S042_03311,2025-07-31 20:53:39.559156,0,Not degraded
reduced_context,kmeans,2,33118,0,C0,1.0965347030820831,2.503840876205197,synnetqos_m_00033119,S042_03311,2025-07-31 21:00:39.559156,0,Not degraded
reduced_context,kmeans,2,33119,1,C1,0.1705881113937563,-0.2598778538874652,synnetqos_m_00033120,S042_03311,2025-07-31 21:01:39.559156,0,Not degraded
reduced_context,kmeans,2,33121,1,C1,-0.008659786253424263,0.2674088690251631,synnetqos_m_00033122,S042_03312,2025-08-21 20:11:14.134424,1,Degraded
reduced_context,kmeans,2,33130,0,C0,2.3487510581729985,-0.4715959176490932,synnetqos_m_00033131,S042_03313,2025-07-26 14:00:51.641219,0,Not degraded
reduced_context,kmeans,2,33146,1,C1,-2.8007375766133022,0.578682487299303,synnetqos_m_00033147,S042_03314,2025-08-12 11:29:51.718148,1,Degraded
reduced_context,kmeans,2,33147,1,C1,-2.731639522889922,0.38827441043986965,synnetqos_m_00033148,S042_03314,2025-08-12 11:30:51.718148,1,Degraded
reduced_context,kmeans,2,33156,1,C1,-0.5846787989521205,-0.18233876373256724,synnetqos_m_00033157,S042_03315,2025-08-12 17:30:31.267065,1,Degraded
reduced_context,kmeans,2,33165,1,C1,0.5767664252105145,-0.7661764791199196,synnetqos_m_00033166,S042_03316,2025-07-29 06:46:14.755891,0,Not degraded
reduced_context,kmeans,2,33196,0,C0,1.25194221620247,-0.13366412523714602,synnetqos_m_00033197,S042_03319,2025-08-24 20:40:24.380599,0,Not degraded
reduced_context,kmeans,2,33199,0,C0,3.092434531400245,0.3952174139673582,synnetqos_m_00033200,S042_03319,2025-08-24 20:43:24.380599,0,Not degraded
reduced_context,kmeans,2,33249,0,C0,2.8619495245578284,-0.9995160352433688,synnetqos_m_00033250,S042_03324,2025-08-08 21:57:03.855707,0,Not degraded
reduced_context,kmeans,2,33270,0,C0,2.4957502309385684,-2.0990895403371463,synnetqos_m_00033271,S042_03327,2025-07-28 18:25:50.958958,0,Not degraded
reduced_context,kmeans,2,33271,0,C0,1.9481613016204202,0.19868124090328768,synnetqos_m_00033272,S042_03327,2025-07-28 18:26:50.958958,0,Not degraded
reduced_context,kmeans,2,33272,0,C0,1.099743866956501,-1.717092105046801,synnetqos_m_00033273,S042_03327,2025-07-28 18:27:50.958958,1,Degraded
reduced_context,kmeans,2,33288,0,C0,4.506159995454355,2.5872826779561136,synnetqos_m_00033289,S042_03328,2025-07-29 14:04:21.955066,0,Not degraded
reduced_context,kmeans,2,33318,1,C1,-0.8111815962833911,-1.2367640377517326,synnetqos_m_00033319,S042_03331,2025-08-10 15:00:07.840851,1,Degraded
reduced_context,kmeans,2,33345,0,C0,0.7494823030283464,-1.7150962502178788,synnetqos_m_00033346,S042_03334,2025-08-08 22:34:41.551376,0,Not degraded
reduced_context,kmeans,2,33359,1,C1,-1.5484334685978278,-0.8113019457310969,synnetqos_m_00033360,S042_03335,2025-08-02 02:26:09.211320,1,Degraded
reduced_context,kmeans,2,33360,1,C1,-0.5579765896199197,-0.03793499080193034,synnetqos_m_00033361,S042_03336,2025-08-07 04:37:15.865857,1,Degraded
reduced_context,kmeans,2,33380,1,C1,0.28733117367264177,2.796987652293882,synnetqos_m_00033381,S042_03338,2025-08-18 00:18:19.250163,1,Degraded
reduced_context,kmeans,2,33384,1,C1,0.2183248196793459,-0.2015548999433393,synnetqos_m_00033385,S042_03338,2025-08-18 00:22:19.250163,0,Not degraded
reduced_context,kmeans,2,33389,1,C1,-0.4430354933651207,-0.38140704904955564,synnetqos_m_00033390,S042_03338,2025-08-18 00:27:19.250163,0,Not degraded
reduced_context,kmeans,2,33393,1,C1,-0.5032857518167979,-1.2192010419117982,synnetqos_m_00033394,S042_03339,2025-08-14 16:24:10.131675,1,Degraded
reduced_context,kmeans,2,33405,0,C0,1.1098751021585653,-0.07709114656744738,synnetqos_m_00033406,S042_03340,2025-08-02 16:30:56.352969,0,Not degraded
reduced_context,kmeans,2,33428,1,C1,-2.5660465495672713,0.15602978582464017,synnetqos_m_00033429,S042_03342,2025-08-25 09:47:43.007650,1,Degraded
reduced_context,kmeans,2,33433,1,C1,-2.1753497980823036,-0.633092125436108,synnetqos_m_00033434,S042_03343,2025-08-19 10:17:48.665087,1,Degraded
reduced_context,kmeans,2,33435,1,C1,-1.7598405570477658,-0.6880396617814352,synnetqos_m_00033436,S042_03343,2025-08-19 10:19:48.665087,0,Not degraded
reduced_context,kmeans,2,33446,0,C0,2.2195251560115423,-0.9797910187875292,synnetqos_m_00033447,S042_03344,2025-08-18 01:25:52.667305,0,Not degraded
reduced_context,kmeans,2,33488,0,C0,2.2701668928422993,-1.1132197106068615,synnetqos_m_00033489,S042_03348,2025-08-25 06:09:14.549166,0,Not degraded
reduced_context,kmeans,2,33493,1,C1,-1.0851872241276772,3.7747242024273198,synnetqos_m_00033494,S042_03349,2025-08-01 08:00:11.699413,1,Degraded
reduced_context,kmeans,2,33496,1,C1,-1.617669867474147,-0.3540933964605921,synnetqos_m_00033497,S042_03349,2025-08-01 08:03:11.699413,0,Not degraded
reduced_context,kmeans,2,33515,1,C1,-0.5002623229864613,-0.6921001343586388,synnetqos_m_00033516,S042_03351,2025-08-13 06:49:33.868375,1,Degraded
reduced_context,kmeans,2,33519,1,C1,0.12097368400834249,-0.7307273519556601,synnetqos_m_00033520,S042_03351,2025-08-13 06:53:33.868375,0,Not degraded
reduced_context,kmeans,2,33551,1,C1,-2.6804115635789088,0.6707335162198065,synnetqos_m_00033552,S042_03355,2025-08-25 02:21:07.268837,1,Degraded
reduced_context,kmeans,2,33564,1,C1,-0.5620925684688975,-1.272424407917602,synnetqos_m_00033565,S042_03356,2025-08-12 08:12:44.038842,1,Degraded
reduced_context,kmeans,2,33568,1,C1,0.3385522822550262,-1.1792556622813446,synnetqos_m_00033569,S042_03356,2025-08-12 08:16:44.038842,1,Degraded
reduced_context,kmeans,2,33570,1,C1,-1.8447720131920484,0.018877279971527862,synnetqos_m_00033571,S042_03357,2025-08-02 05:34:51.154562,0,Not degraded
reduced_context,kmeans,2,33572,1,C1,-2.0429746679937497,-0.08555408924648358,synnetqos_m_00033573,S042_03357,2025-08-02 05:36:51.154562,0,Not degraded
reduced_context,kmeans,2,33598,1,C1,-0.9081206536403229,-0.24041474748112598,synnetqos_m_00033599,S042_03359,2025-07-26 15:41:11.718805,1,Degraded
reduced_context,kmeans,2,33641,1,C1,-1.6346763192854161,0.7268903781509192,synnetqos_m_00033642,S042_03364,2025-08-21 19:51:51.083951,1,Degraded
reduced_context,kmeans,2,33645,1,C1,-2.1491148029687945,2.7180616161881797,synnetqos_m_00033646,S042_03364,2025-08-21 19:55:51.083951,1,Degraded
reduced_context,kmeans,2,33648,1,C1,-2.8047176926834014,0.06498837239960428,synnetqos_m_00033649,S042_03364,2025-08-21 19:58:51.083951,1,Degraded
reduced_context,kmeans,2,33652,0,C0,4.336168163584952,-2.5720676021838886,synnetqos_m_00033653,S042_03365,2025-08-06 17:25:04.244812,0,Not degraded
reduced_context,kmeans,2,33654,0,C0,6.02839173166142,3.0578710670988656,synnetqos_m_00033655,S042_03365,2025-08-06 17:27:04.244812,1,Degraded
reduced_context,kmeans,2,33659,0,C0,2.7568402686955733,-2.425696864891574,synnetqos_m_00033660,S042_03365,2025-08-06 17:32:04.244812,0,Not degraded
reduced_context,kmeans,2,33662,1,C1,0.1810837874098588,0.9348723086296563,synnetqos_m_00033663,S042_03366,2025-08-10 20:38:57.132468,1,Degraded
reduced_context,kmeans,2,33677,0,C0,3.186074828531347,-1.0886652645003596,synnetqos_m_00033678,S042_03367,2025-08-09 12:54:53.415701,0,Not degraded
reduced_context,kmeans,2,33680,1,C1,-1.9957881832687758,0.5427491372105715,synnetqos_m_00033681,S042_03368,2025-08-12 01:38:32.853489,1,Degraded
reduced_context,kmeans,2,33716,1,C1,-0.5801347465215551,0.2748675764967129,synnetqos_m_00033717,S042_03371,2025-07-31 17:23:00.285455,1,Degraded
reduced_context,kmeans,2,33720,0,C0,2.357515608576189,-1.1778217423549517,synnetqos_m_00033721,S042_03372,2025-08-11 17:09:37.129884,0,Not degraded
reduced_context,kmeans,2,33722,0,C0,4.145518766573043,-2.6466984070850508,synnetqos_m_00033723,S042_03372,2025-08-11 17:11:37.129884,0,Not degraded
reduced_context,kmeans,2,33723,0,C0,4.575376103514592,-0.41141261400151485,synnetqos_m_00033724,S042_03372,2025-08-11 17:12:37.129884,0,Not degraded
reduced_context,kmeans,2,33726,0,C0,4.179405929423045,-0.15917493383172132,synnetqos_m_00033727,S042_03372,2025-08-11 17:15:37.129884,0,Not degraded
reduced_context,kmeans,2,33735,1,C1,-0.7594002992269653,0.20607469608854043,synnetqos_m_00033736,S042_03373,2025-08-11 14:34:13.045015,1,Degraded
reduced_context,kmeans,2,33752,1,C1,-1.1171787882691673,1.0434044020217659,synnetqos_m_00033753,S042_03375,2025-08-11 23:29:00.216337,1,Degraded
reduced_context,kmeans,2,33760,0,C0,2.6193836823377237,-1.3469608311006547,synnetqos_m_00033761,S042_03376,2025-08-06 00:19:11.595383,0,Not degraded
reduced_context,kmeans,2,33780,1,C1,-0.07346697514364342,-1.070848475059131,synnetqos_m_00033781,S042_03378,2025-08-22 15:14:34.182980,0,Not degraded
reduced_context,kmeans,2,33784,1,C1,-0.11982712196917791,-0.8582805118858471,synnetqos_m_00033785,S042_03378,2025-08-22 15:18:34.182980,1,Degraded
reduced_context,kmeans,2,33787,1,C1,-0.7307273933465535,-0.7045265139690093,synnetqos_m_00033788,S042_03378,2025-08-22 15:21:34.182980,0,Not degraded
reduced_context,kmeans,2,33810,1,C1,-0.6823583258199881,-0.0600357627241618,synnetqos_m_00033811,S042_03381,2025-08-13 08:05:23.911087,1,Degraded
reduced_context,kmeans,2,33827,1,C1,-0.8951860951356925,-0.6549562120710549,synnetqos_m_00033828,S042_03382,2025-08-16 20:57:32.305542,1,Degraded
reduced_context,kmeans,2,33835,0,C0,0.8938657768928614,1.0147366836722147,synnetqos_m_00033836,S042_03383,2025-08-23 06:20:07.330556,1,Degraded
reduced_context,kmeans,2,33848,1,C1,-1.1180816056048244,-0.7550764598813225,synnetqos_m_00033849,S042_03384,2025-08-11 20:56:40.487130,1,Degraded
reduced_context,kmeans,2,33873,1,C1,-0.5211121284632039,0.38662647974759395,synnetqos_m_00033874,S042_03387,2025-07-29 23:45:49.975965,0,Not degraded
reduced_context,kmeans,2,33897,0,C0,0.8574509204479582,-1.4684234306909378,synnetqos_m_00033898,S042_03389,2025-08-20 01:46:18.981764,0,Not degraded
reduced_context,kmeans,2,33911,1,C1,-0.4371210139052985,-0.6572998977880833,synnetqos_m_00033912,S042_03391,2025-07-30 20:59:27.448210,1,Degraded
reduced_context,kmeans,2,33944,0,C0,6.136706299964967,2.2513998440713987,synnetqos_m_00033945,S042_03394,2025-08-23 08:12:09.752105,0,Not degraded
reduced_context,kmeans,2,33978,0,C0,1.4130913727073702,-0.6266228194813951,synnetqos_m_00033979,S042_03397,2025-08-09 18:09:55.156925,0,Not degraded
reduced_context,kmeans,2,33994,1,C1,-0.6350283809650112,0.029144116111093736,synnetqos_m_00033995,S042_03399,2025-08-04 10:04:04.360688,1,Degraded
reduced_context,kmeans,2,34025,1,C1,-2.7788272492491846,-0.21222640523432693,synnetqos_m_00034026,S042_03402,2025-08-23 15:32:15.368239,1,Degraded
reduced_context,kmeans,2,34028,1,C1,-0.024565648328181353,0.9512983213709234,synnetqos_m_00034029,S042_03402,2025-08-23 15:35:15.368239,0,Not degraded
reduced_context,kmeans,2,34031,1,C1,-0.040551390203655745,-1.0570255524117687,synnetqos_m_00034032,S042_03403,2025-08-09 01:10:06.538861,0,Not degraded
reduced_context,kmeans,2,34036,1,C1,-0.8690370270830611,-1.0170809516606258,synnetqos_m_00034037,S042_03403,2025-08-09 01:15:06.538861,1,Degraded
reduced_context,kmeans,2,34049,1,C1,-0.8306481510938262,0.0879994499812066,synnetqos_m_00034050,S042_03404,2025-07-26 13:46:04.969563,0,Not degraded
reduced_context,kmeans,2,34061,1,C1,-1.887771816999043,-0.6755581036320031,synnetqos_m_00034062,S042_03406,2025-08-17 15:00:45.634279,1,Degraded
reduced_context,kmeans,2,34070,1,C1,-1.9040694901415827,0.1832074027803939,synnetqos_m_00034071,S042_03407,2025-08-08 12:12:09.418365,1,Degraded
reduced_context,kmeans,2,34106,1,C1,-2.867340964230549,-0.4538922600748442,synnetqos_m_00034107,S042_03410,2025-08-17 14:52:48.911906,1,Degraded
reduced_context,kmeans,2,34109,1,C1,-1.8648876567088308,-0.8547480285328466,synnetqos_m_00034110,S042_03410,2025-08-17 14:55:48.911906,1,Degraded
reduced_context,kmeans,2,34132,1,C1,-1.1159754819213987,1.57294345021538,synnetqos_m_00034133,S042_03413,2025-08-16 00:31:57.778317,1,Degraded
reduced_context,kmeans,2,34133,1,C1,-2.0929771561784056,-0.10436603748105924,synnetqos_m_00034134,S042_03413,2025-08-16 00:32:57.778317,1,Degraded
reduced_context,kmeans,2,34140,0,C0,1.2027867863642974,-0.07957766453506354,synnetqos_m_00034141,S042_03414,2025-08-21 01:32:39.241880,0,Not degraded
reduced_context,kmeans,2,34142,1,C1,-0.44975815073426867,-0.5839616153421414,synnetqos_m_00034143,S042_03414,2025-08-21 01:34:39.241880,0,Not degraded
reduced_context,kmeans,2,34144,0,C0,1.4103298581387302,-0.27023578134294945,synnetqos_m_00034145,S042_03414,2025-08-21 01:36:39.241880,0,Not degraded
reduced_context,kmeans,2,34147,1,C1,-1.0809802365574024,0.1978759083250686,synnetqos_m_00034148,S042_03414,2025-08-21 01:39:39.241880,1,Degraded
reduced_context,kmeans,2,34181,1,C1,-2.2069962897599886,-0.6836235943254003,synnetqos_m_00034182,S042_03418,2025-08-02 03:00:35.144991,1,Degraded
reduced_context,kmeans,2,34184,1,C1,-1.1792632536634275,-0.8150206625412468,synnetqos_m_00034185,S042_03418,2025-08-02 03:03:35.144991,0,Not degraded
reduced_context,kmeans,2,34188,1,C1,-1.6701918821574928,-0.7412823802667179,synnetqos_m_00034189,S042_03418,2025-08-02 03:07:35.144991,1,Degraded
reduced_context,kmeans,2,34195,0,C0,1.0289239699152333,-1.5579787772582459,synnetqos_m_00034196,S042_03419,2025-08-14 13:35:23.466601,0,Not degraded
reduced_context,kmeans,2,34208,1,C1,0.32842976126127515,-0.6193589255030161,synnetqos_m_00034209,S042_03420,2025-08-25 03:00:35.661658,0,Not degraded
reduced_context,kmeans,2,34217,1,C1,-0.6646829980194535,0.4305022057053425,synnetqos_m_00034218,S042_03421,2025-08-23 13:48:44.570343,1,Degraded
reduced_context,kmeans,2,34244,1,C1,-0.9627884867216032,-0.5818092228525882,synnetqos_m_00034245,S042_03424,2025-08-16 12:18:46.623692,0,Not degraded
reduced_context,kmeans,2,34257,1,C1,-0.21046948712151506,-0.378594718627378,synnetqos_m_00034258,S042_03425,2025-08-25 05:52:59.575626,0,Not degraded
reduced_context,kmeans,2,34270,1,C1,-1.0370524960451735,0.9800885677050852,synnetqos_m_00034271,S042_03427,2025-08-16 09:55:33.775586,1,Degraded
reduced_context,kmeans,2,34274,0,C0,0.8246018950133993,2.592907732566676,synnetqos_m_00034275,S042_03427,2025-08-16 09:59:33.775586,1,Degraded
reduced_context,kmeans,2,34288,0,C0,2.282316386030223,0.9540799330296086,synnetqos_m_00034289,S042_03428,2025-08-01 19:41:58.352291,0,Not degraded
reduced_context,kmeans,2,34293,1,C1,-1.3010000151188452,-0.6609661285804477,synnetqos_m_00034294,S042_03429,2025-07-31 04:40:43.318677,1,Degraded
reduced_context,kmeans,2,34313,1,C1,-0.4018093478313393,-0.191656896783394,synnetqos_m_00034314,S042_03431,2025-08-14 08:29:33.051339,1,Degraded
reduced_context,kmeans,2,34344,1,C1,0.5019190374217946,-0.23632622254349706,synnetqos_m_00034345,S042_03434,2025-08-09 07:30:09.477935,0,Not degraded
reduced_context,kmeans,2,34348,1,C1,-1.261351330118533,-0.6996151482385395,synnetqos_m_00034349,S042_03434,2025-08-09 07:34:09.477935,1,Degraded
reduced_context,kmeans,2,34359,0,C0,1.1665055810608276,0.1722705415826974,synnetqos_m_00034360,S042_03435,2025-08-16 05:33:09.995606,0,Not degraded
reduced_context,kmeans,2,34388,1,C1,-0.8875155020897059,2.309022944129718,synnetqos_m_00034389,S042_03438,2025-08-22 17:12:36.553313,1,Degraded
reduced_context,kmeans,2,34396,1,C1,-1.3544867785995414,-0.2449105281491789,synnetqos_m_00034397,S042_03439,2025-08-08 02:47:03.619867,0,Not degraded
reduced_context,kmeans,2,34410,1,C1,-1.2868105122761784,0.47256431058068693,synnetqos_m_00034411,S042_03441,2025-08-17 12:31:05.880464,1,Degraded
reduced_context,kmeans,2,34421,0,C0,1.140417997286024,0.06510887490186168,synnetqos_m_00034422,S042_03442,2025-08-15 06:13:28.452605,0,Not degraded
reduced_context,kmeans,2,34422,1,C1,0.4206137941483667,-0.043452736399330096,synnetqos_m_00034423,S042_03442,2025-08-15 06:14:28.452605,1,Degraded
reduced_context,kmeans,2,34428,0,C0,4.879838199361698,6.191502587254472,synnetqos_m_00034429,S042_03442,2025-08-15 06:20:28.452605,0,Not degraded
reduced_context,kmeans,2,34440,1,C1,-1.6872428774236106,0.23649759365336545,synnetqos_m_00034441,S042_03444,2025-08-22 20:08:57.019807,0,Not degraded
reduced_context,kmeans,2,34452,1,C1,-0.2937819574923903,-0.05762735161115184,synnetqos_m_00034453,S042_03445,2025-08-24 00:14:06.313272,0,Not degraded
reduced_context,kmeans,2,34461,1,C1,-1.7567538289766285,0.4623379172837889,synnetqos_m_00034462,S042_03446,2025-08-08 05:43:54.179996,1,Degraded
reduced_context,kmeans,2,34466,1,C1,-1.2086145529539385,-0.6090676156496081,synnetqos_m_00034467,S042_03446,2025-08-08 05:48:54.179996,1,Degraded
reduced_context,kmeans,2,34483,1,C1,-1.3206139375444468,0.10098144993147531,synnetqos_m_00034484,S042_03448,2025-08-16 15:29:30.309896,1,Degraded
reduced_context,kmeans,2,34488,1,C1,0.12602762524838837,0.94502014442489,synnetqos_m_00034489,S042_03448,2025-08-16 15:34:30.309896,0,Not degraded
reduced_context,kmeans,2,34490,0,C0,1.2560665663725428,-0.9066673412515723,synnetqos_m_00034491,S042_03449,2025-07-30 08:08:52.379906,0,Not degraded
reduced_context,kmeans,2,34495,1,C1,0.2825289622564306,0.866525148364779,synnetqos_m_00034496,S042_03449,2025-07-30 08:13:52.379906,1,Degraded
reduced_context,kmeans,2,34499,0,C0,0.7394866666934554,-0.9814111494723132,synnetqos_m_00034500,S042_03449,2025-07-30 08:17:52.379906,0,Not degraded
reduced_context,kmeans,2,34513,1,C1,-0.08587320771246251,-0.410109915036809,synnetqos_m_00034514,S042_03451,2025-08-10 22:33:42.101001,0,Not degraded
reduced_context,kmeans,2,34514,1,C1,-1.3278234089009873,-0.5595341020525965,synnetqos_m_00034515,S042_03451,2025-08-10 22:34:42.101001,1,Degraded
reduced_context,kmeans,2,34528,1,C1,-1.6005597534029468,-0.01883813274694158,synnetqos_m_00034529,S042_03452,2025-08-06 15:18:50.179266,1,Degraded
reduced_context,kmeans,2,34542,1,C1,0.26209335925566757,-0.9806777164348518,synnetqos_m_00034543,S042_03454,2025-08-19 17:56:58.219566,0,Not degraded
reduced_context,kmeans,2,34561,1,C1,-1.054457353022492,-0.522232403343359,synnetqos_m_00034562,S042_03456,2025-08-23 20:54:42.767469,1,Degraded
reduced_context,kmeans,2,34565,0,C0,1.262127691662289,0.4757333951317131,synnetqos_m_00034566,S042_03456,2025-08-23 20:58:42.767469,0,Not degraded
reduced_context,kmeans,2,34573,0,C0,1.0821140561744793,2.1737771663544647,synnetqos_m_00034574,S042_03457,2025-08-01 04:24:18.790981,1,Degraded
reduced_context,kmeans,2,34583,1,C1,-1.6683407729446844,0.40728290213298884,synnetqos_m_00034584,S042_03458,2025-08-09 01:23:26.012444,1,Degraded
reduced_context,kmeans,2,34588,1,C1,-0.91788905257226,2.2690467402883097,synnetqos_m_00034589,S042_03458,2025-08-09 01:28:26.012444,1,Degraded
reduced_context,kmeans,2,34592,1,C1,-1.745062267002968,-0.45434366771536966,synnetqos_m_00034593,S042_03459,2025-07-29 09:41:32.192464,1,Degraded
reduced_context,kmeans,2,34598,1,C1,-1.2516703069220754,-0.049515499406376146,synnetqos_m_00034599,S042_03459,2025-07-29 09:47:32.192464,1,Degraded
reduced_context,kmeans,2,34608,1,C1,-0.3880771219145785,0.05374440328568051,synnetqos_m_00034609,S042_03460,2025-08-11 14:42:41.350108,1,Degraded
reduced_context,kmeans,2,34610,1,C1,-2.3774821780394846,0.022366808030742764,synnetqos_m_00034611,S042_03461,2025-08-06 16:56:02.156581,1,Degraded
reduced_context,kmeans,2,34636,0,C0,0.9691218102785255,-1.1780568224173655,synnetqos_m_00034637,S042_03463,2025-08-18 18:49:43.091198,0,Not degraded
reduced_context,kmeans,2,34644,0,C0,1.7701971879067708,-1.1242315387146902,synnetqos_m_00034645,S042_03464,2025-08-03 23:48:33.015329,0,Not degraded
reduced_context,kmeans,2,34657,1,C1,-0.037073645336480075,1.3183158080392208,synnetqos_m_00034658,S042_03465,2025-08-13 06:02:36.338944,1,Degraded
reduced_context,kmeans,2,34664,1,C1,-1.0978021350738498,-1.1275935812599938,synnetqos_m_00034665,S042_03466,2025-08-02 04:28:44.009299,1,Degraded
reduced_context,kmeans,2,34684,0,C0,2.511469162055161,3.3367484581210856,synnetqos_m_00034685,S042_03468,2025-08-25 03:28:06.545411,0,Not degraded
reduced_context,kmeans,2,34738,1,C1,-1.8807558351804055,-0.08103293046705792,synnetqos_m_00034739,S042_03473,2025-07-31 18:46:32.732308,1,Degraded
reduced_context,kmeans,2,34759,1,C1,-0.4701676460032845,0.14822489772075023,synnetqos_m_00034760,S042_03475,2025-07-28 16:12:06.522396,0,Not degraded
reduced_context,kmeans,2,34763,1,C1,-0.8130520020833558,-0.9730551961847966,synnetqos_m_00034764,S042_03476,2025-08-07 13:11:31.670461,1,Degraded
reduced_context,kmeans,2,34764,1,C1,-0.7567994211242122,-0.44257905748646026,synnetqos_m_00034765,S042_03476,2025-08-07 13:12:31.670461,1,Degraded
reduced_context,kmeans,2,34775,1,C1,-0.48370543336965693,1.5004842604320363,synnetqos_m_00034776,S042_03477,2025-08-13 05:03:53.581544,1,Degraded
reduced_context,kmeans,2,34784,1,C1,-1.2522406223525002,-0.510154619560545,synnetqos_m_00034785,S042_03478,2025-08-14 03:25:32.695717,1,Degraded
reduced_context,kmeans,2,34787,1,C1,0.469411931861588,4.530161219858904,synnetqos_m_00034788,S042_03478,2025-08-14 03:28:32.695717,1,Degraded
reduced_context,kmeans,2,34788,1,C1,-1.8941742782180453,-0.3260311650336991,synnetqos_m_00034789,S042_03478,2025-08-14 03:29:32.695717,1,Degraded
reduced_context,kmeans,2,34801,1,C1,-2.0705871107298437,4.136475597622811,synnetqos_m_00034802,S042_03480,2025-08-02 19:42:34.786681,1,Degraded
reduced_context,kmeans,2,34803,1,C1,-2.0677838984711023,0.2369815294922276,synnetqos_m_00034804,S042_03480,2025-08-02 19:44:34.786681,0,Not degraded
reduced_context,kmeans,2,34815,0,C0,2.271172791271176,-0.2376587805661382,synnetqos_m_00034816,S042_03481,2025-08-22 00:04:36.768869,0,Not degraded
reduced_context,kmeans,2,34843,1,C1,0.09574040145023502,0.49791497885146097,synnetqos_m_00034844,S042_03484,2025-08-15 21:44:32.242574,0,Not degraded
reduced_context,kmeans,2,34862,1,C1,-1.8420004983197003,-0.7223511801794302,synnetqos_m_00034863,S042_03486,2025-08-19 20:01:56.041924,1,Degraded
reduced_context,kmeans,2,34864,1,C1,-1.4839642079175142,-0.7189417587077904,synnetqos_m_00034865,S042_03486,2025-08-19 20:03:56.041924,1,Degraded
reduced_context,kmeans,2,34865,1,C1,-2.098857090030665,-0.6084815904447809,synnetqos_m_00034866,S042_03486,2025-08-19 20:04:56.041924,1,Degraded
reduced_context,kmeans,2,34869,0,C0,2.0525418773935207,1.7598846292248402,synnetqos_m_00034870,S042_03486,2025-08-19 20:08:56.041924,0,Not degraded
reduced_context,kmeans,2,34893,0,C0,0.7510251627014883,-1.1500241329394303,synnetqos_m_00034894,S042_03489,2025-08-23 01:11:34.214842,0,Not degraded
reduced_context,kmeans,2,34903,0,C0,1.1165211621057363,-1.04074823681227,synnetqos_m_00034904,S042_03490,2025-08-08 10:29:23.706203,1,Degraded
reduced_context,kmeans,2,34912,1,C1,-1.5360858147060417,-0.2610461788095605,synnetqos_m_00034913,S042_03491,2025-08-08 08:50:37.432039,1,Degraded
reduced_context,kmeans,2,34913,1,C1,-2.669793662369586,-0.21476098855747486,synnetqos_m_00034914,S042_03491,2025-08-08 08:51:37.432039,1,Degraded
reduced_context,kmeans,2,34937,1,C1,-2.1906827770420043,1.226230085035105,synnetqos_m_00034938,S042_03493,2025-08-15 21:18:18.222144,1,Degraded
reduced_context,kmeans,2,34941,1,C1,-1.6701338826721281,-0.6594938668438919,synnetqos_m_00034942,S042_03494,2025-08-24 06:10:04.599827,1,Degraded
reduced_context,kmeans,2,34945,1,C1,-0.7877438435760449,4.632384522830903,synnetqos_m_00034946,S042_03494,2025-08-24 06:14:04.599827,1,Degraded
reduced_context,kmeans,2,34956,0,C0,1.1362562279248223,-1.6214012102117716,synnetqos_m_00034957,S042_03495,2025-08-14 13:34:51.774769,0,Not degraded
reduced_context,kmeans,2,34958,1,C1,0.612806872349713,-1.6778959231505597,synnetqos_m_00034959,S042_03495,2025-08-14 13:36:51.774769,0,Not degraded
reduced_context,kmeans,2,34971,0,C0,1.0293787153059204,-0.07261452485305227,synnetqos_m_00034972,S042_03497,2025-08-09 16:53:07.717889,0,Not degraded
reduced_context,kmeans,2,34974,0,C0,5.136332103605191,-2.749581006016143,synnetqos_m_00034975,S042_03497,2025-08-09 16:56:07.717889,0,Not degraded
reduced_context,kmeans,2,34976,0,C0,5.95564213375726,0.5405900376436809,synnetqos_m_00034977,S042_03497,2025-08-09 16:58:07.717889,0,Not degraded
reduced_context,kmeans,2,34978,0,C0,1.6364839745324191,-1.0818707828269138,synnetqos_m_00034979,S042_03497,2025-08-09 17:00:07.717889,0,Not degraded
reduced_context,kmeans,2,35005,1,C1,-1.9807596581136266,-0.7783724906266712,synnetqos_m_00035006,S042_03500,2025-08-14 15:49:31.671680,1,Degraded
reduced_context,kmeans,2,35013,0,C0,4.580138796797037,-2.1405891113314257,synnetqos_m_00035014,S042_03501,2025-08-18 12:45:11.183633,0,Not degraded
reduced_context,kmeans,2,35026,0,C0,1.5683262349232703,-1.9236428969731916,synnetqos_m_00035027,S042_03502,2025-08-09 03:11:18.686991,0,Not degraded
reduced_context,kmeans,2,35034,0,C0,1.4898110932571011,-0.3769027358199758,synnetqos_m_00035035,S042_03503,2025-07-28 04:28:54.517061,0,Not degraded
reduced_context,kmeans,2,35040,1,C1,0.13155654797055596,-0.037759602180572394,synnetqos_m_00035041,S042_03504,2025-08-04 00:39:06.101216,0,Not degraded
reduced_context,kmeans,2,35043,1,C1,0.3726310404058916,-0.7247749773084892,synnetqos_m_00035044,S042_03504,2025-08-04 00:42:06.101216,0,Not degraded
reduced_context,kmeans,2,35055,1,C1,0.5377847494103726,-0.9933645216509025,synnetqos_m_00035056,S042_03505,2025-08-23 20:46:44.755614,0,Not degraded
reduced_context,kmeans,2,35081,0,C0,2.961110445569407,-0.8127401009911538,synnetqos_m_00035082,S042_03508,2025-07-31 01:35:38.503741,0,Not degraded
reduced_context,kmeans,2,35084,0,C0,2.5866011840507315,-0.2573021971515443,synnetqos_m_00035085,S042_03508,2025-07-31 01:38:38.503741,0,Not degraded
reduced_context,kmeans,2,35092,0,C0,1.0076779981807462,-0.3712503312609,synnetqos_m_00035093,S042_03509,2025-08-10 20:56:36.907543,1,Degraded
reduced_context,kmeans,2,35129,0,C0,1.077141511832961,0.2720114923738349,synnetqos_m_00035130,S042_03512,2025-08-11 15:01:09.789440,0,Not degraded
reduced_context,kmeans,2,35135,1,C1,-1.4033825708637429,-0.9415046758440397,synnetqos_m_00035136,S042_03513,2025-08-13 10:06:25.086166,1,Degraded
reduced_context,kmeans,2,35137,1,C1,-0.08464098182242374,-0.9910167537744087,synnetqos_m_00035138,S042_03513,2025-08-13 10:08:25.086166,1,Degraded
reduced_context,kmeans,2,35142,0,C0,4.899956027051211,1.2487677292348507,synnetqos_m_00035143,S042_03514,2025-08-15 08:09:23.002565,0,Not degraded
reduced_context,kmeans,2,35172,1,C1,-0.26055959186428,1.0608155854631403,synnetqos_m_00035173,S042_03517,2025-08-21 04:04:19.874606,1,Degraded
reduced_context,kmeans,2,35182,1,C1,-0.3185538288739892,-0.8241975866951738,synnetqos_m_00035183,S042_03518,2025-08-09 14:24:49.884325,1,Degraded
reduced_context,kmeans,2,35188,1,C1,0.22886312410618073,-0.6399281012665532,synnetqos_m_00035189,S042_03518,2025-08-09 14:30:49.884325,0,Not degraded
reduced_context,kmeans,2,35218,1,C1,0.17357743057391922,0.6786964533692172,synnetqos_m_00035219,S042_03521,2025-08-04 17:13:36.350504,1,Degraded
reduced_context,kmeans,2,35268,1,C1,-0.989215663679236,-0.6620279156498765,synnetqos_m_00035269,S042_03526,2025-08-11 10:56:42.861724,1,Degraded
reduced_context,kmeans,2,35275,1,C1,-0.9949844304777433,1.569572376765911,synnetqos_m_00035276,S042_03527,2025-08-10 17:09:56.072313,1,Degraded
reduced_context,kmeans,2,35278,1,C1,-1.1442657431073937,-1.1134834775417741,synnetqos_m_00035279,S042_03527,2025-08-10 17:12:56.072313,1,Degraded
reduced_context,kmeans,2,35284,1,C1,-2.075370279649796,0.2398719907870072,synnetqos_m_00035285,S042_03528,2025-07-31 22:15:15.864989,1,Degraded
reduced_context,kmeans,2,35295,1,C1,-0.05818040623754354,-1.2718816580300987,synnetqos_m_00035296,S042_03529,2025-08-25 20:30:33.989996,1,Degraded
reduced_context,kmeans,2,35303,1,C1,-0.27505381201848517,-0.8983875766368745,synnetqos_m_00035304,S042_03530,2025-08-22 22:07:10.355160,1,Degraded
reduced_context,kmeans,2,35315,0,C0,2.0695605306646034,-1.3314423855994313,synnetqos_m_00035316,S042_03531,2025-08-06 00:19:18.375578,0,Not degraded
reduced_context,kmeans,2,35337,1,C1,0.026622552388695674,-1.1198485148658968,synnetqos_m_00035338,S042_03533,2025-08-24 16:40:06.093777,0,Not degraded
reduced_context,kmeans,2,35342,1,C1,-0.15249721543371417,-0.1779765687004782,synnetqos_m_00035343,S042_03534,2025-08-23 22:27:40.906737,0,Not degraded
reduced_context,kmeans,2,35348,0,C0,1.7227469493781589,0.4215013449429134,synnetqos_m_00035349,S042_03534,2025-08-23 22:33:40.906737,0,Not degraded
reduced_context,kmeans,2,35349,0,C0,1.3876956390753699,-0.5040102599347305,synnetqos_m_00035350,S042_03534,2025-08-23 22:34:40.906737,0,Not degraded
reduced_context,kmeans,2,35356,1,C1,-0.2780486942150381,-0.045863295227542254,synnetqos_m_00035357,S042_03535,2025-08-04 23:35:37.778704,1,Degraded
reduced_context,kmeans,2,35357,1,C1,-0.9282154567589654,-0.5723415220885477,synnetqos_m_00035358,S042_03535,2025-08-04 23:36:37.778704,0,Not degraded
reduced_context,kmeans,2,35365,1,C1,-0.5324132889558892,-0.785798794399643,synnetqos_m_00035366,S042_03536,2025-08-14 08:17:33.413633,1,Degraded
reduced_context,kmeans,2,35400,1,C1,-2.8823848691920153,-0.444288832700091,synnetqos_m_00035401,S042_03540,2025-07-28 19:32:29.507915,1,Degraded
reduced_context,kmeans,2,35422,1,C1,-0.7676468102771312,-0.2561320582647425,synnetqos_m_00035423,S042_03542,2025-08-10 10:59:04.925925,1,Degraded
reduced_context,kmeans,2,35426,1,C1,0.6006470906603081,1.7822083339566002,synnetqos_m_00035427,S042_03542,2025-08-10 11:03:04.925925,1,Degraded
reduced_context,kmeans,2,35445,1,C1,0.13266362814620247,0.11492973469511994,synnetqos_m_00035446,S042_03544,2025-08-08 03:33:33.478952,1,Degraded
reduced_context,kmeans,2,35452,0,C0,2.209066022044066,2.663684256182033,synnetqos_m_00035453,S042_03545,2025-08-18 12:39:53.326141,0,Not degraded
reduced_context,kmeans,2,35460,1,C1,0.3360916561335916,-0.006170672079160049,synnetqos_m_00035461,S042_03546,2025-08-11 22:42:23.738223,0,Not degraded
reduced_context,kmeans,2,35470,1,C1,-1.3536160913275224,-0.5403128894250202,synnetqos_m_00035471,S042_03547,2025-08-08 01:04:26.704573,0,Not degraded
reduced_context,kmeans,2,35485,1,C1,-0.05160157249554952,-0.348555192924271,synnetqos_m_00035486,S042_03548,2025-07-28 23:51:50.282255,0,Not degraded
reduced_context,kmeans,2,35498,1,C1,-2.5435065460140143,-0.5388420609079412,synnetqos_m_00035499,S042_03549,2025-08-05 15:42:26.838919,1,Degraded
reduced_context,kmeans,2,35501,0,C0,0.9698071443951566,0.10263113645711569,synnetqos_m_00035502,S042_03550,2025-08-01 11:24:36.744436,0,Not degraded
reduced_context,kmeans,2,35505,0,C0,2.6646245619187345,-0.7582681478927429,synnetqos_m_00035506,S042_03550,2025-08-01 11:28:36.744436,0,Not degraded
reduced_context,kmeans,2,35553,0,C0,2.2479137059651397,3.630033262859203,synnetqos_m_00035554,S042_03555,2025-08-23 02:13:27.440652,0,Not degraded
reduced_context,kmeans,2,35554,0,C0,1.3375546337129263,3.8005551635907993,synnetqos_m_00035555,S042_03555,2025-08-23 02:14:27.440652,1,Degraded
reduced_context,kmeans,2,35565,1,C1,-0.9562855385493247,1.5109229210949482,synnetqos_m_00035566,S042_03556,2025-08-14 12:32:07.445934,1,Degraded
reduced_context,kmeans,2,35580,0,C0,3.2051880067370684,-2.0760411202172384,synnetqos_m_00035581,S042_03558,2025-08-07 13:31:15.303731,0,Not degraded
reduced_context,kmeans,2,35589,0,C0,4.339651565582501,-3.2428947531730876,synnetqos_m_00035590,S042_03558,2025-08-07 13:40:15.303731,0,Not degraded
reduced_context,kmeans,2,35614,1,C1,0.7082356301062731,0.03699419559884704,synnetqos_m_00035615,S042_03561,2025-08-07 08:24:28.062006,1,Degraded
reduced_context,kmeans,2,35631,1,C1,-1.2477395918074468,0.23990637328766826,synnetqos_m_00035632,S042_03563,2025-08-15 22:38:32.806760,1,Degraded
reduced_context,kmeans,2,35649,1,C1,-1.7932536859495145,-0.5947434929948185,synnetqos_m_00035650,S042_03564,2025-08-06 09:09:10.117972,1,Degraded
reduced_context,kmeans,2,35651,1,C1,-0.8906947748616542,0.2935472341028153,synnetqos_m_00035652,S042_03565,2025-08-25 01:03:52.299754,0,Not degraded
reduced_context,kmeans,2,35660,0,C0,1.9512099561028902,-0.6292761626471948,synnetqos_m_00035661,S042_03566,2025-08-22 13:51:43.220083,0,Not degraded
reduced_context,kmeans,2,35664,0,C0,2.6457648369632887,1.300701049849977,synnetqos_m_00035665,S042_03566,2025-08-22 13:55:43.220083,0,Not degraded
reduced_context,kmeans,2,35665,0,C0,2.381759232520406,0.8861870043565729,synnetqos_m_00035666,S042_03566,2025-08-22 13:56:43.220083,0,Not degraded
reduced_context,kmeans,2,35674,0,C0,2.257395187177055,-0.11510790445876426,synnetqos_m_00035675,S042_03567,2025-07-31 07:44:50.518530,0,Not degraded
reduced_context,kmeans,2,35683,1,C1,0.3827525477947622,-0.3790423503845247,synnetqos_m_00035684,S042_03568,2025-08-09 22:51:35.607981,0,Not degraded
reduced_context,kmeans,2,35694,1,C1,-1.4146893845890745,-0.5724466240868799,synnetqos_m_00035695,S042_03569,2025-07-28 09:58:31.375574,1,Degraded
reduced_context,kmeans,2,35728,1,C1,-1.9710832822389186,0.0041815680442819705,synnetqos_m_00035729,S042_03572,2025-08-04 19:07:33.097328,1,Degraded
reduced_context,kmeans,2,35736,1,C1,-0.14549508166180364,-1.270514167435398,synnetqos_m_00035737,S042_03573,2025-08-08 13:13:05.898633,0,Not degraded
reduced_context,kmeans,2,35789,1,C1,-1.0319641814802694,1.3935151171424658,synnetqos_m_00035790,S042_03578,2025-08-25 07:03:31.094004,1,Degraded
reduced_context,kmeans,2,35816,1,C1,-2.5375245313828745,0.164828997170483,synnetqos_m_00035817,S042_03581,2025-08-04 21:54:20.089153,1,Degraded
reduced_context,kmeans,2,35825,1,C1,-1.6085467020369357,2.0817443194171643,synnetqos_m_00035826,S042_03582,2025-08-02 03:32:12.658693,1,Degraded
reduced_context,kmeans,2,35834,1,C1,-1.0582672391011219,-0.8974128410063924,synnetqos_m_00035835,S042_03583,2025-08-01 22:00:05.005289,1,Degraded
reduced_context,kmeans,2,35849,1,C1,-0.47550996897357584,-0.6686329500612501,synnetqos_m_00035850,S042_03584,2025-07-27 16:34:54.019024,0,Not degraded
reduced_context,kmeans,2,35856,1,C1,-0.2486828457623462,-0.8053246302686046,synnetqos_m_00035857,S042_03585,2025-08-01 05:48:35.290856,0,Not degraded
reduced_context,kmeans,2,35857,1,C1,0.31893994138606974,-1.0862359726818007,synnetqos_m_00035858,S042_03585,2025-08-01 05:49:35.290856,0,Not degraded
reduced_context,kmeans,2,35866,1,C1,-1.4476401796767173,-1.0633410514164479,synnetqos_m_00035867,S042_03586,2025-07-27 08:20:51.242333,1,Degraded
reduced_context,kmeans,2,35880,0,C0,0.8877960981853344,-1.4991046137566373,synnetqos_m_00035881,S042_03588,2025-08-04 10:08:02.021006,0,Not degraded
reduced_context,kmeans,2,35888,1,C1,-0.010894513386880682,-1.290052830533474,synnetqos_m_00035889,S042_03588,2025-08-04 10:16:02.021006,0,Not degraded
reduced_context,kmeans,2,35906,0,C0,1.2344482573812134,-0.8166459800898077,synnetqos_m_00035907,S042_03590,2025-07-28 21:43:49.548812,0,Not degraded
reduced_context,kmeans,2,35912,0,C0,2.0272367530104987,1.201014608072734,synnetqos_m_00035913,S042_03591,2025-08-19 22:54:17.836289,0,Not degraded
reduced_context,kmeans,2,35922,1,C1,-1.6196587599247545,-0.831208590968835,synnetqos_m_00035923,S042_03592,2025-08-10 10:51:12.676730,1,Degraded
reduced_context,kmeans,2,35934,1,C1,-0.7965476205077527,2.5640729121066723,synnetqos_m_00035935,S042_03593,2025-07-28 02:12:22.386527,1,Degraded
reduced_context,kmeans,2,35941,1,C1,-1.4945911898835986,0.5678805337313464,synnetqos_m_00035942,S042_03594,2025-08-21 20:18:58.263277,1,Degraded
reduced_context,kmeans,2,35951,1,C1,-0.08002294484238684,-1.3559102074973834,synnetqos_m_00035952,S042_03595,2025-08-12 18:43:17.631582,1,Degraded
reduced_context,kmeans,2,35974,1,C1,-0.8979884863950056,-0.486990579319906,synnetqos_m_00035975,S042_03597,2025-07-27 12:56:24.609235,1,Degraded
reduced_context,kmeans,2,35983,1,C1,-3.245161110054798,1.0635520051747063,synnetqos_m_00035984,S042_03598,2025-08-18 01:34:19.098314,1,Degraded
reduced_context,kmeans,2,35995,1,C1,-2.179657884282365,0.03873330256909093,synnetqos_m_00035996,S042_03599,2025-08-16 09:11:54.827300,1,Degraded
reduced_context,kmeans,2,35998,1,C1,-2.0500913035008534,0.45371780441153,synnetqos_m_00035999,S042_03599,2025-08-16 09:14:54.827300,1,Degraded
reduced_context,kmeans,2,36032,1,C1,-2.57363621246093,-0.6544658622339754,synnetqos_m_00036033,S042_03603,2025-08-04 05:38:41.302244,1,Degraded
reduced_context,kmeans,2,36051,0,C0,1.4165836681249608,-1.81976222798294,synnetqos_m_00036052,S042_03605,2025-08-13 18:48:09.068265,0,Not degraded
reduced_context,kmeans,2,36052,1,C1,0.7903741891045104,-1.386280065024832,synnetqos_m_00036053,S042_03605,2025-08-13 18:49:09.068265,1,Degraded
reduced_context,kmeans,2,36058,0,C0,1.4952447924254375,-1.5107475226355318,synnetqos_m_00036059,S042_03605,2025-08-13 18:55:09.068265,1,Degraded
reduced_context,kmeans,2,36059,0,C0,1.432253560349284,-1.4349802419698074,synnetqos_m_00036060,S042_03605,2025-08-13 18:56:09.068265,1,Degraded
reduced_context,kmeans,2,36064,0,C0,4.226920048723477,-1.916340164258556,synnetqos_m_00036065,S042_03606,2025-08-23 05:21:37.384841,0,Not degraded
reduced_context,kmeans,2,36069,0,C0,3.1182282688677323,-0.6523137627956135,synnetqos_m_00036070,S042_03606,2025-08-23 05:26:37.384841,0,Not degraded
reduced_context,kmeans,2,36072,1,C1,-1.0002759246676136,-0.9285736581557447,synnetqos_m_00036073,S042_03607,2025-08-17 03:00:01.096676,1,Degraded
reduced_context,kmeans,2,36081,0,C0,4.309874883030207,7.293313743637315,synnetqos_m_00036082,S042_03608,2025-08-23 14:35:45.623747,0,Not degraded
reduced_context,kmeans,2,36087,0,C0,1.941408633575498,-0.22986090884322993,synnetqos_m_00036088,S042_03608,2025-08-23 14:41:45.623747,0,Not degraded
reduced_context,kmeans,2,36093,1,C1,-2.1748010202606576,1.7926622869204785,synnetqos_m_00036094,S042_03609,2025-08-10 22:40:25.692776,1,Degraded
reduced_context,kmeans,2,36100,1,C1,0.09587900468118042,-1.2285326264560725,synnetqos_m_00036101,S042_03610,2025-08-04 14:07:06.082460,1,Degraded
reduced_context,kmeans,2,36107,1,C1,-0.15737617800090756,-1.0922352953509118,synnetqos_m_00036108,S042_03610,2025-08-04 14:14:06.082460,0,Not degraded
reduced_context,kmeans,2,36115,0,C0,1.2603546755288455,-1.5549592506333698,synnetqos_m_00036116,S042_03611,2025-08-06 01:56:58.697807,0,Not degraded
reduced_context,kmeans,2,36125,0,C0,2.347464598481556,3.924824278807099,synnetqos_m_00036126,S042_03612,2025-07-28 10:42:29.334176,1,Degraded
reduced_context,kmeans,2,36151,0,C0,2.346421184859449,-1.4286798645641545,synnetqos_m_00036152,S042_03615,2025-07-26 11:16:50.660061,0,Not degraded
reduced_context,kmeans,2,36159,0,C0,1.4770987049965822,-0.4735692631932039,synnetqos_m_00036160,S042_03615,2025-07-26 11:24:50.660061,0,Not degraded
reduced_context,kmeans,2,36163,1,C1,-1.0403351646854562,0.3184300240402069,synnetqos_m_00036164,S042_03616,2025-08-06 13:56:04.837842,1,Degraded
reduced_context,kmeans,2,36164,1,C1,-0.42879567480199404,2.45224768161262,synnetqos_m_00036165,S042_03616,2025-08-06 13:57:04.837842,1,Degraded
reduced_context,kmeans,2,36233,0,C0,4.0545745266749496,4.387260337187888,synnetqos_m_00036234,S042_03623,2025-07-28 04:10:44.318051,1,Degraded
reduced_context,kmeans,2,36236,1,C1,-0.0451768554074839,-0.8753951368060919,synnetqos_m_00036237,S042_03623,2025-07-28 04:13:44.318051,0,Not degraded
reduced_context,kmeans,2,36239,0,C0,1.2696612830178693,-1.3082151084123823,synnetqos_m_00036240,S042_03623,2025-07-28 04:16:44.318051,0,Not degraded
reduced_context,kmeans,2,36252,0,C0,0.9220074270812981,-1.0869403825945985,synnetqos_m_00036253,S042_03625,2025-07-28 08:36:02.668005,1,Degraded
reduced_context,kmeans,2,36267,0,C0,1.969118938641303,-0.811260912479519,synnetqos_m_00036268,S042_03626,2025-08-14 05:03:32.579842,0,Not degraded
reduced_context,kmeans,2,36268,0,C0,2.121834171866397,-0.7955130259137788,synnetqos_m_00036269,S042_03626,2025-08-14 05:04:32.579842,0,Not degraded
reduced_context,kmeans,2,36312,1,C1,-0.15769168260124714,-1.1145351391759408,synnetqos_m_00036313,S042_03631,2025-08-25 03:41:51.597709,0,Not degraded
reduced_context,kmeans,2,36320,0,C0,3.561804574057104,-0.674635027333178,synnetqos_m_00036321,S042_03632,2025-07-27 06:09:39.485134,0,Not degraded
reduced_context,kmeans,2,36340,0,C0,1.5586914677738621,-0.43360808538045104,synnetqos_m_00036341,S042_03634,2025-08-23 22:37:25.274253,0,Not degraded
reduced_context,kmeans,2,36341,1,C1,0.6074223251795771,-1.365987506268333,synnetqos_m_00036342,S042_03634,2025-08-23 22:38:25.274253,0,Not degraded
reduced_context,kmeans,2,36354,1,C1,0.20313252741081264,0.32804082846697225,synnetqos_m_00036355,S042_03635,2025-08-04 16:15:05.540470,0,Not degraded
reduced_context,kmeans,2,36357,1,C1,-0.0428800445195397,2.2072000947044024,synnetqos_m_00036358,S042_03635,2025-08-04 16:18:05.540470,1,Degraded
reduced_context,kmeans,2,36361,0,C0,1.0695560633442036,-0.06384403031444165,synnetqos_m_00036362,S042_03636,2025-08-24 20:22:55.620089,0,Not degraded
reduced_context,kmeans,2,36380,0,C0,0.9049139591689085,-1.4375701049346723,synnetqos_m_00036381,S042_03638,2025-08-04 20:56:13.756924,0,Not degraded
reduced_context,kmeans,2,36389,0,C0,1.4218672394643523,-1.7013513306968338,synnetqos_m_00036390,S042_03638,2025-08-04 21:05:13.756924,0,Not degraded
reduced_context,kmeans,2,36391,1,C1,-0.17118672591543163,0.047043460289604246,synnetqos_m_00036392,S042_03639,2025-08-07 21:33:48.860374,0,Not degraded
reduced_context,kmeans,2,36406,1,C1,-0.6153343387855924,-0.1860994893006371,synnetqos_m_00036407,S042_03640,2025-07-30 18:54:49.181960,0,Not degraded
reduced_context,kmeans,2,36411,1,C1,-1.0592342219349289,-0.34112373353888525,synnetqos_m_00036412,S042_03641,2025-08-05 20:57:23.254785,0,Not degraded
reduced_context,kmeans,2,36413,1,C1,-0.2131748886149313,1.58812255269622,synnetqos_m_00036414,S042_03641,2025-08-05 20:59:23.254785,1,Degraded
reduced_context,kmeans,2,36416,1,C1,-1.0865160866831372,2.6591748903831998,synnetqos_m_00036417,S042_03641,2025-08-05 21:02:23.254785,1,Degraded
reduced_context,kmeans,2,36419,0,C0,1.352734960515853,1.2593220069253512,synnetqos_m_00036420,S042_03641,2025-08-05 21:05:23.254785,0,Not degraded
reduced_context,kmeans,2,36433,1,C1,-0.9427771947328434,-0.34563570233405416,synnetqos_m_00036434,S042_03643,2025-08-03 14:52:38.789068,1,Degraded
reduced_context,kmeans,2,36443,1,C1,-1.760192882726983,0.2766647770255094,synnetqos_m_00036444,S042_03644,2025-08-06 12:08:24.560445,1,Degraded
reduced_context,kmeans,2,36444,1,C1,-0.07523531177791426,-0.7644881976458568,synnetqos_m_00036445,S042_03644,2025-08-06 12:09:24.560445,0,Not degraded
reduced_context,kmeans,2,36451,1,C1,-0.5006263066975878,-0.6377620205634318,synnetqos_m_00036452,S042_03645,2025-08-22 10:14:13.421723,1,Degraded
reduced_context,kmeans,2,36452,1,C1,-1.2642172477835543,0.5304325728486013,synnetqos_m_00036453,S042_03645,2025-08-22 10:15:13.421723,1,Degraded
reduced_context,kmeans,2,36463,1,C1,-2.4064453924287337,-0.22230123178280756,synnetqos_m_00036464,S042_03646,2025-08-01 13:18:31.634062,1,Degraded
reduced_context,kmeans,2,36468,1,C1,-0.2879622947052533,1.183159749814648,synnetqos_m_00036469,S042_03646,2025-08-01 13:23:31.634062,0,Not degraded
reduced_context,kmeans,2,36470,1,C1,-1.234027750421654,-0.23142804784626114,synnetqos_m_00036471,S042_03647,2025-08-19 11:33:16.811499,1,Degraded
reduced_context,kmeans,2,36480,0,C0,1.7148492530092678,-0.532983652039173,synnetqos_m_00036481,S042_03648,2025-08-14 08:15:33.964673,0,Not degraded
reduced_context,kmeans,2,36492,1,C1,-0.9223522611731286,-0.5483634556913299,synnetqos_m_00036493,S042_03649,2025-07-28 02:26:59.396989,1,Degraded
reduced_context,kmeans,2,36500,1,C1,-2.619009009692042,-0.019787884337692692,synnetqos_m_00036501,S042_03650,2025-08-18 18:04:54.270810,1,Degraded
reduced_context,kmeans,2,36511,1,C1,-1.5829774112870028,1.456566133163471,synnetqos_m_00036512,S042_03651,2025-08-24 12:31:03.568027,1,Degraded
reduced_context,kmeans,2,36515,1,C1,-0.5595611402939258,3.021650948240782,synnetqos_m_00036516,S042_03651,2025-08-24 12:35:03.568027,1,Degraded
reduced_context,kmeans,2,36518,1,C1,-0.742232345244583,0.715283865709817,synnetqos_m_00036519,S042_03651,2025-08-24 12:38:03.568027,1,Degraded
reduced_context,kmeans,2,36523,1,C1,0.7320187871456473,6.101582503709796,synnetqos_m_00036524,S042_03652,2025-08-11 20:59:05.566549,1,Degraded
reduced_context,kmeans,2,36544,1,C1,-2.4459617303496737,-0.18518781354084596,synnetqos_m_00036545,S042_03654,2025-07-29 11:10:53.454541,1,Degraded
reduced_context,kmeans,2,36558,0,C0,1.0560204042708305,-0.7014548583740121,synnetqos_m_00036559,S042_03655,2025-08-06 11:14:41.279320,0,Not degraded
reduced_context,kmeans,2,36576,1,C1,-1.6343996752653656,1.5093635099079068,synnetqos_m_00036577,S042_03657,2025-08-04 12:50:51.315390,1,Degraded
reduced_context,kmeans,2,36579,1,C1,-1.2215560661271248,-0.8120708087350733,synnetqos_m_00036580,S042_03657,2025-08-04 12:53:51.315390,0,Not degraded
reduced_context,kmeans,2,36585,1,C1,0.7112140121120291,-1.4010888367755319,synnetqos_m_00036586,S042_03658,2025-08-23 09:57:15.815248,1,Degraded
reduced_context,kmeans,2,36587,1,C1,-1.8825269042066883,1.011639231749474,synnetqos_m_00036588,S042_03658,2025-08-23 09:59:15.815248,1,Degraded
reduced_context,kmeans,2,36589,0,C0,1.5411278941941744,-0.6557001712573459,synnetqos_m_00036590,S042_03658,2025-08-23 10:01:15.815248,0,Not degraded
reduced_context,kmeans,2,36590,1,C1,-2.271281318479512,-0.6391042080417598,synnetqos_m_00036591,S042_03659,2025-08-04 00:02:37.996164,1,Degraded
reduced_context,kmeans,2,36591,1,C1,-0.5422284514147595,0.7149646445312174,synnetqos_m_00036592,S042_03659,2025-08-04 00:03:37.996164,1,Degraded
reduced_context,kmeans,2,36597,1,C1,-2.0456729796297126,0.13204891503636115,synnetqos_m_00036598,S042_03659,2025-08-04 00:09:37.996164,1,Degraded
reduced_context,kmeans,2,36617,0,C0,2.058711961670798,-0.8508222833257694,synnetqos_m_00036618,S042_03661,2025-08-15 06:58:46.621563,0,Not degraded
reduced_context,kmeans,2,36619,0,C0,1.264854825248363,-0.6008730732432727,synnetqos_m_00036620,S042_03661,2025-08-15 07:00:46.621563,0,Not degraded
reduced_context,kmeans,2,36623,1,C1,-1.5358752448879736,0.38495877739907636,synnetqos_m_00036624,S042_03662,2025-07-31 06:48:55.344265,1,Degraded
reduced_context,kmeans,2,36634,1,C1,0.5423403700483777,-0.7514104879476426,synnetqos_m_00036635,S042_03663,2025-08-20 04:19:48.173102,0,Not degraded
reduced_context,kmeans,2,36649,1,C1,-2.2692063248250465,-0.3688026507499215,synnetqos_m_00036650,S042_03664,2025-08-01 08:30:20.984082,1,Degraded
reduced_context,kmeans,2,36654,1,C1,-0.5246845885260046,-0.34498959400454243,synnetqos_m_00036655,S042_03665,2025-08-18 13:53:54.195207,0,Not degraded
reduced_context,kmeans,2,36657,1,C1,-1.7027989119394047,-0.445768697482356,synnetqos_m_00036658,S042_03665,2025-08-18 13:56:54.195207,1,Degraded
reduced_context,kmeans,2,36662,1,C1,-3.724927565525931,0.4929295706446919,synnetqos_m_00036663,S042_03666,2025-08-12 22:36:36.609528,1,Degraded
reduced_context,kmeans,2,36676,1,C1,0.19821150652280975,1.424804959007311,synnetqos_m_00036677,S042_03667,2025-08-05 07:11:00.529022,0,Not degraded
reduced_context,kmeans,2,36704,0,C0,1.2446729843157671,-1.9478632450238904,synnetqos_m_00036705,S042_03670,2025-08-01 01:11:51.468328,0,Not degraded
reduced_context,kmeans,2,36710,1,C1,-1.2291755638644104,-0.7522532897666763,synnetqos_m_00036711,S042_03671,2025-08-14 23:12:14.666933,1,Degraded
reduced_context,kmeans,2,36711,1,C1,-1.3292828711785023,-0.2737870181744048,synnetqos_m_00036712,S042_03671,2025-08-14 23:13:14.666933,1,Degraded
reduced_context,kmeans,2,36740,1,C1,-0.621371332857084,3.787493070461807,synnetqos_m_00036741,S042_03674,2025-08-24 15:06:42.591347,0,Not degraded
reduced_context,kmeans,2,36743,1,C1,-1.2987786995740438,0.6987762529003481,synnetqos_m_00036744,S042_03674,2025-08-24 15:09:42.591347,0,Not degraded
reduced_context,kmeans,2,36747,1,C1,-2.3029429825958885,0.3404544779311324,synnetqos_m_00036748,S042_03674,2025-08-24 15:13:42.591347,1,Degraded
reduced_context,kmeans,2,36752,1,C1,-2.2730970717177232,-0.23418187363709153,synnetqos_m_00036753,S042_03675,2025-07-27 21:14:00.583967,1,Degraded
reduced_context,kmeans,2,36790,1,C1,0.48008831269849095,-1.1921617374196793,synnetqos_m_00036791,S042_03679,2025-08-17 18:42:16.059709,0,Not degraded
reduced_context,kmeans,2,36801,1,C1,-2.7330891608099974,0.03619397055247656,synnetqos_m_00036802,S042_03680,2025-08-03 15:31:46.722587,1,Degraded
reduced_context,kmeans,2,36805,1,C1,-2.395171076083467,-0.12488130107747039,synnetqos_m_00036806,S042_03680,2025-08-03 15:35:46.722587,0,Not degraded
reduced_context,kmeans,2,36823,1,C1,0.11656590737517408,-1.076600820797068,synnetqos_m_00036824,S042_03682,2025-08-02 22:18:37.266429,0,Not degraded
reduced_context,kmeans,2,36828,1,C1,0.01246910379793648,-0.6870956270251776,synnetqos_m_00036829,S042_03682,2025-08-02 22:23:37.266429,0,Not degraded
reduced_context,kmeans,2,36839,1,C1,-0.8243686753361915,2.2886729077332797,synnetqos_m_00036840,S042_03683,2025-08-25 17:15:27.228617,1,Degraded
reduced_context,kmeans,2,36842,1,C1,0.19121129285185806,-0.47178706910724166,synnetqos_m_00036843,S042_03684,2025-08-21 11:16:06.909677,0,Not degraded
reduced_context,kmeans,2,36850,1,C1,0.7440446069500698,-0.6044344924393915,synnetqos_m_00036851,S042_03685,2025-07-31 21:40:56.199776,1,Degraded
reduced_context,kmeans,2,36861,1,C1,-1.2849885849206977,0.5091337351534455,synnetqos_m_00036862,S042_03686,2025-08-22 11:12:34.647483,1,Degraded
reduced_context,kmeans,2,36862,1,C1,-2.028327778794613,-0.863997911503062,synnetqos_m_00036863,S042_03686,2025-08-22 11:13:34.647483,1,Degraded
reduced_context,kmeans,2,36904,0,C0,3.7348318618248184,-2.6740466156264913,synnetqos_m_00036905,S042_03690,2025-08-21 07:28:48.104161,0,Not degraded
reduced_context,kmeans,2,36911,0,C0,1.0017953483431434,0.03284940117231209,synnetqos_m_00036912,S042_03691,2025-08-13 20:08:31.848823,0,Not degraded
reduced_context,kmeans,2,36912,0,C0,1.3533225463133518,-0.3140996846536967,synnetqos_m_00036913,S042_03691,2025-08-13 20:09:31.848823,0,Not degraded
reduced_context,kmeans,2,36935,1,C1,-0.8093592216316047,-0.8921855766738901,synnetqos_m_00036936,S042_03693,2025-07-28 10:32:39.064775,1,Degraded
reduced_context,kmeans,2,36966,1,C1,-3.056398875539318,1.0781479477334512,synnetqos_m_00036967,S042_03696,2025-08-08 23:06:16.471194,1,Degraded
reduced_context,kmeans,2,36977,1,C1,-2.082107889767115,1.360132288438688,synnetqos_m_00036978,S042_03697,2025-07-30 13:42:04.570742,1,Degraded
reduced_context,kmeans,2,36981,0,C0,1.2329350909936692,-0.5106310416785581,synnetqos_m_00036982,S042_03698,2025-08-24 12:14:05.843785,0,Not degraded
reduced_context,kmeans,2,36991,1,C1,-2.408884675893499,0.3097616644039896,synnetqos_m_00036992,S042_03699,2025-08-09 05:30:58.090435,1,Degraded
reduced_context,kmeans,2,37031,1,C1,0.4917758217809518,-1.4281500147655697,synnetqos_m_00037032,S042_03703,2025-08-02 16:44:53.140138,0,Not degraded
reduced_context,kmeans,2,37044,1,C1,-0.7934400405692659,3.01516154867959,synnetqos_m_00037045,S042_03704,2025-08-21 02:49:56.327814,1,Degraded
reduced_context,kmeans,2,37055,1,C1,-2.2830129881754226,-0.17690610622801428,synnetqos_m_00037056,S042_03705,2025-08-06 12:36:23.475357,1,Degraded
reduced_context,kmeans,2,37074,0,C0,0.9309110058304059,0.6857248691861396,synnetqos_m_00037075,S042_03707,2025-08-18 00:04:08.312826,1,Degraded
reduced_context,kmeans,2,37096,1,C1,-2.1114583720869224,0.26670359347865874,synnetqos_m_00037097,S042_03709,2025-08-15 11:27:19.327222,1,Degraded
reduced_context,kmeans,2,37099,1,C1,-1.595377500228328,1.3158160690568492,synnetqos_m_00037100,S042_03709,2025-08-15 11:30:19.327222,1,Degraded
reduced_context,kmeans,2,37108,1,C1,-2.2385565312024682,0.6163981927418201,synnetqos_m_00037109,S042_03710,2025-07-28 17:31:56.976697,1,Degraded
reduced_context,kmeans,2,37114,0,C0,4.176446615046151,2.7154566574213685,synnetqos_m_00037115,S042_03711,2025-08-06 03:55:28.076400,0,Not degraded
reduced_context,kmeans,2,37124,0,C0,5.420755477607387,2.0294856038877187,synnetqos_m_00037125,S042_03712,2025-07-30 12:20:30.387879,0,Not degraded
reduced_context,kmeans,2,37125,0,C0,3.120419890480458,2.0160964733983326,synnetqos_m_00037126,S042_03712,2025-07-30 12:21:30.387879,0,Not degraded
reduced_context,kmeans,2,37130,1,C1,-1.0191359893383116,-0.5532869254170513,synnetqos_m_00037131,S042_03713,2025-08-09 21:20:37.923753,1,Degraded
reduced_context,kmeans,2,37135,0,C0,1.422637034774688,-1.4144031243344424,synnetqos_m_00037136,S042_03713,2025-08-09 21:25:37.923753,0,Not degraded
reduced_context,kmeans,2,37136,1,C1,-1.089801297462173,0.1940298108461763,synnetqos_m_00037137,S042_03713,2025-08-09 21:26:37.923753,1,Degraded
reduced_context,kmeans,2,37142,1,C1,-1.510226042892823,-0.13779743822175772,synnetqos_m_00037143,S042_03714,2025-08-11 21:12:01.566422,1,Degraded
reduced_context,kmeans,2,37154,0,C0,2.815928615004919,-1.0477545233383516,synnetqos_m_00037155,S042_03715,2025-07-27 01:18:13.331341,0,Not degraded
reduced_context,kmeans,2,37193,0,C0,1.7057184089567452,-1.1911987390954084,synnetqos_m_00037194,S042_03719,2025-08-25 03:39:19.107195,1,Degraded
reduced_context,kmeans,2,37212,0,C0,0.5640922955746132,-0.39258036074786107,synnetqos_m_00037213,S042_03721,2025-08-03 22:05:55.346858,0,Not degraded
reduced_context,kmeans,2,37219,1,C1,-0.6190090598898348,-0.6155110404643613,synnetqos_m_00037220,S042_03721,2025-08-03 22:12:55.346858,0,Not degraded
reduced_context,kmeans,2,37222,0,C0,0.743490679290988,2.1454452428790813,synnetqos_m_00037223,S042_03722,2025-08-19 00:23:02.231517,0,Not degraded
reduced_context,kmeans,2,37231,0,C0,0.8543012452938317,0.3250909950955586,synnetqos_m_00037232,S042_03723,2025-08-05 16:33:06.280840,0,Not degraded
reduced_context,kmeans,2,37232,1,C1,-0.03923909743678417,0.8428077782792465,synnetqos_m_00037233,S042_03723,2025-08-05 16:34:06.280840,1,Degraded
reduced_context,kmeans,2,37241,1,C1,-1.0894229972493557,-0.11813907466360077,synnetqos_m_00037242,S042_03724,2025-08-05 17:51:10.752663,1,Degraded
reduced_context,kmeans,2,37260,1,C1,-0.8114413331018715,-0.6039012385058794,synnetqos_m_00037261,S042_03726,2025-07-29 17:17:55.770572,0,Not degraded
reduced_context,kmeans,2,37264,1,C1,-1.7360432355080704,0.76044652431572,synnetqos_m_00037265,S042_03726,2025-07-29 17:21:55.770572,1,Degraded
reduced_context,kmeans,2,37273,0,C0,0.7910710561760412,1.2954769313406707,synnetqos_m_00037274,S042_03727,2025-08-08 17:16:05.019108,1,Degraded
reduced_context,kmeans,2,37284,1,C1,-1.4712614175046652,-0.1876813997271044,synnetqos_m_00037285,S042_03728,2025-08-18 18:56:30.405772,1,Degraded
reduced_context,kmeans,2,37287,1,C1,-1.145730737548372,-0.4330341218988287,synnetqos_m_00037288,S042_03728,2025-08-18 18:59:30.405772,1,Degraded
reduced_context,kmeans,2,37293,1,C1,-1.3937030600645537,-1.0234880015540178,synnetqos_m_00037294,S042_03729,2025-08-03 11:09:40.369098,1,Degraded
reduced_context,kmeans,2,37294,1,C1,-0.13432500099723824,-0.9606331760773706,synnetqos_m_00037295,S042_03729,2025-08-03 11:10:40.369098,1,Degraded
reduced_context,kmeans,2,37304,1,C1,-0.06660188477870163,-0.45485583396800655,synnetqos_m_00037305,S042_03730,2025-08-12 15:36:22.225299,0,Not degraded
reduced_context,kmeans,2,37323,1,C1,-0.06990963860366328,-1.1483396309190201,synnetqos_m_00037324,S042_03732,2025-08-08 17:21:55.259848,1,Degraded
reduced_context,kmeans,2,37330,0,C0,2.206470657980946,-0.8149683656762805,synnetqos_m_00037331,S042_03733,2025-08-11 09:37:00.444416,0,Not degraded
reduced_context,kmeans,2,37335,1,C1,0.4946820893725616,-0.8394872257785428,synnetqos_m_00037336,S042_03733,2025-08-11 09:42:00.444416,0,Not degraded
reduced_context,kmeans,2,37341,1,C1,-1.368238607210391,0.6564662863523725,synnetqos_m_00037342,S042_03734,2025-08-22 03:50:35.921349,0,Not degraded
reduced_context,kmeans,2,37357,0,C0,0.7966852247023919,-0.5775329056796759,synnetqos_m_00037358,S042_03735,2025-08-03 06:29:35.965470,0,Not degraded
reduced_context,kmeans,2,37375,1,C1,-2.081139757483671,-0.5035960493695335,synnetqos_m_00037376,S042_03737,2025-08-16 00:19:45.533348,1,Degraded
reduced_context,kmeans,2,37382,1,C1,-0.17363928848140472,2.1571141326856327,synnetqos_m_00037383,S042_03738,2025-08-25 03:47:48.708510,1,Degraded
reduced_context,kmeans,2,37387,1,C1,-0.666776334752491,-0.9050964877636944,synnetqos_m_00037388,S042_03738,2025-08-25 03:52:48.708510,1,Degraded
reduced_context,kmeans,2,37399,1,C1,0.3614291347483456,-0.9724963878016596,synnetqos_m_00037400,S042_03739,2025-08-04 21:01:51.831491,0,Not degraded
reduced_context,kmeans,2,37400,0,C0,2.2855795183018763,-0.6886827370337013,synnetqos_m_00037401,S042_03740,2025-08-20 07:01:03.818274,0,Not degraded
reduced_context,kmeans,2,37415,1,C1,0.6523772966553936,0.11262005562512462,synnetqos_m_00037416,S042_03741,2025-08-21 09:33:35.211826,0,Not degraded
reduced_context,kmeans,2,37431,1,C1,-1.949446115231555,-0.5805084971318459,synnetqos_m_00037432,S042_03743,2025-08-11 11:19:16.383909,1,Degraded
reduced_context,kmeans,2,37437,1,C1,-3.032736273071026,0.8940594281721206,synnetqos_m_00037438,S042_03743,2025-08-11 11:25:16.383909,1,Degraded
reduced_context,kmeans,2,37449,0,C0,5.450334896534796,-0.5439247969411173,synnetqos_m_00037450,S042_03744,2025-08-10 10:56:25.092416,0,Not degraded
reduced_context,kmeans,2,37453,1,C1,-0.3017197893484092,1.393338629185388,synnetqos_m_00037454,S042_03745,2025-08-19 01:29:12.872143,1,Degraded
reduced_context,kmeans,2,37463,1,C1,-1.2576032114881512,1.460765719301937,synnetqos_m_00037464,S042_03746,2025-08-07 01:03:21.733422,1,Degraded
reduced_context,kmeans,2,37465,1,C1,-1.6143780954821378,-0.3734024539146185,synnetqos_m_00037466,S042_03746,2025-08-07 01:05:21.733422,1,Degraded
reduced_context,kmeans,2,37474,1,C1,0.5789403053801502,-1.120928899228188,synnetqos_m_00037475,S042_03747,2025-08-09 05:02:31.460279,0,Not degraded
reduced_context,kmeans,2,37487,1,C1,-3.9728216848798885,0.23289174301092716,synnetqos_m_00037488,S042_03748,2025-08-20 02:44:23.206484,1,Degraded
reduced_context,kmeans,2,37489,1,C1,-3.7009493503146738,0.6347832422814339,synnetqos_m_00037490,S042_03748,2025-08-20 02:46:23.206484,1,Degraded
reduced_context,kmeans,2,37493,1,C1,-1.934199873193154,0.14019571048176685,synnetqos_m_00037494,S042_03749,2025-08-20 18:42:04.933505,1,Degraded
reduced_context,kmeans,2,37499,1,C1,-1.5217529997054475,1.8535116979650486,synnetqos_m_00037500,S042_03749,2025-08-20 18:48:04.933505,1,Degraded
reduced_context,kmeans,2,37507,1,C1,-1.902350227507956,0.812399350877084,synnetqos_m_00037508,S042_03750,2025-08-22 00:05:27.205987,1,Degraded
reduced_context,kmeans,2,37508,1,C1,-1.475533929535362,-0.22146045252977103,synnetqos_m_00037509,S042_03750,2025-08-22 00:06:27.205987,0,Not degraded
reduced_context,kmeans,2,37534,1,C1,-1.137205447890189,-1.1692764862347211,synnetqos_m_00037535,S042_03753,2025-08-23 10:23:14.858995,1,Degraded
reduced_context,kmeans,2,37536,1,C1,-1.1869555065927373,-1.3583589318876508,synnetqos_m_00037537,S042_03753,2025-08-23 10:25:14.858995,1,Degraded
reduced_context,kmeans,2,37541,1,C1,-0.3700484036535614,0.2861809223030208,synnetqos_m_00037542,S042_03754,2025-08-02 15:05:07.186261,0,Not degraded
reduced_context,kmeans,2,37558,1,C1,-1.2708675102789575,-0.5536017476385471,synnetqos_m_00037559,S042_03755,2025-08-18 10:55:58.150403,1,Degraded
reduced_context,kmeans,2,37562,1,C1,-1.571676873595461,-0.7218656510172696,synnetqos_m_00037563,S042_03756,2025-08-04 10:01:49.832440,0,Not degraded
reduced_context,kmeans,2,37577,1,C1,-2.0906405785901305,1.3761954909376803,synnetqos_m_00037578,S042_03757,2025-08-21 00:18:20.166332,1,Degraded
reduced_context,kmeans,2,37590,1,C1,-1.637291906626282,-0.313718611550952,synnetqos_m_00037591,S042_03759,2025-08-15 12:13:14.404151,1,Degraded
reduced_context,kmeans,2,37598,1,C1,-0.4407404950016242,2.044546096802717,synnetqos_m_00037599,S042_03759,2025-08-15 12:21:14.404151,0,Not degraded
reduced_context,kmeans,2,37612,1,C1,0.16175867319288514,-1.27429748247039,synnetqos_m_00037613,S042_03761,2025-08-24 07:09:19.864452,0,Not degraded
reduced_context,kmeans,2,37614,1,C1,0.17679385453940086,-1.3425279927891818,synnetqos_m_00037615,S042_03761,2025-08-24 07:11:19.864452,1,Degraded
reduced_context,kmeans,2,37676,1,C1,-0.9211137548521329,-0.7759535807933491,synnetqos_m_00037677,S042_03767,2025-08-22 08:23:37.194998,1,Degraded
reduced_context,kmeans,2,37703,1,C1,-1.1447734601351196,-0.7379155706875188,synnetqos_m_00037704,S042_03770,2025-08-19 08:51:55.133018,1,Degraded
reduced_context,kmeans,2,37725,1,C1,-1.2458052371064983,-0.2860370967792119,synnetqos_m_00037726,S042_03772,2025-08-15 03:44:33.482966,0,Not degraded
reduced_context,kmeans,2,37726,1,C1,0.2156571542697499,1.3483365806957743,synnetqos_m_00037727,S042_03772,2025-08-15 03:45:33.482966,0,Not degraded
reduced_context,kmeans,2,37730,1,C1,0.45979596314149357,-1.5037394580241463,synnetqos_m_00037731,S042_03773,2025-08-04 05:22:21.573646,0,Not degraded
reduced_context,kmeans,2,37744,1,C1,-2.240622764471305,-0.31868728920811484,synnetqos_m_00037745,S042_03774,2025-08-05 07:14:03.137693,1,Degraded
reduced_context,kmeans,2,37779,1,C1,0.36071772066013935,-0.41842351338353406,synnetqos_m_00037780,S042_03777,2025-08-14 16:09:37.450334,0,Not degraded
reduced_context,kmeans,2,37824,1,C1,-0.845796334901274,-0.5386935730103216,synnetqos_m_00037825,S042_03782,2025-08-17 00:20:47.293926,0,Not degraded
reduced_context,kmeans,2,37826,1,C1,-1.136479452185524,-0.6976954894262939,synnetqos_m_00037827,S042_03782,2025-08-17 00:22:47.293926,0,Not degraded
reduced_context,kmeans,2,37827,1,C1,-0.9459564196103163,-0.6838240585597766,synnetqos_m_00037828,S042_03782,2025-08-17 00:23:47.293926,0,Not degraded
reduced_context,kmeans,2,37839,1,C1,-1.0926777182424445,-0.7961801053872779,synnetqos_m_00037840,S042_03783,2025-07-26 18:59:10.255212,1,Degraded
reduced_context,kmeans,2,37855,0,C0,2.214037006691209,-1.4086593753656182,synnetqos_m_00037856,S042_03785,2025-08-08 01:57:48.549737,0,Not degraded
reduced_context,kmeans,2,37890,0,C0,0.9369802067722078,-0.8504513164286306,synnetqos_m_00037891,S042_03789,2025-08-09 03:48:02.720997,0,Not degraded
reduced_context,kmeans,2,37900,1,C1,0.010056206308262244,1.0160908797100767,synnetqos_m_00037901,S042_03790,2025-07-27 06:09:39.151288,1,Degraded
reduced_context,kmeans,2,37901,1,C1,-0.19783513019361934,-0.8428543209157278,synnetqos_m_00037902,S042_03790,2025-07-27 06:10:39.151288,0,Not degraded
reduced_context,kmeans,2,37908,1,C1,0.5441699018229615,-0.8910776347874353,synnetqos_m_00037909,S042_03790,2025-07-27 06:17:39.151288,0,Not degraded
reduced_context,kmeans,2,37915,1,C1,-1.4607229188623072,0.6767266717704752,synnetqos_m_00037916,S042_03791,2025-08-04 07:41:34.001191,1,Degraded
reduced_context,kmeans,2,37916,1,C1,-0.7718567524347534,2.2857413038516556,synnetqos_m_00037917,S042_03791,2025-08-04 07:42:34.001191,1,Degraded
reduced_context,kmeans,2,37924,1,C1,-0.550065780803113,0.5868924920571146,synnetqos_m_00037925,S042_03792,2025-08-03 15:24:44.690863,1,Degraded
reduced_context,kmeans,2,37931,1,C1,-1.5560209056579453,0.5670720456126791,synnetqos_m_00037932,S042_03793,2025-07-29 18:24:50.528833,1,Degraded
reduced_context,kmeans,2,37933,1,C1,-1.5046170412905295,-0.49054754010810797,synnetqos_m_00037934,S042_03793,2025-07-29 18:26:50.528833,1,Degraded
reduced_context,kmeans,2,37950,1,C1,-0.7255015838081349,0.47919646286353346,synnetqos_m_00037951,S042_03795,2025-08-17 13:56:17.745276,1,Degraded
reduced_context,kmeans,2,37962,1,C1,-1.1292560275025791,-0.5681959005509846,synnetqos_m_00037963,S042_03796,2025-08-25 13:48:49.970856,1,Degraded
reduced_context,kmeans,2,38043,1,C1,0.5016718070152315,-0.23137170134774862,synnetqos_m_00038044,S042_03804,2025-08-14 21:40:48.967287,0,Not degraded
reduced_context,kmeans,2,38057,1,C1,-0.3477037048835293,-0.8476641925873877,synnetqos_m_00038058,S042_03805,2025-08-07 17:43:11.560384,0,Not degraded
reduced_context,kmeans,2,38070,1,C1,-2.2749794975637494,-0.26391437497312986,synnetqos_m_00038071,S042_03807,2025-08-07 11:17:49.137996,1,Degraded
reduced_context,kmeans,2,38074,1,C1,-2.3051165076694278,-0.3069933410367044,synnetqos_m_00038075,S042_03807,2025-08-07 11:21:49.137996,1,Degraded
reduced_context,kmeans,2,38104,1,C1,-1.5083711435451361,-0.9662347748716011,synnetqos_m_00038105,S042_03810,2025-08-01 01:07:54.633577,1,Degraded
reduced_context,kmeans,2,38122,1,C1,-1.0885422380296215,1.181842344334433,synnetqos_m_00038123,S042_03812,2025-08-12 15:04:41.065729,1,Degraded
reduced_context,kmeans,2,38136,1,C1,-2.804235501113594,0.11161056034203845,synnetqos_m_00038137,S042_03813,2025-08-03 08:06:31.832814,1,Degraded
reduced_context,kmeans,2,38155,1,C1,0.14339545914038007,2.450054363267578,synnetqos_m_00038156,S042_03815,2025-08-14 23:40:03.898560,1,Degraded
reduced_context,kmeans,2,38159,1,C1,-1.498201575082611,-0.9242336427576335,synnetqos_m_00038160,S042_03815,2025-08-14 23:44:03.898560,0,Not degraded
reduced_context,kmeans,2,38162,0,C0,2.4777624571241312,-0.9847584945611725,synnetqos_m_00038163,S042_03816,2025-08-05 16:23:43.677154,0,Not degraded
reduced_context,kmeans,2,38179,0,C0,0.47411502864888067,-0.23764330167771092,synnetqos_m_00038180,S042_03817,2025-08-08 03:22:12.402685,0,Not degraded
reduced_context,kmeans,2,38190,1,C1,-0.6835039512029478,-0.8701199440967172,synnetqos_m_00038191,S042_03819,2025-08-18 21:23:58.989885,1,Degraded
reduced_context,kmeans,2,38209,0,C0,2.072045923374478,-0.6918882783666014,synnetqos_m_00038210,S042_03820,2025-08-13 03:58:37.817703,0,Not degraded
reduced_context,kmeans,2,38218,1,C1,-1.2713726052353163,0.33993384973416313,synnetqos_m_00038219,S042_03821,2025-08-09 20:25:49.316707,1,Degraded
reduced_context,kmeans,2,38219,1,C1,-1.2180843001013717,-0.6888654013117745,synnetqos_m_00038220,S042_03821,2025-08-09 20:26:49.316707,1,Degraded
reduced_context,kmeans,2,38240,1,C1,-1.928541735830918,-0.27968347103607294,synnetqos_m_00038241,S042_03824,2025-08-10 07:50:27.709597,1,Degraded
reduced_context,kmeans,2,38243,1,C1,-0.9213332642591813,1.4187124766850132,synnetqos_m_00038244,S042_03824,2025-08-10 07:53:27.709597,1,Degraded
reduced_context,kmeans,2,38254,1,C1,-2.6532409133679633,0.45444324575849515,synnetqos_m_00038255,S042_03825,2025-08-16 09:05:44.259771,1,Degraded
reduced_context,kmeans,2,38258,1,C1,-2.600002941066481,-0.06242697885958919,synnetqos_m_00038259,S042_03825,2025-08-16 09:09:44.259771,1,Degraded
reduced_context,kmeans,2,38292,1,C1,-1.8147407417356882,-0.6619239167468124,synnetqos_m_00038293,S042_03829,2025-08-05 17:03:09.881971,1,Degraded
reduced_context,kmeans,2,38297,1,C1,-1.5549869891266623,-0.7538952072508177,synnetqos_m_00038298,S042_03829,2025-08-05 17:08:09.881971,1,Degraded
reduced_context,kmeans,2,38316,0,C0,1.6656252081774596,-1.222149704385277,synnetqos_m_00038317,S042_03831,2025-08-13 08:14:09.241729,0,Not degraded
reduced_context,kmeans,2,38326,0,C0,3.5027510818922813,-2.3083646295310936,synnetqos_m_00038327,S042_03832,2025-07-29 15:22:46.224262,0,Not degraded
reduced_context,kmeans,2,38338,1,C1,-0.9896938162322637,-0.8642000215691793,synnetqos_m_00038339,S042_03833,2025-08-21 00:46:35.250370,0,Not degraded
reduced_context,kmeans,2,38339,1,C1,-1.1111225176206112,-0.8029278265495494,synnetqos_m_00038340,S042_03833,2025-08-21 00:47:35.250370,1,Degraded
reduced_context,kmeans,2,38345,1,C1,-0.9805959273757763,-0.8579711020922454,synnetqos_m_00038346,S042_03834,2025-08-03 00:52:08.138835,1,Degraded
reduced_context,kmeans,2,38370,0,C0,1.6340682321748863,-0.6274537088262779,synnetqos_m_00038371,S042_03837,2025-07-27 10:56:19.536609,0,Not degraded
reduced_context,kmeans,2,38399,1,C1,-1.6673174755302267,-0.4166459095215119,synnetqos_m_00038400,S042_03839,2025-07-30 02:49:59.351661,1,Degraded
reduced_context,kmeans,2,38410,1,C1,-0.6730302839083186,-0.37623560253224314,synnetqos_m_00038411,S042_03841,2025-08-01 21:55:18.906174,1,Degraded
reduced_context,kmeans,2,38412,1,C1,-0.2276100728697161,3.461479913139989,synnetqos_m_00038413,S042_03841,2025-08-01 21:57:18.906174,1,Degraded
reduced_context,kmeans,2,38434,1,C1,-0.660781542608567,0.09182156632166355,synnetqos_m_00038435,S042_03843,2025-08-13 02:07:34.406504,1,Degraded
reduced_context,kmeans,2,38459,0,C0,5.89717053064455,-0.10650683772959527,synnetqos_m_00038460,S042_03845,2025-08-20 17:12:49.892049,0,Not degraded
reduced_context,kmeans,2,38463,1,C1,0.31965058834507526,0.069011511535325,synnetqos_m_00038464,S042_03846,2025-08-10 17:52:46.373319,0,Not degraded
reduced_context,kmeans,2,38475,1,C1,-2.19447225095349,-0.06629547409776586,synnetqos_m_00038476,S042_03847,2025-08-04 22:01:53.386298,1,Degraded
reduced_context,kmeans,2,38481,1,C1,-2.2176052672619093,0.03159599266195621,synnetqos_m_00038482,S042_03848,2025-08-16 15:18:13.335985,1,Degraded
reduced_context,kmeans,2,38485,1,C1,-2.67407222587168,-0.5447315271739297,synnetqos_m_00038486,S042_03848,2025-08-16 15:22:13.335985,1,Degraded
reduced_context,kmeans,2,38488,1,C1,-3.1555947784654568,0.8476169425392953,synnetqos_m_00038489,S042_03848,2025-08-16 15:25:13.335985,1,Degraded
reduced_context,kmeans,2,38493,1,C1,-0.07403753358824847,0.1515776427304867,synnetqos_m_00038494,S042_03849,2025-08-23 02:16:21.084258,1,Degraded
reduced_context,kmeans,2,38499,1,C1,0.13721827577141624,1.9847322699493097,synnetqos_m_00038500,S042_03849,2025-08-23 02:22:21.084258,0,Not degraded
reduced_context,kmeans,2,38520,1,C1,0.5234002341835078,5.405845126319942,synnetqos_m_00038521,S042_03852,2025-08-13 14:59:44.219560,1,Degraded
reduced_context,kmeans,2,38524,1,C1,-1.5794792622658191,-0.48371134720035347,synnetqos_m_00038525,S042_03852,2025-08-13 15:03:44.219560,1,Degraded
reduced_context,kmeans,2,38553,0,C0,2.9929760234223997,-3.3326152467187873,synnetqos_m_00038554,S042_03855,2025-08-06 20:20:53.046195,0,Not degraded
reduced_context,kmeans,2,38554,0,C0,3.3522689796401965,-3.6673084990276608,synnetqos_m_00038555,S042_03855,2025-08-06 20:21:53.046195,0,Not degraded
reduced_context,kmeans,2,38561,1,C1,0.4143888144148087,-1.326995825738282,synnetqos_m_00038562,S042_03856,2025-08-15 19:11:03.329272,0,Not degraded
reduced_context,kmeans,2,38583,0,C0,1.467550631094954,0.8667318097361598,synnetqos_m_00038584,S042_03858,2025-08-17 06:21:12.775015,0,Not degraded
reduced_context,kmeans,2,38620,0,C0,2.3265792947668307,-1.4400936849251709,synnetqos_m_00038621,S042_03862,2025-08-13 04:32:11.983665,0,Not degraded
reduced_context,kmeans,2,38621,0,C0,2.255735092487578,2.6591039983043707,synnetqos_m_00038622,S042_03862,2025-08-13 04:33:11.983665,1,Degraded
reduced_context,kmeans,2,38634,0,C0,3.676455232771359,-0.9618344441384675,synnetqos_m_00038635,S042_03863,2025-07-31 06:36:53.889083,0,Not degraded
reduced_context,kmeans,2,38645,1,C1,-0.817366329651658,-0.713189078738699,synnetqos_m_00038646,S042_03864,2025-08-13 08:04:09.431892,1,Degraded
reduced_context,kmeans,2,38649,1,C1,-1.9910731064746496,-0.0775169914673821,synnetqos_m_00038650,S042_03864,2025-08-13 08:08:09.431892,1,Degraded
reduced_context,kmeans,2,38675,1,C1,0.08652605591857757,0.29200650695262853,synnetqos_m_00038676,S042_03867,2025-08-14 11:43:39.367212,0,Not degraded
reduced_context,kmeans,2,38704,0,C0,0.7250032405078991,-0.5918413639061332,synnetqos_m_00038705,S042_03870,2025-08-06 08:33:11.360299,0,Not degraded
reduced_context,kmeans,2,38705,1,C1,-0.8349080780180715,-1.0398074468615743,synnetqos_m_00038706,S042_03870,2025-08-06 08:34:11.360299,1,Degraded
reduced_context,kmeans,2,38706,1,C1,0.33675740176295904,-0.13005702536524247,synnetqos_m_00038707,S042_03870,2025-08-06 08:35:11.360299,0,Not degraded
reduced_context,kmeans,2,38715,1,C1,-1.0961414251563353,-0.41793859529739374,synnetqos_m_00038716,S042_03871,2025-08-09 16:42:54.237391,0,Not degraded
reduced_context,kmeans,2,38724,1,C1,-1.6409482719233972,-0.025932177780348904,synnetqos_m_00038725,S042_03872,2025-08-03 11:02:01.823962,1,Degraded
reduced_context,kmeans,2,38734,0,C0,2.1738606145043766,0.537056892284171,synnetqos_m_00038735,S042_03873,2025-08-17 16:01:48.390364,0,Not degraded
reduced_context,kmeans,2,38768,1,C1,-3.309053620693466,0.23676807266697272,synnetqos_m_00038769,S042_03876,2025-07-29 22:21:28.537395,1,Degraded
reduced_context,kmeans,2,38774,0,C0,6.781175388085351,7.974172089756464,synnetqos_m_00038775,S042_03877,2025-08-23 14:15:47.697717,0,Not degraded
reduced_context,kmeans,2,38777,1,C1,0.5191230286114772,-0.7372185990353215,synnetqos_m_00038778,S042_03877,2025-08-23 14:18:47.697717,0,Not degraded
reduced_context,kmeans,2,38791,1,C1,-2.1511704084988317,-0.2011388181082566,synnetqos_m_00038792,S042_03879,2025-08-19 22:22:57.927144,1,Degraded
reduced_context,kmeans,2,38803,0,C0,1.1735747144673054,-1.1232824625942763,synnetqos_m_00038804,S042_03880,2025-07-30 03:11:02.912034,0,Not degraded
reduced_context,kmeans,2,38811,1,C1,-0.2508777528502747,-1.3192449473840753,synnetqos_m_00038812,S042_03881,2025-08-08 18:27:48.857446,1,Degraded
reduced_context,kmeans,2,38839,0,C0,3.2411287296771696,3.164248953374907,synnetqos_m_00038840,S042_03883,2025-08-10 01:19:03.135932,0,Not degraded
reduced_context,kmeans,2,38842,0,C0,1.8813350338634258,2.7972533521873095,synnetqos_m_00038843,S042_03884,2025-07-27 21:55:35.364267,1,Degraded
reduced_context,kmeans,2,38858,0,C0,1.577722869227653,0.27021675991273414,synnetqos_m_00038859,S042_03885,2025-08-13 17:54:12.297546,0,Not degraded
reduced_context,kmeans,2,38860,1,C1,-1.0619610150485916,-0.27104939845144493,synnetqos_m_00038861,S042_03886,2025-08-11 04:59:38.040664,1,Degraded
reduced_context,kmeans,2,38863,1,C1,-0.23753833271028138,-0.8053861826648869,synnetqos_m_00038864,S042_03886,2025-08-11 05:02:38.040664,1,Degraded
reduced_context,kmeans,2,38877,0,C0,1.0551209748450114,-1.2587678175921009,synnetqos_m_00038878,S042_03887,2025-08-03 19:45:23.693304,0,Not degraded
reduced_context,kmeans,2,38884,1,C1,-0.7641915272988894,0.8239520115366484,synnetqos_m_00038885,S042_03888,2025-07-31 18:59:50.918418,1,Degraded
reduced_context,kmeans,2,38885,0,C0,1.0508330438141527,4.107657701740074,synnetqos_m_00038886,S042_03888,2025-07-31 19:00:50.918418,1,Degraded
reduced_context,kmeans,2,38888,0,C0,0.8425846075484591,-0.0271689196718611,synnetqos_m_00038889,S042_03888,2025-07-31 19:03:50.918418,0,Not degraded
reduced_context,kmeans,2,38890,0,C0,1.944157686879366,-1.535340969065467,synnetqos_m_00038891,S042_03889,2025-08-01 12:36:29.515900,0,Not degraded
reduced_context,kmeans,2,38895,0,C0,1.7259457643704423,-0.7775783857456318,synnetqos_m_00038896,S042_03889,2025-08-01 12:41:29.515900,0,Not degraded
reduced_context,kmeans,2,38916,1,C1,0.2285422340882533,-0.7767482100386033,synnetqos_m_00038917,S042_03891,2025-08-21 09:36:53.850227,0,Not degraded
reduced_context,kmeans,2,38927,0,C0,0.8498087409491348,0.10987085743458039,synnetqos_m_00038928,S042_03892,2025-08-17 21:19:06.893257,1,Degraded
reduced_context,kmeans,2,38958,0,C0,2.8095790429926444,-0.26679384061339206,synnetqos_m_00038959,S042_03895,2025-08-07 20:42:45.890923,0,Not degraded
reduced_context,kmeans,2,38962,1,C1,-0.7003263134005949,-0.595737580521568,synnetqos_m_00038963,S042_03896,2025-08-08 21:05:07.419484,1,Degraded
reduced_context,kmeans,2,38968,1,C1,-0.6081649839834834,0.40933353352011104,synnetqos_m_00038969,S042_03896,2025-08-08 21:11:07.419484,1,Degraded
reduced_context,kmeans,2,38977,1,C1,0.35986461545060655,-1.2628008541051314,synnetqos_m_00038978,S042_03897,2025-08-24 15:24:43.920018,1,Degraded
reduced_context,kmeans,2,38986,1,C1,0.06301145755321119,0.2803393352296715,synnetqos_m_00038987,S042_03898,2025-08-10 04:57:36.154440,0,Not degraded
reduced_context,kmeans,2,38995,1,C1,-0.017690060634582776,2.0209986637676742,synnetqos_m_00038996,S042_03899,2025-08-01 03:01:59.698905,1,Degraded
reduced_context,kmeans,2,39013,1,C1,-0.7323640920851703,-0.35321619880949945,synnetqos_m_00039014,S042_03901,2025-08-05 10:02:47.331814,1,Degraded
reduced_context,kmeans,2,39037,1,C1,-3.0721268967677773,-0.1873446380616871,synnetqos_m_00039038,S042_03903,2025-08-13 05:19:32.600076,1,Degraded
reduced_context,kmeans,2,39040,0,C0,4.105680068707624,0.522580012996395,synnetqos_m_00039041,S042_03904,2025-08-21 06:37:45.178866,0,Not degraded
reduced_context,kmeans,2,39053,1,C1,-0.5108446664656956,-0.609152132016356,synnetqos_m_00039054,S042_03905,2025-07-26 23:22:50.879808,1,Degraded
reduced_context,kmeans,2,39071,1,C1,-0.12496301497153137,-0.2164669451735773,synnetqos_m_00039072,S042_03907,2025-08-12 20:07:20.545871,0,Not degraded
reduced_context,kmeans,2,39075,1,C1,-0.26617244184115024,-0.7787341040247547,synnetqos_m_00039076,S042_03907,2025-08-12 20:11:20.545871,1,Degraded
reduced_context,kmeans,2,39087,0,C0,1.4336203478462748,-0.21506626020048347,synnetqos_m_00039088,S042_03908,2025-08-25 02:58:01.797543,0,Not degraded
reduced_context,kmeans,2,39088,0,C0,0.9569593724578943,0.77612609113958,synnetqos_m_00039089,S042_03908,2025-08-25 02:59:01.797543,0,Not degraded
reduced_context,kmeans,2,39099,0,C0,1.155160484361425,3.633913656470326,synnetqos_m_00039100,S042_03909,2025-08-08 05:44:00.368854,1,Degraded
reduced_context,kmeans,2,39101,1,C1,-1.6180769057461923,-0.424367393346799,synnetqos_m_00039102,S042_03910,2025-08-24 06:45:35.458387,1,Degraded
reduced_context,kmeans,2,39104,1,C1,-2.6303574397266756,0.7400569600654857,synnetqos_m_00039105,S042_03910,2025-08-24 06:48:35.458387,1,Degraded
reduced_context,kmeans,2,39106,1,C1,-2.6210177486801354,2.370915646152523,synnetqos_m_00039107,S042_03910,2025-08-24 06:50:35.458387,1,Degraded
reduced_context,kmeans,2,39110,1,C1,0.10193620411462553,0.31918604043834053,synnetqos_m_00039111,S042_03911,2025-08-23 10:50:33.207779,0,Not degraded
reduced_context,kmeans,2,39122,0,C0,1.5234012784438078,-0.7680221354863428,synnetqos_m_00039123,S042_03912,2025-08-19 14:40:43.941438,0,Not degraded
reduced_context,kmeans,2,39124,0,C0,1.529953838056413,-0.6946836409398951,synnetqos_m_00039125,S042_03912,2025-08-19 14:42:43.941438,0,Not degraded
reduced_context,kmeans,2,39150,1,C1,-2.823108709859111,-0.49311566525434397,synnetqos_m_00039151,S042_03915,2025-08-14 20:20:42.822151,1,Degraded
reduced_context,kmeans,2,39153,1,C1,-3.0780469771123005,-0.46938519820092794,synnetqos_m_00039154,S042_03915,2025-08-14 20:23:42.822151,1,Degraded
reduced_context,kmeans,2,39191,1,C1,-0.05743407863773999,-0.7085941021799448,synnetqos_m_00039192,S042_03919,2025-07-31 01:02:37.429785,0,Not degraded
reduced_context,kmeans,2,39200,0,C0,3.1312758500362348,2.3726124779120745,synnetqos_m_00039201,S042_03920,2025-08-19 00:11:26.346712,0,Not degraded
reduced_context,kmeans,2,39201,0,C0,0.6126932396539194,-0.8356412638747762,synnetqos_m_00039202,S042_03920,2025-08-19 00:12:26.346712,0,Not degraded
reduced_context,kmeans,2,39214,1,C1,-0.02005628830511756,-0.7825381701474569,synnetqos_m_00039215,S042_03921,2025-07-29 23:26:24.159627,0,Not degraded
reduced_context,kmeans,2,39215,1,C1,-0.7098490212996087,0.5858361511894172,synnetqos_m_00039216,S042_03921,2025-07-29 23:27:24.159627,1,Degraded
reduced_context,kmeans,2,39221,0,C0,1.1015364828945158,3.0459647352766908,synnetqos_m_00039222,S042_03922,2025-08-25 16:01:50.067115,1,Degraded
reduced_context,kmeans,2,39228,1,C1,-0.6463579858476823,-0.3078568671990969,synnetqos_m_00039229,S042_03922,2025-08-25 16:08:50.067115,0,Not degraded
reduced_context,kmeans,2,39237,1,C1,-1.466554242281117,-0.4949172889737057,synnetqos_m_00039238,S042_03923,2025-08-11 03:32:53.870534,0,Not degraded
reduced_context,kmeans,2,39252,0,C0,1.456915236214763,-0.9551033611784215,synnetqos_m_00039253,S042_03925,2025-07-30 02:21:58.196867,0,Not degraded
reduced_context,kmeans,2,39262,0,C0,4.0378552894890545,1.1002009533046604,synnetqos_m_00039263,S042_03926,2025-08-02 09:22:44.645998,0,Not degraded
reduced_context,kmeans,2,39274,1,C1,-0.6600402342637798,3.488021540434971,synnetqos_m_00039275,S042_03927,2025-07-28 01:26:53.366027,1,Degraded
reduced_context,kmeans,2,39282,1,C1,-0.30438444460191394,-0.34196822184795533,synnetqos_m_00039283,S042_03928,2025-08-14 17:24:00.969368,0,Not degraded
reduced_context,kmeans,2,39284,1,C1,-0.1113451913587917,0.7595214373560694,synnetqos_m_00039285,S042_03928,2025-08-14 17:26:00.969368,1,Degraded
reduced_context,kmeans,2,39296,1,C1,-2.8317453141483617,0.19710273047122148,synnetqos_m_00039297,S042_03929,2025-08-06 20:19:59.997881,1,Degraded
reduced_context,kmeans,2,39308,1,C1,-0.3472033580707979,-0.6732333396143081,synnetqos_m_00039309,S042_03930,2025-08-02 23:03:51.881854,0,Not degraded
reduced_context,kmeans,2,39312,1,C1,-0.9028245799319111,-0.04271295282587859,synnetqos_m_00039313,S042_03931,2025-07-27 17:10:31.876065,1,Degraded
reduced_context,kmeans,2,39324,1,C1,-0.259627809504015,-0.0792230891330244,synnetqos_m_00039325,S042_03932,2025-08-20 20:37:56.889488,1,Degraded
reduced_context,kmeans,2,39330,1,C1,0.5243051460622373,-0.3203002644488236,synnetqos_m_00039331,S042_03933,2025-08-05 04:01:46.774592,0,Not degraded
reduced_context,kmeans,2,39332,0,C0,1.3523639808235977,-0.2292605552623801,synnetqos_m_00039333,S042_03933,2025-08-05 04:03:46.774592,0,Not degraded
reduced_context,kmeans,2,39335,0,C0,3.273756542478647,1.8914181331747972,synnetqos_m_00039336,S042_03933,2025-08-05 04:06:46.774592,0,Not degraded
reduced_context,kmeans,2,39355,1,C1,-0.24293233520263682,-1.2492694934431854,synnetqos_m_00039356,S042_03935,2025-08-09 17:00:20.275590,0,Not degraded
reduced_context,kmeans,2,39372,1,C1,-2.333652775504031,0.01970330436062829,synnetqos_m_00039373,S042_03937,2025-08-10 14:10:52.621948,1,Degraded
reduced_context,kmeans,2,39386,1,C1,-0.6621813166573863,0.8169657043851707,synnetqos_m_00039387,S042_03938,2025-08-24 22:46:39.451637,1,Degraded
reduced_context,kmeans,2,39387,0,C0,2.221729349835592,4.19764743833242,synnetqos_m_00039388,S042_03938,2025-08-24 22:47:39.451637,0,Not degraded
reduced_context,kmeans,2,39397,0,C0,2.5367318155818253,2.1524581760036687,synnetqos_m_00039398,S042_03939,2025-08-03 13:50:50.597685,0,Not degraded
reduced_context,kmeans,2,39402,0,C0,2.8609222446941383,-1.0347562890365742,synnetqos_m_00039403,S042_03940,2025-07-27 23:53:09.088126,0,Not degraded
reduced_context,kmeans,2,39412,0,C0,5.846487737903827,1.8365273372043212,synnetqos_m_00039413,S042_03941,2025-08-08 09:18:17.565349,0,Not degraded
reduced_context,kmeans,2,39418,0,C0,6.059603973357662,-2.8924390168172613,synnetqos_m_00039419,S042_03941,2025-08-08 09:24:17.565349,0,Not degraded
reduced_context,kmeans,2,39420,1,C1,-0.22012772670828615,0.12962040256472304,synnetqos_m_00039421,S042_03942,2025-08-12 15:04:55.802627,0,Not degraded
reduced_context,kmeans,2,39436,1,C1,-0.1959041716817004,-0.25067146966616793,synnetqos_m_00039437,S042_03943,2025-08-18 04:45:35.325773,0,Not degraded
reduced_context,kmeans,2,39445,0,C0,5.875299435348196,0.09205268856416896,synnetqos_m_00039446,S042_03944,2025-08-24 12:47:59.901845,1,Degraded
reduced_context,kmeans,2,39446,0,C0,3.91648594370805,-2.222989613903694,synnetqos_m_00039447,S042_03944,2025-08-24 12:48:59.901845,0,Not degraded
reduced_context,kmeans,2,39457,0,C0,0.8622712522037141,-0.9205658150955324,synnetqos_m_00039458,S042_03945,2025-08-19 22:06:40.506010,0,Not degraded
reduced_context,kmeans,2,39458,0,C0,0.9328499153448525,-0.31084457367569934,synnetqos_m_00039459,S042_03945,2025-08-19 22:07:40.506010,0,Not degraded
reduced_context,kmeans,2,39465,1,C1,-0.38230951569637917,-0.48085629272281905,synnetqos_m_00039466,S042_03946,2025-08-12 01:30:35.540673,0,Not degraded
reduced_context,kmeans,2,39489,1,C1,-0.12813248053902115,-0.7838523432822612,synnetqos_m_00039490,S042_03948,2025-08-08 01:49:16.811884,0,Not degraded
reduced_context,kmeans,2,39494,1,C1,-2.2803384067981685,0.0005048100579483975,synnetqos_m_00039495,S042_03949,2025-08-09 04:18:21.844593,1,Degraded
reduced_context,kmeans,2,39509,0,C0,1.7438616294807618,0.36111500244616845,synnetqos_m_00039510,S042_03950,2025-07-28 21:29:36.088735,0,Not degraded
reduced_context,kmeans,2,39523,1,C1,-1.0648482818865512,-0.43415029402511524,synnetqos_m_00039524,S042_03952,2025-08-05 09:07:47.914242,1,Degraded
reduced_context,kmeans,2,39536,1,C1,-1.7674768976775854,-0.13158360355859322,synnetqos_m_00039537,S042_03953,2025-08-24 21:49:25.195188,1,Degraded
reduced_context,kmeans,2,39545,1,C1,0.052442089240689764,-1.5062783675692004,synnetqos_m_00039546,S042_03954,2025-07-30 17:20:55.037066,0,Not degraded
reduced_context,kmeans,2,39551,1,C1,-1.6479404195124963,-0.5592391253267577,synnetqos_m_00039552,S042_03955,2025-08-10 18:22:48.162819,1,Degraded
reduced_context,kmeans,2,39554,1,C1,-1.1761146704669736,3.6276860310658834,synnetqos_m_00039555,S042_03955,2025-08-10 18:25:48.162819,1,Degraded
reduced_context,kmeans,2,39563,1,C1,-2.0845439314829877,0.014042418131689056,synnetqos_m_00039564,S042_03956,2025-08-14 17:29:23.330959,1,Degraded
reduced_context,kmeans,2,39564,1,C1,-1.448029082574311,0.4294861839987136,synnetqos_m_00039565,S042_03956,2025-08-14 17:30:23.330959,1,Degraded
reduced_context,kmeans,2,39572,1,C1,-0.7611022878009454,-0.7282408946429342,synnetqos_m_00039573,S042_03957,2025-08-02 20:23:17.458925,0,Not degraded
reduced_context,kmeans,2,39585,1,C1,-1.0472925332950527,-0.7654402728945536,synnetqos_m_00039586,S042_03958,2025-07-31 00:32:44.324635,1,Degraded
reduced_context,kmeans,2,39586,1,C1,-1.362457513833944,-0.6817665808144984,synnetqos_m_00039587,S042_03958,2025-07-31 00:33:44.324635,1,Degraded
reduced_context,kmeans,2,39589,1,C1,-0.49142663079852483,-0.670097477087492,synnetqos_m_00039590,S042_03958,2025-07-31 00:36:44.324635,0,Not degraded
reduced_context,kmeans,2,39593,0,C0,2.394524869947874,-2.3732923386850313,synnetqos_m_00039594,S042_03959,2025-08-07 00:36:00.728343,0,Not degraded
reduced_context,kmeans,2,39608,1,C1,-0.28714812141132645,-0.07922766638452097,synnetqos_m_00039609,S042_03960,2025-08-22 12:00:45.314475,0,Not degraded
reduced_context,kmeans,2,39612,1,C1,-2.6014663696673788,-0.11931274131964381,synnetqos_m_00039613,S042_03961,2025-08-09 01:59:53.233592,1,Degraded
reduced_context,kmeans,2,39619,1,C1,-2.4472033366106305,-0.7436047107190726,synnetqos_m_00039620,S042_03961,2025-08-09 02:06:53.233592,1,Degraded
reduced_context,kmeans,2,39658,1,C1,-0.06943579264811117,-0.2077109348280701,synnetqos_m_00039659,S042_03965,2025-08-01 01:28:31.477023,0,Not degraded
reduced_context,kmeans,2,39664,1,C1,-1.4038092865312968,-0.7777896383742791,synnetqos_m_00039665,S042_03966,2025-08-15 08:31:56.317396,0,Not degraded
reduced_context,kmeans,2,39681,1,C1,-1.1398787693234718,-0.3211198898675461,synnetqos_m_00039682,S042_03968,2025-08-17 23:03:21.928751,1,Degraded
reduced_context,kmeans,2,39683,1,C1,-0.5777527221887588,-0.1853138025149632,synnetqos_m_00039684,S042_03968,2025-08-17 23:05:21.928751,1,Degraded
reduced_context,kmeans,2,39684,1,C1,-0.39967960034691524,2.23972961591933,synnetqos_m_00039685,S042_03968,2025-08-17 23:06:21.928751,1,Degraded
reduced_context,kmeans,2,39693,1,C1,-0.32344911771734,-0.20601221482873833,synnetqos_m_00039694,S042_03969,2025-08-17 23:23:52.556059,0,Not degraded
reduced_context,kmeans,2,39706,1,C1,0.33625670113062306,-0.657044601585911,synnetqos_m_00039707,S042_03970,2025-08-24 11:02:45.642743,0,Not degraded
reduced_context,kmeans,2,39724,1,C1,-1.5603800082519916,-0.7791070629216462,synnetqos_m_00039725,S042_03972,2025-07-28 20:30:05.678680,1,Degraded
reduced_context,kmeans,2,39736,1,C1,0.21969789218524902,-0.21228186357173895,synnetqos_m_00039737,S042_03973,2025-08-14 02:27:10.910109,0,Not degraded
reduced_context,kmeans,2,39773,1,C1,-0.5859652586047763,-0.17018268796580496,synnetqos_m_00039774,S042_03977,2025-08-16 07:57:12.763937,0,Not degraded
reduced_context,kmeans,2,39775,1,C1,-1.3468931868226421,-0.5991036739400056,synnetqos_m_00039776,S042_03977,2025-08-16 07:59:12.763937,1,Degraded
reduced_context,kmeans,2,39776,1,C1,-0.48288500589383515,-1.0146524767566667,synnetqos_m_00039777,S042_03977,2025-08-16 08:00:12.763937,1,Degraded
reduced_context,kmeans,2,39788,1,C1,-1.0599269321374738,-0.17390219160716403,synnetqos_m_00039789,S042_03978,2025-08-10 05:41:38.846640,0,Not degraded
reduced_context,kmeans,2,39844,0,C0,1.2669335935058665,1.211998865279902,synnetqos_m_00039845,S042_03984,2025-08-19 09:49:04.639512,0,Not degraded
reduced_context,kmeans,2,39851,0,C0,1.0309628064188514,-0.5480992365481345,synnetqos_m_00039852,S042_03985,2025-08-04 04:23:34.765680,0,Not degraded
reduced_context,kmeans,2,39859,0,C0,2.278904933701899,1.1470130184594685,synnetqos_m_00039860,S042_03985,2025-08-04 04:31:34.765680,0,Not degraded
reduced_context,kmeans,2,39866,1,C1,-2.428144638588886,1.5509991668872274,synnetqos_m_00039867,S042_03986,2025-08-16 01:53:40.785766,1,Degraded
reduced_context,kmeans,2,39877,0,C0,1.2478868071991513,-1.2128470103066575,synnetqos_m_00039878,S042_03987,2025-08-04 09:54:10.745424,0,Not degraded
reduced_context,kmeans,2,39880,0,C0,2.292938965870962,-0.8475187975571288,synnetqos_m_00039881,S042_03988,2025-08-22 03:59:07.725613,0,Not degraded
reduced_context,kmeans,2,39910,1,C1,-1.9170614184703585,0.4060531080099978,synnetqos_m_00039911,S042_03991,2025-08-03 21:45:50.003204,1,Degraded
reduced_context,kmeans,2,39918,1,C1,-1.8958595157030784,-0.4291116920420726,synnetqos_m_00039919,S042_03991,2025-08-03 21:53:50.003204,1,Degraded
reduced_context,kmeans,2,39921,1,C1,-2.6029792298966843,-0.46694248552017187,synnetqos_m_00039922,S042_03992,2025-08-17 17:15:57.507535,1,Degraded
reduced_context,kmeans,2,39922,1,C1,-3.235325912750716,0.08871707948560145,synnetqos_m_00039923,S042_03992,2025-08-17 17:16:57.507535,1,Degraded
reduced_context,kmeans,2,39930,1,C1,-2.9995383458571605,0.7579013552203994,synnetqos_m_00039931,S042_03993,2025-08-19 05:51:18.455609,1,Degraded
reduced_context,kmeans,2,39938,1,C1,-2.627179246727948,0.08569491348734018,synnetqos_m_00039939,S042_03993,2025-08-19 05:59:18.455609,1,Degraded
reduced_context,kmeans,2,39942,1,C1,-1.351130510118596,-0.2519987943113268,synnetqos_m_00039943,S042_03994,2025-08-09 17:29:58.045571,0,Not degraded
reduced_context,kmeans,2,39949,1,C1,-1.420513521501764,-0.5993910491239139,synnetqos_m_00039950,S042_03994,2025-08-09 17:36:58.045571,1,Degraded
reduced_context,kmeans,2,39963,0,C0,0.6835051266978095,1.0991722450715413,synnetqos_m_00039964,S042_03996,2025-08-16 10:21:16.644223,0,Not degraded
reduced_context,kmeans,2,39989,0,C0,0.9085422156057593,-1.04211893773524,synnetqos_m_00039990,S042_03998,2025-08-09 21:55:33.200164,1,Degraded
reduced_context,kmeans,2,39991,0,C0,3.116351802205964,-0.6169519482202535,synnetqos_m_00039992,S042_03999,2025-08-13 13:16:33.083360,0,Not degraded
reduced_context,kmeans,2,39994,0,C0,2.580829787248988,-1.6776267104092588,synnetqos_m_00039995,S042_03999,2025-08-13 13:19:33.083360,0,Not degraded
reduced_context,kmeans,2,40001,0,C0,2.300359366636389,4.360418347527223,synnetqos_m_00040002,S042_04000,2025-08-12 03:14:54.859708,0,Not degraded
reduced_context,kmeans,2,40004,0,C0,5.6771175814220305,5.5898777290287835,synnetqos_m_00040005,S042_04000,2025-08-12 03:17:54.859708,0,Not degraded
reduced_context,kmeans,2,40014,0,C0,1.3068642793875211,-0.634657957643691,synnetqos_m_00040015,S042_04001,2025-08-24 05:27:30.018488,0,Not degraded
reduced_context,kmeans,2,40028,0,C0,6.3483354435543164,-0.6967875959693157,synnetqos_m_00040029,S042_04002,2025-08-09 16:22:07.644666,0,Not degraded
reduced_context,kmeans,2,40047,1,C1,-1.4451747297732997,-0.46261507388029616,synnetqos_m_00040048,S042_04004,2025-08-15 11:38:45.598239,1,Degraded
reduced_context,kmeans,2,40050,1,C1,-1.1763687696042546,1.6021080180135707,synnetqos_m_00040051,S042_04005,2025-07-30 15:51:25.997538,1,Degraded
reduced_context,kmeans,2,40056,1,C1,0.19547860420663288,3.4711123824390926,synnetqos_m_00040057,S042_04005,2025-07-30 15:57:25.997538,1,Degraded
reduced_context,kmeans,2,40102,1,C1,0.26488678576772884,-0.8319980855137363,synnetqos_m_00040103,S042_04010,2025-08-22 19:00:26.155612,1,Degraded
reduced_context,kmeans,2,40113,0,C0,4.421358358600129,3.13359166789944,synnetqos_m_00040114,S042_04011,2025-08-17 10:00:50.527521,1,Degraded
reduced_context,kmeans,2,40137,1,C1,-0.37259366998149923,-1.0613923522188962,synnetqos_m_00040138,S042_04013,2025-07-27 21:13:59.925249,1,Degraded
reduced_context,kmeans,2,40144,0,C0,5.528032736033101,0.18682913253226127,synnetqos_m_00040145,S042_04014,2025-07-29 14:17:08.292754,1,Degraded
reduced_context,kmeans,2,40156,1,C1,-1.3186901110600504,-0.6474641790562554,synnetqos_m_00040157,S042_04015,2025-08-20 20:26:29.090197,0,Not degraded
reduced_context,kmeans,2,40162,0,C0,0.814463066228324,-0.760402841504649,synnetqos_m_00040163,S042_04016,2025-07-28 00:40:15.503873,0,Not degraded
reduced_context,kmeans,2,40182,1,C1,-1.8755240071946315,1.2262584938742989,synnetqos_m_00040183,S042_04018,2025-08-02 19:09:06.920819,1,Degraded
reduced_context,kmeans,2,40200,1,C1,-1.3545992141927587,-1.1138380318241172,synnetqos_m_00040201,S042_04020,2025-08-08 12:57:36.594957,1,Degraded
reduced_context,kmeans,2,40209,1,C1,-0.49246760572953346,-1.2000033799043326,synnetqos_m_00040210,S042_04020,2025-08-08 13:06:36.594957,1,Degraded
reduced_context,kmeans,2,40212,1,C1,-0.8410585389471968,0.7969656192529687,synnetqos_m_00040213,S042_04021,2025-08-14 19:19:48.247368,1,Degraded
reduced_context,kmeans,2,40227,1,C1,-1.1647529942063568,-0.7054494112387307,synnetqos_m_00040228,S042_04022,2025-08-05 19:49:47.228976,1,Degraded
reduced_context,kmeans,2,40252,1,C1,-0.08307487484238257,-0.8606454486840965,synnetqos_m_00040253,S042_04025,2025-08-20 11:15:09.554604,0,Not degraded
reduced_context,kmeans,2,40255,1,C1,-1.7828698811177535,-0.5366816789231984,synnetqos_m_00040256,S042_04025,2025-08-20 11:18:09.554604,1,Degraded
reduced_context,kmeans,2,40259,1,C1,-0.647515111600037,-1.0512057639219674,synnetqos_m_00040260,S042_04025,2025-08-20 11:22:09.554604,1,Degraded
reduced_context,kmeans,2,40260,1,C1,-1.737840253731446,-0.4874987916107136,synnetqos_m_00040261,S042_04026,2025-08-17 13:58:39.613039,0,Not degraded
reduced_context,kmeans,2,40267,1,C1,-0.6757074439351363,1.005458374655356,synnetqos_m_00040268,S042_04026,2025-08-17 14:05:39.613039,0,Not degraded
reduced_context,kmeans,2,40291,0,C0,0.9412536635981053,-0.4505013379853819,synnetqos_m_00040292,S042_04029,2025-08-20 13:24:23.063575,0,Not degraded
reduced_context,kmeans,2,40300,1,C1,-2.473569320786631,0.20323411339092054,synnetqos_m_00040301,S042_04030,2025-08-11 05:05:58.378163,1,Degraded
reduced_context,kmeans,2,40303,1,C1,-1.8014900807663685,1.2072692254542488,synnetqos_m_00040304,S042_04030,2025-08-11 05:08:58.378163,1,Degraded
reduced_context,kmeans,2,40306,1,C1,-1.6389264570268576,-0.6681400945494556,synnetqos_m_00040307,S042_04030,2025-08-11 05:11:58.378163,1,Degraded
reduced_context,kmeans,2,40307,1,C1,-3.0939974810027664,-0.23735771886252363,synnetqos_m_00040308,S042_04030,2025-08-11 05:12:58.378163,1,Degraded
reduced_context,kmeans,2,40335,1,C1,0.14536800393833796,-0.48392411922734757,synnetqos_m_00040336,S042_04033,2025-07-28 05:08:51.417934,0,Not degraded
reduced_context,kmeans,2,40346,0,C0,2.726125269114506,0.37679866245537735,synnetqos_m_00040347,S042_04034,2025-08-14 04:40:25.425774,0,Not degraded
reduced_context,kmeans,2,40365,0,C0,2.471966794366883,-1.6292680440186604,synnetqos_m_00040366,S042_04036,2025-07-27 02:51:02.414302,0,Not degraded
reduced_context,kmeans,2,40366,0,C0,4.001158990076897,-1.8112050125454633,synnetqos_m_00040367,S042_04036,2025-07-27 02:52:02.414302,0,Not degraded
reduced_context,kmeans,2,40373,0,C0,2.014373951067451,2.6845407005058615,synnetqos_m_00040374,S042_04037,2025-08-23 01:00:18.198858,0,Not degraded
reduced_context,kmeans,2,40380,0,C0,0.6332843194465839,-1.1921633443048285,synnetqos_m_00040381,S042_04038,2025-08-24 16:28:17.630736,0,Not degraded
reduced_context,kmeans,2,40413,1,C1,-3.115769638632146,-0.4366283047221005,synnetqos_m_00040414,S042_04041,2025-08-01 03:37:51.750501,1,Degraded
reduced_context,kmeans,2,40426,1,C1,0.3694384579033478,2.959699244371923,synnetqos_m_00040427,S042_04042,2025-08-13 18:43:24.283066,1,Degraded
reduced_context,kmeans,2,40449,1,C1,-1.581138232884265,0.8210736193941272,synnetqos_m_00040450,S042_04044,2025-08-22 15:28:17.506423,1,Degraded
reduced_context,kmeans,2,40451,1,C1,-0.7813638097181668,0.5173135502166131,synnetqos_m_00040452,S042_04045,2025-08-15 18:26:27.433186,1,Degraded
reduced_context,kmeans,2,40461,1,C1,-0.7043912920046391,-0.8305906870084974,synnetqos_m_00040462,S042_04046,2025-08-12 11:03:32.101178,1,Degraded
reduced_context,kmeans,2,40470,1,C1,-1.4514546283568124,1.147821184017961,synnetqos_m_00040471,S042_04047,2025-08-02 13:17:39.398237,1,Degraded
reduced_context,kmeans,2,40474,1,C1,-1.2320743907835567,0.44865705169489367,synnetqos_m_00040475,S042_04047,2025-08-02 13:21:39.398237,1,Degraded
reduced_context,kmeans,2,40477,1,C1,-2.2649439276230168,2.7177752485461517,synnetqos_m_00040478,S042_04047,2025-08-02 13:24:39.398237,1,Degraded
reduced_context,kmeans,2,40492,1,C1,-0.6599869861205536,-0.9339849544674897,synnetqos_m_00040493,S042_04049,2025-07-28 04:51:17.285262,0,Not degraded
reduced_context,kmeans,2,40503,0,C0,5.536979549553264,-1.096987418697406,synnetqos_m_00040504,S042_04050,2025-08-14 04:54:48.650567,0,Not degraded
reduced_context,kmeans,2,40513,0,C0,1.7450233042551522,-0.7285701329236194,synnetqos_m_00040514,S042_04051,2025-08-03 23:25:53.787703,0,Not degraded
reduced_context,kmeans,2,40526,1,C1,-1.2074007735413979,-0.24459664207322104,synnetqos_m_00040527,S042_04052,2025-08-01 22:08:50.394491,0,Not degraded
reduced_context,kmeans,2,40527,1,C1,-0.41479648689540677,-0.3554253244465204,synnetqos_m_00040528,S042_04052,2025-08-01 22:09:50.394491,0,Not degraded
reduced_context,kmeans,2,40544,0,C0,2.1486681592055525,0.8198530131469319,synnetqos_m_00040545,S042_04054,2025-08-25 00:01:05.886183,0,Not degraded
reduced_context,kmeans,2,40565,0,C0,5.513272346711939,0.24496516802063592,synnetqos_m_00040566,S042_04056,2025-08-19 14:36:28.863856,0,Not degraded
reduced_context,kmeans,2,40575,0,C0,1.7578268394145755,-0.4487036061138191,synnetqos_m_00040576,S042_04057,2025-07-26 21:24:52.530284,0,Not degraded
reduced_context,kmeans,2,40576,0,C0,0.7681481779544279,-1.2189081989008876,synnetqos_m_00040577,S042_04057,2025-07-26 21:25:52.530284,0,Not degraded
reduced_context,kmeans,2,40581,1,C1,-1.686896108167323,0.15208054435939736,synnetqos_m_00040582,S042_04058,2025-08-23 07:31:42.293250,1,Degraded
reduced_context,kmeans,2,40599,0,C0,1.2136452196396021,3.5159407574842088,synnetqos_m_00040600,S042_04059,2025-08-02 10:00:25.404871,1,Degraded
reduced_context,kmeans,2,40600,1,C1,-2.285004388049084,-0.6282974170216818,synnetqos_m_00040601,S042_04060,2025-08-07 08:55:05.052508,1,Degraded
reduced_context,kmeans,2,40604,1,C1,-1.9052679295868709,-0.08688217859536984,synnetqos_m_00040605,S042_04060,2025-08-07 08:59:05.052508,1,Degraded
reduced_context,kmeans,2,40617,1,C1,-1.349381995350193,-0.42126901393484617,synnetqos_m_00040618,S042_04061,2025-08-13 10:36:13.917806,1,Degraded
reduced_context,kmeans,2,40626,1,C1,-1.2994723700830384,-1.1992455297677052,synnetqos_m_00040627,S042_04062,2025-08-24 00:38:42.337056,1,Degraded
reduced_context,kmeans,2,40638,1,C1,-0.6027830661990479,-1.0060987964443409,synnetqos_m_00040639,S042_04063,2025-07-29 03:31:45.541514,0,Not degraded
reduced_context,kmeans,2,40643,1,C1,-1.3176193288061744,-0.5564772614102411,synnetqos_m_00040644,S042_04064,2025-08-13 06:53:18.543183,1,Degraded
reduced_context,kmeans,2,40645,1,C1,-0.28670421068967217,-1.1712971395310507,synnetqos_m_00040646,S042_04064,2025-08-13 06:55:18.543183,0,Not degraded
reduced_context,kmeans,2,40662,1,C1,-0.7999083264643965,-0.28728236767767346,synnetqos_m_00040663,S042_04066,2025-08-02 20:53:54.440746,1,Degraded
reduced_context,kmeans,2,40663,1,C1,-0.431648081336556,-1.1455786128477947,synnetqos_m_00040664,S042_04066,2025-08-02 20:54:54.440746,1,Degraded
reduced_context,kmeans,2,40688,0,C0,1.7578960178722831,-1.0830665286439762,synnetqos_m_00040689,S042_04068,2025-08-15 17:28:33.473426,0,Not degraded
reduced_context,kmeans,2,40689,0,C0,3.8842718764916513,-0.0850624553614305,synnetqos_m_00040690,S042_04068,2025-08-15 17:29:33.473426,0,Not degraded
reduced_context,kmeans,2,40702,1,C1,-0.5533722317674868,-0.7596050787102474,synnetqos_m_00040703,S042_04070,2025-08-09 23:38:40.376433,1,Degraded
reduced_context,kmeans,2,40708,1,C1,-0.26721440700418725,-0.9983624756604876,synnetqos_m_00040709,S042_04070,2025-08-09 23:44:40.376433,1,Degraded
reduced_context,kmeans,2,40728,1,C1,-1.7040648165708911,-0.7418435860052999,synnetqos_m_00040729,S042_04072,2025-08-22 12:54:44.448982,1,Degraded
reduced_context,kmeans,2,40762,1,C1,-1.39158227722835,3.2210738755866704,synnetqos_m_00040763,S042_04076,2025-08-01 13:29:07.432411,1,Degraded
reduced_context,kmeans,2,40769,1,C1,-1.8760024008487004,0.6785980123508321,synnetqos_m_00040770,S042_04076,2025-08-01 13:36:07.432411,1,Degraded
reduced_context,kmeans,2,40777,0,C0,1.1234551623758222,-0.12154524151998719,synnetqos_m_00040778,S042_04077,2025-08-16 03:59:20.089359,0,Not degraded
reduced_context,kmeans,2,40779,1,C1,-0.29601535175409766,1.1604491305942537,synnetqos_m_00040780,S042_04077,2025-08-16 04:01:20.089359,0,Not degraded
reduced_context,kmeans,2,40780,0,C0,0.7123136865011461,-0.23462457084409957,synnetqos_m_00040781,S042_04078,2025-08-11 22:50:06.910100,0,Not degraded
reduced_context,kmeans,2,40791,0,C0,1.473401603487317,0.8635184343327,synnetqos_m_00040792,S042_04079,2025-08-23 19:17:19.194298,0,Not degraded
reduced_context,kmeans,2,40801,0,C0,3.2129628022935686,-1.7708071381210302,synnetqos_m_00040802,S042_04080,2025-08-20 14:51:56.147920,0,Not degraded
reduced_context,kmeans,2,40817,1,C1,-0.16236572001922203,-0.4209523425993908,synnetqos_m_00040818,S042_04081,2025-08-16 23:37:03.575628,0,Not degraded
reduced_context,kmeans,2,40823,1,C1,-1.2033762135589552,-0.6536876764223105,synnetqos_m_00040824,S042_04082,2025-08-05 07:49:11.998564,1,Degraded
reduced_context,kmeans,2,40830,0,C0,4.4334211774631695,0.5376976610007113,synnetqos_m_00040831,S042_04083,2025-07-26 06:10:48.722042,0,Not degraded
reduced_context,kmeans,2,40834,0,C0,4.248296764540999,1.5928016910230944,synnetqos_m_00040835,S042_04083,2025-07-26 06:14:48.722042,0,Not degraded
reduced_context,kmeans,2,40844,1,C1,-1.8813735520934656,-0.5112329206446469,synnetqos_m_00040845,S042_04084,2025-08-09 04:43:45.977121,0,Not degraded
reduced_context,kmeans,2,40870,0,C0,0.6726456101192158,-1.0265899495709994,synnetqos_m_00040871,S042_04087,2025-07-28 02:22:54.040731,0,Not degraded
reduced_context,kmeans,2,40879,0,C0,2.016427632315825,-0.17119270889548602,synnetqos_m_00040880,S042_04087,2025-07-28 02:31:54.040731,0,Not degraded
reduced_context,kmeans,2,40889,1,C1,-1.6149395097682786,-0.8850312377587445,synnetqos_m_00040890,S042_04088,2025-08-01 16:18:28.813897,1,Degraded
reduced_context,kmeans,2,40890,1,C1,-0.3911087136118855,-0.9860107556884641,synnetqos_m_00040891,S042_04089,2025-08-24 02:56:33.594439,1,Degraded
reduced_context,kmeans,2,40897,0,C0,1.8158601678091404,2.8400911353660065,synnetqos_m_00040898,S042_04089,2025-08-24 03:03:33.594439,0,Not degraded
reduced_context,kmeans,2,40915,1,C1,-0.7557163166085299,-0.7383592404066693,synnetqos_m_00040916,S042_04091,2025-07-28 01:17:44.148292,0,Not degraded
reduced_context,kmeans,2,40923,1,C1,-0.5494184508908571,-0.31232714649378707,synnetqos_m_00040924,S042_04092,2025-08-10 06:40:30.949501,0,Not degraded
reduced_context,kmeans,2,40925,1,C1,-0.1877879570205799,4.352100439811569,synnetqos_m_00040926,S042_04092,2025-08-10 06:42:30.949501,1,Degraded
reduced_context,kmeans,2,40928,1,C1,-0.18982701280857014,-0.5397004588388602,synnetqos_m_00040929,S042_04092,2025-08-10 06:45:30.949501,0,Not degraded
reduced_context,kmeans,2,40934,1,C1,-2.508740714730454,2.2564390532859058,synnetqos_m_00040935,S042_04093,2025-08-14 13:45:49.753700,1,Degraded
reduced_context,kmeans,2,40938,1,C1,-2.4110605197228314,0.44499126803103306,synnetqos_m_00040939,S042_04093,2025-08-14 13:49:49.753700,1,Degraded
reduced_context,kmeans,2,40940,1,C1,-2.4657521680026093,0.13897734339532697,synnetqos_m_00040941,S042_04094,2025-07-30 02:40:26.057822,1,Degraded
reduced_context,kmeans,2,40965,1,C1,0.2639272135731782,-0.5998738536183246,synnetqos_m_00040966,S042_04096,2025-08-08 13:03:40.625716,0,Not degraded
reduced_context,kmeans,2,40966,1,C1,0.3322109778608819,0.5247169842633169,synnetqos_m_00040967,S042_04096,2025-08-08 13:04:40.625716,1,Degraded
reduced_context,kmeans,2,40970,1,C1,-0.22140047099694224,-1.1209962354608782,synnetqos_m_00040971,S042_04097,2025-08-07 08:11:28.913699,1,Degraded
reduced_context,kmeans,2,40973,1,C1,-0.710250879314789,-0.7904757052910503,synnetqos_m_00040974,S042_04097,2025-08-07 08:14:28.913699,1,Degraded
reduced_context,kmeans,2,40974,0,C0,1.2897402132628684,-1.0052119658148386,synnetqos_m_00040975,S042_04097,2025-08-07 08:15:28.913699,0,Not degraded
reduced_context,kmeans,2,40998,1,C1,-1.7018672082608108,3.5449831607381,synnetqos_m_00040999,S042_04099,2025-08-01 08:52:03.119375,1,Degraded
reduced_context,kmeans,2,41013,0,C0,3.6480406314602134,-1.443669857289823,synnetqos_m_00041014,S042_04101,2025-07-31 05:54:30.360694,0,Not degraded
reduced_context,kmeans,2,41015,0,C0,1.7830450783698613,-1.0158690653581537,synnetqos_m_00041016,S042_04101,2025-07-31 05:56:30.360694,0,Not degraded
reduced_context,kmeans,2,41023,1,C1,-2.0353572097152575,-0.6448902254233048,synnetqos_m_00041024,S042_04102,2025-08-15 00:38:03.335612,1,Degraded
reduced_context,kmeans,2,41055,0,C0,4.83957005567958,-1.7958030181086335,synnetqos_m_00041056,S042_04105,2025-08-09 18:26:27.109486,0,Not degraded
reduced_context,kmeans,2,41066,1,C1,-0.1422852283822995,-0.4835319900697788,synnetqos_m_00041067,S042_04106,2025-08-16 22:02:23.713463,1,Degraded
reduced_context,kmeans,2,41070,0,C0,1.3278298463170233,-0.37557699633105357,synnetqos_m_00041071,S042_04107,2025-08-10 01:42:14.436965,0,Not degraded
reduced_context,kmeans,2,41071,0,C0,2.8532441592729945,-1.3957671291655962,synnetqos_m_00041072,S042_04107,2025-08-10 01:43:14.436965,0,Not degraded
reduced_context,kmeans,2,41086,1,C1,-1.142116525083996,-0.33139699203356676,synnetqos_m_00041087,S042_04108,2025-08-25 13:16:59.113868,1,Degraded
reduced_context,kmeans,2,41087,1,C1,-2.091448357203932,0.433642073936424,synnetqos_m_00041088,S042_04108,2025-08-25 13:17:59.113868,1,Degraded
reduced_context,kmeans,2,41096,1,C1,-1.3520126705535542,3.887327121892653,synnetqos_m_00041097,S042_04109,2025-08-03 09:58:33.605580,1,Degraded
reduced_context,kmeans,2,41108,0,C0,2.3076101663649538,1.9391054794833984,synnetqos_m_00041109,S042_04110,2025-08-14 18:00:10.466313,0,Not degraded
reduced_context,kmeans,2,41130,1,C1,-1.115012271203568,-0.7911501258103684,synnetqos_m_00041131,S042_04113,2025-08-12 20:52:38.606660,1,Degraded
reduced_context,kmeans,2,41131,1,C1,-0.7286528310070802,-0.8292973224749657,synnetqos_m_00041132,S042_04113,2025-08-12 20:53:38.606660,0,Not degraded
reduced_context,kmeans,2,41153,0,C0,2.9837700680550143,-0.06432029329656065,synnetqos_m_00041154,S042_04115,2025-07-30 04:07:40.811415,0,Not degraded
reduced_context,kmeans,2,41159,0,C0,2.197500836520839,-1.430604509449421,synnetqos_m_00041160,S042_04115,2025-07-30 04:13:40.811415,0,Not degraded
reduced_context,kmeans,2,41192,1,C1,-0.9755138063338389,-0.6301135257664715,synnetqos_m_00041193,S042_04119,2025-08-01 05:08:24.093801,1,Degraded
reduced_context,kmeans,2,41197,1,C1,0.197048089815372,-1.7978466429853617,synnetqos_m_00041198,S042_04119,2025-08-01 05:13:24.093801,1,Degraded
reduced_context,kmeans,2,41227,1,C1,-0.7756108427325962,-0.6289072539579446,synnetqos_m_00041228,S042_04122,2025-08-08 09:47:41.882864,1,Degraded
reduced_context,kmeans,2,41241,1,C1,-1.2477806791343666,1.4824203191763536,synnetqos_m_00041242,S042_04124,2025-08-06 06:24:10.453109,1,Degraded
reduced_context,kmeans,2,41276,0,C0,1.9788797469760762,-0.17891080820076333,synnetqos_m_00041277,S042_04127,2025-08-02 17:20:24.393136,0,Not degraded
reduced_context,kmeans,2,41290,1,C1,-2.8446253087502966,-0.08560540027017575,synnetqos_m_00041291,S042_04129,2025-08-06 02:46:20.413284,1,Degraded
reduced_context,kmeans,2,41309,0,C0,2.896897802915113,-2.093707773233425,synnetqos_m_00041310,S042_04130,2025-08-18 20:38:52.137680,0,Not degraded
reduced_context,kmeans,2,41316,1,C1,-1.155052052530858,-1.064925148394964,synnetqos_m_00041317,S042_04131,2025-08-21 15:01:06.719798,1,Degraded
reduced_context,kmeans,2,41319,1,C1,-1.156394116061666,-0.8456502450375549,synnetqos_m_00041320,S042_04131,2025-08-21 15:04:06.719798,1,Degraded
reduced_context,kmeans,2,41350,1,C1,-2.49148602042564,0.2030623441925454,synnetqos_m_00041351,S042_04135,2025-08-20 04:16:20.815598,0,Not degraded
reduced_context,kmeans,2,41352,1,C1,-3.3385121546023577,0.23315774251958774,synnetqos_m_00041353,S042_04135,2025-08-20 04:18:20.815598,1,Degraded
reduced_context,kmeans,2,41363,1,C1,-1.3578486675103558,-0.9948184242110907,synnetqos_m_00041364,S042_04136,2025-07-26 18:17:03.006215,1,Degraded
reduced_context,kmeans,2,41374,1,C1,-1.1446158164088849,-0.5008568988247323,synnetqos_m_00041375,S042_04137,2025-08-23 17:00:01.271019,0,Not degraded
reduced_context,kmeans,2,41398,1,C1,-0.6015458595131401,-0.6206891960908711,synnetqos_m_00041399,S042_04139,2025-07-27 14:07:39.878850,0,Not degraded
reduced_context,kmeans,2,41403,1,C1,-0.2734755000691143,1.6762614694313243,synnetqos_m_00041404,S042_04140,2025-07-30 06:39:03.799023,1,Degraded
reduced_context,kmeans,2,41422,1,C1,-1.273301255661575,1.313516033618634,synnetqos_m_00041423,S042_04142,2025-08-24 04:16:00.283169,1,Degraded
reduced_context,kmeans,2,41428,1,C1,-1.4534262585025763,-0.9166798029588948,synnetqos_m_00041429,S042_04142,2025-08-24 04:22:00.283169,0,Not degraded
reduced_context,kmeans,2,41431,1,C1,-0.7379353876328238,0.4154727466757177,synnetqos_m_00041432,S042_04143,2025-07-27 08:24:00.141131,1,Degraded
reduced_context,kmeans,2,41432,1,C1,-1.4898731254905209,-1.178361751726606,synnetqos_m_00041433,S042_04143,2025-07-27 08:25:00.141131,1,Degraded
reduced_context,kmeans,2,41447,1,C1,-1.5748552794990627,-0.49877752624093113,synnetqos_m_00041448,S042_04144,2025-07-31 07:34:50.600561,1,Degraded
reduced_context,kmeans,2,41451,1,C1,-3.6880164421889092,0.8651500225611768,synnetqos_m_00041452,S042_04145,2025-08-08 03:03:12.325141,1,Degraded
reduced_context,kmeans,2,41453,1,C1,-3.0937044532025935,-0.111387725251363,synnetqos_m_00041454,S042_04145,2025-08-08 03:05:12.325141,1,Degraded
reduced_context,kmeans,2,41458,1,C1,-3.5690814484421076,2.1514114174940837,synnetqos_m_00041459,S042_04145,2025-08-08 03:10:12.325141,1,Degraded
reduced_context,kmeans,2,41466,0,C0,2.549914333730984,-1.631517790006084,synnetqos_m_00041467,S042_04146,2025-08-17 05:24:20.472203,0,Not degraded
reduced_context,kmeans,2,41485,1,C1,-0.4407787835567456,-0.7470436740301533,synnetqos_m_00041486,S042_04148,2025-08-05 13:08:26.302073,0,Not degraded
reduced_context,kmeans,2,41498,1,C1,-3.0926999883674333,0.45774107299972056,synnetqos_m_00041499,S042_04149,2025-08-16 06:44:31.101288,1,Degraded
reduced_context,kmeans,2,41506,0,C0,1.1001477671350464,-1.0082678480115228,synnetqos_m_00041507,S042_04150,2025-08-17 05:34:52.515616,0,Not degraded
reduced_context,kmeans,2,41548,0,C0,3.6255339158831243,-0.12436253508779913,synnetqos_m_00041549,S042_04154,2025-08-15 07:21:31.570126,0,Not degraded
reduced_context,kmeans,2,41553,1,C1,-0.24736890109559603,-1.3915967680251369,synnetqos_m_00041554,S042_04155,2025-08-24 09:15:49.568733,1,Degraded
reduced_context,kmeans,2,41557,1,C1,-0.4796642460224955,-0.5746978136808306,synnetqos_m_00041558,S042_04155,2025-08-24 09:19:49.568733,0,Not degraded
reduced_context,kmeans,2,41579,1,C1,-2.071522940127778,0.6436525744194311,synnetqos_m_00041580,S042_04157,2025-08-20 12:43:08.850143,1,Degraded
reduced_context,kmeans,2,41580,1,C1,-0.23629370903519467,-0.5703888213374841,synnetqos_m_00041581,S042_04158,2025-08-16 04:06:20.663824,0,Not degraded
reduced_context,kmeans,2,41587,1,C1,-0.16019062144663546,-0.24784717107274626,synnetqos_m_00041588,S042_04158,2025-08-16 04:13:20.663824,0,Not degraded
reduced_context,kmeans,2,41592,1,C1,0.2173793269124953,-0.481736633404543,synnetqos_m_00041593,S042_04159,2025-08-02 02:39:03.668512,0,Not degraded
reduced_context,kmeans,2,41593,0,C0,0.7755266135471663,-0.5455059578167808,synnetqos_m_00041594,S042_04159,2025-08-02 02:40:03.668512,0,Not degraded
reduced_context,kmeans,2,41609,0,C0,5.258025204835408,-2.0252679002851766,synnetqos_m_00041610,S042_04160,2025-07-29 01:19:40.924017,0,Not degraded
reduced_context,kmeans,2,41610,1,C1,-1.7765891957556146,-0.7148893566728752,synnetqos_m_00041611,S042_04161,2025-08-13 01:50:27.656947,1,Degraded
reduced_context,kmeans,2,41613,1,C1,-0.6762401832260476,-0.950167280731701,synnetqos_m_00041614,S042_04161,2025-08-13 01:53:27.656947,0,Not degraded
reduced_context,kmeans,2,41624,1,C1,0.11781613222007517,-0.13782973282519134,synnetqos_m_00041625,S042_04162,2025-08-09 05:28:27.675780,1,Degraded
reduced_context,kmeans,2,41636,1,C1,-1.8064122787551524,-0.6250724826678955,synnetqos_m_00041637,S042_04163,2025-08-15 17:57:00.084633,1,Degraded
reduced_context,kmeans,2,41641,0,C0,3.9561929498311175,-0.882449640224435,synnetqos_m_00041642,S042_04164,2025-07-30 05:42:46.456174,0,Not degraded
reduced_context,kmeans,2,41653,1,C1,-0.6882132439027437,-1.1097441530851835,synnetqos_m_00041654,S042_04165,2025-08-03 13:55:03.163101,1,Degraded
reduced_context,kmeans,2,41667,1,C1,-0.9531693701640614,-1.2518899688581469,synnetqos_m_00041668,S042_04166,2025-08-20 21:53:15.817787,1,Degraded
reduced_context,kmeans,2,41683,1,C1,-1.0520644883493824,-0.42132507316872386,synnetqos_m_00041684,S042_04168,2025-07-29 19:21:14.534161,1,Degraded
reduced_context,kmeans,2,41685,1,C1,-0.780848135049087,-0.8104720642486691,synnetqos_m_00041686,S042_04168,2025-07-29 19:23:14.534161,0,Not degraded
reduced_context,kmeans,2,41694,1,C1,-0.6129707281468402,-0.04163816726093962,synnetqos_m_00041695,S042_04169,2025-08-02 07:38:23.652803,1,Degraded
reduced_context,kmeans,2,41696,1,C1,-1.640103444470494,-0.5160627196037676,synnetqos_m_00041697,S042_04169,2025-08-02 07:40:23.652803,1,Degraded
reduced_context,kmeans,2,41699,1,C1,-1.1886684654678383,0.39247334566639663,synnetqos_m_00041700,S042_04169,2025-08-02 07:43:23.652803,1,Degraded
reduced_context,kmeans,2,41708,0,C0,1.4701929708061463,3.049690918805008,synnetqos_m_00041709,S042_04170,2025-08-03 06:45:31.073527,1,Degraded
reduced_context,kmeans,2,41710,1,C1,-0.08091418439035294,-1.6150987106952104,synnetqos_m_00041711,S042_04171,2025-08-17 05:17:59.804115,1,Degraded
reduced_context,kmeans,2,41740,1,C1,-1.1069706887266417,-0.8308885186278256,synnetqos_m_00041741,S042_04174,2025-07-30 15:23:02.683594,1,Degraded
reduced_context,kmeans,2,41742,1,C1,-1.9428018912129938,-0.5180505952830171,synnetqos_m_00041743,S042_04174,2025-07-30 15:25:02.683594,1,Degraded
reduced_context,kmeans,2,41743,1,C1,-1.6059494104095615,1.636897729890758,synnetqos_m_00041744,S042_04174,2025-07-30 15:26:02.683594,1,Degraded
reduced_context,kmeans,2,41745,1,C1,-1.5742583706622502,-1.0509937861494871,synnetqos_m_00041746,S042_04174,2025-07-30 15:28:02.683594,1,Degraded
reduced_context,kmeans,2,41746,1,C1,-1.2928707447204828,0.45350442402078783,synnetqos_m_00041747,S042_04174,2025-07-30 15:29:02.683594,1,Degraded
reduced_context,kmeans,2,41767,1,C1,-0.0036573066227346684,-0.36538089895628073,synnetqos_m_00041768,S042_04176,2025-07-28 13:17:46.506024,0,Not degraded
reduced_context,kmeans,2,41771,1,C1,-2.351352628266671,-0.583664574247979,synnetqos_m_00041772,S042_04177,2025-08-22 21:59:14.963226,1,Degraded
reduced_context,kmeans,2,41798,1,C1,0.6283460569668499,0.9026099907411478,synnetqos_m_00041799,S042_04179,2025-08-11 05:49:06.185628,0,Not degraded
reduced_context,kmeans,2,41801,0,C0,2.3548743670079886,0.4666275107687099,synnetqos_m_00041802,S042_04180,2025-08-23 22:12:40.055337,0,Not degraded
reduced_context,kmeans,2,41818,0,C0,0.8724746400376491,1.090567787958304,synnetqos_m_00041819,S042_04181,2025-07-27 06:51:19.331724,0,Not degraded
reduced_context,kmeans,2,41824,1,C1,-0.7430755485260797,-0.901212030472183,synnetqos_m_00041825,S042_04182,2025-08-07 19:58:37.978008,1,Degraded
reduced_context,kmeans,2,41848,1,C1,-0.09121820973970043,-1.2340210225420791,synnetqos_m_00041849,S042_04184,2025-08-08 07:34:12.884525,0,Not degraded
reduced_context,kmeans,2,41857,0,C0,1.567025187555196,0.27656884255385406,synnetqos_m_00041858,S042_04185,2025-08-11 19:17:39.235858,0,Not degraded
reduced_context,kmeans,2,41870,1,C1,-2.4117856617463453,0.09836687768511324,synnetqos_m_00041871,S042_04187,2025-08-15 02:43:55.974819,0,Not degraded
reduced_context,kmeans,2,41876,1,C1,-0.1473346902172051,1.806070211419828,synnetqos_m_00041877,S042_04187,2025-08-15 02:49:55.974819,0,Not degraded
reduced_context,kmeans,2,41895,0,C0,2.1568899442777973,1.1042868552485465,synnetqos_m_00041896,S042_04189,2025-08-05 09:52:06.401898,1,Degraded
reduced_context,kmeans,2,41918,1,C1,-0.8881985879787399,-0.5980343923223778,synnetqos_m_00041919,S042_04191,2025-08-18 23:05:32.798776,0,Not degraded
reduced_context,kmeans,2,41947,1,C1,-1.679321439818317,-0.5080948476736745,synnetqos_m_00041948,S042_04194,2025-07-29 22:38:58.604081,1,Degraded
reduced_context,kmeans,2,41951,1,C1,-2.569182415064951,0.11031569420350656,synnetqos_m_00041952,S042_04195,2025-08-17 22:43:29.289376,1,Degraded
reduced_context,kmeans,2,41997,1,C1,-0.5550358598770103,-0.6361863606662669,synnetqos_m_00041998,S042_04199,2025-08-05 17:07:08.959160,0,Not degraded
reduced_context,kmeans,2,42008,1,C1,-0.6313997190860707,-1.3171018158930838,synnetqos_m_00042009,S042_04200,2025-08-24 13:03:46.751615,1,Degraded
reduced_context,kmeans,2,42018,1,C1,-2.2864510436097207,-0.1781030365883539,synnetqos_m_00042019,S042_04201,2025-08-23 10:47:14.191092,1,Degraded
reduced_context,kmeans,2,42040,1,C1,-0.06028907045142263,0.04946129641077859,synnetqos_m_00042041,S042_04204,2025-08-18 01:43:54.467463,0,Not degraded
reduced_context,kmeans,2,42049,1,C1,0.2322851334152923,-1.18715093724132,synnetqos_m_00042050,S042_04204,2025-08-18 01:52:54.467463,0,Not degraded
reduced_context,kmeans,2,42051,1,C1,-0.10417298017081186,-0.5455712687114119,synnetqos_m_00042052,S042_04205,2025-08-19 19:29:53.897671,0,Not degraded
reduced_context,kmeans,2,42065,0,C0,1.305248370731848,-1.2260086004218156,synnetqos_m_00042066,S042_04206,2025-08-15 11:17:58.856499,0,Not degraded
reduced_context,kmeans,2,42066,0,C0,2.282344744851276,-0.6145831651737834,synnetqos_m_00042067,S042_04206,2025-08-15 11:18:58.856499,0,Not degraded
reduced_context,kmeans,2,42069,1,C1,0.5826852909472111,1.0914054545506156,synnetqos_m_00042070,S042_04206,2025-08-15 11:21:58.856499,1,Degraded
reduced_context,kmeans,2,42085,1,C1,-1.4628135312644146,-0.7310058609653302,synnetqos_m_00042086,S042_04208,2025-07-29 10:41:23.166828,1,Degraded
reduced_context,kmeans,2,42104,1,C1,0.13062931999684657,-0.6363014612912488,synnetqos_m_00042105,S042_04210,2025-08-16 12:24:33.176781,0,Not degraded
reduced_context,kmeans,2,42117,1,C1,-1.1241159356688986,-0.952624958599039,synnetqos_m_00042118,S042_04211,2025-07-31 02:39:43.788750,1,Degraded
reduced_context,kmeans,2,42144,1,C1,-0.9858363742751166,-0.16947941306060463,synnetqos_m_00042145,S042_04214,2025-07-27 04:17:05.662537,1,Degraded
reduced_context,kmeans,2,42163,1,C1,-2.42940948027571,0.20956090061429003,synnetqos_m_00042164,S042_04216,2025-08-12 02:23:30.560715,1,Degraded
reduced_context,kmeans,2,42166,1,C1,-0.9534824718574204,-0.35510118894469267,synnetqos_m_00042167,S042_04216,2025-08-12 02:26:30.560715,0,Not degraded
reduced_context,kmeans,2,42176,0,C0,3.133203887466084,-1.8285837615742335,synnetqos_m_00042177,S042_04217,2025-08-01 12:19:52.672529,0,Not degraded
reduced_context,kmeans,2,42183,0,C0,2.1958218065060473,0.19487945834168854,synnetqos_m_00042184,S042_04218,2025-07-30 18:09:40.484885,0,Not degraded
reduced_context,kmeans,2,42208,1,C1,-1.1497055982448294,-0.024279659943332234,synnetqos_m_00042209,S042_04220,2025-08-15 19:36:09.847559,1,Degraded
reduced_context,kmeans,2,42215,0,C0,1.5968264659250946,-1.2914838573383438,synnetqos_m_00042216,S042_04221,2025-08-24 17:45:30.020201,0,Not degraded
reduced_context,kmeans,2,42217,0,C0,3.5295816375856153,-0.11374824175584292,synnetqos_m_00042218,S042_04221,2025-08-24 17:47:30.020201,0,Not degraded
reduced_context,kmeans,2,42219,0,C0,1.6346390982233023,-1.1412464292868232,synnetqos_m_00042220,S042_04221,2025-08-24 17:49:30.020201,0,Not degraded
reduced_context,kmeans,2,42228,1,C1,0.602713511049751,0.08039350606380602,synnetqos_m_00042229,S042_04222,2025-08-20 07:20:10.578521,0,Not degraded
reduced_context,kmeans,2,42238,0,C0,1.706734195139624,-0.27851886591605673,synnetqos_m_00042239,S042_04223,2025-08-01 00:37:10.030557,0,Not degraded
reduced_context,kmeans,2,42248,1,C1,-1.0508938376102934,0.29674407688219456,synnetqos_m_00042249,S042_04224,2025-08-16 10:06:26.783524,1,Degraded
reduced_context,kmeans,2,42251,1,C1,-0.8737922670988261,-1.094671304409748,synnetqos_m_00042252,S042_04225,2025-07-29 14:29:12.294659,1,Degraded
reduced_context,kmeans,2,42258,1,C1,-1.4260392656524843,-1.2033348667704624,synnetqos_m_00042259,S042_04225,2025-07-29 14:36:12.294659,1,Degraded
reduced_context,kmeans,2,42272,0,C0,1.2087429473210902,-0.5533399519216122,synnetqos_m_00042273,S042_04227,2025-08-11 08:11:58.584565,0,Not degraded
reduced_context,kmeans,2,42282,0,C0,1.264048135641862,-1.1482785904642843,synnetqos_m_00042283,S042_04228,2025-08-07 23:06:17.373801,0,Not degraded
reduced_context,kmeans,2,42303,1,C1,-0.40223180757213994,0.3038865190188459,synnetqos_m_00042304,S042_04230,2025-08-17 14:14:40.514820,1,Degraded
reduced_context,kmeans,2,42304,1,C1,-0.409621483084233,3.269673153425353,synnetqos_m_00042305,S042_04230,2025-08-17 14:15:40.514820,1,Degraded
reduced_context,kmeans,2,42312,0,C0,2.2809659504729,-0.8737156465338618,synnetqos_m_00042313,S042_04231,2025-08-12 16:13:25.524573,0,Not degraded
reduced_context,kmeans,2,42325,0,C0,1.5566478091168372,0.3751171099998045,synnetqos_m_00042326,S042_04232,2025-08-20 13:10:52.494641,1,Degraded
reduced_context,kmeans,2,42339,1,C1,-0.8077918321829165,-0.12328978757137327,synnetqos_m_00042340,S042_04233,2025-08-19 04:57:19.786109,0,Not degraded
reduced_context,kmeans,2,42340,1,C1,-1.3273713196474013,0.19339346053757492,synnetqos_m_00042341,S042_04234,2025-08-11 14:08:30.905036,0,Not degraded
reduced_context,kmeans,2,42346,1,C1,-1.9805797253092603,0.3605925580186677,synnetqos_m_00042347,S042_04234,2025-08-11 14:14:30.905036,1,Degraded
reduced_context,kmeans,2,42349,1,C1,-2.1135815307811825,0.2477236866964244,synnetqos_m_00042350,S042_04234,2025-08-11 14:17:30.905036,1,Degraded
reduced_context,kmeans,2,42354,0,C0,3.738279853612294,-1.4679874696003987,synnetqos_m_00042355,S042_04235,2025-08-10 10:24:21.087359,0,Not degraded
reduced_context,kmeans,2,42356,0,C0,5.078213004320263,-1.3410450029759027,synnetqos_m_00042357,S042_04235,2025-08-10 10:26:21.087359,0,Not degraded
reduced_context,kmeans,2,42361,0,C0,1.3256090881928537,2.7595211801665047,synnetqos_m_00042362,S042_04236,2025-08-25 06:58:15.590951,0,Not degraded
reduced_context,kmeans,2,42366,1,C1,-0.14073105377497414,-1.106423102392098,synnetqos_m_00042367,S042_04236,2025-08-25 07:03:15.590951,1,Degraded
reduced_context,kmeans,2,42369,1,C1,-0.9726881189747685,-0.274570310151991,synnetqos_m_00042370,S042_04236,2025-08-25 07:06:15.590951,1,Degraded
reduced_context,kmeans,2,42374,1,C1,-0.9460788825324086,3.20983851140095,synnetqos_m_00042375,S042_04237,2025-08-02 13:47:24.561358,1,Degraded
reduced_context,kmeans,2,42378,1,C1,0.3528592537571451,1.7454940760907207,synnetqos_m_00042379,S042_04237,2025-08-02 13:51:24.561358,0,Not degraded
reduced_context,kmeans,2,42381,0,C0,2.424949985187621,3.4024109992919906,synnetqos_m_00042382,S042_04238,2025-08-09 22:46:32.647719,1,Degraded
reduced_context,kmeans,2,42391,1,C1,-1.023221780443054,-0.4413562306783473,synnetqos_m_00042392,S042_04239,2025-08-12 06:54:07.199950,1,Degraded
reduced_context,kmeans,2,42400,0,C0,1.5922214644644515,-0.6688398213682915,synnetqos_m_00042401,S042_04240,2025-08-17 01:54:04.307647,0,Not degraded
reduced_context,kmeans,2,42404,0,C0,2.743588234931904,0.6064668349728902,synnetqos_m_00042405,S042_04240,2025-08-17 01:58:04.307647,0,Not degraded
reduced_context,kmeans,2,42408,0,C0,4.848489694079193,-3.2818220368913753,synnetqos_m_00042409,S042_04240,2025-08-17 02:02:04.307647,0,Not degraded
reduced_context,kmeans,2,42410,1,C1,-2.302120580814443,-0.11436622060956961,synnetqos_m_00042411,S042_04241,2025-07-30 14:52:07.370039,1,Degraded
reduced_context,kmeans,2,42411,1,C1,-2.4703699425721237,0.6383450838181739,synnetqos_m_00042412,S042_04241,2025-07-30 14:53:07.370039,1,Degraded
reduced_context,kmeans,2,42413,1,C1,-2.344446383197751,0.5237985125104435,synnetqos_m_00042414,S042_04241,2025-07-30 14:55:07.370039,1,Degraded
reduced_context,kmeans,2,42447,0,C0,0.8217733324653446,-0.10449724862596307,synnetqos_m_00042448,S042_04244,2025-08-22 09:41:45.676817,1,Degraded
reduced_context,kmeans,2,42486,1,C1,-0.5400866798982611,-0.06399645158127992,synnetqos_m_00042487,S042_04248,2025-08-21 13:23:28.232011,1,Degraded
reduced_context,kmeans,2,42487,0,C0,1.0215185870588397,-0.6869317518377994,synnetqos_m_00042488,S042_04248,2025-08-21 13:24:28.232011,0,Not degraded
reduced_context,kmeans,2,42488,1,C1,-0.32070608708819115,3.488236400994883,synnetqos_m_00042489,S042_04248,2025-08-21 13:25:28.232011,1,Degraded
reduced_context,kmeans,2,42492,1,C1,-0.6295910382325121,-0.34139238965147506,synnetqos_m_00042493,S042_04249,2025-08-11 16:15:26.009233,0,Not degraded
reduced_context,kmeans,2,42522,0,C0,2.606552829963297,-0.5127267547141017,synnetqos_m_00042523,S042_04252,2025-08-06 15:34:04.852672,0,Not degraded
reduced_context,kmeans,2,42529,1,C1,-0.1950694841307799,-0.4520831530093359,synnetqos_m_00042530,S042_04252,2025-08-06 15:41:04.852672,0,Not degraded
reduced_context,kmeans,2,42536,1,C1,0.2393598451005624,-1.2844001842395987,synnetqos_m_00042537,S042_04253,2025-08-22 10:02:06.087017,0,Not degraded
reduced_context,kmeans,2,42545,1,C1,0.5824280004473257,-0.3298609858749912,synnetqos_m_00042546,S042_04254,2025-08-18 13:09:07.641231,1,Degraded
reduced_context,kmeans,2,42552,0,C0,2.0289582789082097,3.673303610476473,synnetqos_m_00042553,S042_04255,2025-08-02 11:33:07.797728,1,Degraded
reduced_context,kmeans,2,42583,0,C0,1.6357569596729347,-1.455865387134525,synnetqos_m_00042584,S042_04258,2025-08-13 22:09:37.908980,0,Not degraded
reduced_context,kmeans,2,42594,1,C1,-1.3129371592864663,-0.8118840302314663,synnetqos_m_00042595,S042_04259,2025-08-15 09:21:13.393064,1,Degraded
reduced_context,kmeans,2,42607,1,C1,-0.6507535663396316,-0.17590537465264505,synnetqos_m_00042608,S042_04260,2025-08-06 17:22:27.249553,1,Degraded
reduced_context,kmeans,2,42608,1,C1,-1.3134597058795465,-0.5435034457668058,synnetqos_m_00042609,S042_04260,2025-08-06 17:23:27.249553,1,Degraded
reduced_context,kmeans,2,42615,1,C1,0.1295776317383248,-0.20699387071742004,synnetqos_m_00042616,S042_04261,2025-08-17 01:59:08.122784,0,Not degraded
reduced_context,kmeans,2,42625,0,C0,0.7857295721326978,-1.0592871284465122,synnetqos_m_00042626,S042_04262,2025-08-21 01:57:00.361174,0,Not degraded
reduced_context,kmeans,2,42633,1,C1,-2.35162468516187,-0.6356178447036707,synnetqos_m_00042634,S042_04263,2025-08-20 10:44:41.301440,1,Degraded
reduced_context,kmeans,2,42659,0,C0,1.0571622594537957,2.398016472693073,synnetqos_m_00042660,S042_04265,2025-08-22 20:49:23.693693,1,Degraded
reduced_context,kmeans,2,42682,1,C1,-1.2742811066961894,-0.6508332218998152,synnetqos_m_00042683,S042_04268,2025-08-11 15:51:40.049354,1,Degraded
reduced_context,kmeans,2,42685,1,C1,-0.46665941969418906,-0.9206619338210591,synnetqos_m_00042686,S042_04268,2025-08-11 15:54:40.049354,0,Not degraded
reduced_context,kmeans,2,42686,1,C1,-2.3833982788444494,-0.2262924403653319,synnetqos_m_00042687,S042_04268,2025-08-11 15:55:40.049354,1,Degraded
reduced_context,kmeans,2,42690,1,C1,0.18082741274326083,-0.4101966403871359,synnetqos_m_00042691,S042_04269,2025-07-28 21:55:27.917115,0,Not degraded
reduced_context,kmeans,2,42698,1,C1,0.09093168697402748,-0.5451895785521454,synnetqos_m_00042699,S042_04269,2025-07-28 22:03:27.917115,0,Not degraded
reduced_context,kmeans,2,42712,1,C1,0.32636799006349904,-0.7510895920168846,synnetqos_m_00042713,S042_04271,2025-08-16 13:32:24.070360,0,Not degraded
reduced_context,kmeans,2,42715,0,C0,1.3046024621901875,-0.5094037508250486,synnetqos_m_00042716,S042_04271,2025-08-16 13:35:24.070360,0,Not degraded
reduced_context,kmeans,2,42721,1,C1,-0.4323221800920257,5.1463280350968486,synnetqos_m_00042722,S042_04272,2025-08-13 00:12:42.348813,1,Degraded
reduced_context,kmeans,2,42722,1,C1,-1.0474099502617118,4.226426029555184,synnetqos_m_00042723,S042_04272,2025-08-13 00:13:42.348813,1,Degraded
reduced_context,kmeans,2,42740,1,C1,-0.15961727372417508,2.934189377688536,synnetqos_m_00042741,S042_04274,2025-08-20 23:18:22.869721,1,Degraded
reduced_context,kmeans,2,42746,1,C1,-0.22731457136335878,3.8926244596121418,synnetqos_m_00042747,S042_04274,2025-08-20 23:24:22.869721,1,Degraded
reduced_context,kmeans,2,42748,1,C1,-2.245439284518511,-0.22196279205121194,synnetqos_m_00042749,S042_04274,2025-08-20 23:26:22.869721,1,Degraded
reduced_context,kmeans,2,42751,1,C1,-0.7334919709392296,-0.4513265749183322,synnetqos_m_00042752,S042_04275,2025-08-04 22:04:34.554157,1,Degraded
reduced_context,kmeans,2,42775,0,C0,4.015066849992116,-1.6291158173476643,synnetqos_m_00042776,S042_04277,2025-08-19 00:19:44.637792,0,Not degraded
reduced_context,kmeans,2,42776,0,C0,4.886547354228474,2.9407131274285794,synnetqos_m_00042777,S042_04277,2025-08-19 00:20:44.637792,0,Not degraded
reduced_context,kmeans,2,42785,1,C1,-1.3602321356592728,0.14639948991503907,synnetqos_m_00042786,S042_04278,2025-08-21 04:19:14.067519,0,Not degraded
reduced_context,kmeans,2,42794,0,C0,2.5197829545316686,0.16066946245786148,synnetqos_m_00042795,S042_04279,2025-08-06 19:53:53.455909,0,Not degraded
reduced_context,kmeans,2,42807,0,C0,1.572159686312984,-0.9874926077238065,synnetqos_m_00042808,S042_04280,2025-07-27 17:25:52.031233,1,Degraded
reduced_context,kmeans,2,42821,1,C1,-1.322885468737942,-0.013433169689730955,synnetqos_m_00042822,S042_04282,2025-07-30 20:03:45.922880,0,Not degraded
reduced_context,kmeans,2,42848,1,C1,-0.6849967884310375,-0.9586763540271063,synnetqos_m_00042849,S042_04284,2025-08-01 12:32:22.812904,1,Degraded
reduced_context,kmeans,2,42850,0,C0,0.9453327264679005,-0.32339181107885817,synnetqos_m_00042851,S042_04285,2025-08-02 03:53:35.754067,0,Not degraded
reduced_context,kmeans,2,42854,0,C0,3.1827205730719186,0.9808683587504725,synnetqos_m_00042855,S042_04285,2025-08-02 03:57:35.754067,0,Not degraded
reduced_context,kmeans,2,42868,1,C1,-1.0145616015850685,-0.9819094917055103,synnetqos_m_00042869,S042_04286,2025-08-01 07:47:17.647517,1,Degraded
reduced_context,kmeans,2,42871,0,C0,3.1515567931911166,-0.9956302711205601,synnetqos_m_00042872,S042_04287,2025-08-16 14:16:32.465499,0,Not degraded
reduced_context,kmeans,2,42882,1,C1,0.2764351252348589,0.6054411883686923,synnetqos_m_00042883,S042_04288,2025-08-22 12:22:02.236948,1,Degraded
reduced_context,kmeans,2,42892,1,C1,-0.8129351512977302,-1.6023758057572823,synnetqos_m_00042893,S042_04289,2025-08-18 12:42:53.114596,1,Degraded
reduced_context,kmeans,2,42895,1,C1,-1.0649599745704688,-1.466485918173614,synnetqos_m_00042896,S042_04289,2025-08-18 12:45:53.114596,1,Degraded
reduced_context,kmeans,2,42900,1,C1,-1.278909783262923,-0.813119564369288,synnetqos_m_00042901,S042_04290,2025-08-05 21:25:02.758943,1,Degraded
reduced_context,kmeans,2,42902,1,C1,0.4527945887821271,0.5047535227025118,synnetqos_m_00042903,S042_04290,2025-08-05 21:27:02.758943,1,Degraded
reduced_context,kmeans,2,42910,1,C1,-1.5862965051245423,0.3358661121086665,synnetqos_m_00042911,S042_04291,2025-08-21 03:41:14.711742,1,Degraded
reduced_context,kmeans,2,42916,1,C1,-1.1008129476407686,-1.1379422223876712,synnetqos_m_00042917,S042_04291,2025-08-21 03:47:14.711742,1,Degraded
reduced_context,kmeans,2,42936,0,C0,1.1237498804056214,-1.6370266713727584,synnetqos_m_00042937,S042_04293,2025-08-12 09:49:50.740550,0,Not degraded
reduced_context,kmeans,2,42956,1,C1,-2.252990449759815,-0.17049074141634615,synnetqos_m_00042957,S042_04295,2025-08-06 10:26:48.101688,1,Degraded
reduced_context,kmeans,2,42962,1,C1,-0.7498465809670778,-0.5932408183860877,synnetqos_m_00042963,S042_04296,2025-08-16 01:15:13.572650,1,Degraded
reduced_context,kmeans,2,42966,1,C1,-1.1540756388634,-0.07266321543736322,synnetqos_m_00042967,S042_04296,2025-08-16 01:19:13.572650,1,Degraded
reduced_context,kmeans,2,42970,1,C1,-2.823487199749148,-0.07827628598440167,synnetqos_m_00042971,S042_04297,2025-08-08 14:08:57.643775,1,Degraded
reduced_context,kmeans,2,42988,0,C0,5.486920515705641,2.213704715167083,synnetqos_m_00042989,S042_04298,2025-08-05 08:15:10.064695,0,Not degraded
reduced_context,kmeans,2,42992,1,C1,0.003366506717482863,-0.0701922273400307,synnetqos_m_00042993,S042_04299,2025-08-23 19:08:04.992931,0,Not degraded
reduced_context,kmeans,2,43016,1,C1,-0.16458805702213639,3.7083309201581787,synnetqos_m_00043017,S042_04301,2025-07-29 19:15:09.234400,1,Degraded
reduced_context,kmeans,2,43024,1,C1,-1.3784232928254407,-0.33230313996875904,synnetqos_m_00043025,S042_04302,2025-08-14 23:08:31.533798,1,Degraded
reduced_context,kmeans,2,43025,1,C1,-0.9061757669034437,-1.3391991548748967,synnetqos_m_00043026,S042_04302,2025-08-14 23:09:31.533798,1,Degraded
reduced_context,kmeans,2,43029,1,C1,-0.4839365688376867,-0.8195110463323872,synnetqos_m_00043030,S042_04302,2025-08-14 23:13:31.533798,1,Degraded
reduced_context,kmeans,2,43043,1,C1,0.3029167061704448,-1.298096266271545,synnetqos_m_00043044,S042_04304,2025-08-02 17:32:58.846854,0,Not degraded
reduced_context,kmeans,2,43047,1,C1,-0.2531565961464885,-1.3503182687577056,synnetqos_m_00043048,S042_04304,2025-08-02 17:36:58.846854,1,Degraded
reduced_context,kmeans,2,43051,1,C1,-0.43369472259699954,-0.6371091137550561,synnetqos_m_00043052,S042_04305,2025-08-09 07:20:34.506668,1,Degraded
reduced_context,kmeans,2,43094,1,C1,-1.6966610568516602,-0.691972398053224,synnetqos_m_00043095,S042_04309,2025-08-22 18:21:40.963407,1,Degraded
reduced_context,kmeans,2,43101,1,C1,-1.363796202480513,-0.4266401610587573,synnetqos_m_00043102,S042_04310,2025-07-26 04:51:49.550333,0,Not degraded
reduced_context,kmeans,2,43104,1,C1,-0.45612039292182366,-1.1773058060432606,synnetqos_m_00043105,S042_04310,2025-07-26 04:54:49.550333,0,Not degraded
reduced_context,kmeans,2,43107,1,C1,-1.5893951755761673,-0.6460102354386552,synnetqos_m_00043108,S042_04310,2025-07-26 04:57:49.550333,1,Degraded
reduced_context,kmeans,2,43158,1,C1,-1.6299521217856099,0.03314960948271633,synnetqos_m_00043159,S042_04315,2025-08-04 10:30:05.354222,1,Degraded
reduced_context,kmeans,2,43164,0,C0,1.6341738967512196,3.1620184186621363,synnetqos_m_00043165,S042_04316,2025-08-18 05:12:20.342058,0,Not degraded
reduced_context,kmeans,2,43165,1,C1,-1.0391751379806702,-0.46065080179368456,synnetqos_m_00043166,S042_04316,2025-08-18 05:13:20.342058,0,Not degraded
reduced_context,kmeans,2,43170,1,C1,-2.922770419799259,0.15099730301099917,synnetqos_m_00043171,S042_04317,2025-08-10 11:40:58.459359,1,Degraded
reduced_context,kmeans,2,43181,0,C0,1.8033466532468934,0.3685127482452727,synnetqos_m_00043182,S042_04318,2025-08-17 08:05:51.356546,0,Not degraded
reduced_context,kmeans,2,43213,0,C0,2.0943557974930203,-0.307170227114928,synnetqos_m_00043214,S042_04321,2025-08-15 16:52:19.413485,0,Not degraded
reduced_context,kmeans,2,43219,0,C0,3.20351607041457,-0.850723275063955,synnetqos_m_00043220,S042_04321,2025-08-15 16:58:19.413485,0,Not degraded
reduced_context,kmeans,2,43220,0,C0,2.511382791217505,2.4647995963736853,synnetqos_m_00043221,S042_04322,2025-07-26 23:43:41.512012,0,Not degraded
reduced_context,kmeans,2,43222,1,C1,-1.0515359639786608,-0.198301721223494,synnetqos_m_00043223,S042_04322,2025-07-26 23:45:41.512012,1,Degraded
reduced_context,kmeans,2,43235,1,C1,-1.9806667694048823,-0.3735773004479059,synnetqos_m_00043236,S042_04323,2025-08-15 16:08:23.360751,1,Degraded
reduced_context,kmeans,2,43236,0,C0,1.361326341729294,-0.09965884762537439,synnetqos_m_00043237,S042_04323,2025-08-15 16:09:23.360751,0,Not degraded
reduced_context,kmeans,2,43239,1,C1,0.30844899099021195,0.9565748402520451,synnetqos_m_00043240,S042_04323,2025-08-15 16:12:23.360751,0,Not degraded
reduced_context,kmeans,2,43240,1,C1,-1.1055100406032277,-0.5839316247045299,synnetqos_m_00043241,S042_04324,2025-08-04 06:08:34.045859,1,Degraded
reduced_context,kmeans,2,43241,0,C0,1.3737570051393873,4.069419431050953,synnetqos_m_00043242,S042_04324,2025-08-04 06:09:34.045859,0,Not degraded
reduced_context,kmeans,2,43244,1,C1,-1.0882956806269894,-0.09751194655457637,synnetqos_m_00043245,S042_04324,2025-08-04 06:12:34.045859,1,Degraded
reduced_context,kmeans,2,43247,1,C1,-0.1996105084015254,-0.642036381319032,synnetqos_m_00043248,S042_04324,2025-08-04 06:15:34.045859,0,Not degraded
reduced_context,kmeans,2,43271,1,C1,-0.5789429202390293,1.577656160352157,synnetqos_m_00043272,S042_04327,2025-08-11 02:04:13.237438,1,Degraded
reduced_context,kmeans,2,43272,1,C1,-0.07638256768953647,-1.157522022976294,synnetqos_m_00043273,S042_04327,2025-08-11 02:05:13.237438,0,Not degraded
reduced_context,kmeans,2,43277,1,C1,0.19803717054869938,-1.4714700606985405,synnetqos_m_00043278,S042_04327,2025-08-11 02:10:13.237438,0,Not degraded
reduced_context,kmeans,2,43284,1,C1,-0.5574199812435142,0.1629218715181377,synnetqos_m_00043285,S042_04328,2025-08-23 08:29:33.329415,1,Degraded
reduced_context,kmeans,2,43306,0,C0,1.3713618327239674,-1.7167539643283793,synnetqos_m_00043307,S042_04330,2025-08-04 15:38:24.717971,0,Not degraded
reduced_context,kmeans,2,43310,1,C1,-0.8893662044578995,-0.9434125183033135,synnetqos_m_00043311,S042_04331,2025-07-28 01:46:57.947270,1,Degraded
reduced_context,kmeans,2,43317,1,C1,0.4188716605489094,0.5619797973896217,synnetqos_m_00043318,S042_04331,2025-07-28 01:53:57.947270,0,Not degraded
reduced_context,kmeans,2,43333,0,C0,1.7411315126144933,0.4499502365907805,synnetqos_m_00043334,S042_04333,2025-08-14 02:48:42.888723,0,Not degraded
reduced_context,kmeans,2,43362,0,C0,1.412089209995757,-1.1658610581244906,synnetqos_m_00043363,S042_04336,2025-08-04 16:15:57.791771,0,Not degraded
reduced_context,kmeans,2,43363,1,C1,0.3983311564249691,-1.189790094145355,synnetqos_m_00043364,S042_04336,2025-08-04 16:16:57.791771,0,Not degraded
reduced_context,kmeans,2,43386,1,C1,-0.057174768036359715,1.5585543870227725,synnetqos_m_00043387,S042_04338,2025-07-27 22:14:41.847134,1,Degraded
reduced_context,kmeans,2,43398,1,C1,-3.4307184039590286,-0.4553455951426129,synnetqos_m_00043399,S042_04339,2025-07-30 16:44:08.963286,1,Degraded
reduced_context,kmeans,2,43407,1,C1,-1.1193358085297964,-0.9469109876861411,synnetqos_m_00043408,S042_04340,2025-08-14 12:26:23.968988,0,Not degraded
reduced_context,kmeans,2,43425,1,C1,-2.107531247977971,-0.18515736117465853,synnetqos_m_00043426,S042_04342,2025-07-27 01:36:29.733038,1,Degraded
reduced_context,kmeans,2,43433,0,C0,0.6479471496297841,-0.557108035942982,synnetqos_m_00043434,S042_04343,2025-08-07 22:24:04.240462,0,Not degraded
reduced_context,kmeans,2,43447,1,C1,0.5617224080786598,-1.590442184994029,synnetqos_m_00043448,S042_04344,2025-08-04 18:59:11.648961,1,Degraded
reduced_context,kmeans,2,43455,1,C1,-0.11667500131432057,-1.4267365845339246,synnetqos_m_00043456,S042_04345,2025-08-12 21:12:47.608412,1,Degraded
reduced_context,kmeans,2,43477,0,C0,1.3237157178756145,1.023207503894285,synnetqos_m_00043478,S042_04347,2025-08-25 11:35:16.751456,0,Not degraded
reduced_context,kmeans,2,43478,1,C1,-1.0954083964459909,-0.43743614317729057,synnetqos_m_00043479,S042_04347,2025-08-25 11:36:16.751456,1,Degraded
reduced_context,kmeans,2,43479,1,C1,0.04127347445786347,3.312706368984879,synnetqos_m_00043480,S042_04347,2025-08-25 11:37:16.751456,1,Degraded
reduced_context,kmeans,2,43490,0,C0,3.2293221582687486,-2.323135997296181,synnetqos_m_00043491,S042_04349,2025-08-23 08:33:08.267201,0,Not degraded
reduced_context,kmeans,2,43495,0,C0,2.6381646339581057,-2.676209647894063,synnetqos_m_00043496,S042_04349,2025-08-23 08:38:08.267201,0,Not degraded
reduced_context,kmeans,2,43499,0,C0,4.427534464969965,-3.4066364264304902,synnetqos_m_00043500,S042_04349,2025-08-23 08:42:08.267201,0,Not degraded
reduced_context,kmeans,2,43527,1,C1,-0.22964000514638558,-0.8808036755125028,synnetqos_m_00043528,S042_04352,2025-08-08 10:18:48.254339,1,Degraded
reduced_context,kmeans,2,43543,1,C1,-0.1881790420671832,-0.0433960912467315,synnetqos_m_00043544,S042_04354,2025-08-11 11:54:54.464582,0,Not degraded
reduced_context,kmeans,2,43545,1,C1,0.3562967362591448,-0.14340153071688114,synnetqos_m_00043546,S042_04354,2025-08-11 11:56:54.464582,0,Not degraded
reduced_context,kmeans,2,43555,0,C0,1.8804363505546022,-0.9603578589496758,synnetqos_m_00043556,S042_04355,2025-08-12 10:13:37.265657,0,Not degraded
reduced_context,kmeans,2,43579,1,C1,-1.6235884287473277,-0.6173513117693129,synnetqos_m_00043580,S042_04357,2025-08-14 19:29:39.552838,1,Degraded
reduced_context,kmeans,2,43606,0,C0,3.4653006653702874,3.343057238153293,synnetqos_m_00043607,S042_04360,2025-08-20 03:09:05.304297,1,Degraded
reduced_context,kmeans,2,43607,0,C0,1.5587211667716694,-0.6573272151066665,synnetqos_m_00043608,S042_04360,2025-08-20 03:10:05.304297,0,Not degraded
reduced_context,kmeans,2,43608,0,C0,3.630972617014534,-0.6426181119399296,synnetqos_m_00043609,S042_04360,2025-08-20 03:11:05.304297,0,Not degraded
reduced_context,kmeans,2,43609,0,C0,2.711857767237467,1.757435092552026,synnetqos_m_00043610,S042_04360,2025-08-20 03:12:05.304297,0,Not degraded
reduced_context,kmeans,2,43612,1,C1,-0.1671552845682255,-0.5505744572007267,synnetqos_m_00043613,S042_04361,2025-08-01 14:19:07.438671,1,Degraded
reduced_context,kmeans,2,43626,1,C1,-0.5461185739189759,-0.2967479931791572,synnetqos_m_00043627,S042_04362,2025-08-18 09:20:46.870528,1,Degraded
reduced_context,kmeans,2,43629,0,C0,4.605278080699522,-2.6291503458976333,synnetqos_m_00043630,S042_04362,2025-08-18 09:23:46.870528,1,Degraded
reduced_context,kmeans,2,43651,1,C1,-1.8683932155811935,-0.24787780252107963,synnetqos_m_00043652,S042_04365,2025-08-17 06:14:18.440198,1,Degraded
reduced_context,kmeans,2,43676,1,C1,-1.2918239547671708,-0.21712112094726874,synnetqos_m_00043677,S042_04367,2025-08-19 00:25:21.742973,1,Degraded
reduced_context,kmeans,2,43696,1,C1,-2.203106482590687,-0.4694161882938694,synnetqos_m_00043697,S042_04369,2025-08-13 03:46:37.988623,1,Degraded
reduced_context,kmeans,2,43703,1,C1,0.4574830256453334,-1.2244307311548184,synnetqos_m_00043704,S042_04370,2025-08-07 17:24:26.727378,0,Not degraded
reduced_context,kmeans,2,43705,1,C1,0.32709113572518556,-0.8965638017209173,synnetqos_m_00043706,S042_04370,2025-08-07 17:26:26.727378,0,Not degraded
reduced_context,kmeans,2,43723,1,C1,-1.5660589065105925,0.6019684392847293,synnetqos_m_00043724,S042_04372,2025-08-07 01:16:21.389192,1,Degraded
reduced_context,kmeans,2,43746,1,C1,-1.9265572401685953,-0.14261710635194397,synnetqos_m_00043747,S042_04374,2025-08-02 15:19:21.154162,1,Degraded
reduced_context,kmeans,2,43765,1,C1,-2.6642842454616638,-0.20252227683502214,synnetqos_m_00043766,S042_04376,2025-08-10 12:15:59.265562,1,Degraded
reduced_context,kmeans,2,43785,1,C1,0.17943277030677274,-0.9439102009279583,synnetqos_m_00043786,S042_04378,2025-08-18 01:40:55.961741,0,Not degraded
reduced_context,kmeans,2,43796,1,C1,-0.093108098341486,3.9524154966153677,synnetqos_m_00043797,S042_04379,2025-08-23 01:06:59.530157,1,Degraded
reduced_context,kmeans,2,43807,0,C0,2.7859417629061287,1.323349857000873,synnetqos_m_00043808,S042_04380,2025-07-26 16:59:37.207855,0,Not degraded
reduced_context,kmeans,2,43809,0,C0,1.6406293081042886,-0.6472322080739136,synnetqos_m_00043810,S042_04380,2025-07-26 17:01:37.207855,0,Not degraded
reduced_context,kmeans,2,43820,1,C1,-1.3624339726853898,-1.14930451608451,synnetqos_m_00043821,S042_04382,2025-08-02 06:40:44.924137,1,Degraded
reduced_context,kmeans,2,43824,1,C1,0.1275894605563329,-0.08502503999491642,synnetqos_m_00043825,S042_04382,2025-08-02 06:44:44.924137,0,Not degraded
reduced_context,kmeans,2,43839,0,C0,3.8725910121424496,0.25612722809336785,synnetqos_m_00043840,S042_04383,2025-08-03 00:06:58.334108,0,Not degraded
reduced_context,kmeans,2,43871,0,C0,2.3442587170831377,1.2560379052818915,synnetqos_m_00043872,S042_04387,2025-08-24 06:06:10.257009,0,Not degraded
reduced_context,kmeans,2,43876,0,C0,1.6974170674316413,-1.0053823457641369,synnetqos_m_00043877,S042_04387,2025-08-24 06:11:10.257009,0,Not degraded
reduced_context,kmeans,2,43891,1,C1,0.001102992645572877,2.2212861629052987,synnetqos_m_00043892,S042_04389,2025-08-08 21:44:44.658609,0,Not degraded
reduced_context,kmeans,2,43901,1,C1,-0.5447050527845255,-0.36846136232476423,synnetqos_m_00043902,S042_04390,2025-08-05 18:05:43.025260,0,Not degraded
reduced_context,kmeans,2,43905,0,C0,0.5913065676159669,-0.3607031372643137,synnetqos_m_00043906,S042_04390,2025-08-05 18:09:43.025260,0,Not degraded
reduced_context,kmeans,2,43932,1,C1,-0.5518019833809767,-1.0902572385703189,synnetqos_m_00043933,S042_04393,2025-08-25 20:22:09.938403,1,Degraded
reduced_context,kmeans,2,43948,0,C0,0.799179389132435,-1.3895362290127138,synnetqos_m_00043949,S042_04394,2025-08-04 08:47:28.418121,0,Not degraded
reduced_context,kmeans,2,43964,1,C1,-0.9901126382584553,0.39334154722843423,synnetqos_m_00043965,S042_04396,2025-08-12 02:41:34.640147,0,Not degraded
reduced_context,kmeans,2,43996,0,C0,1.9794152290350675,0.8667229101999335,synnetqos_m_00043997,S042_04399,2025-07-28 10:30:14.447621,0,Not degraded
reduced_context,kmeans,2,43998,0,C0,1.474494848776454,-0.41244277095429216,synnetqos_m_00043999,S042_04399,2025-07-28 10:32:14.447621,0,Not degraded
reduced_context,kmeans,2,44002,1,C1,-1.2124883416480572,-0.6143792356401742,synnetqos_m_00044003,S042_04400,2025-08-14 22:58:39.716908,1,Degraded
reduced_context,kmeans,2,44008,1,C1,-0.7670634978255206,1.1188360368910084,synnetqos_m_00044009,S042_04400,2025-08-14 23:04:39.716908,1,Degraded
reduced_context,kmeans,2,44024,1,C1,-0.3087314346194685,3.336623461958132,synnetqos_m_00044025,S042_04402,2025-07-30 16:35:45.011863,1,Degraded
reduced_context,kmeans,2,44025,1,C1,-0.15654569077577038,0.02491160983439198,synnetqos_m_00044026,S042_04402,2025-07-30 16:36:45.011863,0,Not degraded
reduced_context,kmeans,2,44026,1,C1,-0.13196436271503467,-0.7050532004023496,synnetqos_m_00044027,S042_04402,2025-07-30 16:37:45.011863,0,Not degraded
reduced_context,kmeans,2,44040,0,C0,0.5756723297224666,-0.018237630484612917,synnetqos_m_00044041,S042_04404,2025-08-21 19:04:09.378358,0,Not degraded
reduced_context,kmeans,2,44043,1,C1,-0.6738537560008373,1.7368465276459535,synnetqos_m_00044044,S042_04404,2025-08-21 19:07:09.378358,1,Degraded
reduced_context,kmeans,2,44045,1,C1,-1.082737221018005,-0.053118911933601236,synnetqos_m_00044046,S042_04404,2025-08-21 19:09:09.378358,1,Degraded
reduced_context,kmeans,2,44056,1,C1,-0.22789717705141657,-1.004078165952986,synnetqos_m_00044057,S042_04405,2025-08-19 23:52:28.482280,0,Not degraded
reduced_context,kmeans,2,44064,0,C0,0.698675992546459,3.674089667114752,synnetqos_m_00044065,S042_04406,2025-07-26 22:42:02.482718,1,Degraded
reduced_context,kmeans,2,44078,1,C1,-0.7108148486710656,-1.0598629573533955,synnetqos_m_00044079,S042_04407,2025-08-24 08:14:56.988634,1,Degraded
reduced_context,kmeans,2,44097,1,C1,-1.237965237340953,-0.42278280863055395,synnetqos_m_00044098,S042_04409,2025-08-20 18:35:48.129959,1,Degraded
reduced_context,kmeans,2,44105,1,C1,-2.6320223766411788,1.171670025266897,synnetqos_m_00044106,S042_04410,2025-08-13 04:43:05.314766,1,Degraded
reduced_context,kmeans,2,44109,1,C1,-1.9050094424328814,-0.6439639726830386,synnetqos_m_00044110,S042_04410,2025-08-13 04:47:05.314766,1,Degraded
reduced_context,kmeans,2,44120,0,C0,3.405578639199722,-1.0531359836657632,synnetqos_m_00044121,S042_04412,2025-08-01 05:35:30.223822,0,Not degraded
reduced_context,kmeans,2,44122,0,C0,3.665722732880135,-0.6511261703033693,synnetqos_m_00044123,S042_04412,2025-08-01 05:37:30.223822,0,Not degraded
reduced_context,kmeans,2,44141,1,C1,-1.0373605098826404,-1.114905102836063,synnetqos_m_00044142,S042_04414,2025-07-26 06:44:25.652563,1,Degraded
reduced_context,kmeans,2,44158,1,C1,-0.06243723761875664,0.23333210232401977,synnetqos_m_00044159,S042_04415,2025-08-10 01:16:54.541923,1,Degraded
reduced_context,kmeans,2,44161,1,C1,-1.7297186428875377,-0.6354288533859543,synnetqos_m_00044162,S042_04416,2025-08-23 23:59:38.637745,1,Degraded
reduced_context,kmeans,2,44168,1,C1,-1.21637476974075,-0.8443373765986453,synnetqos_m_00044169,S042_04416,2025-08-24 00:06:38.637745,0,Not degraded
reduced_context,kmeans,2,44172,1,C1,-1.6419458593783307,-0.015546679560541031,synnetqos_m_00044173,S042_04417,2025-08-09 05:50:35.345837,0,Not degraded
reduced_context,kmeans,2,44179,1,C1,-1.5385344366387725,-0.36163080322098357,synnetqos_m_00044180,S042_04417,2025-08-09 05:57:35.345837,0,Not degraded
reduced_context,kmeans,2,44184,1,C1,-2.091349390971881,-0.44119821322616926,synnetqos_m_00044185,S042_04418,2025-08-01 17:15:53.132898,1,Degraded
reduced_context,kmeans,2,44190,1,C1,-0.8142805227067447,-0.19641471499642724,synnetqos_m_00044191,S042_04419,2025-08-06 21:05:00.103282,0,Not degraded
reduced_context,kmeans,2,44195,1,C1,-1.956082376795524,3.7709704852709995,synnetqos_m_00044196,S042_04419,2025-08-06 21:10:00.103282,1,Degraded
reduced_context,kmeans,2,44205,1,C1,-3.2758255014650506,0.6184827625318695,synnetqos_m_00044206,S042_04420,2025-07-28 20:10:18.558098,1,Degraded
reduced_context,kmeans,2,44229,1,C1,-2.172699876941179,-0.2765957471720914,synnetqos_m_00044230,S042_04422,2025-08-17 16:49:45.426112,1,Degraded
reduced_context,kmeans,2,44239,0,C0,0.6850472697957425,-0.8698411826979031,synnetqos_m_00044240,S042_04423,2025-08-23 21:49:52.123907,0,Not degraded
reduced_context,kmeans,2,44241,0,C0,0.9149448461185165,-1.7771473887512639,synnetqos_m_00044242,S042_04424,2025-08-20 14:43:24.239057,0,Not degraded
reduced_context,kmeans,2,44249,1,C1,0.5446883335932122,-1.8285109799356416,synnetqos_m_00044250,S042_04424,2025-08-20 14:51:24.239057,0,Not degraded
reduced_context,kmeans,2,44255,1,C1,-0.5086457151565872,0.007280874714167475,synnetqos_m_00044256,S042_04425,2025-07-28 05:10:05.720005,1,Degraded
reduced_context,kmeans,2,44263,0,C0,2.260910364573761,-1.3533264656886799,synnetqos_m_00044264,S042_04426,2025-07-31 16:40:58.730250,0,Not degraded
reduced_context,kmeans,2,44270,0,C0,2.223518572264652,-0.5472564413618521,synnetqos_m_00044271,S042_04427,2025-08-09 01:55:19.409632,0,Not degraded
reduced_context,kmeans,2,44274,0,C0,1.9167045544958223,1.2013189028915645,synnetqos_m_00044275,S042_04427,2025-08-09 01:59:19.409632,0,Not degraded
reduced_context,kmeans,2,44282,1,C1,-1.339837712803031,-0.022597689760610058,synnetqos_m_00044283,S042_04428,2025-08-12 02:16:02.691810,1,Degraded
reduced_context,kmeans,2,44309,0,C0,0.7724394003212353,0.386491540404077,synnetqos_m_00044310,S042_04430,2025-07-27 20:22:31.108769,1,Degraded
reduced_context,kmeans,2,44315,1,C1,-0.33807411281848265,0.578780927270189,synnetqos_m_00044316,S042_04431,2025-08-12 04:40:53.219726,1,Degraded
reduced_context,kmeans,2,44326,1,C1,-0.34368453849860775,-0.7725820818256978,synnetqos_m_00044327,S042_04432,2025-08-18 08:25:26.441684,0,Not degraded
reduced_context,kmeans,2,44335,1,C1,-1.7478832384960807,-0.004233322074073724,synnetqos_m_00044336,S042_04433,2025-07-31 10:46:54.251106,1,Degraded
reduced_context,kmeans,2,44354,1,C1,0.20709195251891296,1.487460752241202,synnetqos_m_00044355,S042_04435,2025-08-24 06:36:15.452734,0,Not degraded
reduced_context,kmeans,2,44360,1,C1,-0.16327804986412486,-0.3870351153024337,synnetqos_m_00044361,S042_04436,2025-08-11 09:21:05.160748,1,Degraded
reduced_context,kmeans,2,44365,1,C1,-1.8568345310718606,-0.11201088322686603,synnetqos_m_00044366,S042_04436,2025-08-11 09:26:05.160748,1,Degraded
reduced_context,kmeans,2,44369,1,C1,-0.9115225504124712,-1.2779283020165457,synnetqos_m_00044370,S042_04436,2025-08-11 09:30:05.160748,1,Degraded
reduced_context,kmeans,2,44391,1,C1,-0.4032290029003826,-0.9639227740799535,synnetqos_m_00044392,S042_04439,2025-08-12 23:06:15.029398,1,Degraded
reduced_context,kmeans,2,44393,1,C1,-1.0092559576405264,-1.0443738602818347,synnetqos_m_00044394,S042_04439,2025-08-12 23:08:15.029398,1,Degraded
reduced_context,kmeans,2,44419,1,C1,0.03522369360312819,-0.691511672085046,synnetqos_m_00044420,S042_04441,2025-07-27 22:39:58.321084,1,Degraded
reduced_context,kmeans,2,44429,1,C1,-1.361910746740056,-0.6698951910935118,synnetqos_m_00044430,S042_04442,2025-08-20 09:27:24.527850,1,Degraded
reduced_context,kmeans,2,44470,0,C0,3.5469683331211064,1.0703567954818958,synnetqos_m_00044471,S042_04447,2025-08-13 10:36:06.626315,1,Degraded
reduced_context,kmeans,2,44478,0,C0,1.8064659105885017,-0.5921892765348516,synnetqos_m_00044479,S042_04447,2025-08-13 10:44:06.626315,0,Not degraded
reduced_context,kmeans,2,44488,1,C1,-1.2367013672944431,-0.7300216855068342,synnetqos_m_00044489,S042_04448,2025-08-10 17:35:55.069422,1,Degraded
reduced_context,kmeans,2,44546,1,C1,-0.44144519434323465,0.01629667747387705,synnetqos_m_00044547,S042_04454,2025-08-02 03:20:35.128521,1,Degraded
reduced_context,kmeans,2,44549,1,C1,-1.3311441565817501,-0.5793466541650643,synnetqos_m_00044550,S042_04454,2025-08-02 03:23:35.128521,1,Degraded
reduced_context,kmeans,2,44550,1,C1,-0.3902463298188263,1.9980022421309522,synnetqos_m_00044551,S042_04455,2025-08-24 16:12:01.250170,1,Degraded
reduced_context,kmeans,2,44551,1,C1,-0.08773211438112766,1.311808342018414,synnetqos_m_00044552,S042_04455,2025-08-24 16:13:01.250170,1,Degraded
reduced_context,kmeans,2,44561,0,C0,2.7397174812008744,-0.8026364102536654,synnetqos_m_00044562,S042_04456,2025-08-05 13:37:21.840041,0,Not degraded
reduced_context,kmeans,2,44568,0,C0,1.0254450771186343,1.796154431230521,synnetqos_m_00044569,S042_04456,2025-08-05 13:44:21.840041,0,Not degraded
reduced_context,kmeans,2,44575,0,C0,1.1167753979313642,-1.620517015052837,synnetqos_m_00044576,S042_04457,2025-08-07 06:31:20.878008,0,Not degraded
reduced_context,kmeans,2,44577,1,C1,0.6114362133001892,-0.9621629838247907,synnetqos_m_00044578,S042_04457,2025-08-07 06:33:20.878008,0,Not degraded
reduced_context,kmeans,2,44581,1,C1,-2.1456946841001656,0.2644281278613921,synnetqos_m_00044582,S042_04458,2025-08-20 14:36:54.327894,1,Degraded
reduced_context,kmeans,2,44583,1,C1,-1.885252957977484,0.4025312852481345,synnetqos_m_00044584,S042_04458,2025-08-20 14:38:54.327894,1,Degraded
reduced_context,kmeans,2,44591,1,C1,-0.7173861497611942,-0.12987471463309988,synnetqos_m_00044592,S042_04459,2025-07-31 02:24:48.174032,1,Degraded
reduced_context,kmeans,2,44604,1,C1,-0.07995814987899666,-0.713852429615755,synnetqos_m_00044605,S042_04460,2025-08-15 11:07:54.401067,0,Not degraded
reduced_context,kmeans,2,44612,0,C0,0.6629854532627064,0.41944387056520605,synnetqos_m_00044613,S042_04461,2025-08-09 23:32:19.813825,0,Not degraded
reduced_context,kmeans,2,44629,1,C1,0.38202559170166644,-0.7240411126054276,synnetqos_m_00044630,S042_04462,2025-08-05 09:53:14.818854,1,Degraded
reduced_context,kmeans,2,44634,0,C0,0.7309067068156393,-1.0367738819995114,synnetqos_m_00044635,S042_04463,2025-08-14 22:57:56.934726,0,Not degraded
reduced_context,kmeans,2,44655,1,C1,-1.9123631444300582,-0.8843486594232353,synnetqos_m_00044656,S042_04465,2025-08-01 03:04:00.927861,1,Degraded
reduced_context,kmeans,2,44661,1,C1,-0.7487190213683901,0.057651352296937096,synnetqos_m_00044662,S042_04466,2025-08-11 13:28:30.805261,1,Degraded
reduced_context,kmeans,2,44662,1,C1,-1.001369977318418,-0.7200453388468467,synnetqos_m_00044663,S042_04466,2025-08-11 13:29:30.805261,1,Degraded
reduced_context,kmeans,2,44680,1,C1,0.10808748079712502,-0.997683573171973,synnetqos_m_00044681,S042_04468,2025-08-09 00:10:02.837671,0,Not degraded
reduced_context,kmeans,2,44691,0,C0,2.209154855126166,-0.8658887014410258,synnetqos_m_00044692,S042_04469,2025-08-07 05:47:24.258305,0,Not degraded
reduced_context,kmeans,2,44703,0,C0,0.8082931600279777,-0.8998267187659174,synnetqos_m_00044704,S042_04470,2025-07-29 07:44:18.841429,0,Not degraded
reduced_context,kmeans,2,44706,0,C0,1.8112420026744853,-0.39509070352624664,synnetqos_m_00044707,S042_04470,2025-07-29 07:47:18.841429,0,Not degraded
reduced_context,kmeans,2,44734,0,C0,1.388189195959386,-0.46441363498064325,synnetqos_m_00044735,S042_04473,2025-07-26 02:33:49.851390,0,Not degraded
reduced_context,kmeans,2,44736,0,C0,1.7421166231926881,0.19836477671343186,synnetqos_m_00044737,S042_04473,2025-07-26 02:35:49.851390,0,Not degraded
reduced_context,kmeans,2,44747,0,C0,1.0216260695963637,0.4496975527184197,synnetqos_m_00044748,S042_04474,2025-08-10 21:00:02.583491,0,Not degraded
reduced_context,kmeans,2,44756,1,C1,-0.8210935904192425,-1.255887362057241,synnetqos_m_00044757,S042_04475,2025-08-15 07:08:58.209799,0,Not degraded
reduced_context,kmeans,2,44764,1,C1,-0.26416230708618754,1.3353028976577173,synnetqos_m_00044765,S042_04476,2025-08-12 15:41:32.427888,0,Not degraded
reduced_context,kmeans,2,44782,1,C1,-0.5160122881519783,0.45606802461156704,synnetqos_m_00044783,S042_04478,2025-08-10 23:05:56.281284,1,Degraded
reduced_context,kmeans,2,44797,0,C0,4.034711547855417,-1.7808767413553608,synnetqos_m_00044798,S042_04479,2025-07-28 14:50:51.450429,0,Not degraded
reduced_context,kmeans,2,44811,1,C1,-1.727886644169927,2.5207753790041654,synnetqos_m_00044812,S042_04481,2025-07-27 07:16:38.697329,1,Degraded
reduced_context,kmeans,2,44817,1,C1,-2.1055728093906065,-0.02317441387578644,synnetqos_m_00044818,S042_04481,2025-07-27 07:22:38.697329,1,Degraded
reduced_context,kmeans,2,44826,1,C1,-1.2248302455402713,2.5819552678931768,synnetqos_m_00044827,S042_04482,2025-08-10 20:25:56.480776,1,Degraded
reduced_context,kmeans,2,44865,1,C1,-1.4532413423963753,1.9935178744135564,synnetqos_m_00044866,S042_04486,2025-08-01 16:52:40.797255,1,Degraded
reduced_context,kmeans,2,44877,1,C1,-1.6677899416758375,3.6119521487758863,synnetqos_m_00044878,S042_04487,2025-07-27 02:01:50.619009,1,Degraded
reduced_context,kmeans,2,44922,0,C0,1.305563650074563,-0.1927485863314846,synnetqos_m_00044923,S042_04492,2025-08-19 21:51:46.489558,1,Degraded
reduced_context,kmeans,2,44929,1,C1,0.37954726497084834,-0.9997994491701245,synnetqos_m_00044930,S042_04492,2025-08-19 21:58:46.489558,1,Degraded
reduced_context,kmeans,2,44936,1,C1,-1.2165903011619534,-0.9221894480434805,synnetqos_m_00044937,S042_04493,2025-08-21 09:09:04.455141,1,Degraded
reduced_context,kmeans,2,44946,0,C0,1.123292678046317,-1.405153780137451,synnetqos_m_00044947,S042_04494,2025-08-04 22:34:07.895557,0,Not degraded
reduced_context,kmeans,2,44961,1,C1,-0.40085984291995075,0.9234514974866876,synnetqos_m_00044962,S042_04496,2025-07-28 17:14:28.596481,1,Degraded
reduced_context,kmeans,2,44973,0,C0,1.3871064497297694,-1.0788100307723556,synnetqos_m_00044974,S042_04497,2025-08-02 05:54:18.864874,0,Not degraded
reduced_context,kmeans,2,44976,1,C1,-0.5763765119770189,-0.45226240981305993,synnetqos_m_00044977,S042_04497,2025-08-02 05:57:18.864874,1,Degraded
reduced_context,kmeans,2,44981,0,C0,0.7504050585794468,2.7652224121331086,synnetqos_m_00044982,S042_04498,2025-07-30 07:25:01.802080,1,Degraded
reduced_context,kmeans,2,44989,0,C0,0.6634525390778633,0.15328638863607047,synnetqos_m_00044990,S042_04498,2025-07-30 07:33:01.802080,0,Not degraded
reduced_context,kmeans,2,44993,1,C1,-1.2497500832330053,-0.1853222159768257,synnetqos_m_00044994,S042_04499,2025-08-12 06:18:25.453105,1,Degraded
reduced_context,kmeans,2,45000,1,C1,-0.5018500892468382,-0.22085452632598293,synnetqos_m_00045001,S042_04500,2025-08-15 16:34:58.309221,1,Degraded
reduced_context,kmeans,2,45011,1,C1,-0.5628903775007941,-0.09599450971301482,synnetqos_m_00045012,S042_04501,2025-08-11 22:32:27.704794,0,Not degraded
reduced_context,kmeans,2,45013,1,C1,-0.1429874355387581,-0.7142931052699723,synnetqos_m_00045014,S042_04501,2025-08-11 22:34:27.704794,0,Not degraded
reduced_context,kmeans,2,45019,1,C1,0.41041372663231,2.4287548665495904,synnetqos_m_00045020,S042_04501,2025-08-11 22:40:27.704794,1,Degraded
reduced_context,kmeans,2,45087,0,C0,1.4715221529884217,1.0304021851033593,synnetqos_m_00045088,S042_04508,2025-07-26 17:04:32.480733,0,Not degraded
reduced_context,kmeans,2,45089,0,C0,1.191782326161743,2.911506039702455,synnetqos_m_00045090,S042_04508,2025-07-26 17:06:32.480733,1,Degraded
reduced_context,kmeans,2,45133,1,C1,-0.22838996016793192,0.3155619760758498,synnetqos_m_00045134,S042_04513,2025-08-18 08:08:46.411845,1,Degraded
reduced_context,kmeans,2,45162,0,C0,4.778368906707034,-1.8445288445975787,synnetqos_m_00045163,S042_04516,2025-08-08 18:48:33.674941,0,Not degraded
reduced_context,kmeans,2,45177,1,C1,-2.247173300136326,-0.3861193250183853,synnetqos_m_00045178,S042_04517,2025-08-11 17:13:03.063822,1,Degraded
reduced_context,kmeans,2,45178,1,C1,-1.2699649386884275,-0.9140355886877813,synnetqos_m_00045179,S042_04517,2025-08-11 17:14:03.063822,1,Degraded
reduced_context,kmeans,2,45195,1,C1,-0.531179159501174,-0.08069291821903633,synnetqos_m_00045196,S042_04519,2025-08-07 16:58:09.065560,1,Degraded
reduced_context,kmeans,2,45210,1,C1,-2.371060979802502,-0.4336906321745917,synnetqos_m_00045211,S042_04521,2025-08-23 23:36:56.370700,1,Degraded
reduced_context,kmeans,2,45215,1,C1,-2.3365775641618636,-0.37383034573832674,synnetqos_m_00045216,S042_04521,2025-08-23 23:41:56.370700,1,Degraded
reduced_context,kmeans,2,45221,1,C1,0.2481968225571366,-0.6819461363373235,synnetqos_m_00045222,S042_04522,2025-08-01 00:38:48.425428,0,Not degraded
reduced_context,kmeans,2,45234,1,C1,-1.6281795820732134,-0.600246750645655,synnetqos_m_00045235,S042_04523,2025-08-03 05:06:20.366109,1,Degraded
reduced_context,kmeans,2,45240,0,C0,2.949489930563671,-0.4058204802933671,synnetqos_m_00045241,S042_04524,2025-08-01 05:08:20.846871,0,Not degraded
reduced_context,kmeans,2,45258,1,C1,-1.266609359051447,-0.1167954083045345,synnetqos_m_00045259,S042_04525,2025-07-26 16:04:17.733453,1,Degraded
reduced_context,kmeans,2,45279,1,C1,-2.2331202118263342,-0.29127889422383274,synnetqos_m_00045280,S042_04527,2025-08-02 22:39:36.994616,1,Degraded
reduced_context,kmeans,2,45287,1,C1,0.2543245320498529,-0.14673020056583194,synnetqos_m_00045288,S042_04528,2025-08-08 17:38:10.650763,0,Not degraded
reduced_context,kmeans,2,45294,1,C1,0.07377611715978577,-1.0278016564313053,synnetqos_m_00045295,S042_04529,2025-07-27 17:29:47.547781,0,Not degraded
reduced_context,kmeans,2,45320,1,C1,-0.33426722950925875,-0.7151912111503467,synnetqos_m_00045321,S042_04532,2025-08-01 13:20:10.285704,0,Not degraded
reduced_context,kmeans,2,45326,0,C0,0.9026274122806751,-0.32602092824600637,synnetqos_m_00045327,S042_04532,2025-08-01 13:26:10.285704,1,Degraded
reduced_context,kmeans,2,45331,1,C1,-1.9525929493651473,1.8021805309070393,synnetqos_m_00045332,S042_04533,2025-08-02 17:33:15.932294,1,Degraded
reduced_context,kmeans,2,45339,1,C1,-1.9574998698056612,0.22416324848496952,synnetqos_m_00045340,S042_04533,2025-08-02 17:41:15.932294,0,Not degraded
reduced_context,kmeans,2,45352,1,C1,-2.065243060236829,0.07906384366293992,synnetqos_m_00045353,S042_04535,2025-08-11 17:40:06.368394,1,Degraded
reduced_context,kmeans,2,45362,1,C1,-3.006254391881718,0.5031041587174778,synnetqos_m_00045363,S042_04536,2025-07-29 01:03:56.987027,1,Degraded
reduced_context,kmeans,2,45363,1,C1,-2.691740814251597,-0.6958194730396975,synnetqos_m_00045364,S042_04536,2025-07-29 01:04:56.987027,1,Degraded
reduced_context,kmeans,2,45369,1,C1,-2.333791794195945,-0.7829574660636605,synnetqos_m_00045370,S042_04536,2025-07-29 01:10:56.987027,1,Degraded
reduced_context,kmeans,2,45388,0,C0,2.7962821692792708,1.253457655516669,synnetqos_m_00045389,S042_04538,2025-08-23 18:11:12.794955,0,Not degraded
reduced_context,kmeans,2,45389,0,C0,0.6564793672958256,-0.03015322586570959,synnetqos_m_00045390,S042_04538,2025-08-23 18:12:12.794955,0,Not degraded
reduced_context,kmeans,2,45403,0,C0,5.072454033763386,8.800164961666807,synnetqos_m_00045404,S042_04540,2025-08-16 10:50:34.309198,0,Not degraded
reduced_context,kmeans,2,45413,0,C0,1.3148108896643715,-1.0125877662449299,synnetqos_m_00045414,S042_04541,2025-08-06 02:09:44.212158,0,Not degraded
reduced_context,kmeans,2,45414,0,C0,0.7758627664901324,-0.5244081776309772,synnetqos_m_00045415,S042_04541,2025-08-06 02:10:44.212158,0,Not degraded
reduced_context,kmeans,2,45427,1,C1,-2.1845283354172236,-0.6148013420655136,synnetqos_m_00045428,S042_04542,2025-08-02 09:40:04.545550,1,Degraded
reduced_context,kmeans,2,45432,1,C1,-1.5785691957179668,-0.3900642706804792,synnetqos_m_00045433,S042_04543,2025-08-10 01:38:27.795253,0,Not degraded
reduced_context,kmeans,2,45449,1,C1,-1.1134072676250006,1.5315588911741078,synnetqos_m_00045450,S042_04544,2025-08-17 07:42:47.793924,1,Degraded
reduced_context,kmeans,2,45457,1,C1,-1.9180576462089265,-0.5593467279171769,synnetqos_m_00045458,S042_04545,2025-08-24 00:06:20.011239,0,Not degraded
reduced_context,kmeans,2,45494,1,C1,-1.5791789413923605,0.24262305646307988,synnetqos_m_00045495,S042_04549,2025-08-07 21:18:06.386410,1,Degraded
reduced_context,kmeans,2,45545,1,C1,-0.38971225293384626,-1.0349163817146128,synnetqos_m_00045546,S042_04554,2025-08-02 18:24:51.233585,1,Degraded
reduced_context,kmeans,2,45563,0,C0,1.2346171245360442,-1.667325190744227,synnetqos_m_00045564,S042_04556,2025-08-23 20:34:55.990214,0,Not degraded
reduced_context,kmeans,2,45565,0,C0,1.8320778338602632,-2.1982005546971535,synnetqos_m_00045566,S042_04556,2025-08-23 20:36:55.990214,0,Not degraded
reduced_context,kmeans,2,45570,0,C0,2.5823171646868195,-1.4818011381204883,synnetqos_m_00045571,S042_04557,2025-08-10 12:21:44.327941,0,Not degraded
reduced_context,kmeans,2,45571,0,C0,3.1815600738050183,-0.08924326162726647,synnetqos_m_00045572,S042_04557,2025-08-10 12:22:44.327941,0,Not degraded
reduced_context,kmeans,2,45573,0,C0,2.1596166139240176,2.329700570146847,synnetqos_m_00045574,S042_04557,2025-08-10 12:24:44.327941,0,Not degraded
reduced_context,kmeans,2,45586,1,C1,-0.3171550943716465,0.3340476742004464,synnetqos_m_00045587,S042_04558,2025-08-16 18:47:53.921184,1,Degraded
reduced_context,kmeans,2,45601,0,C0,0.8380279564460315,1.86260286220441,synnetqos_m_00045602,S042_04560,2025-08-16 04:13:56.152385,1,Degraded
reduced_context,kmeans,2,45608,1,C1,0.6392702847796198,-0.014056382599904375,synnetqos_m_00045609,S042_04560,2025-08-16 04:20:56.152385,1,Degraded
reduced_context,kmeans,2,45609,0,C0,1.0411144572505744,1.7701273310170653,synnetqos_m_00045610,S042_04560,2025-08-16 04:21:56.152385,1,Degraded
reduced_context,kmeans,2,45626,1,C1,-1.7421754650047272,-0.2971414058527874,synnetqos_m_00045627,S042_04562,2025-08-08 01:07:03.306378,1,Degraded
reduced_context,kmeans,2,45629,1,C1,-1.1413431561889547,1.3708193981870376,synnetqos_m_00045630,S042_04562,2025-08-08 01:10:03.306378,1,Degraded
reduced_context,kmeans,2,45639,1,C1,-1.5568501467608333,0.36564978858491753,synnetqos_m_00045640,S042_04563,2025-08-10 18:41:03.363200,1,Degraded
reduced_context,kmeans,2,45640,1,C1,-0.7723315797983406,-1.248555728139003,synnetqos_m_00045641,S042_04564,2025-08-01 22:41:59.652501,1,Degraded
reduced_context,kmeans,2,45646,1,C1,-0.6360620709110528,-0.2152129183070611,synnetqos_m_00045647,S042_04564,2025-08-01 22:47:59.652501,1,Degraded
reduced_context,kmeans,2,45667,0,C0,0.9535716459616563,-1.7239715647780824,synnetqos_m_00045668,S042_04566,2025-08-09 06:26:36.467597,0,Not degraded
reduced_context,kmeans,2,45670,1,C1,-0.8915679952891049,0.749776049732933,synnetqos_m_00045671,S042_04567,2025-08-01 22:49:37.764014,1,Degraded
reduced_context,kmeans,2,45674,1,C1,-2.042285836681856,-0.37745642562640785,synnetqos_m_00045675,S042_04567,2025-08-01 22:53:37.764014,1,Degraded
reduced_context,kmeans,2,45677,1,C1,-2.0837468589486674,0.8949612762136138,synnetqos_m_00045678,S042_04567,2025-08-01 22:56:37.764014,1,Degraded
reduced_context,kmeans,2,45680,1,C1,-0.7914989257422677,0.8656582679573536,synnetqos_m_00045681,S042_04568,2025-08-08 00:22:43.963066,1,Degraded
reduced_context,kmeans,2,45684,1,C1,-0.06999449239921407,1.1799633865425296,synnetqos_m_00045685,S042_04568,2025-08-08 00:26:43.963066,1,Degraded
reduced_context,kmeans,2,45689,0,C0,1.25431305796505,0.46507568639384467,synnetqos_m_00045690,S042_04568,2025-08-08 00:31:43.963066,0,Not degraded
reduced_context,kmeans,2,45707,0,C0,2.174205753191782,1.0421548329815369,synnetqos_m_00045708,S042_04570,2025-08-23 01:22:19.241773,0,Not degraded
reduced_context,kmeans,2,45724,0,C0,2.1505558273992587,-0.20288331336883775,synnetqos_m_00045725,S042_04572,2025-08-14 22:03:37.918150,0,Not degraded
reduced_context,kmeans,2,45740,0,C0,0.7690066429165507,1.2268922990379296,synnetqos_m_00045741,S042_04574,2025-08-24 20:34:34.374518,0,Not degraded
reduced_context,kmeans,2,45751,0,C0,1.1499936251212006,-1.2311251775856151,synnetqos_m_00045752,S042_04575,2025-08-20 07:33:02.838339,0,Not degraded
reduced_context,kmeans,2,45757,1,C1,0.2754259911682382,0.6122509330098261,synnetqos_m_00045758,S042_04575,2025-08-20 07:39:02.838339,1,Degraded
reduced_context,kmeans,2,45779,1,C1,-2.3561409640133864,-0.5825483880243908,synnetqos_m_00045780,S042_04577,2025-08-07 00:16:53.060005,1,Degraded
reduced_context,kmeans,2,45785,1,C1,-0.8570403506683891,-0.9433497635744683,synnetqos_m_00045786,S042_04578,2025-08-11 17:11:44.613053,0,Not degraded
reduced_context,kmeans,2,45793,1,C1,-0.838398003332936,-0.8713838219077141,synnetqos_m_00045794,S042_04579,2025-08-10 11:31:12.935415,1,Degraded
reduced_context,kmeans,2,45831,1,C1,-0.5018626955434908,2.047458100921095,synnetqos_m_00045832,S042_04583,2025-08-16 17:24:43.850230,1,Degraded
reduced_context,kmeans,2,45832,1,C1,-1.2122414862067856,0.380265872049297,synnetqos_m_00045833,S042_04583,2025-08-16 17:25:43.850230,1,Degraded
reduced_context,kmeans,2,45837,1,C1,-3.087176415487319,0.1471129408474439,synnetqos_m_00045838,S042_04583,2025-08-16 17:30:43.850230,1,Degraded
reduced_context,kmeans,2,45849,1,C1,-0.9397380779304212,-0.673434614560195,synnetqos_m_00045850,S042_04584,2025-08-13 09:00:23.543612,0,Not degraded
reduced_context,kmeans,2,45851,0,C0,3.4000353048635112,-0.14691366984943605,synnetqos_m_00045852,S042_04585,2025-08-01 02:01:07.564647,0,Not degraded
reduced_context,kmeans,2,45853,0,C0,3.678952519756143,2.6010263831787444,synnetqos_m_00045854,S042_04585,2025-08-01 02:03:07.564647,0,Not degraded
reduced_context,kmeans,2,45870,1,C1,-0.8015827629070675,-0.5914695434008205,synnetqos_m_00045871,S042_04587,2025-07-28 05:42:21.598045,1,Degraded
reduced_context,kmeans,2,45871,1,C1,-0.872953312559628,-0.9121165864149494,synnetqos_m_00045872,S042_04587,2025-07-28 05:43:21.598045,1,Degraded
reduced_context,kmeans,2,45878,1,C1,-0.5507206851049988,-1.124447920837141,synnetqos_m_00045879,S042_04587,2025-07-28 05:50:21.598045,1,Degraded
reduced_context,kmeans,2,45889,0,C0,1.8082182179732518,-1.0891170362143159,synnetqos_m_00045890,S042_04588,2025-08-05 14:34:41.392793,0,Not degraded
reduced_context,kmeans,2,45890,1,C1,-1.1676258989885406,-0.1655354546523152,synnetqos_m_00045891,S042_04589,2025-08-21 14:33:53.629490,1,Degraded
reduced_context,kmeans,2,45905,1,C1,-2.229756855307137,0.5036932959602592,synnetqos_m_00045906,S042_04590,2025-08-12 06:09:12.220376,1,Degraded
reduced_context,kmeans,2,45934,1,C1,-1.1533873452520387,-0.8890389522875569,synnetqos_m_00045935,S042_04593,2025-08-09 10:39:02.625651,1,Degraded
reduced_context,kmeans,2,45936,1,C1,-0.6758794137591699,-0.5144309342839227,synnetqos_m_00045937,S042_04593,2025-08-09 10:41:02.625651,1,Degraded
reduced_context,kmeans,2,45946,1,C1,-1.0312239050680183,-0.9798378038289264,synnetqos_m_00045947,S042_04594,2025-08-14 22:21:40.786662,1,Degraded
reduced_context,kmeans,2,45954,1,C1,-1.1771094881067325,2.6009075885340476,synnetqos_m_00045955,S042_04595,2025-08-14 16:01:49.778310,1,Degraded
reduced_context,kmeans,2,45958,1,C1,-1.648362826131685,-0.05813848577348231,synnetqos_m_00045959,S042_04595,2025-08-14 16:05:49.778310,1,Degraded
reduced_context,kmeans,2,45963,1,C1,-2.7827468684772088,0.6504548231655666,synnetqos_m_00045964,S042_04596,2025-08-09 05:12:44.907340,1,Degraded
reduced_context,kmeans,2,46010,1,C1,-1.8459719184452612,-0.09001027820120636,synnetqos_m_00046011,S042_04601,2025-08-07 08:18:29.229529,1,Degraded
reduced_context,kmeans,2,46013,1,C1,-2.141400484432267,-0.2748788571503484,synnetqos_m_00046014,S042_04601,2025-08-07 08:21:29.229529,1,Degraded
reduced_context,kmeans,2,46017,1,C1,-2.0511588395285107,-0.3320803266967437,synnetqos_m_00046018,S042_04601,2025-08-07 08:25:29.229529,1,Degraded
reduced_context,kmeans,2,46030,0,C0,3.1400434375488526,1.6730564690754774,synnetqos_m_00046031,S042_04603,2025-08-06 00:50:48.099868,0,Not degraded
reduced_context,kmeans,2,46039,0,C0,0.7949416685342728,3.7181166324439876,synnetqos_m_00046040,S042_04603,2025-08-06 00:59:48.099868,1,Degraded
reduced_context,kmeans,2,46056,0,C0,1.5055245430517725,-0.8806815588228405,synnetqos_m_00046057,S042_04605,2025-07-27 02:25:58.023051,0,Not degraded
reduced_context,kmeans,2,46062,1,C1,-0.37206630272228064,0.3180593396531734,synnetqos_m_00046063,S042_04606,2025-08-05 00:53:56.589803,1,Degraded
reduced_context,kmeans,2,46065,1,C1,-0.8838241730062669,-0.3126402351217718,synnetqos_m_00046066,S042_04606,2025-08-05 00:56:56.589803,1,Degraded
reduced_context,kmeans,2,46066,1,C1,-0.47426914129745207,-0.21331336492066694,synnetqos_m_00046067,S042_04606,2025-08-05 00:57:56.589803,1,Degraded
reduced_context,kmeans,2,46067,1,C1,-1.1329706288348864,0.23812796951615947,synnetqos_m_00046068,S042_04606,2025-08-05 00:58:56.589803,1,Degraded
reduced_context,kmeans,2,46072,1,C1,-1.0718332968289432,-0.6694357160260791,synnetqos_m_00046073,S042_04607,2025-08-06 10:22:02.627011,0,Not degraded
reduced_context,kmeans,2,46106,1,C1,-0.808653058939547,-0.647553262885899,synnetqos_m_00046107,S042_04610,2025-07-31 09:53:34.754255,1,Degraded
reduced_context,kmeans,2,46115,1,C1,-0.8192782048485246,-0.5957020821488884,synnetqos_m_00046116,S042_04611,2025-07-30 21:21:21.579009,1,Degraded
reduced_context,kmeans,2,46125,1,C1,0.4213946385016488,0.08449413012323742,synnetqos_m_00046126,S042_04612,2025-07-29 07:51:46.839065,0,Not degraded
reduced_context,kmeans,2,46144,1,C1,-2.249693608055083,-0.6064782329356715,synnetqos_m_00046145,S042_04614,2025-08-20 09:26:00.541305,0,Not degraded
reduced_context,kmeans,2,46164,1,C1,0.1926131879990777,-0.5227942734596054,synnetqos_m_00046165,S042_04616,2025-08-05 17:30:25.940466,1,Degraded
reduced_context,kmeans,2,46166,0,C0,1.8996999966764283,-0.48703045388047433,synnetqos_m_00046167,S042_04616,2025-08-05 17:32:25.940466,0,Not degraded
reduced_context,kmeans,2,46168,0,C0,1.6760020680185175,-1.2865419555593107,synnetqos_m_00046169,S042_04616,2025-08-05 17:34:25.940466,0,Not degraded
reduced_context,kmeans,2,46216,1,C1,-1.4146219820761703,-0.1633085748591497,synnetqos_m_00046217,S042_04621,2025-08-13 08:19:59.193830,1,Degraded
reduced_context,kmeans,2,46272,1,C1,-2.2914353131911747,4.425379393532765,synnetqos_m_00046273,S042_04627,2025-08-25 02:00:17.818107,1,Degraded
reduced_context,kmeans,2,46280,1,C1,0.5221671226760431,2.608163179702242,synnetqos_m_00046281,S042_04628,2025-08-17 06:53:46.942718,1,Degraded
reduced_context,kmeans,2,46286,0,C0,1.318899919146785,1.8990602501602742,synnetqos_m_00046287,S042_04628,2025-08-17 06:59:46.942718,0,Not degraded
reduced_context,kmeans,2,46298,1,C1,-0.744212112366762,0.005482521018999771,synnetqos_m_00046299,S042_04629,2025-08-06 20:20:04.348283,1,Degraded
reduced_context,kmeans,2,46319,0,C0,3.1681702744630322,0.11154810593119638,synnetqos_m_00046320,S042_04631,2025-08-19 21:36:18.389376,0,Not degraded
reduced_context,kmeans,2,46320,1,C1,-1.5151860726665887,0.6219620982542995,synnetqos_m_00046321,S042_04632,2025-07-27 21:52:56.930459,1,Degraded
reduced_context,kmeans,2,46324,1,C1,-0.9489158049882332,0.18350134505634988,synnetqos_m_00046325,S042_04632,2025-07-27 21:56:56.930459,0,Not degraded
reduced_context,kmeans,2,46330,0,C0,0.8332212361733665,-0.64665034649463,synnetqos_m_00046331,S042_04633,2025-08-24 06:01:53.870067,0,Not degraded
reduced_context,kmeans,2,46332,1,C1,0.21059848597417732,1.0544477716158271,synnetqos_m_00046333,S042_04633,2025-08-24 06:03:53.870067,0,Not degraded
reduced_context,kmeans,2,46339,1,C1,-0.388734343625252,3.6563206632347565,synnetqos_m_00046340,S042_04633,2025-08-24 06:10:53.870067,1,Degraded
reduced_context,kmeans,2,46343,0,C0,2.28313581052095,-0.3503107254772174,synnetqos_m_00046344,S042_04634,2025-08-05 08:50:45.276722,0,Not degraded
reduced_context,kmeans,2,46351,0,C0,1.1594888262343825,-1.3399768869764004,synnetqos_m_00046352,S042_04635,2025-08-08 12:36:46.329243,1,Degraded
reduced_context,kmeans,2,46362,1,C1,-0.4177742390411933,-1.0442978603475277,synnetqos_m_00046363,S042_04636,2025-08-20 05:20:39.748663,0,Not degraded
reduced_context,kmeans,2,46366,1,C1,0.13068141048374926,0.11046042415741394,synnetqos_m_00046367,S042_04636,2025-08-20 05:24:39.748663,0,Not degraded
reduced_context,kmeans,2,46369,1,C1,-1.3142151840831404,-0.6117160970224969,synnetqos_m_00046370,S042_04636,2025-08-20 05:27:39.748663,1,Degraded
reduced_context,kmeans,2,46379,0,C0,1.3514927739567908,-1.3235018719610114,synnetqos_m_00046380,S042_04637,2025-08-20 20:26:36.158524,0,Not degraded
reduced_context,kmeans,2,46393,1,C1,-3.094661614868792,0.6292836871656485,synnetqos_m_00046394,S042_04639,2025-07-29 16:53:37.548440,1,Degraded
reduced_context,kmeans,2,46394,1,C1,-3.353260649735543,-0.28182724949193494,synnetqos_m_00046395,S042_04639,2025-07-29 16:54:37.548440,1,Degraded
reduced_context,kmeans,2,46395,1,C1,-2.9772154523199865,-0.12475664317086521,synnetqos_m_00046396,S042_04639,2025-07-29 16:55:37.548440,0,Not degraded
reduced_context,kmeans,2,46396,1,C1,-2.9392270925618087,0.16753795793457646,synnetqos_m_00046397,S042_04639,2025-07-29 16:56:37.548440,1,Degraded
reduced_context,kmeans,2,46397,1,C1,-3.239708649159169,0.5613171970508292,synnetqos_m_00046398,S042_04639,2025-07-29 16:57:37.548440,1,Degraded
reduced_context,kmeans,2,46404,1,C1,-1.798830023299211,-0.7118325424018975,synnetqos_m_00046405,S042_04640,2025-08-17 20:46:16.758000,1,Degraded
reduced_context,kmeans,2,46407,0,C0,3.76941469673278,-3.069211148631692,synnetqos_m_00046408,S042_04640,2025-08-17 20:49:16.758000,0,Not degraded
reduced_context,kmeans,2,46419,0,C0,3.3471714979503346,-0.17149293654288578,synnetqos_m_00046420,S042_04641,2025-08-21 03:16:35.065658,0,Not degraded
reduced_context,kmeans,2,46437,0,C0,0.9519959275192281,1.2134717383701161,synnetqos_m_00046438,S042_04643,2025-08-25 12:25:29.774024,0,Not degraded
reduced_context,kmeans,2,46443,0,C0,5.340385349223599,5.564152919295991,synnetqos_m_00046444,S042_04644,2025-08-12 01:12:28.703944,0,Not degraded
reduced_context,kmeans,2,46447,0,C0,1.9997079649995495,-0.1325859210240618,synnetqos_m_00046448,S042_04644,2025-08-12 01:16:28.703944,0,Not degraded
reduced_context,kmeans,2,46448,0,C0,3.875240225275959,2.7764681968859635,synnetqos_m_00046449,S042_04644,2025-08-12 01:17:28.703944,0,Not degraded
reduced_context,kmeans,2,46472,1,C1,-0.7773500853850515,-0.5426782878090342,synnetqos_m_00046473,S042_04647,2025-07-30 10:50:28.067535,1,Degraded
reduced_context,kmeans,2,46477,1,C1,-0.17616715310899944,-0.42443747625075845,synnetqos_m_00046478,S042_04647,2025-07-30 10:55:28.067535,1,Degraded
reduced_context,kmeans,2,46479,1,C1,-0.6173567836450711,-0.5016282471222553,synnetqos_m_00046480,S042_04647,2025-07-30 10:57:28.067535,1,Degraded
reduced_context,kmeans,2,46495,1,C1,-1.8121331987445386,-0.5719236240215161,synnetqos_m_00046496,S042_04649,2025-08-22 09:46:54.134373,1,Degraded
reduced_context,kmeans,2,46509,1,C1,-0.53416217040715,1.8786158258840755,synnetqos_m_00046510,S042_04650,2025-08-19 06:24:31.128282,1,Degraded
reduced_context,kmeans,2,46520,0,C0,1.0598217038207483,-1.5422917474674818,synnetqos_m_00046521,S042_04652,2025-08-15 09:38:47.414128,0,Not degraded
reduced_context,kmeans,2,46527,1,C1,-0.7045823678144687,0.2859600103160645,synnetqos_m_00046528,S042_04652,2025-08-15 09:45:47.414128,1,Degraded
reduced_context,kmeans,2,46540,0,C0,1.6000826816789937,-0.6156739403623858,synnetqos_m_00046541,S042_04654,2025-08-23 00:37:20.849994,0,Not degraded
reduced_context,kmeans,2,46543,0,C0,1.9561382451704454,0.9110745078963198,synnetqos_m_00046544,S042_04654,2025-08-23 00:40:20.849994,0,Not degraded
reduced_context,kmeans,2,46550,0,C0,1.8924810953000981,-0.700807275886769,synnetqos_m_00046551,S042_04655,2025-08-24 09:13:19.787751,0,Not degraded
reduced_context,kmeans,2,46553,0,C0,2.3802786462917243,0.7414557488277834,synnetqos_m_00046554,S042_04655,2025-08-24 09:16:19.787751,0,Not degraded
reduced_context,kmeans,2,46556,0,C0,2.9405675586848345,-1.1186634189126725,synnetqos_m_00046557,S042_04655,2025-08-24 09:19:19.787751,0,Not degraded
reduced_context,kmeans,2,46560,1,C1,0.3959623338944048,-1.030134558317146,synnetqos_m_00046561,S042_04656,2025-08-09 11:44:29.315544,0,Not degraded
reduced_context,kmeans,2,46564,1,C1,0.4940311896562043,1.1853544545192407,synnetqos_m_00046565,S042_04656,2025-08-09 11:48:29.315544,1,Degraded
reduced_context,kmeans,2,46581,1,C1,-0.5980004224737032,1.0785262020405963,synnetqos_m_00046582,S042_04658,2025-08-16 08:55:49.621612,0,Not degraded
reduced_context,kmeans,2,46585,1,C1,0.2580231478284377,2.3036325299927753,synnetqos_m_00046586,S042_04658,2025-08-16 08:59:49.621612,1,Degraded
reduced_context,kmeans,2,46610,1,C1,-1.1423145969085708,0.5037310954157683,synnetqos_m_00046611,S042_04661,2025-08-03 17:32:27.100460,1,Degraded
reduced_context,kmeans,2,46625,1,C1,-0.6289005446290151,0.057100839454019246,synnetqos_m_00046626,S042_04662,2025-08-12 10:03:19.705871,0,Not degraded
reduced_context,kmeans,2,46631,1,C1,-1.1642319237401848,-0.13894655354822863,synnetqos_m_00046632,S042_04663,2025-07-27 23:42:52.765873,1,Degraded
reduced_context,kmeans,2,46640,0,C0,0.5911923064578679,-0.07866689454224343,synnetqos_m_00046641,S042_04664,2025-08-18 09:18:15.325659,0,Not degraded
reduced_context,kmeans,2,46647,1,C1,-1.841180768555343,-0.40863244012609234,synnetqos_m_00046648,S042_04664,2025-08-18 09:25:15.325659,0,Not degraded
reduced_context,kmeans,2,46654,1,C1,0.23325738298179882,2.6733057876593413,synnetqos_m_00046655,S042_04665,2025-08-13 07:56:29.804529,1,Degraded
reduced_context,kmeans,2,46661,1,C1,-1.4384455362979705,0.39154272777902815,synnetqos_m_00046662,S042_04666,2025-07-30 15:41:59.679300,1,Degraded
reduced_context,kmeans,2,46662,1,C1,-0.030606903214325486,0.9313194773040931,synnetqos_m_00046663,S042_04666,2025-07-30 15:42:59.679300,0,Not degraded
reduced_context,kmeans,2,46671,0,C0,0.8150719931972318,-0.8111484918964417,synnetqos_m_00046672,S042_04667,2025-08-01 18:27:58.296910,0,Not degraded
reduced_context,kmeans,2,46691,1,C1,-1.6259152331246998,-0.3575870021166139,synnetqos_m_00046692,S042_04669,2025-08-11 16:11:07.646035,1,Degraded
reduced_context,kmeans,2,46698,1,C1,-1.6496639308686665,-0.31958150010913705,synnetqos_m_00046699,S042_04669,2025-08-11 16:18:07.646035,1,Degraded
reduced_context,kmeans,2,46710,1,C1,-0.4148536100319312,4.356561660716201,synnetqos_m_00046711,S042_04671,2025-08-18 08:28:51.910194,1,Degraded
reduced_context,kmeans,2,46737,0,C0,1.4631310558346202,-2.172916098491385,synnetqos_m_00046738,S042_04673,2025-08-10 09:24:44.795599,0,Not degraded
reduced_context,kmeans,2,46738,1,C1,-0.6623985634467374,-1.4074776924070447,synnetqos_m_00046739,S042_04673,2025-08-10 09:25:44.795599,1,Degraded
reduced_context,kmeans,2,46741,1,C1,-0.02332017869571741,-1.1136831800425955,synnetqos_m_00046742,S042_04674,2025-07-26 19:01:22.735484,0,Not degraded
reduced_context,kmeans,2,46761,1,C1,-0.4948866349517082,-1.371509015825329,synnetqos_m_00046762,S042_04676,2025-08-06 21:19:55.578705,0,Not degraded
reduced_context,kmeans,2,46764,1,C1,0.2020809325029076,-1.0120792453652498,synnetqos_m_00046765,S042_04676,2025-08-06 21:22:55.578705,0,Not degraded
reduced_context,kmeans,2,46812,1,C1,-0.29650851008222057,2.7407895772555606,synnetqos_m_00046813,S042_04681,2025-08-13 14:54:31.804123,1,Degraded
reduced_context,kmeans,2,46813,1,C1,0.2762985535320111,-1.4063622438888763,synnetqos_m_00046814,S042_04681,2025-08-13 14:55:31.804123,0,Not degraded
reduced_context,kmeans,2,46822,1,C1,0.5904499416502752,1.4510957610449466,synnetqos_m_00046823,S042_04682,2025-08-18 14:50:51.071489,1,Degraded
reduced_context,kmeans,2,46828,0,C0,1.7573451074395003,-1.4632998478786017,synnetqos_m_00046829,S042_04682,2025-08-18 14:56:51.071489,0,Not degraded
reduced_context,kmeans,2,46833,1,C1,-1.2306426570990356,-0.6876947676332987,synnetqos_m_00046834,S042_04683,2025-08-05 22:49:26.646005,1,Degraded
reduced_context,kmeans,2,46837,1,C1,-1.0498282252422235,-0.3348817892746633,synnetqos_m_00046838,S042_04683,2025-08-05 22:53:26.646005,1,Degraded
reduced_context,kmeans,2,46838,0,C0,0.8049710952842853,3.0077500588404695,synnetqos_m_00046839,S042_04683,2025-08-05 22:54:26.646005,1,Degraded
reduced_context,kmeans,2,46843,0,C0,2.7209232385061437,0.623597752364426,synnetqos_m_00046844,S042_04684,2025-07-28 17:58:30.500376,0,Not degraded
reduced_context,kmeans,2,46849,1,C1,-0.6738975661343685,-0.27188816587711506,synnetqos_m_00046850,S042_04684,2025-07-28 18:04:30.500376,1,Degraded
reduced_context,kmeans,2,46877,0,C0,1.2411067358016519,2.0018758904517475,synnetqos_m_00046878,S042_04687,2025-08-05 22:54:41.222068,1,Degraded
reduced_context,kmeans,2,46878,1,C1,0.48169556708685307,-0.7341349584088678,synnetqos_m_00046879,S042_04687,2025-08-05 22:55:41.222068,0,Not degraded
reduced_context,kmeans,2,46923,0,C0,1.312764680221501,3.2261376550394445,synnetqos_m_00046924,S042_04692,2025-08-19 14:44:08.472590,0,Not degraded
reduced_context,kmeans,2,46937,1,C1,-1.9498064119334007,-0.39308017976219806,synnetqos_m_00046938,S042_04693,2025-07-27 04:50:27.462199,0,Not degraded
reduced_context,kmeans,2,46938,1,C1,-2.276779587618996,0.6098401001563428,synnetqos_m_00046939,S042_04693,2025-07-27 04:51:27.462199,1,Degraded
reduced_context,kmeans,2,46949,0,C0,2.986763386147166,1.7338295142746505,synnetqos_m_00046950,S042_04694,2025-08-12 23:18:42.061984,0,Not degraded
reduced_context,kmeans,2,46958,1,C1,-1.6315441159937247,-0.7126736864987874,synnetqos_m_00046959,S042_04695,2025-07-28 23:17:55.768215,1,Degraded
reduced_context,kmeans,2,46966,1,C1,-1.0748232354878169,-0.8364756062386278,synnetqos_m_00046967,S042_04696,2025-08-14 09:10:31.599988,1,Degraded
reduced_context,kmeans,2,46986,1,C1,-1.584184409101071,3.1443386468142305,synnetqos_m_00046987,S042_04698,2025-08-18 08:08:10.372856,1,Degraded
reduced_context,kmeans,2,46992,1,C1,0.17359456564347983,2.732588631656046,synnetqos_m_00046993,S042_04699,2025-08-04 18:40:24.008193,1,Degraded
reduced_context,kmeans,2,46997,1,C1,0.19462589533851138,-0.8650795087564773,synnetqos_m_00046998,S042_04699,2025-08-04 18:45:24.008193,0,Not degraded
reduced_context,kmeans,2,46998,0,C0,0.8249566373188562,-0.551952431973159,synnetqos_m_00046999,S042_04699,2025-08-04 18:46:24.008193,0,Not degraded
reduced_context,kmeans,2,47001,1,C1,-1.3221611991668172,0.3473064830145236,synnetqos_m_00047002,S042_04700,2025-08-07 20:39:09.949889,1,Degraded
reduced_context,kmeans,2,47016,1,C1,-0.8783175475802187,-1.0512038529988703,synnetqos_m_00047017,S042_04701,2025-08-07 21:46:33.817333,1,Degraded
reduced_context,kmeans,2,47020,0,C0,3.646711056464736,2.344422769890732,synnetqos_m_00047021,S042_04702,2025-08-24 04:42:28.502432,0,Not degraded
reduced_context,kmeans,2,47027,0,C0,2.3111987943171535,-0.679102668992592,synnetqos_m_00047028,S042_04702,2025-08-24 04:49:28.502432,0,Not degraded
reduced_context,kmeans,2,47029,0,C0,1.3534743823806725,-1.0228778911053258,synnetqos_m_00047030,S042_04702,2025-08-24 04:51:28.502432,0,Not degraded
reduced_context,kmeans,2,47030,1,C1,0.13387877177462498,-1.0308138181242523,synnetqos_m_00047031,S042_04703,2025-08-15 10:26:03.811055,0,Not degraded
reduced_context,kmeans,2,47074,1,C1,-1.0353666105011192,-0.8043540585083453,synnetqos_m_00047075,S042_04707,2025-08-10 22:07:15.970605,1,Degraded
reduced_context,kmeans,2,47078,1,C1,-1.081532924634355,-0.446265567719255,synnetqos_m_00047079,S042_04707,2025-08-10 22:11:15.970605,1,Degraded
reduced_context,kmeans,2,47108,1,C1,-2.0202775061746103,0.0364716318829515,synnetqos_m_00047109,S042_04710,2025-08-13 06:52:29.566695,1,Degraded
reduced_context,kmeans,2,47120,0,C0,0.8444473513464019,-1.1087186753888598,synnetqos_m_00047121,S042_04712,2025-08-17 07:35:10.655469,0,Not degraded
reduced_context,kmeans,2,47126,1,C1,0.45804217333618574,-0.6151353553597493,synnetqos_m_00047127,S042_04712,2025-08-17 07:41:10.655469,0,Not degraded
reduced_context,kmeans,2,47134,1,C1,-1.5170261372743679,0.3341055466185505,synnetqos_m_00047135,S042_04713,2025-08-23 20:03:59.972904,1,Degraded
reduced_context,kmeans,2,47145,0,C0,3.231627042327554,1.3922759503924598,synnetqos_m_00047146,S042_04714,2025-07-28 16:34:58.773236,0,Not degraded
reduced_context,kmeans,2,47156,0,C0,1.590829711509527,0.19420494970892163,synnetqos_m_00047157,S042_04715,2025-08-08 08:32:25.407904,0,Not degraded
reduced_context,kmeans,2,47192,1,C1,-1.6996428847798277,2.308591354666,synnetqos_m_00047193,S042_04719,2025-08-01 10:52:58.479331,1,Degraded
reduced_context,kmeans,2,47207,0,C0,1.3889729773805009,-0.5586005679475103,synnetqos_m_00047208,S042_04720,2025-08-06 06:28:46.847878,0,Not degraded
reduced_context,kmeans,2,47226,1,C1,-0.5147032481893501,-0.4859611419710038,synnetqos_m_00047227,S042_04722,2025-08-18 05:48:44.287396,0,Not degraded
reduced_context,kmeans,2,47236,1,C1,-0.6406186546831037,-0.8330800529106858,synnetqos_m_00047237,S042_04723,2025-08-15 10:50:47.110527,1,Degraded
reduced_context,kmeans,2,47275,1,C1,0.1040340110274203,0.4390769346169797,synnetqos_m_00047276,S042_04727,2025-08-09 00:45:23.739884,1,Degraded
reduced_context,kmeans,2,47280,1,C1,0.10307037708797212,-0.8686600044292321,synnetqos_m_00047281,S042_04728,2025-08-08 03:56:03.198535,0,Not degraded
reduced_context,kmeans,2,47286,1,C1,0.7235306043612066,-2.0077822150810087,synnetqos_m_00047287,S042_04728,2025-08-08 04:02:03.198535,1,Degraded
reduced_context,kmeans,2,47300,1,C1,-1.7817565446834476,-0.7569053309380706,synnetqos_m_00047301,S042_04730,2025-08-01 09:52:43.945946,1,Degraded
reduced_context,kmeans,2,47302,1,C1,0.5090225635901069,2.686644134734966,synnetqos_m_00047303,S042_04730,2025-08-01 09:54:43.945946,1,Degraded
reduced_context,kmeans,2,47309,1,C1,-0.35163407513102335,-1.3482189636717505,synnetqos_m_00047310,S042_04730,2025-08-01 10:01:43.945946,0,Not degraded
reduced_context,kmeans,2,47310,1,C1,-0.9042660083471799,-1.0632559710551466,synnetqos_m_00047311,S042_04731,2025-08-11 23:45:53.454601,1,Degraded
reduced_context,kmeans,2,47317,1,C1,-1.4062374561877156,-1.092491364105145,synnetqos_m_00047318,S042_04731,2025-08-11 23:52:53.454601,1,Degraded
reduced_context,kmeans,2,47344,0,C0,3.366037057483157,6.808872061394175,synnetqos_m_00047345,S042_04734,2025-08-24 05:44:59.323220,0,Not degraded
reduced_context,kmeans,2,47349,1,C1,0.3318537677240716,-0.56002409892972,synnetqos_m_00047350,S042_04734,2025-08-24 05:49:59.323220,0,Not degraded
reduced_context,kmeans,2,47379,1,C1,-0.3074936827826819,-0.48533425833088234,synnetqos_m_00047380,S042_04737,2025-07-26 18:36:55.176808,0,Not degraded
reduced_context,kmeans,2,47381,0,C0,0.8854963371539738,-0.5189296440743368,synnetqos_m_00047382,S042_04738,2025-08-16 07:16:17.235423,0,Not degraded
reduced_context,kmeans,2,47400,1,C1,-3.068947044426867,1.4065390160158615,synnetqos_m_00047401,S042_04740,2025-08-16 07:11:27.219463,1,Degraded
reduced_context,kmeans,2,47406,1,C1,-2.6124261474267736,-0.09356034083246588,synnetqos_m_00047407,S042_04740,2025-08-16 07:17:27.219463,1,Degraded
reduced_context,kmeans,2,47422,1,C1,-1.6264499610419312,-0.30567890915634316,synnetqos_m_00047423,S042_04742,2025-08-19 01:34:07.921385,0,Not degraded
reduced_context,kmeans,2,47442,1,C1,-0.10242896539110535,-0.27190873387622116,synnetqos_m_00047443,S042_04744,2025-08-06 15:33:03.012765,0,Not degraded
reduced_context,kmeans,2,47459,1,C1,-0.30517733975161987,1.0132666960939987,synnetqos_m_00047460,S042_04745,2025-08-02 12:24:36.259752,1,Degraded
reduced_context,kmeans,2,47460,1,C1,-1.7649674131815363,-0.475551295659771,synnetqos_m_00047461,S042_04746,2025-08-20 18:01:56.074413,1,Degraded
reduced_context,kmeans,2,47471,0,C0,3.051786265054917,5.429303045267267,synnetqos_m_00047472,S042_04747,2025-08-03 10:57:52.017720,1,Degraded
reduced_context,kmeans,2,47481,0,C0,1.6069609028998355,-0.451717330412162,synnetqos_m_00047482,S042_04748,2025-07-28 08:02:57.692634,0,Not degraded
reduced_context,kmeans,2,47489,1,C1,-0.37615481823134894,-0.4201316599872307,synnetqos_m_00047490,S042_04748,2025-07-28 08:10:57.692634,0,Not degraded
reduced_context,kmeans,2,47490,0,C0,2.7492800568135505,-1.3192775714800555,synnetqos_m_00047491,S042_04749,2025-08-08 02:38:11.532592,0,Not degraded
reduced_context,kmeans,2,47495,0,C0,4.3081863797467825,-2.4138593307563765,synnetqos_m_00047496,S042_04749,2025-08-08 02:43:11.532592,0,Not degraded
reduced_context,kmeans,2,47503,1,C1,-0.891871056778919,-0.7188453882631978,synnetqos_m_00047504,S042_04750,2025-08-05 21:25:06.084623,1,Degraded
reduced_context,kmeans,2,47522,1,C1,-1.776506508207774,3.328660512692384,synnetqos_m_00047523,S042_04752,2025-07-29 22:30:10.509073,1,Degraded
reduced_context,kmeans,2,47532,1,C1,-0.5047072087257287,0.4090469391567323,synnetqos_m_00047533,S042_04753,2025-08-03 17:44:37.723534,1,Degraded
reduced_context,kmeans,2,47540,0,C0,1.0320335982162743,-0.5050250417030627,synnetqos_m_00047541,S042_04754,2025-08-04 05:56:28.380426,0,Not degraded
reduced_context,kmeans,2,47552,0,C0,1.7339769635916542,-1.7188314639564426,synnetqos_m_00047553,S042_04755,2025-08-12 15:38:21.764261,0,Not degraded
reduced_context,kmeans,2,47570,1,C1,-1.9503508089194594,-0.6982198896155991,synnetqos_m_00047571,S042_04757,2025-08-05 01:59:57.002363,1,Degraded
reduced_context,kmeans,2,47589,1,C1,-0.5566520104822041,-1.17444605171245,synnetqos_m_00047590,S042_04758,2025-08-10 22:23:03.066981,1,Degraded
reduced_context,kmeans,2,47601,1,C1,-0.05732062531475023,-1.4517639089906578,synnetqos_m_00047602,S042_04760,2025-08-11 10:40:10.062964,1,Degraded
reduced_context,kmeans,2,47602,0,C0,1.090185901249945,-1.948110130369589,synnetqos_m_00047603,S042_04760,2025-08-11 10:41:10.062964,0,Not degraded
reduced_context,kmeans,2,47606,1,C1,-0.8233783802012006,-0.7788729984048302,synnetqos_m_00047607,S042_04760,2025-08-11 10:45:10.062964,1,Degraded
reduced_context,kmeans,2,47613,0,C0,2.210155664315123,2.109405735066452,synnetqos_m_00047614,S042_04761,2025-08-11 03:23:18.130066,0,Not degraded
reduced_context,kmeans,2,47614,1,C1,0.6120129643546444,-1.01187707489671,synnetqos_m_00047615,S042_04761,2025-08-11 03:24:18.130066,0,Not degraded
reduced_context,kmeans,2,47627,0,C0,2.1387341054867446,-0.9203947328727783,synnetqos_m_00047628,S042_04762,2025-08-10 02:24:55.393037,0,Not degraded
reduced_context,kmeans,2,47630,1,C1,0.18264893623026288,-0.691560671869293,synnetqos_m_00047631,S042_04763,2025-08-18 05:04:53.806683,0,Not degraded
reduced_context,kmeans,2,47666,0,C0,0.8229629608748074,0.0716006787857483,synnetqos_m_00047667,S042_04766,2025-08-07 02:50:33.871177,0,Not degraded
reduced_context,kmeans,2,47681,1,C1,-1.5674042619097932,-0.30727404388583035,synnetqos_m_00047682,S042_04768,2025-08-25 00:14:33.428994,0,Not degraded
reduced_context,kmeans,2,47683,1,C1,-1.4332139379952236,0.6829666844691266,synnetqos_m_00047684,S042_04768,2025-08-25 00:16:33.428994,1,Degraded
reduced_context,kmeans,2,47719,1,C1,-1.8528218622444947,-0.32728861107182494,synnetqos_m_00047720,S042_04771,2025-08-20 01:26:45.096117,1,Degraded
reduced_context,kmeans,2,47721,0,C0,1.8843589829337146,-0.7249471202169787,synnetqos_m_00047722,S042_04772,2025-08-10 21:33:56.310595,0,Not degraded
reduced_context,kmeans,2,47723,0,C0,0.8038993294356178,-0.9920685887021875,synnetqos_m_00047724,S042_04772,2025-08-10 21:35:56.310595,0,Not degraded
reduced_context,kmeans,2,47752,1,C1,-3.0178875447935547,1.857167571323616,synnetqos_m_00047753,S042_04775,2025-08-18 15:02:24.025902,1,Degraded
reduced_context,kmeans,2,47757,1,C1,-3.209531563188883,0.25097072788148606,synnetqos_m_00047758,S042_04775,2025-08-18 15:07:24.025902,1,Degraded
reduced_context,kmeans,2,47779,0,C0,2.6515911899152136,-0.3754902166307495,synnetqos_m_00047780,S042_04777,2025-08-15 23:08:56.093727,0,Not degraded
reduced_context,kmeans,2,47809,0,C0,1.3421954724275755,0.6660504440151744,synnetqos_m_00047810,S042_04780,2025-08-03 19:02:27.080816,0,Not degraded
reduced_context,kmeans,2,47814,1,C1,-0.38484229651666413,-1.4068256326235247,synnetqos_m_00047815,S042_04781,2025-07-27 00:15:30.918368,0,Not degraded
reduced_context,kmeans,2,47830,1,C1,-0.8539701154310184,-0.656013969097691,synnetqos_m_00047831,S042_04783,2025-07-31 13:37:38.147963,0,Not degraded
reduced_context,kmeans,2,47832,1,C1,-2.0873737231645624,0.034148042070103364,synnetqos_m_00047833,S042_04783,2025-07-31 13:39:38.147963,1,Degraded
reduced_context,kmeans,2,47840,1,C1,-2.9527384293855765,-0.6760213667095188,synnetqos_m_00047841,S042_04784,2025-08-20 00:28:11.119623,1,Degraded
reduced_context,kmeans,2,47849,1,C1,-2.9653973487270093,-0.15195465210855094,synnetqos_m_00047850,S042_04784,2025-08-20 00:37:11.119623,1,Degraded
reduced_context,kmeans,2,47858,1,C1,-0.6535335138904816,-0.6733988432660837,synnetqos_m_00047859,S042_04785,2025-07-28 20:01:40.634217,0,Not degraded
reduced_context,kmeans,2,47867,1,C1,0.010824022357586071,-1.5840256007146143,synnetqos_m_00047868,S042_04786,2025-08-16 11:45:56.026385,1,Degraded
reduced_context,kmeans,2,47868,1,C1,-0.2922905047370255,-0.7435631813316594,synnetqos_m_00047869,S042_04786,2025-08-16 11:46:56.026385,1,Degraded
reduced_context,kmeans,2,47869,1,C1,-0.11035533187918067,-1.3028781045038573,synnetqos_m_00047870,S042_04786,2025-08-16 11:47:56.026385,1,Degraded
reduced_context,kmeans,2,47885,1,C1,0.5013541167132828,1.023054936385681,synnetqos_m_00047886,S042_04788,2025-08-12 20:00:42.325408,1,Degraded
reduced_context,kmeans,2,47889,1,C1,-0.9633793247587588,-0.717507083627133,synnetqos_m_00047890,S042_04788,2025-08-12 20:04:42.325408,1,Degraded
reduced_context,kmeans,2,47904,1,C1,-2.414765326447111,0.4716520079787656,synnetqos_m_00047905,S042_04790,2025-08-23 20:49:33.861774,1,Degraded
reduced_context,kmeans,2,47921,1,C1,-2.1271404335623227,-0.27985941072261705,synnetqos_m_00047922,S042_04792,2025-08-09 09:38:24.803734,1,Degraded
reduced_context,kmeans,2,47924,1,C1,-2.3185177515911612,-0.6021138994134465,synnetqos_m_00047925,S042_04792,2025-08-09 09:41:24.803734,1,Degraded
reduced_context,kmeans,2,47938,1,C1,-2.4594482869672523,-0.3524486677035178,synnetqos_m_00047939,S042_04793,2025-08-20 06:56:05.791662,1,Degraded
reduced_context,kmeans,2,47941,1,C1,0.03757969159146006,-1.3920572622889247,synnetqos_m_00047942,S042_04794,2025-08-07 02:32:40.515530,0,Not degraded
reduced_context,kmeans,2,47947,1,C1,-1.5988915819275642,-0.8907409725147355,synnetqos_m_00047948,S042_04794,2025-08-07 02:38:40.515530,1,Degraded
reduced_context,kmeans,2,47955,1,C1,-0.9975858049309814,-0.605716687550728,synnetqos_m_00047956,S042_04795,2025-08-19 14:41:54.475196,1,Degraded
reduced_context,kmeans,2,47956,1,C1,-0.6511100877293815,-0.2645336996421593,synnetqos_m_00047957,S042_04795,2025-08-19 14:42:54.475196,1,Degraded
reduced_context,kmeans,2,47984,1,C1,-1.8784747719062518,3.0708435893229535,synnetqos_m_00047985,S042_04798,2025-08-04 16:07:00.311570,1,Degraded
reduced_context,kmeans,2,48000,1,C1,-3.022177654281333,-0.5369857629525856,synnetqos_m_00048001,S042_04800,2025-08-12 04:32:12.520276,1,Degraded
reduced_context,kmeans,2,48003,1,C1,-2.999316906914841,-0.18570787999595137,synnetqos_m_00048004,S042_04800,2025-08-12 04:35:12.520276,1,Degraded
reduced_context,kmeans,2,48006,1,C1,-2.704142234944067,-0.10318934444552666,synnetqos_m_00048007,S042_04800,2025-08-12 04:38:12.520276,1,Degraded
reduced_context,kmeans,2,48011,0,C0,3.7739877052274537,-1.2927878783842581,synnetqos_m_00048012,S042_04801,2025-08-03 08:22:40.793531,0,Not degraded
reduced_context,kmeans,2,48017,0,C0,3.290421636757949,-0.4638661159514956,synnetqos_m_00048018,S042_04801,2025-08-03 08:28:40.793531,0,Not degraded
reduced_context,kmeans,2,48022,0,C0,0.9685560386221161,-0.70165937275152,synnetqos_m_00048023,S042_04802,2025-07-29 07:05:52.068824,0,Not degraded
reduced_context,kmeans,2,48030,1,C1,-1.3935927429481714,-0.9914071378263908,synnetqos_m_00048031,S042_04803,2025-08-16 08:07:24.910523,1,Degraded
reduced_context,kmeans,2,48038,1,C1,-1.5845324663142188,-0.8235874399497916,synnetqos_m_00048039,S042_04803,2025-08-16 08:15:24.910523,1,Degraded
reduced_context,kmeans,2,48050,1,C1,-0.828738569835455,0.0018828705766737175,synnetqos_m_00048051,S042_04805,2025-08-23 15:25:14.414092,1,Degraded
reduced_context,kmeans,2,48062,1,C1,0.5797964117695628,-1.2186366808571232,synnetqos_m_00048063,S042_04806,2025-08-02 22:41:28.449676,0,Not degraded
reduced_context,kmeans,2,48090,1,C1,-1.0558175409450608,-0.8067610131887064,synnetqos_m_00048091,S042_04809,2025-08-20 09:56:27.578494,1,Degraded
reduced_context,kmeans,2,48092,0,C0,2.569478620140751,-0.6385561534761485,synnetqos_m_00048093,S042_04809,2025-08-20 09:58:27.578494,0,Not degraded
reduced_context,kmeans,2,48095,1,C1,-0.6591249001472594,0.9651375202685268,synnetqos_m_00048096,S042_04809,2025-08-20 10:01:27.578494,1,Degraded
reduced_context,kmeans,2,48105,1,C1,-1.4193693398128446,-0.3488886442079004,synnetqos_m_00048106,S042_04810,2025-08-23 06:00:52.591941,1,Degraded
reduced_context,kmeans,2,48176,1,C1,-1.1834031189589318,2.053901585013315,synnetqos_m_00048177,S042_04817,2025-08-01 20:18:15.025583,1,Degraded
reduced_context,kmeans,2,48183,1,C1,-1.8446512636416483,1.8209814262243291,synnetqos_m_00048184,S042_04818,2025-08-21 04:33:51.428312,1,Degraded
reduced_context,kmeans,2,48204,1,C1,-1.8730499233573517,-0.8754479472244904,synnetqos_m_00048205,S042_04820,2025-08-11 07:19:42.970758,0,Not degraded
reduced_context,kmeans,2,48206,1,C1,-2.0978067003720673,-0.6366464900575649,synnetqos_m_00048207,S042_04820,2025-08-11 07:21:42.970758,1,Degraded
reduced_context,kmeans,2,48213,0,C0,0.7875634550279996,0.05576422503722637,synnetqos_m_00048214,S042_04821,2025-08-13 09:36:25.328478,0,Not degraded
reduced_context,kmeans,2,48216,1,C1,-0.8345669707606289,2.780332605023432,synnetqos_m_00048217,S042_04821,2025-08-13 09:39:25.328478,1,Degraded
reduced_context,kmeans,2,48221,1,C1,-0.830523815742742,-0.41165907243471583,synnetqos_m_00048222,S042_04822,2025-08-22 18:17:14.217944,0,Not degraded
reduced_context,kmeans,2,48222,1,C1,-1.2135782996542543,1.433045968949359,synnetqos_m_00048223,S042_04822,2025-08-22 18:18:14.217944,1,Degraded
reduced_context,kmeans,2,48228,1,C1,-0.4472932892014362,-1.0351184469166328,synnetqos_m_00048229,S042_04822,2025-08-22 18:24:14.217944,0,Not degraded
reduced_context,kmeans,2,48244,0,C0,1.3944741390565427,0.9280569527200604,synnetqos_m_00048245,S042_04824,2025-08-16 07:57:22.033246,0,Not degraded
reduced_context,kmeans,2,48254,1,C1,-2.2939417663351933,-0.47811433628586697,synnetqos_m_00048255,S042_04825,2025-08-04 13:47:29.585997,1,Degraded
reduced_context,kmeans,2,48256,1,C1,-1.0651095378621245,-0.7680333495741738,synnetqos_m_00048257,S042_04825,2025-08-04 13:49:29.585997,1,Degraded
reduced_context,kmeans,2,48267,1,C1,-1.0857525009768123,0.036734113816771545,synnetqos_m_00048268,S042_04826,2025-08-04 01:43:42.374504,1,Degraded
reduced_context,kmeans,2,48307,0,C0,0.8459391161466734,-0.9118879056478512,synnetqos_m_00048308,S042_04830,2025-08-10 10:29:16.655673,1,Degraded
reduced_context,kmeans,2,48322,1,C1,-0.5532565314035891,-0.608439045115641,synnetqos_m_00048323,S042_04832,2025-08-09 08:15:49.602444,0,Not degraded
reduced_context,kmeans,2,48329,1,C1,-0.6438896744537196,-0.011932181143954196,synnetqos_m_00048330,S042_04832,2025-08-09 08:22:49.602444,1,Degraded
reduced_context,kmeans,2,48349,1,C1,-1.529211589617438,-0.5306222967818444,synnetqos_m_00048350,S042_04834,2025-08-05 22:33:57.765449,1,Degraded
reduced_context,kmeans,2,48391,1,C1,-1.4282000104264228,-0.667738751954678,synnetqos_m_00048392,S042_04839,2025-08-08 08:40:31.742874,1,Degraded
reduced_context,kmeans,2,48410,1,C1,0.08407853075252264,-0.45504599326865586,synnetqos_m_00048411,S042_04841,2025-08-20 06:01:14.136786,0,Not degraded
reduced_context,kmeans,2,48438,1,C1,-2.455441677453363,0.7420466228969551,synnetqos_m_00048439,S042_04843,2025-07-30 14:08:44.121447,1,Degraded
reduced_context,kmeans,2,48440,1,C1,-1.36464431290116,-1.1709803522586175,synnetqos_m_00048441,S042_04844,2025-08-20 05:42:16.743215,1,Degraded
reduced_context,kmeans,2,48443,1,C1,-0.7032310429948442,-0.3783596342564688,synnetqos_m_00048444,S042_04844,2025-08-20 05:45:16.743215,1,Degraded
reduced_context,kmeans,2,48459,1,C1,-0.6296491970640982,-0.6311343095566117,synnetqos_m_00048460,S042_04845,2025-08-05 05:28:45.391498,0,Not degraded
reduced_context,kmeans,2,48465,0,C0,1.1070019812234178,-0.6673580280687189,synnetqos_m_00048466,S042_04846,2025-08-11 04:03:25.275893,0,Not degraded
reduced_context,kmeans,2,48497,0,C0,1.0694542305810373,0.025136883838680048,synnetqos_m_00048498,S042_04849,2025-07-27 16:02:29.255456,0,Not degraded
reduced_context,kmeans,2,48502,1,C1,-1.025967905948477,-0.9366095160692259,synnetqos_m_00048503,S042_04850,2025-07-29 17:32:17.491557,1,Degraded
reduced_context,kmeans,2,48504,1,C1,-1.1990518022259746,-0.5989415478126197,synnetqos_m_00048505,S042_04850,2025-07-29 17:34:17.491557,1,Degraded
reduced_context,kmeans,2,48514,1,C1,-0.660433442192202,-0.947379652001559,synnetqos_m_00048515,S042_04851,2025-08-21 18:28:57.516141,1,Degraded
reduced_context,kmeans,2,48555,0,C0,2.975888736271464,5.490208200445748,synnetqos_m_00048556,S042_04855,2025-08-03 08:06:41.140995,1,Degraded
reduced_context,kmeans,2,48574,0,C0,2.105194779771405,-1.2588205231735081,synnetqos_m_00048575,S042_04857,2025-08-13 03:40:15.206166,0,Not degraded
reduced_context,kmeans,2,48580,0,C0,4.01541102006425,-0.2196509201173014,synnetqos_m_00048581,S042_04858,2025-08-18 20:32:57.689854,0,Not degraded
reduced_context,kmeans,2,48582,0,C0,4.398206896478079,-1.9833880820568257,synnetqos_m_00048583,S042_04858,2025-08-18 20:34:57.689854,0,Not degraded
reduced_context,kmeans,2,48595,0,C0,6.709039259006838,6.508643600833434,synnetqos_m_00048596,S042_04859,2025-08-06 02:17:44.404437,0,Not degraded
reduced_context,kmeans,2,48600,0,C0,1.7311773658526926,0.6862958713735967,synnetqos_m_00048601,S042_04860,2025-08-13 20:48:37.827092,0,Not degraded
reduced_context,kmeans,2,48607,1,C1,0.5494657223829373,-0.9598325319620221,synnetqos_m_00048608,S042_04860,2025-08-13 20:55:37.827092,0,Not degraded
reduced_context,kmeans,2,48619,1,C1,-0.5628219864229281,0.37613569257351914,synnetqos_m_00048620,S042_04861,2025-08-18 13:02:29.562220,0,Not degraded
reduced_context,kmeans,2,48626,1,C1,-1.3641941791632173,0.023612184382297903,synnetqos_m_00048627,S042_04862,2025-07-31 06:30:21.029417,1,Degraded
reduced_context,kmeans,2,48629,0,C0,0.5950347427466955,1.4592477686358054,synnetqos_m_00048630,S042_04862,2025-07-31 06:33:21.029417,0,Not degraded
reduced_context,kmeans,2,48634,0,C0,3.911407262820355,1.3583514501358676,synnetqos_m_00048635,S042_04863,2025-08-10 01:13:45.348269,0,Not degraded
reduced_context,kmeans,2,48636,0,C0,2.458079391011173,-0.33041941561740923,synnetqos_m_00048637,S042_04863,2025-08-10 01:15:45.348269,0,Not degraded
reduced_context,kmeans,2,48639,0,C0,2.093766682390465,0.13302961472901967,synnetqos_m_00048640,S042_04863,2025-08-10 01:18:45.348269,0,Not degraded
reduced_context,kmeans,2,48640,1,C1,-1.2218003682131338,-0.2610068195901964,synnetqos_m_00048641,S042_04864,2025-08-14 06:16:19.841535,0,Not degraded
reduced_context,kmeans,2,48643,1,C1,-1.6353253407052823,1.249003650586562,synnetqos_m_00048644,S042_04864,2025-08-14 06:19:19.841535,1,Degraded
reduced_context,kmeans,2,48645,1,C1,-1.372280304726774,-0.13940885515377752,synnetqos_m_00048646,S042_04864,2025-08-14 06:21:19.841535,0,Not degraded
reduced_context,kmeans,2,48657,1,C1,-1.2679275965051806,-0.33901205330344614,synnetqos_m_00048658,S042_04865,2025-07-31 05:14:55.618078,1,Degraded
reduced_context,kmeans,2,48676,1,C1,-0.3867017566379327,-1.2682521743680415,synnetqos_m_00048677,S042_04867,2025-08-22 02:22:47.393044,1,Degraded
reduced_context,kmeans,2,48679,0,C0,2.1508219398209008,-2.3923447796308532,synnetqos_m_00048680,S042_04867,2025-08-22 02:25:47.393044,0,Not degraded
reduced_context,kmeans,2,48683,1,C1,-0.053191093839980434,0.3704332365670321,synnetqos_m_00048684,S042_04868,2025-08-16 18:13:38.064689,1,Degraded
reduced_context,kmeans,2,48691,0,C0,2.9487852081481076,-0.16610785367584407,synnetqos_m_00048692,S042_04869,2025-08-12 00:56:31.155203,0,Not degraded
reduced_context,kmeans,2,48699,1,C1,-0.7499306047758452,-0.9187976861463719,synnetqos_m_00048700,S042_04869,2025-08-12 01:04:31.155203,0,Not degraded
reduced_context,kmeans,2,48712,0,C0,1.039079897204597,-1.0507193119251992,synnetqos_m_00048713,S042_04871,2025-08-22 18:34:57.054951,0,Not degraded
reduced_context,kmeans,2,48713,1,C1,0.020212399270973708,-0.9208224935411142,synnetqos_m_00048714,S042_04871,2025-08-22 18:35:57.054951,0,Not degraded
reduced_context,kmeans,2,48730,0,C0,1.261930915049607,1.0504782880311994,synnetqos_m_00048731,S042_04873,2025-08-15 20:48:36.342235,0,Not degraded
reduced_context,kmeans,2,48740,0,C0,2.619649686593166,-2.006597110090692,synnetqos_m_00048741,S042_04874,2025-08-22 09:53:44.144711,0,Not degraded
reduced_context,kmeans,2,48764,0,C0,3.3137938253890056,1.7570683273394159,synnetqos_m_00048765,S042_04876,2025-08-22 03:10:04.795002,0,Not degraded
reduced_context,kmeans,2,48797,1,C1,-0.23853067663317698,-0.7248293751143591,synnetqos_m_00048798,S042_04879,2025-08-18 10:09:33.087338,0,Not degraded
reduced_context,kmeans,2,48809,1,C1,-1.6974976209224826,-0.5088490494442034,synnetqos_m_00048810,S042_04880,2025-08-19 05:12:10.041946,0,Not degraded
reduced_context,kmeans,2,48822,0,C0,0.746596428088741,-0.9429742737154061,synnetqos_m_00048823,S042_04882,2025-07-30 18:00:27.776005,0,Not degraded
reduced_context,kmeans,2,48893,1,C1,-1.3754903280517257,-0.6492521273691535,synnetqos_m_00048894,S042_04889,2025-08-12 16:51:19.574645,1,Degraded
reduced_context,kmeans,2,48896,1,C1,-1.4259736352541748,-0.37025026992448073,synnetqos_m_00048897,S042_04889,2025-08-12 16:54:19.574645,1,Degraded
reduced_context,kmeans,2,48904,1,C1,0.1653653367206006,-0.3709215823970482,synnetqos_m_00048905,S042_04890,2025-08-05 09:18:31.239487,0,Not degraded
reduced_context,kmeans,2,48914,1,C1,-1.2944152057937428,-0.3661252277502687,synnetqos_m_00048915,S042_04891,2025-08-08 08:07:40.324620,1,Degraded
reduced_context,kmeans,2,48921,1,C1,-0.4380402776188262,-0.8433065095090235,synnetqos_m_00048922,S042_04892,2025-07-27 00:22:01.337559,0,Not degraded
reduced_context,kmeans,2,48932,0,C0,1.7729030140499211,-0.5557441595793499,synnetqos_m_00048933,S042_04893,2025-08-05 04:49:18.810828,1,Degraded
reduced_context,kmeans,2,48940,1,C1,0.4075785642261295,-0.6020734168170285,synnetqos_m_00048941,S042_04894,2025-08-24 18:00:43.762661,1,Degraded
reduced_context,kmeans,2,48956,0,C0,2.655737661987949,2.8290049388039775,synnetqos_m_00048957,S042_04895,2025-08-25 11:45:19.517615,0,Not degraded
reduced_context,kmeans,2,48976,0,C0,2.0363139959643926,-1.7602921542200833,synnetqos_m_00048977,S042_04897,2025-08-21 09:16:51.732935,0,Not degraded
reduced_context,kmeans,2,48995,0,C0,3.3974675761453663,-0.33230265860383906,synnetqos_m_00048996,S042_04899,2025-08-09 16:37:31.626522,0,Not degraded
reduced_context,kmeans,2,49004,1,C1,-0.13096076744192087,1.779741459751187,synnetqos_m_00049005,S042_04900,2025-08-05 10:13:18.697358,1,Degraded
reduced_context,kmeans,2,49014,1,C1,-0.809654056407936,1.377375367472784,synnetqos_m_00049015,S042_04901,2025-08-03 23:21:39.725120,1,Degraded
reduced_context,kmeans,2,49016,1,C1,-0.859589170134956,-0.353574419945346,synnetqos_m_00049017,S042_04901,2025-08-03 23:23:39.725120,0,Not degraded
reduced_context,kmeans,2,49017,1,C1,-0.7867006622187086,-0.6308023772727548,synnetqos_m_00049018,S042_04901,2025-08-03 23:24:39.725120,0,Not degraded
reduced_context,kmeans,2,49021,1,C1,-2.5510344983603606,1.7390730793702607,synnetqos_m_00049022,S042_04902,2025-08-01 08:54:44.077700,1,Degraded
reduced_context,kmeans,2,49033,1,C1,-1.7728546070045483,-0.6514807778705376,synnetqos_m_00049034,S042_04903,2025-08-11 08:51:37.538949,1,Degraded
reduced_context,kmeans,2,49049,1,C1,-0.24460933627954431,0.5448175587778652,synnetqos_m_00049050,S042_04904,2025-07-30 08:25:01.041953,1,Degraded
reduced_context,kmeans,2,49054,1,C1,-1.5116629631737695,0.05529672730008122,synnetqos_m_00049055,S042_04905,2025-08-17 13:47:53.414683,1,Degraded
reduced_context,kmeans,2,49058,1,C1,-1.3164712518800266,-0.5264348855770964,synnetqos_m_00049059,S042_04905,2025-08-17 13:51:53.414683,1,Degraded
reduced_context,kmeans,2,49064,1,C1,0.024359688378685414,-0.5502506471519006,synnetqos_m_00049065,S042_04906,2025-08-17 19:34:19.102688,0,Not degraded
reduced_context,kmeans,2,49066,0,C0,0.5416191078626194,-0.5054232482564197,synnetqos_m_00049067,S042_04906,2025-08-17 19:36:19.102688,0,Not degraded
reduced_context,kmeans,2,49076,1,C1,-1.679923397540285,-0.9377989127850608,synnetqos_m_00049077,S042_04907,2025-08-24 00:52:19.211134,1,Degraded
reduced_context,kmeans,2,49084,1,C1,-0.874539253289074,-0.321800590417781,synnetqos_m_00049085,S042_04908,2025-08-02 18:15:39.403402,1,Degraded
reduced_context,kmeans,2,49089,1,C1,-0.32760384718724267,-0.898847943597601,synnetqos_m_00049090,S042_04908,2025-08-02 18:20:39.403402,0,Not degraded
reduced_context,kmeans,2,49096,0,C0,1.7850218102803816,-0.6520865838154949,synnetqos_m_00049097,S042_04909,2025-08-13 01:42:04.743216,0,Not degraded
reduced_context,kmeans,2,49116,1,C1,0.15416118731953823,-0.7752408774007321,synnetqos_m_00049117,S042_04911,2025-08-09 21:47:04.988061,1,Degraded
reduced_context,kmeans,2,49129,0,C0,1.0588298100151823,2.880597626511051,synnetqos_m_00049130,S042_04912,2025-07-28 20:05:56.718086,1,Degraded
reduced_context,kmeans,2,49135,1,C1,0.45596313468947464,-1.5732459253961748,synnetqos_m_00049136,S042_04913,2025-08-05 00:16:19.201220,0,Not degraded
reduced_context,kmeans,2,49159,1,C1,-3.2802758470947064,-0.018631148396854348,synnetqos_m_00049160,S042_04915,2025-08-13 21:17:06.621476,1,Degraded
reduced_context,kmeans,2,49163,0,C0,0.8854972994075936,-1.7004394430034464,synnetqos_m_00049164,S042_04916,2025-08-14 12:03:03.538046,0,Not degraded
reduced_context,kmeans,2,49171,0,C0,1.032846684389958,3.0628602320668197,synnetqos_m_00049172,S042_04917,2025-08-22 22:37:15.567104,1,Degraded
reduced_context,kmeans,2,49174,1,C1,-0.7921706470095514,-1.0484780478937512,synnetqos_m_00049175,S042_04917,2025-08-22 22:40:15.567104,0,Not degraded
reduced_context,kmeans,2,49177,1,C1,-0.35162614159738415,-1.094324846588892,synnetqos_m_00049178,S042_04917,2025-08-22 22:43:15.567104,0,Not degraded
reduced_context,kmeans,2,49186,1,C1,0.044384547530665175,-0.3272095883228142,synnetqos_m_00049187,S042_04918,2025-08-08 11:23:21.451380,1,Degraded
reduced_context,kmeans,2,49192,0,C0,2.006312237770674,-1.3299069053644723,synnetqos_m_00049193,S042_04919,2025-08-01 08:22:58.674184,0,Not degraded
reduced_context,kmeans,2,49193,0,C0,2.331479240573165,-0.8459845563009449,synnetqos_m_00049194,S042_04919,2025-08-01 08:23:58.674184,0,Not degraded
reduced_context,kmeans,2,49196,0,C0,1.9286768010991564,-0.9720670267922845,synnetqos_m_00049197,S042_04919,2025-08-01 08:26:58.674184,0,Not degraded
reduced_context,kmeans,2,49198,0,C0,4.867422176906812,0.1249997525344059,synnetqos_m_00049199,S042_04919,2025-08-01 08:28:58.674184,0,Not degraded
reduced_context,kmeans,2,49211,1,C1,0.0598803784211491,-1.2226747336211126,synnetqos_m_00049212,S042_04921,2025-08-22 16:14:29.756242,1,Degraded
reduced_context,kmeans,2,49215,1,C1,-0.43778366122018303,-0.8221677461776373,synnetqos_m_00049216,S042_04921,2025-08-22 16:18:29.756242,1,Degraded
reduced_context,kmeans,2,49222,1,C1,-3.090436677692054,0.39019297362780525,synnetqos_m_00049223,S042_04922,2025-07-28 21:53:45.238836,1,Degraded
reduced_context,kmeans,2,49232,0,C0,3.1647558449658773,2.6528815864014215,synnetqos_m_00049233,S042_04923,2025-08-14 19:25:04.078388,0,Not degraded
reduced_context,kmeans,2,49242,1,C1,-2.0425574857479174,-0.2934401822422082,synnetqos_m_00049243,S042_04924,2025-08-14 16:58:43.864403,1,Degraded
reduced_context,kmeans,2,49246,1,C1,-3.4152287762038434,0.1512000842551031,synnetqos_m_00049247,S042_04924,2025-08-14 17:02:43.864403,1,Degraded
reduced_context,kmeans,2,49250,0,C0,2.4254545477554457,1.84996495393581,synnetqos_m_00049251,S042_04925,2025-08-22 00:28:31.459353,0,Not degraded
reduced_context,kmeans,2,49255,0,C0,1.6143435477065144,3.1454106016870664,synnetqos_m_00049256,S042_04925,2025-08-22 00:33:31.459353,0,Not degraded
reduced_context,kmeans,2,49257,1,C1,-0.0667746876380074,-0.7674359193048814,synnetqos_m_00049258,S042_04925,2025-08-22 00:35:31.459353,0,Not degraded
reduced_context,kmeans,2,49269,0,C0,1.6427268213561859,1.3898117759394568,synnetqos_m_00049270,S042_04926,2025-08-20 10:59:26.470655,0,Not degraded
reduced_context,kmeans,2,49284,1,C1,-1.6782452667558259,0.7319311125790802,synnetqos_m_00049285,S042_04928,2025-08-25 02:19:16.485766,1,Degraded
reduced_context,kmeans,2,49298,1,C1,-3.072532350832272,0.09698461227510813,synnetqos_m_00049299,S042_04929,2025-08-08 05:04:27.879428,1,Degraded
reduced_context,kmeans,2,49309,0,C0,2.1221643016959404,2.678856144961183,synnetqos_m_00049310,S042_04930,2025-08-16 04:47:17.498660,0,Not degraded
reduced_context,kmeans,2,49313,1,C1,-1.243139104035669,-0.5501384992547247,synnetqos_m_00049314,S042_04931,2025-08-23 05:50:06.654472,0,Not degraded
reduced_context,kmeans,2,49324,0,C0,2.2008071590778466,1.293808199635496,synnetqos_m_00049325,S042_04932,2025-08-14 20:43:53.891781,0,Not degraded
reduced_context,kmeans,2,49335,0,C0,3.480518006471067,4.4475289779104585,synnetqos_m_00049336,S042_04933,2025-08-14 06:28:24.255205,0,Not degraded
reduced_context,kmeans,2,49348,0,C0,2.5897276408676584,-1.4705237233594777,synnetqos_m_00049349,S042_04934,2025-08-23 18:59:10.301799,0,Not degraded
reduced_context,kmeans,2,49378,1,C1,0.621470572764702,-0.2517070919768693,synnetqos_m_00049379,S042_04937,2025-08-10 00:59:41.722181,0,Not degraded
reduced_context,kmeans,2,49379,1,C1,0.2542628391264999,-0.45903985712277423,synnetqos_m_00049380,S042_04937,2025-08-10 01:00:41.722181,1,Degraded
reduced_context,kmeans,2,49382,0,C0,2.6995137764715027,-2.3285891375986236,synnetqos_m_00049383,S042_04938,2025-08-24 18:20:46.524220,0,Not degraded
reduced_context,kmeans,2,49393,1,C1,0.03930391230689757,1.7600002660657486,synnetqos_m_00049394,S042_04939,2025-08-19 13:19:31.522419,0,Not degraded
reduced_context,kmeans,2,49400,1,C1,-0.5353574990252333,-0.9116285563547423,synnetqos_m_00049401,S042_04940,2025-08-15 02:02:15.252406,0,Not degraded
reduced_context,kmeans,2,49403,1,C1,-0.010800950073839785,-0.005591185675874348,synnetqos_m_00049404,S042_04940,2025-08-15 02:05:15.252406,0,Not degraded
reduced_context,kmeans,2,49404,1,C1,-1.2644916232497077,-0.5044364006863897,synnetqos_m_00049405,S042_04940,2025-08-15 02:06:15.252406,1,Degraded
reduced_context,kmeans,2,49419,1,C1,0.3836065690716872,-0.23564611378237418,synnetqos_m_00049420,S042_04941,2025-08-10 03:23:17.609706,0,Not degraded
reduced_context,kmeans,2,49420,1,C1,-0.9691346189888106,-0.4501867667095516,synnetqos_m_00049421,S042_04942,2025-08-12 17:11:38.331308,0,Not degraded
reduced_context,kmeans,2,49436,1,C1,-0.9398820367970313,0.30241033173795123,synnetqos_m_00049437,S042_04943,2025-08-08 08:40:25.774925,1,Degraded
reduced_context,kmeans,2,49437,1,C1,-0.48892023884643226,-1.0511039787468717,synnetqos_m_00049438,S042_04943,2025-08-08 08:41:25.774925,1,Degraded
reduced_context,kmeans,2,49455,1,C1,0.6236837593997347,-0.3181123945052653,synnetqos_m_00049456,S042_04945,2025-08-04 07:19:38.119905,1,Degraded
reduced_context,kmeans,2,49474,1,C1,-1.5261056805044435,-0.5046308301455412,synnetqos_m_00049475,S042_04947,2025-08-08 06:37:31.699839,1,Degraded
reduced_context,kmeans,2,49530,1,C1,-1.611088679215339,-0.5394329283437785,synnetqos_m_00049531,S042_04953,2025-08-15 11:49:10.710527,1,Degraded
reduced_context,kmeans,2,49531,0,C0,1.4566769361425542,0.5473641231935756,synnetqos_m_00049532,S042_04953,2025-08-15 11:50:10.710527,0,Not degraded
reduced_context,kmeans,2,49535,1,C1,0.37294150505272844,0.3592942731607062,synnetqos_m_00049536,S042_04953,2025-08-15 11:54:10.710527,1,Degraded
reduced_context,kmeans,2,49561,1,C1,0.2860814654556936,-0.5890271134225276,synnetqos_m_00049562,S042_04956,2025-08-09 08:57:43.402985,1,Degraded
reduced_context,kmeans,2,49567,0,C0,0.7492727402350952,-1.2099521788888956,synnetqos_m_00049568,S042_04956,2025-08-09 09:03:43.402985,0,Not degraded
reduced_context,kmeans,2,49576,1,C1,-2.0296559784980097,3.0426909160736395,synnetqos_m_00049577,S042_04957,2025-08-03 09:00:14.483660,1,Degraded
reduced_context,kmeans,2,49586,0,C0,0.8767681100084388,-1.095661991946961,synnetqos_m_00049587,S042_04958,2025-08-13 21:46:55.419742,0,Not degraded
reduced_context,kmeans,2,49595,1,C1,-0.598660608381366,0.5385951570489753,synnetqos_m_00049596,S042_04959,2025-08-03 10:25:33.404533,1,Degraded
reduced_context,kmeans,2,49603,1,C1,-0.42910107550180093,-0.0005742914286338205,synnetqos_m_00049604,S042_04960,2025-08-20 14:59:27.516399,1,Degraded
reduced_context,kmeans,2,49612,1,C1,-0.21299053510073476,-0.730016651497833,synnetqos_m_00049613,S042_04961,2025-08-06 10:18:08.502523,0,Not degraded
reduced_context,kmeans,2,49616,0,C0,0.7645172173756707,-0.7114169925060579,synnetqos_m_00049617,S042_04961,2025-08-06 10:22:08.502523,0,Not degraded
reduced_context,kmeans,2,49619,0,C0,1.4519655726579381,-0.05616123008247215,synnetqos_m_00049620,S042_04961,2025-08-06 10:25:08.502523,0,Not degraded
reduced_context,kmeans,2,49632,0,C0,0.8516828781133114,-0.6272468629498145,synnetqos_m_00049633,S042_04963,2025-08-19 11:15:29.886530,1,Degraded
reduced_context,kmeans,2,49662,1,C1,-0.13091667059757403,-0.3845905945041641,synnetqos_m_00049663,S042_04966,2025-08-09 13:24:02.011789,1,Degraded
reduced_context,kmeans,2,49663,0,C0,0.6978714468231909,-1.1773691342159556,synnetqos_m_00049664,S042_04966,2025-08-09 13:25:02.011789,0,Not degraded
reduced_context,kmeans,2,49669,1,C1,-0.14217620772196427,-1.1930231226989,synnetqos_m_00049670,S042_04966,2025-08-09 13:31:02.011789,0,Not degraded
reduced_context,kmeans,2,49677,1,C1,-1.0411355983791086,0.3855867026039678,synnetqos_m_00049678,S042_04967,2025-08-18 04:01:15.778308,1,Degraded
reduced_context,kmeans,2,49730,1,C1,0.40768741202655007,3.7886081150195356,synnetqos_m_00049731,S042_04973,2025-08-11 18:36:06.879696,0,Not degraded
reduced_context,kmeans,2,49731,1,C1,0.2545649166802229,1.1570442661194604,synnetqos_m_00049732,S042_04973,2025-08-11 18:37:06.879696,0,Not degraded
reduced_context,kmeans,2,49738,1,C1,-0.25599088781450274,0.6405899181811181,synnetqos_m_00049739,S042_04973,2025-08-11 18:44:06.879696,0,Not degraded
reduced_context,kmeans,2,49748,1,C1,-0.9999838025650571,0.2875953909477137,synnetqos_m_00049749,S042_04974,2025-08-19 17:51:41.207124,1,Degraded
reduced_context,kmeans,2,49750,1,C1,-3.0325225091948615,0.6689163299413775,synnetqos_m_00049751,S042_04975,2025-08-11 13:09:01.906371,1,Degraded
reduced_context,kmeans,2,49751,1,C1,-0.9373298886673436,0.11543166721550643,synnetqos_m_00049752,S042_04975,2025-08-11 13:10:01.906371,0,Not degraded
reduced_context,kmeans,2,49760,1,C1,-0.5700797037030203,-0.3977872229131202,synnetqos_m_00049761,S042_04976,2025-08-24 03:11:46.608785,1,Degraded
reduced_context,kmeans,2,49776,1,C1,-1.2900440344325284,-0.23468400430791822,synnetqos_m_00049777,S042_04977,2025-08-14 19:25:30.958774,0,Not degraded
reduced_context,kmeans,2,49802,1,C1,-2.6172449464330425,0.34436300552772403,synnetqos_m_00049803,S042_04980,2025-08-08 16:44:39.863200,1,Degraded
reduced_context,kmeans,2,49806,1,C1,-2.2689823510639675,0.5034720346605778,synnetqos_m_00049807,S042_04980,2025-08-08 16:48:39.863200,0,Not degraded
reduced_context,kmeans,2,49816,1,C1,-1.6413698901034146,-0.01150876975715514,synnetqos_m_00049817,S042_04981,2025-08-09 03:05:10.162951,0,Not degraded
reduced_context,kmeans,2,49822,0,C0,1.2624940386822259,0.7976323873652463,synnetqos_m_00049823,S042_04982,2025-08-08 07:41:45.586266,1,Degraded
reduced_context,kmeans,2,49835,1,C1,-1.7340910866253985,-0.29385337541876067,synnetqos_m_00049836,S042_04983,2025-08-07 20:52:19.288108,1,Degraded
reduced_context,kmeans,2,49836,1,C1,-1.1366937401629198,1.24661377545503,synnetqos_m_00049837,S042_04983,2025-08-07 20:53:19.288108,1,Degraded
reduced_context,kmeans,2,49840,1,C1,-2.6278884790422383,-0.3703131378107754,synnetqos_m_00049841,S042_04984,2025-08-21 09:05:40.396334,1,Degraded
reduced_context,kmeans,2,49854,1,C1,-2.1628321440051845,1.4511594322371393,synnetqos_m_00049855,S042_04985,2025-08-10 10:12:33.429688,1,Degraded
reduced_context,kmeans,2,49867,1,C1,-2.97514589300823,-0.4240287323706174,synnetqos_m_00049868,S042_04986,2025-08-05 18:18:49.618454,1,Degraded
reduced_context,kmeans,2,49871,1,C1,-0.15441501883147551,-1.283504809411088,synnetqos_m_00049872,S042_04987,2025-08-17 19:36:28.435433,1,Degraded
reduced_context,kmeans,2,49873,1,C1,0.5501103519172712,-0.8777881527025992,synnetqos_m_00049874,S042_04987,2025-08-17 19:38:28.435433,0,Not degraded
reduced_context,kmeans,2,49882,1,C1,-2.3285347954876205,0.0722620396679223,synnetqos_m_00049883,S042_04988,2025-08-24 15:11:56.459609,1,Degraded
reduced_context,kmeans,2,49892,1,C1,-0.20997802700009977,-0.9963875196834294,synnetqos_m_00049893,S042_04989,2025-08-11 18:19:52.088699,1,Degraded
reduced_context,kmeans,2,49908,0,C0,2.1708851663901805,-0.9522120858565365,synnetqos_m_00049909,S042_04990,2025-08-12 14:03:00.077529,0,Not degraded
reduced_context,kmeans,2,49914,1,C1,-2.086236798219197,0.9616367693019054,synnetqos_m_00049915,S042_04991,2025-08-20 07:05:50.934746,1,Degraded
reduced_context,kmeans,2,49931,0,C0,0.6031985223577897,-0.7364912533540452,synnetqos_m_00049932,S042_04993,2025-08-17 09:58:18.361692,0,Not degraded
reduced_context,kmeans,2,49944,1,C1,-0.35781651563808864,0.23965510857832625,synnetqos_m_00049945,S042_04994,2025-08-04 17:43:15.815753,1,Degraded
reduced_context,kmeans,2,49952,0,C0,1.2987413445252387,-0.1889785777292443,synnetqos_m_00049953,S042_04995,2025-08-14 09:57:23.311704,0,Not degraded
reduced_context,kmeans,2,49963,1,C1,-2.573786388609467,0.8382999338289013,synnetqos_m_00049964,S042_04996,2025-08-24 05:37:35.266084,1,Degraded
reduced_context,kmeans,2,49964,1,C1,-2.6856841157023283,-0.39093995883912347,synnetqos_m_00049965,S042_04996,2025-08-24 05:38:35.266084,1,Degraded
reduced_context,kmeans,2,49978,1,C1,-0.9984858703567063,-1.1538261411370474,synnetqos_m_00049979,S042_04997,2025-07-31 05:07:36.276315,1,Degraded
reduced_context,kmeans,2,49980,1,C1,-0.6628527040385692,-0.8943196820831018,synnetqos_m_00049981,S042_04998,2025-07-27 03:45:03.677250,1,Degraded
reduced_context,kmeans,2,49986,1,C1,0.22328080874910092,0.5738170914426962,synnetqos_m_00049987,S042_04998,2025-07-27 03:51:03.677250,0,Not degraded
reduced_context,kmeans,2,49993,1,C1,0.38656771742479246,0.4244642848503844,synnetqos_m_00049994,S042_04999,2025-08-22 23:21:13.298979,0,Not degraded
