source_dataset,source_label,metric,metric_label,metric_role,technology,measurement_context,application_context,mobility_context,non_missing_count,mean,std,min,p05,p25,median,p75,p95,max,iqr,claim_scope
synnetqos,SynNetQoS,download_throughput_mbps,Download throughput,service_performance,4G,synthetic_session_record,Browse,Driving,120,9.829083333333333,12.77767965915521,0.0,0.0,1.185,4.355,13.2025,40.13499999999999,58.15,12.0175,selected throughput plausibility comparison
synnetqos,SynNetQoS,download_throughput_mbps,Download throughput,service_performance,4G,synthetic_session_record,Browse,Static,1551,14.127878787878789,15.468493346178937,0.0,0.0,2.5949999999999998,9.15,20.560000000000002,48.230000000000004,109.89,17.965000000000003,selected throughput plausibility comparison
synnetqos,SynNetQoS,download_throughput_mbps,Download throughput,service_performance,4G,synthetic_session_record,Browse,Walking,1463,12.050054682159946,14.411467921684679,0.0,0.0,1.725,6.88,17.04,42.157999999999994,103.85,15.315,selected throughput plausibility comparison
synnetqos,SynNetQoS,download_throughput_mbps,Download throughput,service_performance,4G,synthetic_session_record,Call,Driving,115,4.069565217391304,5.133468850678343,0.0,0.0,1.045,2.59,5.109999999999999,12.289999999999996,36.58,4.0649999999999995,selected throughput plausibility comparison
synnetqos,SynNetQoS,download_throughput_mbps,Download throughput,service_performance,4G,synthetic_session_record,Call,Static,1550,3.95,4.266058788336028,0.0,0.0,1.25,2.71,5.2475000000000005,11.609499999999997,36.46,3.9975000000000005,selected throughput plausibility comparison
synnetqos,SynNetQoS,download_throughput_mbps,Download throughput,service_performance,4G,synthetic_session_record,Call,Walking,1438,3.711432545201669,4.727866680282484,0.0,0.0,0.9524999999999999,2.38,4.827500000000001,11.85049999999999,58.85,3.875000000000001,selected throughput plausibility comparison
synnetqos,SynNetQoS,download_throughput_mbps,Download throughput,service_performance,4G,synthetic_session_record,Gaming,Driving,101,15.561881188118809,16.16330775014021,0.0,0.0,1.75,11.84,23.32,52.06,62.26,21.57,selected throughput plausibility comparison
synnetqos,SynNetQoS,download_throughput_mbps,Download throughput,service_performance,4G,synthetic_session_record,Gaming,Static,1557,19.03557482337829,21.368550922226024,0.0,0.0,2.45,11.79,27.64,64.07399999999997,121.86,25.19,selected throughput plausibility comparison
synnetqos,SynNetQoS,download_throughput_mbps,Download throughput,service_performance,4G,synthetic_session_record,Gaming,Walking,1391,15.7901509705248,19.342016408693535,0.0,0.0,1.68,8.53,22.6,56.254999999999995,119.11,20.92,selected throughput plausibility comparison
synnetqos,SynNetQoS,download_throughput_mbps,Download throughput,service_performance,4G,synthetic_session_record,Streaming,Driving,126,13.882460317460316,16.55827317984616,0.0,0.0,1.165,7.4350000000000005,20.7275,54.775,61.56,19.5625,selected throughput plausibility comparison
synnetqos,SynNetQoS,download_throughput_mbps,Download throughput,service_performance,4G,synthetic_session_record,Streaming,Static,1543,25.87045366169799,27.501883641212828,0.0,0.0,3.1550000000000002,16.41,42.685,78.55599999999997,131.43,39.53,selected throughput plausibility comparison
synnetqos,SynNetQoS,download_throughput_mbps,Download throughput,service_performance,4G,synthetic_session_record,Streaming,Walking,1435,19.27928222996516,24.065154655473105,0.0,0.0,1.7,8.74,26.84,68.782,117.52,25.14,selected throughput plausibility comparison
synnetqos,SynNetQoS,download_throughput_mbps,Download throughput,service_performance,5G NSA,synthetic_session_record,Browse,Driving,203,36.48463054187192,44.057292495298555,0.0,0.0020000000000000287,8.315000000000001,20.04,46.1,121.76199999999989,237.23,37.785,selected throughput plausibility comparison
synnetqos,SynNetQoS,download_throughput_mbps,Download throughput,service_performance,5G NSA,synthetic_session_record,Browse,Static,2376,48.02661616161616,56.16632614014966,0.0,0.0,10.54,30.369999999999997,64.9225,154.2,510.03,54.3825,selected throughput plausibility comparison
synnetqos,SynNetQoS,download_throughput_mbps,Download throughput,service_performance,5G NSA,synthetic_session_record,Browse,Walking,2263,42.20747238179408,51.52250897517773,0.0,0.0,7.890000000000001,26.16,56.05,140.11,569.08,48.16,selected throughput plausibility comparison
synnetqos,SynNetQoS,download_throughput_mbps,Download throughput,service_performance,5G NSA,synthetic_session_record,Call,Driving,171,8.440409356725146,9.466702038117614,0.0,0.0,2.33,5.8,10.58,30.14,56.56,8.25,selected throughput plausibility comparison
synnetqos,SynNetQoS,download_throughput_mbps,Download throughput,service_performance,5G NSA,synthetic_session_record,Call,Static,2438,9.507744052502051,10.760689014376897,0.0,0.0,2.9425,6.38,11.94,29.879000000000005,123.83,8.997499999999999,selected throughput plausibility comparison
synnetqos,SynNetQoS,download_throughput_mbps,Download throughput,service_performance,5G NSA,synthetic_session_record,Call,Walking,2200,8.729431818181817,10.58287402131653,0.0,0.0,2.6375,5.845,11.035,26.994499999999974,129.46,8.3975,selected throughput plausibility comparison
synnetqos,SynNetQoS,download_throughput_mbps,Download throughput,service_performance,5G NSA,synthetic_session_record,Gaming,Driving,198,62.72939393939394,68.86893094405502,0.0,0.0,10.615,35.89,102.89,213.65099999999987,314.66,92.275,selected throughput plausibility comparison
synnetqos,SynNetQoS,download_throughput_mbps,Download throughput,service_performance,5G NSA,synthetic_session_record,Gaming,Static,2571,80.53121742512641,90.82795705528318,0.0,0.0,12.26,54.0,115.565,273.625,659.19,103.30499999999999,selected throughput plausibility comparison
synnetqos,SynNetQoS,download_throughput_mbps,Download throughput,service_performance,5G NSA,synthetic_session_record,Gaming,Walking,2223,70.21186234817814,85.73120768143592,0.0,0.0,8.035,40.3,100.755,260.4990000000003,634.43,92.72,selected throughput plausibility comparison
synnetqos,SynNetQoS,download_throughput_mbps,Download throughput,service_performance,5G NSA,synthetic_session_record,Streaming,Driving,193,81.63466321243523,95.62038244306419,0.0,0.0,6.07,42.26,121.0,280.46,357.74,114.93,selected throughput plausibility comparison
synnetqos,SynNetQoS,download_throughput_mbps,Download throughput,service_performance,5G NSA,synthetic_session_record,Streaming,Static,2613,123.72222349789516,139.87179934956654,0.0,0.0,13.11,79.29,174.2,409.4080000000001,763.67,161.08999999999997,selected throughput plausibility comparison
synnetqos,SynNetQoS,download_throughput_mbps,Download throughput,service_performance,5G NSA,synthetic_session_record,Streaming,Walking,2201,96.94816447069515,118.06650741037379,0.0,0.0,7.75,51.75,141.23,344.3,661.25,133.48,selected throughput plausibility comparison
synnetqos,SynNetQoS,download_throughput_mbps,Download throughput,service_performance,5G SA,synthetic_session_record,Browse,Driving,196,52.77801020408163,71.01296101720209,0.0,0.0,7.895,28.915,71.06,174.73749999999998,408.53,63.165000000000006,selected throughput plausibility comparison
synnetqos,SynNetQoS,download_throughput_mbps,Download throughput,service_performance,5G SA,synthetic_session_record,Browse,Static,2277,61.37891523935003,72.97136600956958,0.0,0.0,14.68,39.49,79.02,201.01599999999988,705.17,64.34,selected throughput plausibility comparison
synnetqos,SynNetQoS,download_throughput_mbps,Download throughput,service_performance,5G SA,synthetic_session_record,Browse,Walking,1983,54.403434190620274,68.05927764321649,0.0,0.0,10.675,32.44,72.63,176.1909999999999,651.33,61.955,selected throughput plausibility comparison
synnetqos,SynNetQoS,download_throughput_mbps,Download throughput,service_performance,5G SA,synthetic_session_record,Call,Driving,187,9.417967914438503,12.115704158086594,0.0,0.0,2.9699999999999998,6.3,10.825,28.79099999999997,79.84,7.8549999999999995,selected throughput plausibility comparison
synnetqos,SynNetQoS,download_throughput_mbps,Download throughput,service_performance,5G SA,synthetic_session_record,Call,Static,2260,9.829685840707965,11.321129115202817,0.0,0.0,3.3175,6.835,12.1325,28.88149999999994,130.46,8.815000000000001,selected throughput plausibility comparison
synnetqos,SynNetQoS,download_throughput_mbps,Download throughput,service_performance,5G SA,synthetic_session_record,Call,Walking,2014,8.87286991062562,9.915109180967198,0.0,0.0,2.76,6.16,11.4175,28.35449999999999,90.77,8.6575,selected throughput plausibility comparison
synnetqos,SynNetQoS,download_throughput_mbps,Download throughput,service_performance,5G SA,synthetic_session_record,Gaming,Driving,203,90.20517241379311,98.2205466009981,0.0,0.0,13.2,56.86,126.465,293.2929999999998,473.4,113.265,selected throughput plausibility comparison
synnetqos,SynNetQoS,download_throughput_mbps,Download throughput,service_performance,5G SA,synthetic_session_record,Gaming,Static,2235,109.3423355704698,121.85269521719968,0.0,0.0,21.975,73.67,154.42000000000002,356.348999999999,837.42,132.44500000000002,selected throughput plausibility comparison
synnetqos,SynNetQoS,download_throughput_mbps,Download throughput,service_performance,5G SA,synthetic_session_record,Gaming,Walking,2090,94.10681339712919,113.39005979327322,0.0,0.0,13.375,56.86,135.70499999999998,319.09749999999997,892.93,122.32999999999998,selected throughput plausibility comparison
synnetqos,SynNetQoS,download_throughput_mbps,Download throughput,service_performance,5G SA,synthetic_session_record,Streaming,Driving,177,122.69745762711867,127.21982749439712,0.0,0.0,10.31,85.15,184.83,383.64799999999997,501.15,174.52,selected throughput plausibility comparison
synnetqos,SynNetQoS,download_throughput_mbps,Download throughput,service_performance,5G SA,synthetic_session_record,Streaming,Static,2265,162.4511258278146,177.17572902435938,0.0,0.0,22.93,111.72,228.42,540.6439999999996,1035.88,205.48999999999998,selected throughput plausibility comparison
synnetqos,SynNetQoS,download_throughput_mbps,Download throughput,service_performance,5G SA,synthetic_session_record,Streaming,Walking,2073,137.6155041003377,157.82727843100918,0.0,0.0,13.36,81.16,205.24,471.3419999999998,901.5,191.88,selected throughput plausibility comparison
vienna_4g5g,Vienna 4G/5G,download_throughput_mbps,Download throughput,service_performance,5g,drive_test,,mobile_measurement,683548,176.99916664359807,244.10258704882324,0.0,0.0,0.699999988079071,2.0999999046325684,321.1000061035156,691.9000244140625,1291.5999755859375,320.40000611543655,selected throughput plausibility comparison
vienna_4g5g,Vienna 4G/5G,download_throughput_mbps,Download throughput,service_performance,lte,drive_test,,mobile_measurement,1156170,28.67732937112676,37.26945652236583,0.0,0.0,0.5,10.600000381469728,47.900001525878906,107.0999984741211,299.5,47.400001525878906,selected throughput plausibility comparison
campus_qos,Campus QoS,download_throughput_mbps,Download throughput,service_performance,5g,controlled_testbed,,controlled,302,73.2565106284545,31.13600249873087,14.8505927315176,36.57514956149574,47.412199553254325,64.0050552491757,95.0539819903617,136.8758184688057,142.303634237397,47.64178243710738,selected throughput plausibility comparison
ucc_5g_context,UCC 5G Context,download_throughput_mbps,Download throughput,service_performance,2g,production_trace,Amazon_Prime,Driving,91,0.0005164835164835165,0.00430080777261057,0.0,0.0,0.0,0.0,0.0,0.001,0.041,0.0,selected throughput plausibility comparison
ucc_5g_context,UCC 5G Context,download_throughput_mbps,Download throughput,service_performance,3g,production_trace,Amazon_Prime,Driving,8303,0.601005058412622,1.101745983852513,0.0,0.0,0.0,0.275,0.662,2.607,14.812,0.662,selected throughput plausibility comparison
ucc_5g_context,UCC 5G Context,download_throughput_mbps,Download throughput,service_performance,3g,production_trace,Amazon_Prime,Static,2213,4.5618151830094895,3.442997660255033,0.0,0.0,1.293,4.516,7.514,10.026600000000002,12.365,6.221,selected throughput plausibility comparison
ucc_5g_context,UCC 5G Context,download_throughput_mbps,Download throughput,service_performance,3g,production_trace,Download,Driving,4346,3.345848826507133,3.600956683063241,0.0,0.002,0.78625,2.397,4.5805,10.7275,22.826,3.79425,selected throughput plausibility comparison
ucc_5g_context,UCC 5G Context,download_throughput_mbps,Download throughput,service_performance,3g,production_trace,Netflix,Driving,1263,0.6161496437054631,1.6263655032532567,0.0,0.0,0.0,0.015,0.379,4.501699999999994,10.786,0.379,selected throughput plausibility comparison
ucc_5g_context,UCC 5G Context,download_throughput_mbps,Download throughput,service_performance,3g,production_trace,Netflix,Static,247,0.17730769230769228,1.223505759677893,0.0,0.0,0.0,0.0,0.001,0.014699999999999989,11.705,0.001,selected throughput plausibility comparison
ucc_5g_context,UCC 5G Context,download_throughput_mbps,Download throughput,service_performance,5g,production_trace,Amazon_Prime,Driving,17788,0.7530784236563977,2.942084789998766,0.0,0.0,0.0,0.272,0.36924999999999997,2.711649999999998,92.955,0.36924999999999997,selected throughput plausibility comparison
ucc_5g_context,UCC 5G Context,download_throughput_mbps,Download throughput,service_performance,5g,production_trace,Amazon_Prime,Static,28830,4.414157995143947,8.185205392872266,0.0,0.0,0.0,0.28,9.2575,11.578649999999998,194.256,9.2575,selected throughput plausibility comparison
ucc_5g_context,UCC 5G Context,download_throughput_mbps,Download throughput,service_performance,5g,production_trace,Download,Driving,13959,46.17526033383481,73.09062870811323,0.0,0.001,5.677,15.735,39.106,217.50439999999998,532.905,33.429,selected throughput plausibility comparison
ucc_5g_context,UCC 5G Context,download_throughput_mbps,Download throughput,service_performance,5g,production_trace,Download,Static,15617,66.655832490235,77.03104775356675,0.0,0.002,11.156,29.359,98.442,228.64139999999975,333.07,87.28599999999999,selected throughput plausibility comparison
ucc_5g_context,UCC 5G Context,download_throughput_mbps,Download throughput,service_performance,5g,production_trace,Netflix,Driving,26508,0.7883118681152859,3.9142098920555335,0.0,0.0,0.0,0.0,0.002,3.608,111.617,0.002,selected throughput plausibility comparison
ucc_5g_context,UCC 5G Context,download_throughput_mbps,Download throughput,service_performance,5g,production_trace,Netflix,Static,33701,0.723658971543871,4.611775320176077,0.0,0.0,0.0,0.0,0.0,0.084,137.583,0.0,selected throughput plausibility comparison
ucc_5g_context,UCC 5G Context,download_throughput_mbps,Download throughput,service_performance,lte,production_trace,Amazon_Prime,Driving,11176,0.7399743199713672,2.1912180905842735,0.0,0.0,0.0,0.273,0.5135000000000001,2.91125,41.914,0.5135000000000001,selected throughput plausibility comparison
ucc_5g_context,UCC 5G Context,download_throughput_mbps,Download throughput,service_performance,lte,production_trace,Amazon_Prime,Static,3873,2.228285566744126,6.192395344644995,0.0,0.0,0.0,0.025,2.454,10.696799999999993,139.3,2.454,selected throughput plausibility comparison
ucc_5g_context,UCC 5G Context,download_throughput_mbps,Download throughput,service_performance,lte,production_trace,Download,Driving,9204,11.11340308561495,22.877570877805056,0.0,0.001,2.40475,6.6905,11.3355,32.639600000000016,372.533,8.93075,selected throughput plausibility comparison
ucc_5g_context,UCC 5G Context,download_throughput_mbps,Download throughput,service_performance,lte,production_trace,Netflix,Driving,10312,0.7809875872769588,2.7820671766906266,0.0,0.0,0.0,0.0,0.002,5.712449999999999,33.64,0.002,selected throughput plausibility comparison
ucc_5g_context,UCC 5G Context,download_throughput_mbps,Download throughput,service_performance,lte,production_trace,Netflix,Static,647,1.1283431221020093,2.996506370771234,0.0,0.0,0.0,0.0,0.011,5.512399999999992,20.777,0.011,selected throughput plausibility comparison
ucc_5g_context,UCC 5G Context,download_throughput_mbps,Download throughput,service_performance,unknown,production_trace,Amazon_Prime,Driving,372,0.7021021505376345,1.3748341239012585,0.0,0.0,0.0,0.067,0.59425,3.934899999999997,7.729,0.59425,selected throughput plausibility comparison
ucc_5g_context,UCC 5G Context,download_throughput_mbps,Download throughput,service_performance,unknown,production_trace,Amazon_Prime,Static,25,0.00016,0.0005537749241945383,0.0,0.0,0.0,0.0,0.0,0.0015999999999999942,0.002,0.0,selected throughput plausibility comparison
ucc_5g_context,UCC 5G Context,download_throughput_mbps,Download throughput,service_performance,unknown,production_trace,Download,Driving,82,0.5832682926829269,1.067871045166827,0.0,0.0,0.0,0.011,0.22775,2.9045000000000005,3.619,0.22775,selected throughput plausibility comparison
ucc_5g_context,UCC 5G Context,download_throughput_mbps,Download throughput,service_performance,unknown,production_trace,Netflix,Driving,141,0.03655319148936171,0.17626811661832156,0.0,0.0,0.0,0.002,0.056,0.067,2.085,0.056,selected throughput plausibility comparison
ucc_5g_context,UCC 5G Context,download_throughput_mbps,Download throughput,service_performance,unknown,production_trace,Netflix,Static,13,0.0,0.0,0.0,0.0,0.0,0.0,0.0,0.0,0.0,0.0,selected throughput plausibility comparison
ns3_lena,5G-LENA/ns-3,download_throughput_mbps,Download throughput,service_performance,5g,controlled_simulation,qos_reference,controlled,12,12.248124416666665,0.06417563024474814,12.1512,12.1512,12.218160000000001,12.26708,12.29368,12.3138665,12.3138665,0.07551999999999914,selected throughput plausibility comparison
synnetqos,SynNetQoS,jitter_ms,Jitter,service_performance,4G,synthetic_session_record,Browse,Driving,120,0.8260833333333333,0.5908892256851637,0.09,0.168,0.355,0.745,1.0675000000000001,1.9244999999999997,2.99,0.7125000000000001,selected jitter plausibility comparison
synnetqos,SynNetQoS,jitter_ms,Jitter,service_performance,4G,synthetic_session_record,Browse,Static,1551,0.3206898774983882,0.24016145353071336,0.02,0.06,0.15,0.25,0.43,0.8,1.9,0.28,selected jitter plausibility comparison
synnetqos,SynNetQoS,jitter_ms,Jitter,service_performance,4G,synthetic_session_record,Browse,Walking,1463,0.500915926179084,0.36245210321707927,0.03,0.11,0.24,0.39,0.68,1.2289999999999985,2.31,0.44000000000000006,selected jitter plausibility comparison
synnetqos,SynNetQoS,jitter_ms,Jitter,service_performance,4G,synthetic_session_record,Call,Driving,115,0.7805217391304349,0.5430677051878536,0.1,0.19,0.425,0.62,0.95,1.8519999999999999,2.81,0.5249999999999999,selected jitter plausibility comparison
synnetqos,SynNetQoS,jitter_ms,Jitter,service_performance,4G,synthetic_session_record,Call,Static,1550,0.3219290322580645,0.23509009878588766,0.02,0.06,0.15,0.26,0.43,0.81,1.31,0.28,selected jitter plausibility comparison
synnetqos,SynNetQoS,jitter_ms,Jitter,service_performance,4G,synthetic_session_record,Call,Walking,1438,0.49640472878998604,0.3717553318456007,0.03,0.1,0.23,0.37,0.67,1.2714999999999987,2.28,0.44000000000000006,selected jitter plausibility comparison
synnetqos,SynNetQoS,jitter_ms,Jitter,service_performance,4G,synthetic_session_record,Gaming,Driving,101,0.7361386138613863,0.48583941852638873,0.1,0.14,0.34,0.62,1.04,1.54,2.16,0.7,selected jitter plausibility comparison
synnetqos,SynNetQoS,jitter_ms,Jitter,service_performance,4G,synthetic_session_record,Gaming,Static,1557,0.3304431599229287,0.2501277234398381,0.02,0.07,0.15,0.26,0.45,0.8219999999999982,1.59,0.30000000000000004,selected jitter plausibility comparison
synnetqos,SynNetQoS,jitter_ms,Jitter,service_performance,4G,synthetic_session_record,Gaming,Walking,1391,0.5066570812365205,0.36729475297032527,0.03,0.11,0.24,0.39,0.68,1.25,2.67,0.44000000000000006,selected jitter plausibility comparison
synnetqos,SynNetQoS,jitter_ms,Jitter,service_performance,4G,synthetic_session_record,Streaming,Driving,126,0.8749206349206348,0.6568893313571119,0.11,0.1625,0.4,0.635,1.26,2.355,2.87,0.86,selected jitter plausibility comparison
synnetqos,SynNetQoS,jitter_ms,Jitter,service_performance,4G,synthetic_session_record,Streaming,Static,1543,0.30503564484769924,0.23012652731264782,0.02,0.06,0.14,0.23,0.41,0.79,1.38,0.26999999999999996,selected jitter plausibility comparison
synnetqos,SynNetQoS,jitter_ms,Jitter,service_performance,4G,synthetic_session_record,Streaming,Walking,1435,0.5163763066202091,0.3879416381886118,0.03,0.1,0.23,0.4,0.69,1.33,2.32,0.45999999999999996,selected jitter plausibility comparison
synnetqos,SynNetQoS,jitter_ms,Jitter,service_performance,5G NSA,synthetic_session_record,Browse,Driving,203,0.5483743842364532,0.4006910092392126,0.05,0.08,0.26,0.45,0.675,1.3589999999999998,2.24,0.41500000000000004,selected jitter plausibility comparison
synnetqos,SynNetQoS,jitter_ms,Jitter,service_performance,5G NSA,synthetic_session_record,Browse,Static,2376,0.22409511784511787,0.1782094031465196,0.01,0.04,0.09,0.17,0.3,0.59,1.15,0.21,selected jitter plausibility comparison
synnetqos,SynNetQoS,jitter_ms,Jitter,service_performance,5G NSA,synthetic_session_record,Browse,Walking,2263,0.3732744144940345,0.2796572018913021,0.02,0.06,0.17,0.29,0.51,0.9490000000000008,1.68,0.33999999999999997,selected jitter plausibility comparison
synnetqos,SynNetQoS,jitter_ms,Jitter,service_performance,5G NSA,synthetic_session_record,Call,Driving,171,0.5532163742690058,0.39033417804982895,0.05,0.08,0.25,0.45,0.81,1.29,2.02,0.56,selected jitter plausibility comparison
synnetqos,SynNetQoS,jitter_ms,Jitter,service_performance,5G NSA,synthetic_session_record,Call,Static,2438,0.23198113207547166,0.18641702000512034,0.01,0.04,0.1,0.18,0.32,0.61,1.34,0.22,selected jitter plausibility comparison
synnetqos,SynNetQoS,jitter_ms,Jitter,service_performance,5G NSA,synthetic_session_record,Call,Walking,2200,0.3730181818181818,0.29115454365572263,0.02,0.06,0.16,0.29,0.51,0.95,1.93,0.35,selected jitter plausibility comparison
synnetqos,SynNetQoS,jitter_ms,Jitter,service_performance,5G NSA,synthetic_session_record,Gaming,Driving,198,0.5378787878787881,0.4207806926706733,0.04,0.07,0.245,0.445,0.695,1.42,2.49,0.44999999999999996,selected jitter plausibility comparison
synnetqos,SynNetQoS,jitter_ms,Jitter,service_performance,5G NSA,synthetic_session_record,Gaming,Static,2571,0.228778685336445,0.17645709685895228,0.01,0.04,0.1,0.18,0.315,0.59,1.22,0.215,selected jitter plausibility comparison
synnetqos,SynNetQoS,jitter_ms,Jitter,service_performance,5G NSA,synthetic_session_record,Gaming,Walking,2223,0.36389113810166446,0.2732501332268113,0.01,0.06,0.155,0.29,0.51,0.92,1.64,0.355,selected jitter plausibility comparison
synnetqos,SynNetQoS,jitter_ms,Jitter,service_performance,5G NSA,synthetic_session_record,Streaming,Driving,193,0.5778756476683938,0.44269904313121333,0.05,0.08,0.24,0.44,0.76,1.4779999999999995,2.14,0.52,selected jitter plausibility comparison
synnetqos,SynNetQoS,jitter_ms,Jitter,service_performance,5G NSA,synthetic_session_record,Streaming,Static,2613,0.22938384998086495,0.1780678458704756,0.01,0.04,0.1,0.18,0.31,0.59,1.37,0.21,selected jitter plausibility comparison
synnetqos,SynNetQoS,jitter_ms,Jitter,service_performance,5G NSA,synthetic_session_record,Streaming,Walking,2201,0.3683507496592458,0.2840986650165933,0.01,0.06,0.16,0.29,0.49,0.93,2.08,0.32999999999999996,selected jitter plausibility comparison
synnetqos,SynNetQoS,jitter_ms,Jitter,service_performance,5G SA,synthetic_session_record,Browse,Driving,196,0.40826530612244905,0.3424333002923877,0.03,0.05,0.1675,0.31,0.5625,1.1925,1.67,0.395,selected jitter plausibility comparison
synnetqos,SynNetQoS,jitter_ms,Jitter,service_performance,5G SA,synthetic_session_record,Browse,Static,2277,0.16480895915678523,0.1346955851460445,0.01,0.02,0.07,0.13,0.22,0.44,0.93,0.15,selected jitter plausibility comparison
synnetqos,SynNetQoS,jitter_ms,Jitter,service_performance,5G SA,synthetic_session_record,Browse,Walking,1983,0.25960665658093796,0.20598131300639166,0.01,0.03,0.11,0.2,0.35,0.6789999999999987,1.36,0.24,selected jitter plausibility comparison
synnetqos,SynNetQoS,jitter_ms,Jitter,service_performance,5G SA,synthetic_session_record,Call,Driving,187,0.35417112299465237,0.2899605694742086,0.01,0.04,0.14500000000000002,0.28,0.525,0.9169999999999999,1.56,0.38,selected jitter plausibility comparison
synnetqos,SynNetQoS,jitter_ms,Jitter,service_performance,5G SA,synthetic_session_record,Call,Static,2260,0.14778318584070796,0.12117251020480027,0.01,0.02,0.06,0.11,0.2,0.4,0.73,0.14,selected jitter plausibility comparison
synnetqos,SynNetQoS,jitter_ms,Jitter,service_performance,5G SA,synthetic_session_record,Call,Walking,2014,0.23407149950347564,0.19397611473315587,0.01,0.03,0.09,0.17,0.32,0.62,1.37,0.23,selected jitter plausibility comparison
synnetqos,SynNetQoS,jitter_ms,Jitter,service_performance,5G SA,synthetic_session_record,Gaming,Driving,203,0.3700985221674877,0.29718146296244363,0.02,0.04,0.155,0.3,0.495,0.9869999999999993,1.62,0.33999999999999997,selected jitter plausibility comparison
synnetqos,SynNetQoS,jitter_ms,Jitter,service_performance,5G SA,synthetic_session_record,Gaming,Static,2235,0.1553825503355705,0.12536776324333548,0.01,0.02,0.06,0.12,0.21,0.41,0.77,0.15,selected jitter plausibility comparison
synnetqos,SynNetQoS,jitter_ms,Jitter,service_performance,5G SA,synthetic_session_record,Gaming,Walking,2090,0.25683732057416264,0.20617164474924646,0.01,0.03,0.1,0.2,0.35,0.67,1.21,0.24999999999999997,selected jitter plausibility comparison
synnetqos,SynNetQoS,jitter_ms,Jitter,service_performance,5G SA,synthetic_session_record,Streaming,Driving,177,0.37000000000000005,0.3077041081653253,0.03,0.05,0.15,0.29,0.48,0.9839999999999998,1.52,0.32999999999999996,selected jitter plausibility comparison
synnetqos,SynNetQoS,jitter_ms,Jitter,service_performance,5G SA,synthetic_session_record,Streaming,Static,2265,0.15559823399558498,0.12330406839637909,0.01,0.02,0.06,0.12,0.21,0.4,0.86,0.15,selected jitter plausibility comparison
synnetqos,SynNetQoS,jitter_ms,Jitter,service_performance,5G SA,synthetic_session_record,Streaming,Walking,2073,0.2539315002411963,0.20349510997634054,0.01,0.03,0.11,0.2,0.34,0.68,1.4,0.23000000000000004,selected jitter plausibility comparison
vienna_4g5g,Vienna 4G/5G,jitter_ms,Jitter,service_performance,5g,drive_test,,mobile_measurement,0,,,,,,,,,,,selected jitter plausibility comparison
vienna_4g5g,Vienna 4G/5G,jitter_ms,Jitter,service_performance,lte,drive_test,,mobile_measurement,0,,,,,,,,,,,selected jitter plausibility comparison
campus_qos,Campus QoS,jitter_ms,Jitter,service_performance,5g,controlled_testbed,,controlled,302,0.25670787122974936,0.39146901001045004,0.0617368102390917,0.07621728759786663,0.12364784260518699,0.188895575126735,0.27885515873729627,0.508694619768866,5.24429452464228,0.15520731613210928,selected jitter plausibility comparison
ucc_5g_context,UCC 5G Context,jitter_ms,Jitter,service_performance,2g,production_trace,Amazon_Prime,Driving,0,,,,,,,,,,,selected jitter plausibility comparison
ucc_5g_context,UCC 5G Context,jitter_ms,Jitter,service_performance,3g,production_trace,Amazon_Prime,Driving,0,,,,,,,,,,,selected jitter plausibility comparison
ucc_5g_context,UCC 5G Context,jitter_ms,Jitter,service_performance,3g,production_trace,Amazon_Prime,Static,0,,,,,,,,,,,selected jitter plausibility comparison
ucc_5g_context,UCC 5G Context,jitter_ms,Jitter,service_performance,3g,production_trace,Download,Driving,278,33.39208633093525,52.13943616470883,0.0,2.0,5.0,10.0,30.0,147.19999999999982,255.0,25.0,selected jitter plausibility comparison
ucc_5g_context,UCC 5G Context,jitter_ms,Jitter,service_performance,3g,production_trace,Netflix,Driving,0,,,,,,,,,,,selected jitter plausibility comparison
ucc_5g_context,UCC 5G Context,jitter_ms,Jitter,service_performance,3g,production_trace,Netflix,Static,0,,,,,,,,,,,selected jitter plausibility comparison
ucc_5g_context,UCC 5G Context,jitter_ms,Jitter,service_performance,5g,production_trace,Amazon_Prime,Driving,0,,,,,,,,,,,selected jitter plausibility comparison
ucc_5g_context,UCC 5G Context,jitter_ms,Jitter,service_performance,5g,production_trace,Amazon_Prime,Static,0,,,,,,,,,,,selected jitter plausibility comparison
ucc_5g_context,UCC 5G Context,jitter_ms,Jitter,service_performance,5g,production_trace,Download,Driving,1042,6.063339731285988,20.950465791610274,0.0,1.0,1.0,2.0,3.0,17.0,238.0,2.0,selected jitter plausibility comparison
ucc_5g_context,UCC 5G Context,jitter_ms,Jitter,service_performance,5g,production_trace,Download,Static,1222,5.029459901800327,16.146263781633493,0.0,1.0,1.0,2.0,3.0,16.0,224.0,2.0,selected jitter plausibility comparison
ucc_5g_context,UCC 5G Context,jitter_ms,Jitter,service_performance,5g,production_trace,Netflix,Driving,0,,,,,,,,,,,selected jitter plausibility comparison
ucc_5g_context,UCC 5G Context,jitter_ms,Jitter,service_performance,5g,production_trace,Netflix,Static,0,,,,,,,,,,,selected jitter plausibility comparison
ucc_5g_context,UCC 5G Context,jitter_ms,Jitter,service_performance,lte,production_trace,Amazon_Prime,Driving,0,,,,,,,,,,,selected jitter plausibility comparison
ucc_5g_context,UCC 5G Context,jitter_ms,Jitter,service_performance,lte,production_trace,Amazon_Prime,Static,0,,,,,,,,,,,selected jitter plausibility comparison
ucc_5g_context,UCC 5G Context,jitter_ms,Jitter,service_performance,lte,production_trace,Download,Driving,663,9.434389140271493,24.377224770345173,0.0,1.0,3.0,4.0,9.0,19.799999999999955,233.0,6.0,selected jitter plausibility comparison
ucc_5g_context,UCC 5G Context,jitter_ms,Jitter,service_performance,lte,production_trace,Netflix,Driving,0,,,,,,,,,,,selected jitter plausibility comparison
ucc_5g_context,UCC 5G Context,jitter_ms,Jitter,service_performance,lte,production_trace,Netflix,Static,0,,,,,,,,,,,selected jitter plausibility comparison
ucc_5g_context,UCC 5G Context,jitter_ms,Jitter,service_performance,unknown,production_trace,Amazon_Prime,Driving,0,,,,,,,,,,,selected jitter plausibility comparison
ucc_5g_context,UCC 5G Context,jitter_ms,Jitter,service_performance,unknown,production_trace,Amazon_Prime,Static,0,,,,,,,,,,,selected jitter plausibility comparison
ucc_5g_context,UCC 5G Context,jitter_ms,Jitter,service_performance,unknown,production_trace,Download,Driving,3,6.0,2.6457513110645907,3.0,3.4,5.0,7.0,7.5,7.9,8.0,2.5,selected jitter plausibility comparison
ucc_5g_context,UCC 5G Context,jitter_ms,Jitter,service_performance,unknown,production_trace,Netflix,Driving,0,,,,,,,,,,,selected jitter plausibility comparison
ucc_5g_context,UCC 5G Context,jitter_ms,Jitter,service_performance,unknown,production_trace,Netflix,Static,0,,,,,,,,,,,selected jitter plausibility comparison
ns3_lena,5G-LENA/ns-3,jitter_ms,Jitter,service_performance,5g,controlled_simulation,qos_reference,controlled,12,0.8553108333333332,0.5378356290793657,0.3348615,0.334972325,0.342981875,0.8532430000000001,1.365367,1.379905225,1.380131,1.022385125,selected jitter plausibility comparison
synnetqos,SynNetQoS,latency_ms,Latency,service_performance,4G,synthetic_session_record,Browse,Driving,120,256.35633333333334,133.35094652601367,47.25,59.330999999999996,148.52,259.225,335.205,491.85249999999996,519.64,186.68499999999997,selected latency plausibility comparison
synnetqos,SynNetQoS,latency_ms,Latency,service_performance,4G,synthetic_session_record,Browse,Static,1551,173.14457769181178,86.74248566617945,30.28,49.394999999999996,108.28,159.73,230.565,348.61,392.46,122.285,selected latency plausibility comparison
synnetqos,SynNetQoS,latency_ms,Latency,service_performance,4G,synthetic_session_record,Browse,Walking,1463,201.64459330143538,96.93932523758953,32.44,58.819,130.015,191.61,266.01,401.24399999999974,438.63,135.995,selected latency plausibility comparison
synnetqos,SynNetQoS,latency_ms,Latency,service_performance,4G,synthetic_session_record,Call,Driving,115,234.3421739130435,121.7569192369565,52.22,62.453,123.125,235.93,318.89,459.373,516.15,195.765,selected latency plausibility comparison
synnetqos,SynNetQoS,latency_ms,Latency,service_performance,4G,synthetic_session_record,Call,Static,1550,172.38956129032255,86.51136374491851,22.16,51.5015,102.5275,164.04,226.37,352.0075,396.45,123.8425,selected latency plausibility comparison
synnetqos,SynNetQoS,latency_ms,Latency,service_performance,4G,synthetic_session_record,Call,Walking,1438,199.62054937413072,99.85556088457325,26.06,56.291,125.13,183.915,263.07500000000005,407.27099999999996,442.34,137.94500000000005,selected latency plausibility comparison
synnetqos,SynNetQoS,latency_ms,Latency,service_performance,4G,synthetic_session_record,Gaming,Driving,101,230.310495049505,127.11601617716184,50.92,59.28,110.82,229.58,328.46,429.75,512.38,217.64,selected latency plausibility comparison
synnetqos,SynNetQoS,latency_ms,Latency,service_performance,4G,synthetic_session_record,Gaming,Static,1557,175.70697495183046,87.4533543469734,20.42,51.443999999999996,107.94,167.24,230.64,352.0399999999999,392.65,122.69999999999999,selected latency plausibility comparison
synnetqos,SynNetQoS,latency_ms,Latency,service_performance,4G,synthetic_session_record,Gaming,Walking,1391,204.3719841840403,96.73515510943162,29.77,62.6,132.505,189.15,268.34000000000003,396.33500000000004,439.79,135.83500000000004,selected latency plausibility comparison
synnetqos,SynNetQoS,latency_ms,Latency,service_performance,4G,synthetic_session_record,Streaming,Driving,126,254.05849206349205,126.6437674807092,52.54,67.42999999999999,154.88,244.24,338.3975,475.335,508.84,183.51749999999998,selected latency plausibility comparison
synnetqos,SynNetQoS,latency_ms,Latency,service_performance,4G,synthetic_session_record,Streaming,Static,1543,167.46619572261827,84.75881359758463,23.72,48.194,105.765,154.62,219.39499999999998,343.90799999999984,390.78,113.62999999999998,selected latency plausibility comparison
synnetqos,SynNetQoS,latency_ms,Latency,service_performance,4G,synthetic_session_record,Streaming,Walking,1435,204.675149825784,101.8951717589424,31.51,55.092,128.395,191.66,268.37,416.13499999999993,438.47,139.975,selected latency plausibility comparison
synnetqos,SynNetQoS,latency_ms,Latency,service_performance,5G NSA,synthetic_session_record,Browse,Driving,203,168.21320197044335,91.9766352654093,26.21,34.63,87.375,167.12,227.685,344.928,371.77,140.31,selected latency plausibility comparison
synnetqos,SynNetQoS,latency_ms,Latency,service_performance,5G NSA,synthetic_session_record,Browse,Static,2376,122.23768939393939,67.26647858813723,12.44,27.775,70.315,114.4,166.2425,265.235,282.94,95.92750000000001,selected latency plausibility comparison
synnetqos,SynNetQoS,latency_ms,Latency,service_performance,5G NSA,synthetic_session_record,Browse,Walking,2263,146.48240830755634,75.12434398475649,15.54,31.748,91.13,139.9,193.075,300.44,315.96,101.945,selected latency plausibility comparison
synnetqos,SynNetQoS,latency_ms,Latency,service_performance,5G NSA,synthetic_session_record,Call,Driving,171,173.74923976608184,98.19855625514622,28.38,33.24,98.37,171.23,236.285,352.94,372.37,137.915,selected latency plausibility comparison
synnetqos,SynNetQoS,latency_ms,Latency,service_performance,5G NSA,synthetic_session_record,Call,Static,2438,123.39928630024609,67.28456636107032,9.25,26.655,72.42,114.875,168.935,261.74550000000005,282.91,96.515,selected latency plausibility comparison
synnetqos,SynNetQoS,latency_ms,Latency,service_performance,5G NSA,synthetic_session_record,Call,Walking,2200,146.63771363636363,77.98637146361376,13.88,29.9485,86.305,138.57999999999998,196.4425,303.01349999999996,316.85,110.13749999999999,selected latency plausibility comparison
synnetqos,SynNetQoS,latency_ms,Latency,service_performance,5G NSA,synthetic_session_record,Gaming,Driving,198,164.26106060606062,91.74797355339065,25.94,30.565,85.2775,166.79000000000002,220.65249999999997,325.7455,372.49,135.37499999999997,selected latency plausibility comparison
synnetqos,SynNetQoS,latency_ms,Latency,service_performance,5G NSA,synthetic_session_record,Gaming,Static,2571,123.18348502528198,66.33483522808383,7.33,26.04,72.78999999999999,116.72,167.175,258.275,281.33,94.38500000000002,selected latency plausibility comparison
synnetqos,SynNetQoS,latency_ms,Latency,service_performance,5G NSA,synthetic_session_record,Gaming,Walking,2223,144.0401754385965,74.99469769985423,7.77,31.533,88.92,137.74,193.70499999999998,294.92900000000003,317.6,104.78499999999998,selected latency plausibility comparison
synnetqos,SynNetQoS,latency_ms,Latency,service_performance,5G NSA,synthetic_session_record,Streaming,Driving,193,175.65725388601035,96.67377629506747,27.0,32.64,94.01,174.99,236.61,356.78999999999996,371.05,142.60000000000002,selected latency plausibility comparison
synnetqos,SynNetQoS,latency_ms,Latency,service_performance,5G NSA,synthetic_session_record,Streaming,Static,2613,122.25610792192883,66.61829365561378,9.7,27.5,69.86,115.83,168.24,255.9740000000001,281.49,98.38000000000001,selected latency plausibility comparison
synnetqos,SynNetQoS,latency_ms,Latency,service_performance,5G NSA,synthetic_session_record,Streaming,Walking,2201,146.55059064061788,76.28777060885426,9.43,33.64,88.68,139.61,194.59,302.68,312.28,105.91,selected latency plausibility comparison
synnetqos,SynNetQoS,latency_ms,Latency,service_performance,5G SA,synthetic_session_record,Browse,Driving,196,123.70954081632652,72.7764005937214,11.56,16.945,66.9775,124.84,171.695,263.025,273.41,104.71749999999999,selected latency plausibility comparison
synnetqos,SynNetQoS,latency_ms,Latency,service_performance,5G SA,synthetic_session_record,Browse,Static,2277,88.28043917435221,50.53004585034852,3.0,15.010000000000003,50.63,83.09,121.96,193.41599999999985,207.02,71.32999999999998,selected latency plausibility comparison
synnetqos,SynNetQoS,latency_ms,Latency,service_performance,5G SA,synthetic_session_record,Browse,Walking,1983,103.4634140191629,57.39289806525283,4.81,18.873,61.075,96.69,140.54500000000002,219.952,229.74,79.47000000000001,selected latency plausibility comparison
synnetqos,SynNetQoS,latency_ms,Latency,service_performance,5G SA,synthetic_session_record,Call,Driving,187,110.82834224598932,67.38516062137316,7.74,14.557,55.125,112.63,154.45999999999998,233.62099999999998,271.22,99.33499999999998,selected latency plausibility comparison
synnetqos,SynNetQoS,latency_ms,Latency,service_performance,5G SA,synthetic_session_record,Call,Static,2260,78.56925663716815,44.95070997341728,3.0,13.775,44.8575,73.28,108.785,168.0999999999999,202.49,63.927499999999995,selected latency plausibility comparison
synnetqos,SynNetQoS,latency_ms,Latency,service_performance,5G SA,synthetic_session_record,Call,Walking,2014,92.68623634558094,53.92274525994897,3.0,15.069000000000003,52.102500000000006,86.89,126.0375,196.62099999999998,227.9,73.93499999999999,selected latency plausibility comparison
synnetqos,SynNetQoS,latency_ms,Latency,service_performance,5G SA,synthetic_session_record,Gaming,Driving,203,118.01374384236453,69.26457359445149,9.56,17.25,61.46,124.66,165.91,239.84599999999992,271.64,104.44999999999999,selected latency plausibility comparison
synnetqos,SynNetQoS,latency_ms,Latency,service_performance,5G SA,synthetic_session_record,Gaming,Static,2235,84.87778970917225,48.397438430040886,3.0,15.275,48.44,81.24,114.94,185.69399999999993,206.45,66.5,selected latency plausibility comparison
synnetqos,SynNetQoS,latency_ms,Latency,service_performance,5G SA,synthetic_session_record,Gaming,Walking,2090,102.40647846889952,56.697518174119494,4.6,16.599,60.9725,98.75,140.77,218.6945,230.8,79.79750000000001,selected latency plausibility comparison
synnetqos,SynNetQoS,latency_ms,Latency,service_performance,5G SA,synthetic_session_record,Streaming,Driving,177,115.5676836158192,71.24959172731043,13.82,18.202,47.87,118.98,166.92,262.57,274.2,119.04999999999998,selected latency plausibility comparison
synnetqos,SynNetQoS,latency_ms,Latency,service_performance,5G SA,synthetic_session_record,Streaming,Static,2265,84.95677262693157,48.69405262091426,3.47,14.984,46.82,81.22,119.86,181.012,206.88,73.03999999999999,selected latency plausibility comparison
synnetqos,SynNetQoS,latency_ms,Latency,service_performance,5G SA,synthetic_session_record,Streaming,Walking,2073,101.79920887602509,55.99121289608391,5.82,17.382,60.52,98.23,139.75,218.67399999999995,232.34,79.22999999999999,selected latency plausibility comparison
vienna_4g5g,Vienna 4G/5G,latency_ms,Latency,service_performance,5g,drive_test,,mobile_measurement,0,,,,,,,,,,,selected latency plausibility comparison
vienna_4g5g,Vienna 4G/5G,latency_ms,Latency,service_performance,lte,drive_test,,mobile_measurement,0,,,,,,,,,,,selected latency plausibility comparison
campus_qos,Campus QoS,latency_ms,Latency,service_performance,5g,controlled_testbed,,controlled,0,,,,,,,,,,,selected latency plausibility comparison
ucc_5g_context,UCC 5G Context,latency_ms,Latency,service_performance,2g,production_trace,Amazon_Prime,Driving,0,,,,,,,,,,,selected latency plausibility comparison
ucc_5g_context,UCC 5G Context,latency_ms,Latency,service_performance,3g,production_trace,Amazon_Prime,Driving,0,,,,,,,,,,,selected latency plausibility comparison
ucc_5g_context,UCC 5G Context,latency_ms,Latency,service_performance,3g,production_trace,Amazon_Prime,Static,0,,,,,,,,,,,selected latency plausibility comparison
ucc_5g_context,UCC 5G Context,latency_ms,Latency,service_performance,3g,production_trace,Download,Driving,278,157.20143884892087,91.44153839350372,80.0,88.0,106.5,123.0,166.75,348.7999999999997,591.0,60.25,selected latency plausibility comparison
ucc_5g_context,UCC 5G Context,latency_ms,Latency,service_performance,3g,production_trace,Netflix,Driving,0,,,,,,,,,,,selected latency plausibility comparison
ucc_5g_context,UCC 5G Context,latency_ms,Latency,service_performance,3g,production_trace,Netflix,Static,0,,,,,,,,,,,selected latency plausibility comparison
ucc_5g_context,UCC 5G Context,latency_ms,Latency,service_performance,5g,production_trace,Amazon_Prime,Driving,0,,,,,,,,,,,selected latency plausibility comparison
ucc_5g_context,UCC 5G Context,latency_ms,Latency,service_performance,5g,production_trace,Amazon_Prime,Static,0,,,,,,,,,,,selected latency plausibility comparison
ucc_5g_context,UCC 5G Context,latency_ms,Latency,service_performance,5g,production_trace,Download,Driving,1042,79.45009596928983,26.155815985839812,65.0,66.0,71.0,75.0,81.0,93.94999999999993,534.0,10.0,selected latency plausibility comparison
ucc_5g_context,UCC 5G Context,latency_ms,Latency,service_performance,5g,production_trace,Download,Static,1222,75.02373158756137,33.87066879430148,64.0,66.0,67.0,69.0,73.0,89.0,611.0,6.0,selected latency plausibility comparison
ucc_5g_context,UCC 5G Context,latency_ms,Latency,service_performance,5g,production_trace,Netflix,Driving,0,,,,,,,,,,,selected latency plausibility comparison
ucc_5g_context,UCC 5G Context,latency_ms,Latency,service_performance,5g,production_trace,Netflix,Static,0,,,,,,,,,,,selected latency plausibility comparison
ucc_5g_context,UCC 5G Context,latency_ms,Latency,service_performance,lte,production_trace,Amazon_Prime,Driving,0,,,,,,,,,,,selected latency plausibility comparison
ucc_5g_context,UCC 5G Context,latency_ms,Latency,service_performance,lte,production_trace,Amazon_Prime,Static,0,,,,,,,,,,,selected latency plausibility comparison
ucc_5g_context,UCC 5G Context,latency_ms,Latency,service_performance,lte,production_trace,Download,Driving,663,90.93514328808446,49.46621739516558,66.0,68.0,77.0,84.0,93.0,106.0,889.0,16.0,selected latency plausibility comparison
ucc_5g_context,UCC 5G Context,latency_ms,Latency,service_performance,lte,production_trace,Netflix,Driving,0,,,,,,,,,,,selected latency plausibility comparison
ucc_5g_context,UCC 5G Context,latency_ms,Latency,service_performance,lte,production_trace,Netflix,Static,0,,,,,,,,,,,selected latency plausibility comparison
ucc_5g_context,UCC 5G Context,latency_ms,Latency,service_performance,unknown,production_trace,Amazon_Prime,Driving,0,,,,,,,,,,,selected latency plausibility comparison
ucc_5g_context,UCC 5G Context,latency_ms,Latency,service_performance,unknown,production_trace,Amazon_Prime,Static,0,,,,,,,,,,,selected latency plausibility comparison
ucc_5g_context,UCC 5G Context,latency_ms,Latency,service_performance,unknown,production_trace,Download,Driving,3,185.33333333333334,81.24243554530682,134.0,134.9,138.5,143.0,211.0,265.4,279.0,72.5,selected latency plausibility comparison
ucc_5g_context,UCC 5G Context,latency_ms,Latency,service_performance,unknown,production_trace,Netflix,Driving,0,,,,,,,,,,,selected latency plausibility comparison
ucc_5g_context,UCC 5G Context,latency_ms,Latency,service_performance,unknown,production_trace,Netflix,Static,0,,,,,,,,,,,selected latency plausibility comparison
ns3_lena,5G-LENA/ns-3,latency_ms,Latency,service_performance,5g,controlled_simulation,qos_reference,controlled,12,110.46480066666668,44.745942280020984,67.046193,67.057901125,67.893319375,110.7043775,153.280804875,153.4033682,153.41507,85.3874855,selected latency plausibility comparison
synnetqos,SynNetQoS,offered_downlink_mbps,Offered downlink traffic,traffic_context,4G,synthetic_session_record,Browse,Driving,120,41.29708333333333,64.60908788738668,3.44,6.1555,13.46,23.81,50.5125,104.06099999999995,449.86,37.0525,selected traffic-demand plausibility comparison
synnetqos,SynNetQoS,offered_downlink_mbps,Offered downlink traffic,traffic_context,4G,synthetic_session_record,Browse,Static,1551,37.2405996131528,40.92870567960797,1.09,5.8149999999999995,13.315000000000001,24.94,45.385000000000005,108.025,579.61,32.07000000000001,selected traffic-demand plausibility comparison
synnetqos,SynNetQoS,offered_downlink_mbps,Offered downlink traffic,traffic_context,4G,synthetic_session_record,Browse,Walking,1463,39.909419002050576,48.58842847080731,1.74,5.707000000000001,14.09,26.22,48.195,110.749,684.88,34.105000000000004,selected traffic-demand plausibility comparison
synnetqos,SynNetQoS,offered_downlink_mbps,Offered downlink traffic,traffic_context,4G,synthetic_session_record,Call,Driving,115,6.082608695652174,6.40686338219954,0.53,1.03,2.51,4.59,7.03,16.117999999999984,40.08,4.5200000000000005,selected traffic-demand plausibility comparison
synnetqos,SynNetQoS,offered_downlink_mbps,Offered downlink traffic,traffic_context,4G,synthetic_session_record,Call,Static,1550,5.89896129032258,6.010124845911749,0.19,0.88,2.23,4.0,7.455,17.851499999999994,59.91,5.225,selected traffic-demand plausibility comparison
synnetqos,SynNetQoS,offered_downlink_mbps,Offered downlink traffic,traffic_context,4G,synthetic_session_record,Call,Walking,1438,6.037176634214186,6.977111557831146,0.22,0.82,2.1325,3.9050000000000002,7.41,18.81,110.76,5.2775,selected traffic-demand plausibility comparison
synnetqos,SynNetQoS,offered_downlink_mbps,Offered downlink traffic,traffic_context,4G,synthetic_session_record,Gaming,Driving,101,81.9511881188119,73.47218855168435,5.05,11.85,31.68,58.74,99.7,241.8,374.41,68.02000000000001,selected traffic-demand plausibility comparison
synnetqos,SynNetQoS,offered_downlink_mbps,Offered downlink traffic,traffic_context,4G,synthetic_session_record,Gaming,Static,1557,80.59028901734104,82.31641357788345,2.4,12.764,31.2,56.52,98.59,225.0919999999997,914.18,67.39,selected traffic-demand plausibility comparison
synnetqos,SynNetQoS,offered_downlink_mbps,Offered downlink traffic,traffic_context,4G,synthetic_session_record,Gaming,Walking,1391,85.61987778576564,93.89446474012179,3.43,13.690000000000001,31.5,55.58,108.6,244.89999999999998,1157.08,77.1,selected traffic-demand plausibility comparison
synnetqos,SynNetQoS,offered_downlink_mbps,Offered downlink traffic,traffic_context,4G,synthetic_session_record,Streaming,Driving,126,160.37523809523807,154.9685006843096,20.62,31.502499999999998,68.8275,105.92,213.0,484.3725,1122.64,144.1725,selected traffic-demand plausibility comparison
synnetqos,SynNetQoS,offered_downlink_mbps,Offered downlink traffic,traffic_context,4G,synthetic_session_record,Streaming,Static,1543,181.50878159429686,197.63942242947164,3.95,27.741,63.795,117.18,223.3,543.4799999999998,1500.0,159.505,selected traffic-demand plausibility comparison
synnetqos,SynNetQoS,offered_downlink_mbps,Offered downlink traffic,traffic_context,4G,synthetic_session_record,Streaming,Walking,1435,177.55538675958186,179.44899286135382,4.11,29.975,66.05,121.49,225.365,516.918,1500.0,159.315,selected traffic-demand plausibility comparison
synnetqos,SynNetQoS,offered_downlink_mbps,Offered downlink traffic,traffic_context,5G NSA,synthetic_session_record,Browse,Driving,203,77.61536945812809,77.29593526923006,3.03,11.819,30.05,53.09,94.24000000000001,224.13099999999991,500.58,64.19000000000001,selected traffic-demand plausibility comparison
synnetqos,SynNetQoS,offered_downlink_mbps,Offered downlink traffic,traffic_context,5G NSA,synthetic_session_record,Browse,Static,2376,89.37244528619529,99.29104052673239,1.46,13.7925,31.655,58.19,109.92750000000001,267.3175,1174.97,78.27250000000001,selected traffic-demand plausibility comparison
synnetqos,SynNetQoS,offered_downlink_mbps,Offered downlink traffic,traffic_context,5G NSA,synthetic_session_record,Browse,Walking,2263,89.04076447193991,97.9473180670307,2.38,14.712000000000002,33.385000000000005,58.37,106.605,267.54200000000014,965.77,73.22,selected traffic-demand plausibility comparison
synnetqos,SynNetQoS,offered_downlink_mbps,Offered downlink traffic,traffic_context,5G NSA,synthetic_session_record,Call,Driving,171,12.123859649122807,11.861847900041342,0.59,2.0549999999999997,4.96,7.45,14.45,41.82,55.21,9.489999999999998,selected traffic-demand plausibility comparison
synnetqos,SynNetQoS,offered_downlink_mbps,Offered downlink traffic,traffic_context,5G NSA,synthetic_session_record,Call,Static,2438,12.486981132075472,13.35488870607749,0.27,1.84,4.5024999999999995,8.34,15.43,36.773,194.3,10.9275,selected traffic-demand plausibility comparison
synnetqos,SynNetQoS,offered_downlink_mbps,Offered downlink traffic,traffic_context,5G NSA,synthetic_session_record,Call,Walking,2200,12.480422727272728,17.380088834833778,0.28,1.91,4.327500000000001,8.004999999999999,14.8225,36.41799999999996,450.62,10.495,selected traffic-demand plausibility comparison
synnetqos,SynNetQoS,offered_downlink_mbps,Offered downlink traffic,traffic_context,5G NSA,synthetic_session_record,Gaming,Driving,198,195.2958080808081,193.2419079257533,10.68,23.826,74.3575,136.43,239.4475,511.00799999999975,1500.0,165.08999999999997,selected traffic-demand plausibility comparison
synnetqos,SynNetQoS,offered_downlink_mbps,Offered downlink traffic,traffic_context,5G NSA,synthetic_session_record,Gaming,Static,2571,204.3621392454298,213.76756133437547,5.81,32.260000000000005,75.92,137.95,255.025,592.885,1500.0,179.10500000000002,selected traffic-demand plausibility comparison
synnetqos,SynNetQoS,offered_downlink_mbps,Offered downlink traffic,traffic_context,5G NSA,synthetic_session_record,Gaming,Walking,2223,208.72004048582997,215.4813486173074,6.64,30.620000000000005,76.56,141.23,265.66499999999996,615.2710000000001,1500.0,189.10499999999996,selected traffic-demand plausibility comparison
synnetqos,SynNetQoS,offered_downlink_mbps,Offered downlink traffic,traffic_context,5G NSA,synthetic_session_record,Streaming,Driving,193,475.76518134715025,376.38095326174806,39.87,82.236,191.04,344.46,638.03,1303.125999999999,1500.0,446.99,selected traffic-demand plausibility comparison
synnetqos,SynNetQoS,offered_downlink_mbps,Offered downlink traffic,traffic_context,5G NSA,synthetic_session_record,Streaming,Static,2613,480.6507079984692,397.9661622447357,16.49,77.47,187.0,347.47,638.27,1500.0,1500.0,451.27,selected traffic-demand plausibility comparison
synnetqos,SynNetQoS,offered_downlink_mbps,Offered downlink traffic,traffic_context,5G NSA,synthetic_session_record,Streaming,Walking,2201,484.85156292594274,395.49212527272647,11.28,77.69,190.62,358.57,637.05,1500.0,1500.0,446.42999999999995,selected traffic-demand plausibility comparison
synnetqos,SynNetQoS,offered_downlink_mbps,Offered downlink traffic,traffic_context,5G SA,synthetic_session_record,Browse,Driving,196,100.92505102040815,120.50474290271178,5.97,12.899999999999999,34.0925,59.62,113.21,354.685,769.21,79.11749999999999,selected traffic-demand plausibility comparison
synnetqos,SynNetQoS,offered_downlink_mbps,Offered downlink traffic,traffic_context,5G SA,synthetic_session_record,Browse,Static,2277,107.8806763285024,118.52229681588398,1.9,16.48,38.09,72.3,133.78,315.2619999999998,1500.0,95.69,selected traffic-demand plausibility comparison
synnetqos,SynNetQoS,offered_downlink_mbps,Offered downlink traffic,traffic_context,5G SA,synthetic_session_record,Browse,Walking,1983,102.87136157337368,109.47741788240008,2.91,16.527000000000005,38.79,69.92,126.345,297.9559999999996,1108.7,87.555,selected traffic-demand plausibility comparison
synnetqos,SynNetQoS,offered_downlink_mbps,Offered downlink traffic,traffic_context,5G SA,synthetic_session_record,Call,Driving,187,12.364491978609625,12.90895226309437,1.06,1.929,5.13,7.59,14.525,42.31099999999993,83.06,9.395,selected traffic-demand plausibility comparison
synnetqos,SynNetQoS,offered_downlink_mbps,Offered downlink traffic,traffic_context,5G SA,synthetic_session_record,Call,Static,2260,12.10037610619469,14.275939874823166,0.34,1.89,4.3774999999999995,8.175,14.09,35.919999999999945,277.98,9.7125,selected traffic-demand plausibility comparison
synnetqos,SynNetQoS,offered_downlink_mbps,Offered downlink traffic,traffic_context,5G SA,synthetic_session_record,Call,Walking,2014,11.594349553128101,12.213541902789075,0.17,1.84,4.4,7.92,13.89,33.306999999999995,131.17,9.49,selected traffic-demand plausibility comparison
synnetqos,SynNetQoS,offered_downlink_mbps,Offered downlink traffic,traffic_context,5G SA,synthetic_session_record,Gaming,Driving,203,252.64108374384236,250.88842030349673,18.06,46.559,108.61,182.4,298.105,608.3759999999997,1500.0,189.495,selected traffic-demand plausibility comparison
synnetqos,SynNetQoS,offered_downlink_mbps,Offered downlink traffic,traffic_context,5G SA,synthetic_session_record,Gaming,Static,2235,245.65189261744965,239.22698882994743,11.29,38.317,92.755,169.03,306.05,712.7469999999968,1500.0,213.29500000000002,selected traffic-demand plausibility comparison
synnetqos,SynNetQoS,offered_downlink_mbps,Offered downlink traffic,traffic_context,5G SA,synthetic_session_record,Gaming,Walking,2090,248.24195693779905,253.21861327724469,9.39,36.972,91.77000000000001,169.085,306.7975,756.7054999999999,1500.0,215.0275,selected traffic-demand plausibility comparison
synnetqos,SynNetQoS,offered_downlink_mbps,Offered downlink traffic,traffic_context,5G SA,synthetic_session_record,Streaming,Driving,177,604.0706779661017,438.99898311203566,50.94,125.482,247.11,440.21,853.03,1500.0,1500.0,605.92,selected traffic-demand plausibility comparison
synnetqos,SynNetQoS,offered_downlink_mbps,Offered downlink traffic,traffic_context,5G SA,synthetic_session_record,Streaming,Static,2265,563.4544282560707,425.1409757744575,13.7,99.434,234.17,432.03,771.69,1500.0,1500.0,537.5200000000001,selected traffic-demand plausibility comparison
synnetqos,SynNetQoS,offered_downlink_mbps,Offered downlink traffic,traffic_context,5G SA,synthetic_session_record,Streaming,Walking,2073,541.1581090207428,412.67851391676066,14.61,102.032,230.76,403.46,731.93,1500.0,1500.0,501.16999999999996,selected traffic-demand plausibility comparison
vienna_4g5g,Vienna 4G/5G,offered_downlink_mbps,Offered downlink traffic,traffic_context,5g,drive_test,,mobile_measurement,0,,,,,,,,,,,selected traffic-demand plausibility comparison
vienna_4g5g,Vienna 4G/5G,offered_downlink_mbps,Offered downlink traffic,traffic_context,lte,drive_test,,mobile_measurement,0,,,,,,,,,,,selected traffic-demand plausibility comparison
campus_qos,Campus QoS,offered_downlink_mbps,Offered downlink traffic,traffic_context,5g,controlled_testbed,,controlled,302,112.99668874172185,37.55894577332799,75.0,75.0,75.0,150.0,150.0,150.0,150.0,75.0,selected traffic-demand plausibility comparison
ucc_5g_context,UCC 5G Context,offered_downlink_mbps,Offered downlink traffic,traffic_context,2g,production_trace,Amazon_Prime,Driving,0,,,,,,,,,,,selected traffic-demand plausibility comparison
ucc_5g_context,UCC 5G Context,offered_downlink_mbps,Offered downlink traffic,traffic_context,3g,production_trace,Amazon_Prime,Driving,0,,,,,,,,,,,selected traffic-demand plausibility comparison
ucc_5g_context,UCC 5G Context,offered_downlink_mbps,Offered downlink traffic,traffic_context,3g,production_trace,Amazon_Prime,Static,0,,,,,,,,,,,selected traffic-demand plausibility comparison
ucc_5g_context,UCC 5G Context,offered_downlink_mbps,Offered downlink traffic,traffic_context,3g,production_trace,Download,Driving,0,,,,,,,,,,,selected traffic-demand plausibility comparison
ucc_5g_context,UCC 5G Context,offered_downlink_mbps,Offered downlink traffic,traffic_context,3g,production_trace,Netflix,Driving,0,,,,,,,,,,,selected traffic-demand plausibility comparison
ucc_5g_context,UCC 5G Context,offered_downlink_mbps,Offered downlink traffic,traffic_context,3g,production_trace,Netflix,Static,0,,,,,,,,,,,selected traffic-demand plausibility comparison
ucc_5g_context,UCC 5G Context,offered_downlink_mbps,Offered downlink traffic,traffic_context,5g,production_trace,Amazon_Prime,Driving,0,,,,,,,,,,,selected traffic-demand plausibility comparison
ucc_5g_context,UCC 5G Context,offered_downlink_mbps,Offered downlink traffic,traffic_context,5g,production_trace,Amazon_Prime,Static,0,,,,,,,,,,,selected traffic-demand plausibility comparison
ucc_5g_context,UCC 5G Context,offered_downlink_mbps,Offered downlink traffic,traffic_context,5g,production_trace,Download,Driving,0,,,,,,,,,,,selected traffic-demand plausibility comparison
ucc_5g_context,UCC 5G Context,offered_downlink_mbps,Offered downlink traffic,traffic_context,5g,production_trace,Download,Static,0,,,,,,,,,,,selected traffic-demand plausibility comparison
ucc_5g_context,UCC 5G Context,offered_downlink_mbps,Offered downlink traffic,traffic_context,5g,production_trace,Netflix,Driving,0,,,,,,,,,,,selected traffic-demand plausibility comparison
ucc_5g_context,UCC 5G Context,offered_downlink_mbps,Offered downlink traffic,traffic_context,5g,production_trace,Netflix,Static,0,,,,,,,,,,,selected traffic-demand plausibility comparison
ucc_5g_context,UCC 5G Context,offered_downlink_mbps,Offered downlink traffic,traffic_context,lte,production_trace,Amazon_Prime,Driving,0,,,,,,,,,,,selected traffic-demand plausibility comparison
ucc_5g_context,UCC 5G Context,offered_downlink_mbps,Offered downlink traffic,traffic_context,lte,production_trace,Amazon_Prime,Static,0,,,,,,,,,,,selected traffic-demand plausibility comparison
ucc_5g_context,UCC 5G Context,offered_downlink_mbps,Offered downlink traffic,traffic_context,lte,production_trace,Download,Driving,0,,,,,,,,,,,selected traffic-demand plausibility comparison
ucc_5g_context,UCC 5G Context,offered_downlink_mbps,Offered downlink traffic,traffic_context,lte,production_trace,Netflix,Driving,0,,,,,,,,,,,selected traffic-demand plausibility comparison
ucc_5g_context,UCC 5G Context,offered_downlink_mbps,Offered downlink traffic,traffic_context,lte,production_trace,Netflix,Static,0,,,,,,,,,,,selected traffic-demand plausibility comparison
ucc_5g_context,UCC 5G Context,offered_downlink_mbps,Offered downlink traffic,traffic_context,unknown,production_trace,Amazon_Prime,Driving,0,,,,,,,,,,,selected traffic-demand plausibility comparison
ucc_5g_context,UCC 5G Context,offered_downlink_mbps,Offered downlink traffic,traffic_context,unknown,production_trace,Amazon_Prime,Static,0,,,,,,,,,,,selected traffic-demand plausibility comparison
ucc_5g_context,UCC 5G Context,offered_downlink_mbps,Offered downlink traffic,traffic_context,unknown,production_trace,Download,Driving,0,,,,,,,,,,,selected traffic-demand plausibility comparison
ucc_5g_context,UCC 5G Context,offered_downlink_mbps,Offered downlink traffic,traffic_context,unknown,production_trace,Netflix,Driving,0,,,,,,,,,,,selected traffic-demand plausibility comparison
ucc_5g_context,UCC 5G Context,offered_downlink_mbps,Offered downlink traffic,traffic_context,unknown,production_trace,Netflix,Static,0,,,,,,,,,,,selected traffic-demand plausibility comparison
ns3_lena,5G-LENA/ns-3,offered_downlink_mbps,Offered downlink traffic,traffic_context,5g,controlled_simulation,qos_reference,controlled,12,41.455999999999996,7.302905822653437,34.464,34.464,34.464,41.456,48.448,48.448,48.448,13.984000000000002,selected traffic-demand plausibility comparison
synnetqos,SynNetQoS,packet_loss_fraction,Packet loss fraction,reference_only_quality_metric,4G,synthetic_session_record,Browse,Driving,0,,,,,,,,,,,reference-only availability summary; SynNetQoS does not expose a direct packet-loss field in this comparison table
synnetqos,SynNetQoS,packet_loss_fraction,Packet loss fraction,reference_only_quality_metric,4G,synthetic_session_record,Browse,Static,0,,,,,,,,,,,reference-only availability summary; SynNetQoS does not expose a direct packet-loss field in this comparison table
synnetqos,SynNetQoS,packet_loss_fraction,Packet loss fraction,reference_only_quality_metric,4G,synthetic_session_record,Browse,Walking,0,,,,,,,,,,,reference-only availability summary; SynNetQoS does not expose a direct packet-loss field in this comparison table
synnetqos,SynNetQoS,packet_loss_fraction,Packet loss fraction,reference_only_quality_metric,4G,synthetic_session_record,Call,Driving,0,,,,,,,,,,,reference-only availability summary; SynNetQoS does not expose a direct packet-loss field in this comparison table
synnetqos,SynNetQoS,packet_loss_fraction,Packet loss fraction,reference_only_quality_metric,4G,synthetic_session_record,Call,Static,0,,,,,,,,,,,reference-only availability summary; SynNetQoS does not expose a direct packet-loss field in this comparison table
synnetqos,SynNetQoS,packet_loss_fraction,Packet loss fraction,reference_only_quality_metric,4G,synthetic_session_record,Call,Walking,0,,,,,,,,,,,reference-only availability summary; SynNetQoS does not expose a direct packet-loss field in this comparison table
synnetqos,SynNetQoS,packet_loss_fraction,Packet loss fraction,reference_only_quality_metric,4G,synthetic_session_record,Gaming,Driving,0,,,,,,,,,,,reference-only availability summary; SynNetQoS does not expose a direct packet-loss field in this comparison table
synnetqos,SynNetQoS,packet_loss_fraction,Packet loss fraction,reference_only_quality_metric,4G,synthetic_session_record,Gaming,Static,0,,,,,,,,,,,reference-only availability summary; SynNetQoS does not expose a direct packet-loss field in this comparison table
synnetqos,SynNetQoS,packet_loss_fraction,Packet loss fraction,reference_only_quality_metric,4G,synthetic_session_record,Gaming,Walking,0,,,,,,,,,,,reference-only availability summary; SynNetQoS does not expose a direct packet-loss field in this comparison table
synnetqos,SynNetQoS,packet_loss_fraction,Packet loss fraction,reference_only_quality_metric,4G,synthetic_session_record,Streaming,Driving,0,,,,,,,,,,,reference-only availability summary; SynNetQoS does not expose a direct packet-loss field in this comparison table
synnetqos,SynNetQoS,packet_loss_fraction,Packet loss fraction,reference_only_quality_metric,4G,synthetic_session_record,Streaming,Static,0,,,,,,,,,,,reference-only availability summary; SynNetQoS does not expose a direct packet-loss field in this comparison table
synnetqos,SynNetQoS,packet_loss_fraction,Packet loss fraction,reference_only_quality_metric,4G,synthetic_session_record,Streaming,Walking,0,,,,,,,,,,,reference-only availability summary; SynNetQoS does not expose a direct packet-loss field in this comparison table
synnetqos,SynNetQoS,packet_loss_fraction,Packet loss fraction,reference_only_quality_metric,5G NSA,synthetic_session_record,Browse,Driving,0,,,,,,,,,,,reference-only availability summary; SynNetQoS does not expose a direct packet-loss field in this comparison table
synnetqos,SynNetQoS,packet_loss_fraction,Packet loss fraction,reference_only_quality_metric,5G NSA,synthetic_session_record,Browse,Static,0,,,,,,,,,,,reference-only availability summary; SynNetQoS does not expose a direct packet-loss field in this comparison table
synnetqos,SynNetQoS,packet_loss_fraction,Packet loss fraction,reference_only_quality_metric,5G NSA,synthetic_session_record,Browse,Walking,0,,,,,,,,,,,reference-only availability summary; SynNetQoS does not expose a direct packet-loss field in this comparison table
synnetqos,SynNetQoS,packet_loss_fraction,Packet loss fraction,reference_only_quality_metric,5G NSA,synthetic_session_record,Call,Driving,0,,,,,,,,,,,reference-only availability summary; SynNetQoS does not expose a direct packet-loss field in this comparison table
synnetqos,SynNetQoS,packet_loss_fraction,Packet loss fraction,reference_only_quality_metric,5G NSA,synthetic_session_record,Call,Static,0,,,,,,,,,,,reference-only availability summary; SynNetQoS does not expose a direct packet-loss field in this comparison table
synnetqos,SynNetQoS,packet_loss_fraction,Packet loss fraction,reference_only_quality_metric,5G NSA,synthetic_session_record,Call,Walking,0,,,,,,,,,,,reference-only availability summary; SynNetQoS does not expose a direct packet-loss field in this comparison table
synnetqos,SynNetQoS,packet_loss_fraction,Packet loss fraction,reference_only_quality_metric,5G NSA,synthetic_session_record,Gaming,Driving,0,,,,,,,,,,,reference-only availability summary; SynNetQoS does not expose a direct packet-loss field in this comparison table
synnetqos,SynNetQoS,packet_loss_fraction,Packet loss fraction,reference_only_quality_metric,5G NSA,synthetic_session_record,Gaming,Static,0,,,,,,,,,,,reference-only availability summary; SynNetQoS does not expose a direct packet-loss field in this comparison table
synnetqos,SynNetQoS,packet_loss_fraction,Packet loss fraction,reference_only_quality_metric,5G NSA,synthetic_session_record,Gaming,Walking,0,,,,,,,,,,,reference-only availability summary; SynNetQoS does not expose a direct packet-loss field in this comparison table
synnetqos,SynNetQoS,packet_loss_fraction,Packet loss fraction,reference_only_quality_metric,5G NSA,synthetic_session_record,Streaming,Driving,0,,,,,,,,,,,reference-only availability summary; SynNetQoS does not expose a direct packet-loss field in this comparison table
synnetqos,SynNetQoS,packet_loss_fraction,Packet loss fraction,reference_only_quality_metric,5G NSA,synthetic_session_record,Streaming,Static,0,,,,,,,,,,,reference-only availability summary; SynNetQoS does not expose a direct packet-loss field in this comparison table
synnetqos,SynNetQoS,packet_loss_fraction,Packet loss fraction,reference_only_quality_metric,5G NSA,synthetic_session_record,Streaming,Walking,0,,,,,,,,,,,reference-only availability summary; SynNetQoS does not expose a direct packet-loss field in this comparison table
synnetqos,SynNetQoS,packet_loss_fraction,Packet loss fraction,reference_only_quality_metric,5G SA,synthetic_session_record,Browse,Driving,0,,,,,,,,,,,reference-only availability summary; SynNetQoS does not expose a direct packet-loss field in this comparison table
synnetqos,SynNetQoS,packet_loss_fraction,Packet loss fraction,reference_only_quality_metric,5G SA,synthetic_session_record,Browse,Static,0,,,,,,,,,,,reference-only availability summary; SynNetQoS does not expose a direct packet-loss field in this comparison table
synnetqos,SynNetQoS,packet_loss_fraction,Packet loss fraction,reference_only_quality_metric,5G SA,synthetic_session_record,Browse,Walking,0,,,,,,,,,,,reference-only availability summary; SynNetQoS does not expose a direct packet-loss field in this comparison table
synnetqos,SynNetQoS,packet_loss_fraction,Packet loss fraction,reference_only_quality_metric,5G SA,synthetic_session_record,Call,Driving,0,,,,,,,,,,,reference-only availability summary; SynNetQoS does not expose a direct packet-loss field in this comparison table
synnetqos,SynNetQoS,packet_loss_fraction,Packet loss fraction,reference_only_quality_metric,5G SA,synthetic_session_record,Call,Static,0,,,,,,,,,,,reference-only availability summary; SynNetQoS does not expose a direct packet-loss field in this comparison table
synnetqos,SynNetQoS,packet_loss_fraction,Packet loss fraction,reference_only_quality_metric,5G SA,synthetic_session_record,Call,Walking,0,,,,,,,,,,,reference-only availability summary; SynNetQoS does not expose a direct packet-loss field in this comparison table
synnetqos,SynNetQoS,packet_loss_fraction,Packet loss fraction,reference_only_quality_metric,5G SA,synthetic_session_record,Gaming,Driving,0,,,,,,,,,,,reference-only availability summary; SynNetQoS does not expose a direct packet-loss field in this comparison table
synnetqos,SynNetQoS,packet_loss_fraction,Packet loss fraction,reference_only_quality_metric,5G SA,synthetic_session_record,Gaming,Static,0,,,,,,,,,,,reference-only availability summary; SynNetQoS does not expose a direct packet-loss field in this comparison table
synnetqos,SynNetQoS,packet_loss_fraction,Packet loss fraction,reference_only_quality_metric,5G SA,synthetic_session_record,Gaming,Walking,0,,,,,,,,,,,reference-only availability summary; SynNetQoS does not expose a direct packet-loss field in this comparison table
synnetqos,SynNetQoS,packet_loss_fraction,Packet loss fraction,reference_only_quality_metric,5G SA,synthetic_session_record,Streaming,Driving,0,,,,,,,,,,,reference-only availability summary; SynNetQoS does not expose a direct packet-loss field in this comparison table
synnetqos,SynNetQoS,packet_loss_fraction,Packet loss fraction,reference_only_quality_metric,5G SA,synthetic_session_record,Streaming,Static,0,,,,,,,,,,,reference-only availability summary; SynNetQoS does not expose a direct packet-loss field in this comparison table
synnetqos,SynNetQoS,packet_loss_fraction,Packet loss fraction,reference_only_quality_metric,5G SA,synthetic_session_record,Streaming,Walking,0,,,,,,,,,,,reference-only availability summary; SynNetQoS does not expose a direct packet-loss field in this comparison table
vienna_4g5g,Vienna 4G/5G,packet_loss_fraction,Packet loss fraction,reference_only_quality_metric,5g,drive_test,,mobile_measurement,0,,,,,,,,,,,reference-only availability summary; SynNetQoS does not expose a direct packet-loss field in this comparison table
vienna_4g5g,Vienna 4G/5G,packet_loss_fraction,Packet loss fraction,reference_only_quality_metric,lte,drive_test,,mobile_measurement,0,,,,,,,,,,,reference-only availability summary; SynNetQoS does not expose a direct packet-loss field in this comparison table
campus_qos,Campus QoS,packet_loss_fraction,Packet loss fraction,reference_only_quality_metric,5g,controlled_testbed,,controlled,302,0.3372863688943883,0.15402502890092898,0.047202439546845,0.08268204896940427,0.21672063409394424,0.35520807320492953,0.4503666664234945,0.573928046777648,0.864672078765618,0.23364603232955025,reference-only availability summary; SynNetQoS does not expose a direct packet-loss field in this comparison table
ucc_5g_context,UCC 5G Context,packet_loss_fraction,Packet loss fraction,reference_only_quality_metric,2g,production_trace,Amazon_Prime,Driving,0,,,,,,,,,,,reference-only availability summary; SynNetQoS does not expose a direct packet-loss field in this comparison table
ucc_5g_context,UCC 5G Context,packet_loss_fraction,Packet loss fraction,reference_only_quality_metric,3g,production_trace,Amazon_Prime,Driving,0,,,,,,,,,,,reference-only availability summary; SynNetQoS does not expose a direct packet-loss field in this comparison table
ucc_5g_context,UCC 5G Context,packet_loss_fraction,Packet loss fraction,reference_only_quality_metric,3g,production_trace,Amazon_Prime,Static,0,,,,,,,,,,,reference-only availability summary; SynNetQoS does not expose a direct packet-loss field in this comparison table
ucc_5g_context,UCC 5G Context,packet_loss_fraction,Packet loss fraction,reference_only_quality_metric,3g,production_trace,Download,Driving,308,0.13701298701298703,0.3101856749194757,0.0,0.0,0.0,0.0,0.0,1.0,1.0,0.0,reference-only availability summary; SynNetQoS does not expose a direct packet-loss field in this comparison table
ucc_5g_context,UCC 5G Context,packet_loss_fraction,Packet loss fraction,reference_only_quality_metric,3g,production_trace,Netflix,Driving,0,,,,,,,,,,,reference-only availability summary; SynNetQoS does not expose a direct packet-loss field in this comparison table
ucc_5g_context,UCC 5G Context,packet_loss_fraction,Packet loss fraction,reference_only_quality_metric,3g,production_trace,Netflix,Static,0,,,,,,,,,,,reference-only availability summary; SynNetQoS does not expose a direct packet-loss field in this comparison table
ucc_5g_context,UCC 5G Context,packet_loss_fraction,Packet loss fraction,reference_only_quality_metric,5g,production_trace,Amazon_Prime,Driving,0,,,,,,,,,,,reference-only availability summary; SynNetQoS does not expose a direct packet-loss field in this comparison table
ucc_5g_context,UCC 5G Context,packet_loss_fraction,Packet loss fraction,reference_only_quality_metric,5g,production_trace,Amazon_Prime,Static,0,,,,,,,,,,,reference-only availability summary; SynNetQoS does not expose a direct packet-loss field in this comparison table
ucc_5g_context,UCC 5G Context,packet_loss_fraction,Packet loss fraction,reference_only_quality_metric,5g,production_trace,Download,Driving,1048,0.016221374045801526,0.09843200806287918,0.0,0.0,0.0,0.0,0.0,0.0,1.0,0.0,reference-only availability summary; SynNetQoS does not expose a direct packet-loss field in this comparison table
ucc_5g_context,UCC 5G Context,packet_loss_fraction,Packet loss fraction,reference_only_quality_metric,5g,production_trace,Download,Static,1238,0.016558966074313407,0.11788537379364634,0.0,0.0,0.0,0.0,0.0,0.0,1.0,0.0,reference-only availability summary; SynNetQoS does not expose a direct packet-loss field in this comparison table
ucc_5g_context,UCC 5G Context,packet_loss_fraction,Packet loss fraction,reference_only_quality_metric,5g,production_trace,Netflix,Driving,0,,,,,,,,,,,reference-only availability summary; SynNetQoS does not expose a direct packet-loss field in this comparison table
ucc_5g_context,UCC 5G Context,packet_loss_fraction,Packet loss fraction,reference_only_quality_metric,5g,production_trace,Netflix,Static,0,,,,,,,,,,,reference-only availability summary; SynNetQoS does not expose a direct packet-loss field in this comparison table
ucc_5g_context,UCC 5G Context,packet_loss_fraction,Packet loss fraction,reference_only_quality_metric,lte,production_trace,Amazon_Prime,Driving,0,,,,,,,,,,,reference-only availability summary; SynNetQoS does not expose a direct packet-loss field in this comparison table
ucc_5g_context,UCC 5G Context,packet_loss_fraction,Packet loss fraction,reference_only_quality_metric,lte,production_trace,Amazon_Prime,Static,0,,,,,,,,,,,reference-only availability summary; SynNetQoS does not expose a direct packet-loss field in this comparison table
ucc_5g_context,UCC 5G Context,packet_loss_fraction,Packet loss fraction,reference_only_quality_metric,lte,production_trace,Download,Driving,674,0.02774480712166172,0.14010806753943847,0.0,0.0,0.0,0.0,0.0,0.2,1.0,0.0,reference-only availability summary; SynNetQoS does not expose a direct packet-loss field in this comparison table
ucc_5g_context,UCC 5G Context,packet_loss_fraction,Packet loss fraction,reference_only_quality_metric,lte,production_trace,Netflix,Driving,0,,,,,,,,,,,reference-only availability summary; SynNetQoS does not expose a direct packet-loss field in this comparison table
ucc_5g_context,UCC 5G Context,packet_loss_fraction,Packet loss fraction,reference_only_quality_metric,lte,production_trace,Netflix,Static,0,,,,,,,,,,,reference-only availability summary; SynNetQoS does not expose a direct packet-loss field in this comparison table
ucc_5g_context,UCC 5G Context,packet_loss_fraction,Packet loss fraction,reference_only_quality_metric,unknown,production_trace,Amazon_Prime,Driving,0,,,,,,,,,,,reference-only availability summary; SynNetQoS does not expose a direct packet-loss field in this comparison table
ucc_5g_context,UCC 5G Context,packet_loss_fraction,Packet loss fraction,reference_only_quality_metric,unknown,production_trace,Amazon_Prime,Static,0,,,,,,,,,,,reference-only availability summary; SynNetQoS does not expose a direct packet-loss field in this comparison table
ucc_5g_context,UCC 5G Context,packet_loss_fraction,Packet loss fraction,reference_only_quality_metric,unknown,production_trace,Download,Driving,4,0.35,0.47258156262526085,0.0,0.0,0.0,0.2,0.55,0.9099999999999998,1.0,0.55,reference-only availability summary; SynNetQoS does not expose a direct packet-loss field in this comparison table
ucc_5g_context,UCC 5G Context,packet_loss_fraction,Packet loss fraction,reference_only_quality_metric,unknown,production_trace,Netflix,Driving,0,,,,,,,,,,,reference-only availability summary; SynNetQoS does not expose a direct packet-loss field in this comparison table
ucc_5g_context,UCC 5G Context,packet_loss_fraction,Packet loss fraction,reference_only_quality_metric,unknown,production_trace,Netflix,Static,0,,,,,,,,,,,reference-only availability summary; SynNetQoS does not expose a direct packet-loss field in this comparison table
ns3_lena,5G-LENA/ns-3,packet_loss_fraction,Packet loss fraction,reference_only_quality_metric,5g,controlled_simulation,qos_reference,controlled,12,0.3509027777777778,0.14761165023300765,0.2075,0.2075,0.21062499999999995,0.3516666666666666,0.4925,0.4925,0.4925,0.28187500000000004,reference-only availability summary; SynNetQoS does not expose a direct packet-loss field in this comparison table
synnetqos,SynNetQoS,signal_dbm,Signal / RSRP,radio_measurement,4G,synthetic_session_record,Browse,Driving,120,-94.12841666666667,23.770706462099163,-133.76,-122.5765,-113.2825,-101.4,-82.39500000000001,-50.0,-50.0,30.88749999999999,selected radio-strength plausibility comparison
synnetqos,SynNetQoS,signal_dbm,Signal / RSRP,radio_measurement,4G,synthetic_session_record,Browse,Static,1551,-95.49430045132173,17.592954539521518,-135.0,-123.135,-107.56,-96.45,-83.78999999999999,-64.56,-50.0,23.77000000000001,selected radio-strength plausibility comparison
synnetqos,SynNetQoS,signal_dbm,Signal / RSRP,radio_measurement,4G,synthetic_session_record,Browse,Walking,1463,-97.86066302118934,18.54228663378252,-135.0,-126.944,-110.83500000000001,-98.92,-86.44999999999999,-65.01500000000001,-50.0,24.38500000000002,selected radio-strength plausibility comparison
synnetqos,SynNetQoS,signal_dbm,Signal / RSRP,radio_measurement,4G,synthetic_session_record,Call,Driving,115,-91.3895652173913,23.727145731127205,-132.64,-122.484,-110.455,-94.8,-74.765,-50.0,-50.0,35.69,selected radio-strength plausibility comparison
synnetqos,SynNetQoS,signal_dbm,Signal / RSRP,radio_measurement,4G,synthetic_session_record,Call,Static,1550,-95.56027741935483,17.992543993771196,-135.0,-124.607,-107.8175,-96.205,-83.605,-64.05250000000001,-50.0,24.21249999999999,selected radio-strength plausibility comparison
synnetqos,SynNetQoS,signal_dbm,Signal / RSRP,radio_measurement,4G,synthetic_session_record,Call,Walking,1438,-97.0146244784423,18.595718417330872,-135.0,-126.349,-110.16,-97.97,-85.54,-62.70050000000002,-50.0,24.61999999999999,selected radio-strength plausibility comparison
synnetqos,SynNetQoS,signal_dbm,Signal / RSRP,radio_measurement,4G,synthetic_session_record,Gaming,Driving,101,-90.31683168316833,22.06897872266377,-130.67,-120.22,-108.29,-93.32,-74.3,-50.0,-50.0,33.99000000000001,selected radio-strength plausibility comparison
synnetqos,SynNetQoS,signal_dbm,Signal / RSRP,radio_measurement,4G,synthetic_session_record,Gaming,Static,1557,-96.35933204881182,18.310233173970616,-135.0,-126.432,-109.46,-97.02,-85.03,-63.41000000000001,-50.0,24.429999999999993,selected radio-strength plausibility comparison
synnetqos,SynNetQoS,signal_dbm,Signal / RSRP,radio_measurement,4G,synthetic_session_record,Gaming,Walking,1391,-98.4443997124371,18.332868302503826,-135.0,-127.155,-110.995,-99.61,-86.95,-64.75999999999999,-50.0,24.045,selected radio-strength plausibility comparison
synnetqos,SynNetQoS,signal_dbm,Signal / RSRP,radio_measurement,4G,synthetic_session_record,Streaming,Driving,126,-94.04238095238095,22.410218898656797,-134.56,-121.095,-109.2675,-99.445,-83.2525,-50.0,-50.0,26.015,selected radio-strength plausibility comparison
synnetqos,SynNetQoS,signal_dbm,Signal / RSRP,radio_measurement,4G,synthetic_session_record,Streaming,Static,1543,-94.9901814646792,17.361963852419006,-135.0,-122.962,-106.85,-95.16,-84.185,-64.53700000000005,-50.0,22.664999999999992,selected radio-strength plausibility comparison
synnetqos,SynNetQoS,signal_dbm,Signal / RSRP,radio_measurement,4G,synthetic_session_record,Streaming,Walking,1435,-98.28120557491289,18.63306379898935,-135.0,-128.096,-111.66,-99.68,-86.535,-63.50900000000002,-50.0,25.125,selected radio-strength plausibility comparison
synnetqos,SynNetQoS,signal_dbm,Signal / RSRP,radio_measurement,5G NSA,synthetic_session_record,Browse,Driving,203,-93.80137931034483,21.964847795560615,-134.51,-123.05499999999999,-108.895,-100.16,-81.3,-50.0,-50.0,27.595,selected radio-strength plausibility comparison
synnetqos,SynNetQoS,signal_dbm,Signal / RSRP,radio_measurement,5G NSA,synthetic_session_record,Browse,Static,2376,-96.66742003367004,18.640597768648675,-135.0,-127.5175,-109.49249999999999,-97.23,-84.24,-64.44,-50.0,25.252499999999998,selected radio-strength plausibility comparison
synnetqos,SynNetQoS,signal_dbm,Signal / RSRP,radio_measurement,5G NSA,synthetic_session_record,Browse,Walking,2263,-99.09593901900132,18.519254982832862,-135.0,-129.305,-112.02,-99.88,-87.595,-64.71,-50.0,24.424999999999997,selected radio-strength plausibility comparison
synnetqos,SynNetQoS,signal_dbm,Signal / RSRP,radio_measurement,5G NSA,synthetic_session_record,Call,Driving,171,-94.24888888888889,21.915628655058132,-135.0,-124.01,-111.095,-98.87,-80.6,-50.0,-50.0,30.495000000000005,selected radio-strength plausibility comparison
synnetqos,SynNetQoS,signal_dbm,Signal / RSRP,radio_measurement,5G NSA,synthetic_session_record,Call,Static,2438,-96.95145611156686,18.201995784132187,-135.0,-126.22649999999999,-109.68,-97.535,-85.15,-65.401,-50.0,24.53,selected radio-strength plausibility comparison
synnetqos,SynNetQoS,signal_dbm,Signal / RSRP,radio_measurement,5G NSA,synthetic_session_record,Call,Walking,2200,-98.69807272727273,19.04225472580538,-135.0,-129.2815,-111.9125,-99.59,-86.89500000000001,-64.4995,-50.0,25.017499999999984,selected radio-strength plausibility comparison
synnetqos,SynNetQoS,signal_dbm,Signal / RSRP,radio_measurement,5G NSA,synthetic_session_record,Gaming,Driving,198,-93.12570707070707,21.958024497956167,-130.89,-122.2625,-110.515,-97.53,-80.095,-50.0,-50.0,30.42,selected radio-strength plausibility comparison
synnetqos,SynNetQoS,signal_dbm,Signal / RSRP,radio_measurement,5G NSA,synthetic_session_record,Gaming,Static,2571,-96.97243873978996,18.079400294893542,-135.0,-126.365,-109.465,-97.81,-84.79,-65.19999999999999,-50.0,24.674999999999997,selected radio-strength plausibility comparison
synnetqos,SynNetQoS,signal_dbm,Signal / RSRP,radio_measurement,5G NSA,synthetic_session_record,Gaming,Walking,2223,-98.95878542510121,18.325435925360058,-135.0,-128.502,-112.08500000000001,-100.04,-86.9,-67.765,-50.0,25.185000000000002,selected radio-strength plausibility comparison
synnetqos,SynNetQoS,signal_dbm,Signal / RSRP,radio_measurement,5G NSA,synthetic_session_record,Streaming,Driving,193,-95.48243523316063,22.234018154836196,-130.62,-122.438,-112.46,-100.97,-83.69,-50.0,-50.0,28.769999999999996,selected radio-strength plausibility comparison
synnetqos,SynNetQoS,signal_dbm,Signal / RSRP,radio_measurement,5G NSA,synthetic_session_record,Streaming,Static,2613,-96.6970340604669,18.187291087131232,-135.0,-127.254,-109.02,-97.88,-83.92,-65.516,-50.0,25.099999999999994,selected radio-strength plausibility comparison
synnetqos,SynNetQoS,signal_dbm,Signal / RSRP,radio_measurement,5G NSA,synthetic_session_record,Streaming,Walking,2201,-99.52774193548387,19.194695601051055,-135.0,-130.08,-113.25,-100.28,-87.17,-65.14,-50.0,26.08,selected radio-strength plausibility comparison
synnetqos,SynNetQoS,signal_dbm,Signal / RSRP,radio_measurement,5G SA,synthetic_session_record,Browse,Driving,196,-95.05862244897958,21.531129393610932,-135.0,-123.2075,-111.2925,-98.405,-82.89,-50.0,-50.0,28.402500000000003,selected radio-strength plausibility comparison
synnetqos,SynNetQoS,signal_dbm,Signal / RSRP,radio_measurement,5G SA,synthetic_session_record,Browse,Static,2277,-96.7854281949934,18.901918230404245,-135.0,-127.628,-109.4,-97.69,-85.29,-62.362000000000016,-50.0,24.11,selected radio-strength plausibility comparison
synnetqos,SynNetQoS,signal_dbm,Signal / RSRP,radio_measurement,5G SA,synthetic_session_record,Browse,Walking,1983,-98.85653555219365,19.138885650557818,-135.0,-129.13799999999998,-112.15,-100.33,-87.565,-62.18400000000002,-50.0,24.585000000000008,selected radio-strength plausibility comparison
synnetqos,SynNetQoS,signal_dbm,Signal / RSRP,radio_measurement,5G SA,synthetic_session_record,Call,Driving,187,-94.58812834224598,23.115079591958565,-135.0,-126.027,-110.74,-100.34,-81.875,-50.0,-50.0,28.864999999999995,selected radio-strength plausibility comparison
synnetqos,SynNetQoS,signal_dbm,Signal / RSRP,radio_measurement,5G SA,synthetic_session_record,Call,Static,2260,-96.13746902654867,18.874397616927364,-135.0,-127.001,-108.55,-97.445,-84.6075,-60.90600000000002,-50.0,23.942499999999995,selected radio-strength plausibility comparison
synnetqos,SynNetQoS,signal_dbm,Signal / RSRP,radio_measurement,5G SA,synthetic_session_record,Call,Walking,2014,-98.05752730883813,19.715861494717554,-135.0,-129.2935,-112.0975,-99.305,-85.6325,-62.07150000000001,-50.0,26.465000000000003,selected radio-strength plausibility comparison
synnetqos,SynNetQoS,signal_dbm,Signal / RSRP,radio_measurement,5G SA,synthetic_session_record,Gaming,Driving,203,-93.86891625615763,21.750911641481295,-135.0,-121.915,-109.685,-98.48,-81.775,-50.0,-50.0,27.909999999999997,selected radio-strength plausibility comparison
synnetqos,SynNetQoS,signal_dbm,Signal / RSRP,radio_measurement,5G SA,synthetic_session_record,Gaming,Static,2235,-95.83440268456377,18.690672747438175,-135.0,-125.803,-108.63,-97.34,-84.305,-60.45700000000003,-50.0,24.32499999999999,selected radio-strength plausibility comparison
synnetqos,SynNetQoS,signal_dbm,Signal / RSRP,radio_measurement,5G SA,synthetic_session_record,Gaming,Walking,2090,-98.61914354066987,19.167662166726004,-135.0,-130.582,-111.61250000000001,-99.985,-86.72,-63.5145,-50.0,24.892500000000013,selected radio-strength plausibility comparison
synnetqos,SynNetQoS,signal_dbm,Signal / RSRP,radio_measurement,5G SA,synthetic_session_record,Streaming,Driving,177,-93.52666666666667,23.374894935754806,-135.0,-127.18,-109.44,-98.44,-78.58,-50.0,-50.0,30.86,selected radio-strength plausibility comparison
synnetqos,SynNetQoS,signal_dbm,Signal / RSRP,radio_measurement,5G SA,synthetic_session_record,Streaming,Static,2265,-95.77689183222958,19.015055892170704,-135.0,-125.366,-109.13,-97.18,-83.89,-60.80800000000001,-50.0,25.239999999999995,selected radio-strength plausibility comparison
synnetqos,SynNetQoS,signal_dbm,Signal / RSRP,radio_measurement,5G SA,synthetic_session_record,Streaming,Walking,2073,-98.70821032320309,19.18914509832034,-135.0,-129.924,-111.91,-99.51,-86.7,-64.03200000000005,-50.0,25.209999999999994,selected radio-strength plausibility comparison
vienna_4g5g,Vienna 4G/5G,signal_dbm,Signal / RSRP,radio_measurement,5g,drive_test,,mobile_measurement,2181718,-99.78431694655312,13.749134303204926,-140.0,-121.3,-109.8,-100.4,-90.4,-76.2,-37.5,19.39999999999999,selected radio-strength plausibility comparison
vienna_4g5g,Vienna 4G/5G,signal_dbm,Signal / RSRP,radio_measurement,lte,drive_test,,mobile_measurement,1713407,-89.59655332860811,12.71835200033356,-150.0,-110.0,-98.3000030517578,-89.6,-80.5999984741211,-69.30000305175781,-34.0,17.700004577636705,selected radio-strength plausibility comparison
campus_qos,Campus QoS,signal_dbm,Signal / RSRP,radio_measurement,5g,controlled_testbed,,controlled,0,,,,,,,,,,,selected radio-strength plausibility comparison
ucc_5g_context,UCC 5G Context,signal_dbm,Signal / RSRP,radio_measurement,2g,production_trace,Amazon_Prime,Driving,91,-54.05494505494506,8.851067276966768,-83.0,-79.0,-51.0,-51.0,-51.0,-51.0,-51.0,0.0,selected radio-strength plausibility comparison
ucc_5g_context,UCC 5G Context,signal_dbm,Signal / RSRP,radio_measurement,3g,production_trace,Amazon_Prime,Driving,8303,-70.22558111525954,13.632477157814627,-101.0,-95.0,-81.0,-69.0,-59.0,-51.0,-51.0,22.0,selected radio-strength plausibility comparison
ucc_5g_context,UCC 5G Context,signal_dbm,Signal / RSRP,radio_measurement,3g,production_trace,Amazon_Prime,Static,2213,-84.92092182557614,19.840516490985255,-200.0,-87.0,-83.0,-81.0,-81.0,-77.0,-77.0,2.0,selected radio-strength plausibility comparison
ucc_5g_context,UCC 5G Context,signal_dbm,Signal / RSRP,radio_measurement,3g,production_trace,Download,Driving,4346,-70.54532903819604,11.9949123294188,-101.0,-93.0,-79.0,-69.0,-59.0,-51.0,-51.0,20.0,selected radio-strength plausibility comparison
ucc_5g_context,UCC 5G Context,signal_dbm,Signal / RSRP,radio_measurement,3g,production_trace,Netflix,Driving,1263,-69.98970704671417,12.179028576916277,-97.0,-92.8,-79.0,-69.0,-61.0,-51.0,-51.0,18.0,selected radio-strength plausibility comparison
ucc_5g_context,UCC 5G Context,signal_dbm,Signal / RSRP,radio_measurement,3g,production_trace,Netflix,Static,247,-60.24696356275304,11.106274360624434,-95.0,-89.0,-57.0,-55.0,-55.0,-55.0,-53.0,2.0,selected radio-strength plausibility comparison
ucc_5g_context,UCC 5G Context,signal_dbm,Signal / RSRP,radio_measurement,5g,production_trace,Amazon_Prime,Driving,17788,-85.31718012143018,10.562044373292073,-120.0,-102.0,-93.0,-86.0,-78.0,-68.0,-51.0,15.0,selected radio-strength plausibility comparison
ucc_5g_context,UCC 5G Context,signal_dbm,Signal / RSRP,radio_measurement,5g,production_trace,Amazon_Prime,Static,28830,-99.96597294484911,2.0057119469475246,-107.0,-104.0,-100.0,-100.0,-99.0,-97.0,-94.0,1.0,selected radio-strength plausibility comparison
ucc_5g_context,UCC 5G Context,signal_dbm,Signal / RSRP,radio_measurement,5g,production_trace,Download,Driving,13959,-82.77820760799484,11.543004842475176,-116.0,-101.0,-91.0,-83.0,-74.0,-64.0,-50.0,17.0,selected radio-strength plausibility comparison
ucc_5g_context,UCC 5G Context,signal_dbm,Signal / RSRP,radio_measurement,5g,production_trace,Download,Static,15617,-99.91496446180444,2.7507342630638854,-108.0,-104.0,-102.0,-100.0,-98.0,-96.0,-93.0,4.0,selected radio-strength plausibility comparison
ucc_5g_context,UCC 5G Context,signal_dbm,Signal / RSRP,radio_measurement,5g,production_trace,Netflix,Driving,26508,-87.97574317187264,11.652333096679618,-119.0,-104.0,-98.0,-89.0,-80.0,-67.0,-49.0,18.0,selected radio-strength plausibility comparison
ucc_5g_context,UCC 5G Context,signal_dbm,Signal / RSRP,radio_measurement,5g,production_trace,Netflix,Static,33701,-92.24112044152993,8.11843463170103,-124.0,-102.0,-100.0,-92.0,-86.0,-79.0,-52.0,14.0,selected radio-strength plausibility comparison
ucc_5g_context,UCC 5G Context,signal_dbm,Signal / RSRP,radio_measurement,lte,production_trace,Amazon_Prime,Driving,11176,-90.74552612741589,11.9087442777776,-122.0,-109.0,-100.0,-91.0,-83.0,-70.0,-55.0,17.0,selected radio-strength plausibility comparison
ucc_5g_context,UCC 5G Context,signal_dbm,Signal / RSRP,radio_measurement,lte,production_trace,Amazon_Prime,Static,3873,-96.99586883552801,0.07175108590556771,-97.0,-97.0,-97.0,-97.0,-97.0,-97.0,-95.0,0.0,selected radio-strength plausibility comparison
ucc_5g_context,UCC 5G Context,signal_dbm,Signal / RSRP,radio_measurement,lte,production_trace,Download,Driving,9204,-87.30345501955671,12.337547871665732,-200.0,-106.0,-95.0,-88.0,-79.0,-67.0,-49.0,16.0,selected radio-strength plausibility comparison
ucc_5g_context,UCC 5G Context,signal_dbm,Signal / RSRP,radio_measurement,lte,production_trace,Netflix,Driving,10312,-89.39507370054305,12.18448556415877,-117.0,-109.0,-98.0,-90.0,-81.0,-68.0,-48.0,17.0,selected radio-strength plausibility comparison
ucc_5g_context,UCC 5G Context,signal_dbm,Signal / RSRP,radio_measurement,lte,production_trace,Netflix,Static,647,-92.11437403400309,5.90895006749335,-124.0,-103.0,-96.0,-89.0,-88.0,-86.0,-79.0,8.0,selected radio-strength plausibility comparison
ucc_5g_context,UCC 5G Context,signal_dbm,Signal / RSRP,radio_measurement,unknown,production_trace,Amazon_Prime,Driving,372,-68.28494623655914,14.281516497703969,-101.0,-93.0,-81.0,-69.0,-54.5,-51.0,-51.0,26.5,selected radio-strength plausibility comparison
ucc_5g_context,UCC 5G Context,signal_dbm,Signal / RSRP,radio_measurement,unknown,production_trace,Amazon_Prime,Static,25,-110.76,51.243113358447175,-200.0,-200.0,-91.0,-83.0,-81.0,-81.0,-79.0,10.0,selected radio-strength plausibility comparison
ucc_5g_context,UCC 5G Context,signal_dbm,Signal / RSRP,radio_measurement,unknown,production_trace,Download,Driving,82,-86.53658536585365,8.399287333012202,-95.0,-94.9,-91.0,-89.0,-87.0,-71.0,-57.0,4.0,selected radio-strength plausibility comparison
ucc_5g_context,UCC 5G Context,signal_dbm,Signal / RSRP,radio_measurement,unknown,production_trace,Netflix,Driving,141,-66.23404255319149,12.965139136420701,-97.0,-93.0,-73.0,-61.0,-57.0,-51.0,-51.0,16.0,selected radio-strength plausibility comparison
ucc_5g_context,UCC 5G Context,signal_dbm,Signal / RSRP,radio_measurement,unknown,production_trace,Netflix,Static,13,-79.6923076923077,38.25655633436055,-200.0,-129.79999999999998,-81.0,-77.0,-55.0,-55.0,-55.0,26.0,selected radio-strength plausibility comparison
ns3_lena,5G-LENA/ns-3,signal_dbm,Signal / RSRP,radio_measurement,5g,controlled_simulation,qos_reference,controlled,0,,,,,,,,,,,selected radio-strength plausibility comparison
synnetqos,SynNetQoS,upload_throughput_mbps,Upload throughput,service_performance,4G,synthetic_session_record,Browse,Driving,120,0.8016666666666665,1.0132519685748103,0.0,0.0,0.1575,0.43,1.0225,2.4474999999999993,6.3,0.865,selected upload-throughput plausibility comparison
synnetqos,SynNetQoS,upload_throughput_mbps,Upload throughput,service_performance,4G,synthetic_session_record,Browse,Static,1551,0.8896840747904579,1.0386999769242093,0.0,0.0,0.26,0.58,1.13,2.76,10.37,0.8699999999999999,selected upload-throughput plausibility comparison
synnetqos,SynNetQoS,upload_throughput_mbps,Upload throughput,service_performance,4G,synthetic_session_record,Browse,Walking,1463,0.8221120984278879,0.9743621764518775,0.0,0.0,0.2,0.52,1.08,2.617999999999997,9.55,0.8800000000000001,selected upload-throughput plausibility comparison
synnetqos,SynNetQoS,upload_throughput_mbps,Upload throughput,service_performance,4G,synthetic_session_record,Call,Driving,115,0.44756521739130434,0.4353635127720762,0.0,0.0,0.185,0.36,0.595,1.2139999999999997,3.11,0.41,selected upload-throughput plausibility comparison
synnetqos,SynNetQoS,upload_throughput_mbps,Upload throughput,service_performance,4G,synthetic_session_record,Call,Static,1550,0.5499612903225806,0.6397320279440581,0.0,0.0,0.17,0.35,0.71,1.7854999999999996,6.04,0.5399999999999999,selected upload-throughput plausibility comparison
synnetqos,SynNetQoS,upload_throughput_mbps,Upload throughput,service_performance,4G,synthetic_session_record,Call,Walking,1438,0.494749652294854,0.6222551192678079,0.0,0.0,0.14,0.3,0.62,1.6104999999999905,7.52,0.48,selected upload-throughput plausibility comparison
synnetqos,SynNetQoS,upload_throughput_mbps,Upload throughput,service_performance,4G,synthetic_session_record,Gaming,Driving,101,2.259009900990099,2.3957568762086416,0.0,0.0,0.26,1.48,3.3,7.41,8.53,3.04,selected upload-throughput plausibility comparison
synnetqos,SynNetQoS,upload_throughput_mbps,Upload throughput,service_performance,4G,synthetic_session_record,Gaming,Static,1557,2.5205459216441874,2.9301973397452263,0.0,0.0,0.36,1.58,3.64,8.41,18.79,3.2800000000000002,selected upload-throughput plausibility comparison
synnetqos,SynNetQoS,upload_throughput_mbps,Upload throughput,service_performance,4G,synthetic_session_record,Gaming,Walking,1391,2.0451905104241552,2.4122632622525844,0.0,0.0,0.25,1.21,3.025,7.175,16.61,2.775,selected upload-throughput plausibility comparison
synnetqos,SynNetQoS,upload_throughput_mbps,Upload throughput,service_performance,4G,synthetic_session_record,Streaming,Driving,126,2.1028571428571423,2.5289753995301285,0.0,0.0,0.18,1.13,3.1475,8.2875,9.39,2.9675,selected upload-throughput plausibility comparison
synnetqos,SynNetQoS,upload_throughput_mbps,Upload throughput,service_performance,4G,synthetic_session_record,Streaming,Static,1543,3.962132209980558,4.244096936923795,0.0,0.0,0.47,2.48,6.525,12.698999999999998,19.99,6.055000000000001,selected upload-throughput plausibility comparison
synnetqos,SynNetQoS,upload_throughput_mbps,Upload throughput,service_performance,4G,synthetic_session_record,Streaming,Walking,1435,2.9499303135888497,3.6724313306017864,0.0,0.0,0.25,1.35,4.165,10.483,17.83,3.915,selected upload-throughput plausibility comparison
synnetqos,SynNetQoS,upload_throughput_mbps,Upload throughput,service_performance,5G NSA,synthetic_session_record,Browse,Driving,203,0.7295566502463052,0.7378717727105306,0.0,0.0,0.29,0.52,0.98,2.0789999999999997,5.35,0.69,selected upload-throughput plausibility comparison
synnetqos,SynNetQoS,upload_throughput_mbps,Upload throughput,service_performance,5G NSA,synthetic_session_record,Browse,Static,2376,0.7829503367003366,1.0045439537452816,0.0,0.0,0.24,0.49,0.9325,2.4725,12.59,0.6925,selected upload-throughput plausibility comparison
synnetqos,SynNetQoS,upload_throughput_mbps,Upload throughput,service_performance,5G NSA,synthetic_session_record,Browse,Walking,2263,0.7499646486964208,1.1879739637084281,0.0,0.0,0.22,0.48,0.96,2.23,39.44,0.74,selected upload-throughput plausibility comparison
synnetqos,SynNetQoS,upload_throughput_mbps,Upload throughput,service_performance,5G NSA,synthetic_session_record,Call,Driving,171,0.4291812865497076,0.48570073926064294,0.0,0.0,0.11,0.3,0.58,1.3900000000000001,2.5,0.47,selected upload-throughput plausibility comparison
synnetqos,SynNetQoS,upload_throughput_mbps,Upload throughput,service_performance,5G NSA,synthetic_session_record,Call,Static,2438,0.39102953240360955,0.482005588037452,0.0,0.0,0.12,0.25,0.49,1.28,6.39,0.37,selected upload-throughput plausibility comparison
synnetqos,SynNetQoS,upload_throughput_mbps,Upload throughput,service_performance,5G NSA,synthetic_session_record,Call,Walking,2200,0.3810045454545455,0.4467867593682351,0.0,0.0,0.12,0.25,0.49,1.13,5.2,0.37,selected upload-throughput plausibility comparison
synnetqos,SynNetQoS,upload_throughput_mbps,Upload throughput,service_performance,5G NSA,synthetic_session_record,Gaming,Driving,198,5.776565656565658,7.161473866626047,0.0,0.0,1.56,3.6950000000000003,7.005,17.716999999999945,47.92,5.445,selected upload-throughput plausibility comparison
synnetqos,SynNetQoS,upload_throughput_mbps,Upload throughput,service_performance,5G NSA,synthetic_session_record,Gaming,Static,2571,5.784558537534034,6.773786024852168,0.0,0.0,1.725,3.71,7.55,17.9,96.14,5.824999999999999,selected upload-throughput plausibility comparison
synnetqos,SynNetQoS,upload_throughput_mbps,Upload throughput,service_performance,5G NSA,synthetic_session_record,Gaming,Walking,2223,5.2594062078272605,6.5325712224180945,0.0,0.0,1.38,3.26,6.83,16.663000000000025,60.37,5.45,selected upload-throughput plausibility comparison
synnetqos,SynNetQoS,upload_throughput_mbps,Upload throughput,service_performance,5G NSA,synthetic_session_record,Streaming,Driving,193,14.327668393782382,16.067823672051272,0.0,0.0,1.45,8.96,24.03,45.541999999999994,77.16,22.580000000000002,selected upload-throughput plausibility comparison
synnetqos,SynNetQoS,upload_throughput_mbps,Upload throughput,service_performance,5G NSA,synthetic_session_record,Streaming,Static,2613,20.691959433601223,23.376460134622874,0.0,0.0,3.17,13.26,29.64,70.75600000000003,195.52,26.47,selected upload-throughput plausibility comparison
synnetqos,SynNetQoS,upload_throughput_mbps,Upload throughput,service_performance,5G NSA,synthetic_session_record,Streaming,Walking,2201,17.06977283053158,20.57874726824227,0.0,0.0,1.92,10.08,25.22,57.84,155.14,23.299999999999997,selected upload-throughput plausibility comparison
synnetqos,SynNetQoS,upload_throughput_mbps,Upload throughput,service_performance,5G SA,synthetic_session_record,Browse,Driving,196,1.1852551020408164,1.310891822572197,0.0,0.0,0.36,0.81,1.54,3.69,7.99,1.1800000000000002,selected upload-throughput plausibility comparison
synnetqos,SynNetQoS,upload_throughput_mbps,Upload throughput,service_performance,5G SA,synthetic_session_record,Browse,Static,2277,1.261453667105841,1.5130172848322576,0.0,0.0,0.42,0.82,1.58,3.81,20.52,1.1600000000000001,selected upload-throughput plausibility comparison
synnetqos,SynNetQoS,upload_throughput_mbps,Upload throughput,service_performance,5G SA,synthetic_session_record,Browse,Walking,1983,1.240206757438225,1.4707027595943483,0.0,0.0,0.4,0.85,1.59,3.715999999999995,19.13,1.19,selected upload-throughput plausibility comparison
synnetqos,SynNetQoS,upload_throughput_mbps,Upload throughput,service_performance,5G SA,synthetic_session_record,Call,Driving,187,0.5570588235294118,0.7473346271305017,0.0,0.0,0.125,0.34,0.69,1.9319999999999993,6.16,0.565,selected upload-throughput plausibility comparison
synnetqos,SynNetQoS,upload_throughput_mbps,Upload throughput,service_performance,5G SA,synthetic_session_record,Call,Static,2260,0.5430973451327434,0.6095845502086349,0.0,0.0,0.1775,0.36,0.68,1.73,7.86,0.5025000000000001,selected upload-throughput plausibility comparison
synnetqos,SynNetQoS,upload_throughput_mbps,Upload throughput,service_performance,5G SA,synthetic_session_record,Call,Walking,2014,0.5181578947368422,0.648558363766793,0.0,0.0,0.16,0.33,0.63,1.656999999999998,10.68,0.47,selected upload-throughput plausibility comparison
synnetqos,SynNetQoS,upload_throughput_mbps,Upload throughput,service_performance,5G SA,synthetic_session_record,Gaming,Driving,203,6.983349753694581,7.631976932087666,0.0,0.0,2.435,5.41,8.555,19.88,51.55,6.119999999999999,selected upload-throughput plausibility comparison
synnetqos,SynNetQoS,upload_throughput_mbps,Upload throughput,service_performance,5G SA,synthetic_session_record,Gaming,Static,2235,8.753597315436242,10.003114798643276,0.0,0.0,2.81,5.75,11.25,27.330999999999978,108.76,8.44,selected upload-throughput plausibility comparison
synnetqos,SynNetQoS,upload_throughput_mbps,Upload throughput,service_performance,5G SA,synthetic_session_record,Gaming,Walking,2090,7.987641148325358,9.967937111504524,0.0,0.0,2.3049999999999997,5.06,10.120000000000001,25.685999999999993,135.13,7.815000000000001,selected upload-throughput plausibility comparison
synnetqos,SynNetQoS,upload_throughput_mbps,Upload throughput,service_performance,5G SA,synthetic_session_record,Streaming,Driving,177,28.41112994350283,33.87102383356835,0.0,0.0,3.91,16.7,35.82,114.26999999999991,166.0,31.91,selected upload-throughput plausibility comparison
synnetqos,SynNetQoS,upload_throughput_mbps,Upload throughput,service_performance,5G SA,synthetic_session_record,Streaming,Static,2265,29.915955849889624,33.212499890984574,0.0,0.0,6.82,19.67,42.42,91.34199999999987,249.95,35.6,selected upload-throughput plausibility comparison
synnetqos,SynNetQoS,upload_throughput_mbps,Upload throughput,service_performance,5G SA,synthetic_session_record,Streaming,Walking,2073,26.463545586107088,32.06964591798592,0.0,0.0,4.38,15.87,37.13,90.7759999999999,255.5,32.75,selected upload-throughput plausibility comparison
vienna_4g5g,Vienna 4G/5G,upload_throughput_mbps,Upload throughput,service_performance,5g,drive_test,,mobile_measurement,683548,10.501259892014911,22.452278597251755,0.0,0.0,0.0,0.4000000059604645,4.300000190734863,68.9000015258789,120.0,4.300000190734863,selected upload-throughput plausibility comparison
vienna_4g5g,Vienna 4G/5G,upload_throughput_mbps,Upload throughput,service_performance,lte,drive_test,,mobile_measurement,1155270,9.890250937676775,17.24338829911466,0.0,0.0,0.2000000029802322,0.6000000238418579,10.199999809265137,49.0,97.4000015258789,9.999999806284904,selected upload-throughput plausibility comparison
campus_qos,Campus QoS,upload_throughput_mbps,Upload throughput,service_performance,5g,controlled_testbed,,controlled,302,10.055688030131815,7.505714618895236,0.233518582540407,0.5642646791067558,3.8091098633527976,9.157868687412895,14.869319995163025,24.57906867713991,35.8507114634667,11.060210131810226,selected upload-throughput plausibility comparison
ucc_5g_context,UCC 5G Context,upload_throughput_mbps,Upload throughput,service_performance,2g,production_trace,Amazon_Prime,Driving,91,0.0004945054945054946,0.0022576961038172734,0.0,0.0,0.0,0.0,0.0,0.0025,0.019,0.0,selected upload-throughput plausibility comparison
ucc_5g_context,UCC 5G Context,upload_throughput_mbps,Upload throughput,service_performance,3g,production_trace,Amazon_Prime,Driving,8303,0.03362579790437191,0.12175517688105361,0.0,0.0,0.0,0.009,0.022,0.093,1.688,0.022,selected upload-throughput plausibility comparison
ucc_5g_context,UCC 5G Context,upload_throughput_mbps,Upload throughput,service_performance,3g,production_trace,Amazon_Prime,Static,2213,0.11065476728422954,0.1581245249472242,0.0,0.0,0.035,0.091,0.139,0.197,1.779,0.10400000000000001,selected upload-throughput plausibility comparison
ucc_5g_context,UCC 5G Context,upload_throughput_mbps,Upload throughput,service_performance,3g,production_trace,Download,Driving,4346,0.054764381040036815,0.050101748546406685,0.0,0.001,0.017,0.044,0.079,0.15,0.358,0.062,selected upload-throughput plausibility comparison
ucc_5g_context,UCC 5G Context,upload_throughput_mbps,Upload throughput,service_performance,3g,production_trace,Netflix,Driving,1263,0.015477434679334918,0.034551497050142294,0.0,0.0,0.0,0.005,0.01,0.10589999999999986,0.258,0.01,selected upload-throughput plausibility comparison
ucc_5g_context,UCC 5G Context,upload_throughput_mbps,Upload throughput,service_performance,3g,production_trace,Netflix,Static,247,0.005688259109311742,0.02361178188330875,0.0,0.0,0.0,0.0,0.001,0.025,0.196,0.001,selected upload-throughput plausibility comparison
ucc_5g_context,UCC 5G Context,upload_throughput_mbps,Upload throughput,service_performance,5g,production_trace,Amazon_Prime,Driving,17788,0.0368416910276591,0.17173620570326034,0.0,0.0,0.0,0.007,0.015,0.062,2.881,0.015,selected upload-throughput plausibility comparison
ucc_5g_context,UCC 5G Context,upload_throughput_mbps,Upload throughput,service_performance,5g,production_trace,Amazon_Prime,Static,28830,0.056658446063128684,0.16451264071015417,0.0,0.0,0.0,0.011,0.054,0.131,2.418,0.054,selected upload-throughput plausibility comparison
ucc_5g_context,UCC 5G Context,upload_throughput_mbps,Upload throughput,service_performance,5g,production_trace,Download,Driving,13959,0.11802621964324092,0.0974146623953844,0.0,0.001,0.06,0.091,0.181,0.278,1.626,0.121,selected upload-throughput plausibility comparison
ucc_5g_context,UCC 5G Context,upload_throughput_mbps,Upload throughput,service_performance,5g,production_trace,Download,Static,15617,0.1461191009797016,0.1097434340454929,0.0,0.001,0.067,0.141,0.218,0.299,1.251,0.151,selected upload-throughput plausibility comparison
ucc_5g_context,UCC 5G Context,upload_throughput_mbps,Upload throughput,service_performance,5g,production_trace,Netflix,Driving,26508,0.014575750716764748,0.08856565963407437,0.0,0.0,0.0,0.0,0.003,0.07464999999999782,6.862,0.003,selected upload-throughput plausibility comparison
ucc_5g_context,UCC 5G Context,upload_throughput_mbps,Upload throughput,service_performance,5g,production_trace,Netflix,Static,33701,0.00902937598290852,0.05502448252446695,0.0,0.0,0.0,0.0,0.0,0.029,1.927,0.0,selected upload-throughput plausibility comparison
ucc_5g_context,UCC 5G Context,upload_throughput_mbps,Upload throughput,service_performance,lte,production_trace,Amazon_Prime,Driving,11176,0.040389226914817465,0.16774379176152623,0.0,0.0,0.0,0.009,0.02,0.091,2.474,0.02,selected upload-throughput plausibility comparison
ucc_5g_context,UCC 5G Context,upload_throughput_mbps,Upload throughput,service_performance,lte,production_trace,Amazon_Prime,Static,3873,0.03743687064291247,0.15066674373971922,0.0,0.0,0.0,0.005,0.025,0.103,2.198,0.025,selected upload-throughput plausibility comparison
ucc_5g_context,UCC 5G Context,upload_throughput_mbps,Upload throughput,service_performance,lte,production_trace,Download,Driving,9204,0.11346077792264232,0.10118997018663921,0.0,0.001,0.049,0.099,0.146,0.29585000000000033,1.339,0.09699999999999999,selected upload-throughput plausibility comparison
ucc_5g_context,UCC 5G Context,upload_throughput_mbps,Upload throughput,service_performance,lte,production_trace,Netflix,Driving,10312,0.020910492629945696,0.07823182253341762,0.0,0.0,0.0,0.0,0.004,0.134,2.348,0.004,selected upload-throughput plausibility comparison
ucc_5g_context,UCC 5G Context,upload_throughput_mbps,Upload throughput,service_performance,lte,production_trace,Netflix,Static,647,0.02533848531684699,0.053005999889895204,0.0,0.0,0.0,0.0,0.0075,0.134,0.322,0.0075,selected upload-throughput plausibility comparison
ucc_5g_context,UCC 5G Context,upload_throughput_mbps,Upload throughput,service_performance,unknown,production_trace,Amazon_Prime,Driving,372,0.03877688172043011,0.12124956421610401,0.0,0.0,0.002,0.008,0.028,0.12744999999999998,1.446,0.026000000000000002,selected upload-throughput plausibility comparison
ucc_5g_context,UCC 5G Context,upload_throughput_mbps,Upload throughput,service_performance,unknown,production_trace,Amazon_Prime,Static,25,0.01376,0.0242096399532638,0.0,0.0,0.0,0.006,0.016,0.04239999999999997,0.115,0.016,selected upload-throughput plausibility comparison
ucc_5g_context,UCC 5G Context,upload_throughput_mbps,Upload throughput,service_performance,unknown,production_trace,Download,Driving,82,0.013792682926829272,0.020441870493089626,0.0,0.0,0.0,0.002,0.025500000000000002,0.05580000000000001,0.065,0.025500000000000002,selected upload-throughput plausibility comparison
ucc_5g_context,UCC 5G Context,upload_throughput_mbps,Upload throughput,service_performance,unknown,production_trace,Netflix,Driving,141,0.004049645390070923,0.009004226183246835,0.0,0.0,0.0,0.002,0.004,0.02,0.088,0.004,selected upload-throughput plausibility comparison
ucc_5g_context,UCC 5G Context,upload_throughput_mbps,Upload throughput,service_performance,unknown,production_trace,Netflix,Static,13,0.0005384615384615384,0.0008770580193070294,0.0,0.0,0.0,0.0,0.001,0.002,0.002,0.001,selected upload-throughput plausibility comparison
ns3_lena,5G-LENA/ns-3,upload_throughput_mbps,Upload throughput,service_performance,5g,controlled_simulation,qos_reference,controlled,0,,,,,,,,,,,selected upload-throughput plausibility comparison
