node_id,node_type,graph_view,node_label,source_dataset,source_column,source_value,session_id,row_count,degraded_count,degradation_fraction
warehouse_measurement:session:s042_00000:1baf133b60e3,session,warehouse_measurement,S042_00000,synnetqos,session_id,S042_00000,S042_00000,10,10,1.0
warehouse_measurement:session:s042_00001:745b99c241d0,session,warehouse_measurement,S042_00001,synnetqos,session_id,S042_00001,S042_00001,10,0,0.0
warehouse_measurement:session:s042_00002:e5de734fa18c,session,warehouse_measurement,S042_00002,synnetqos,session_id,S042_00002,S042_00002,10,9,0.9
warehouse_measurement:session:s042_00003:b7e46b69fb4e,session,warehouse_measurement,S042_00003,synnetqos,session_id,S042_00003,S042_00003,10,1,0.1
warehouse_measurement:session:s042_00004:96072cfdfba0,session,warehouse_measurement,S042_00004,synnetqos,session_id,S042_00004,S042_00004,10,6,0.6
warehouse_measurement:session:s042_00005:b2117d4f4e2c,session,warehouse_measurement,S042_00005,synnetqos,session_id,S042_00005,S042_00005,10,0,0.0
warehouse_measurement:session:s042_00006:d3f0f58d8966,session,warehouse_measurement,S042_00006,synnetqos,session_id,S042_00006,S042_00006,10,0,0.0
warehouse_measurement:session:s042_00007:7f2b7ffcc2dd,session,warehouse_measurement,S042_00007,synnetqos,session_id,S042_00007,S042_00007,10,8,0.8
warehouse_measurement:session:s042_00008:54f9cf83c52f,session,warehouse_measurement,S042_00008,synnetqos,session_id,S042_00008,S042_00008,10,2,0.2
warehouse_measurement:session:s042_00009:19d72a43c43f,session,warehouse_measurement,S042_00009,synnetqos,session_id,S042_00009,S042_00009,10,2,0.2
warehouse_measurement:session:s042_00010:519275f5f2c4,session,warehouse_measurement,S042_00010,synnetqos,session_id,S042_00010,S042_00010,10,8,0.8
warehouse_measurement:session:s042_00011:59744b77071a,session,warehouse_measurement,S042_00011,synnetqos,session_id,S042_00011,S042_00011,10,8,0.8
warehouse_measurement:session:s042_00012:ee42786b2fdc,session,warehouse_measurement,S042_00012,synnetqos,session_id,S042_00012,S042_00012,10,9,0.9
warehouse_measurement:session:s042_00013:31ddcf2f432b,session,warehouse_measurement,S042_00013,synnetqos,session_id,S042_00013,S042_00013,10,10,1.0
warehouse_measurement:session:s042_00014:5f54f595c23f,session,warehouse_measurement,S042_00014,synnetqos,session_id,S042_00014,S042_00014,10,2,0.2
warehouse_measurement:session:s042_00015:c2c90f6ccb93,session,warehouse_measurement,S042_00015,synnetqos,session_id,S042_00015,S042_00015,10,1,0.1
warehouse_measurement:session:s042_00016:bc42b218b607,session,warehouse_measurement,S042_00016,synnetqos,session_id,S042_00016,S042_00016,10,10,1.0
warehouse_measurement:session:s042_00017:e31e7513c122,session,warehouse_measurement,S042_00017,synnetqos,session_id,S042_00017,S042_00017,10,1,0.1
warehouse_measurement:session:s042_00018:64fb40ca95d1,session,warehouse_measurement,S042_00018,synnetqos,session_id,S042_00018,S042_00018,10,3,0.3
warehouse_measurement:session:s042_00019:450a69ed7fb0,session,warehouse_measurement,S042_00019,synnetqos,session_id,S042_00019,S042_00019,10,7,0.7
warehouse_measurement:session:s042_00020:e7dd52440698,session,warehouse_measurement,S042_00020,synnetqos,session_id,S042_00020,S042_00020,10,9,0.9
warehouse_measurement:session:s042_00021:5d34bd3544e7,session,warehouse_measurement,S042_00021,synnetqos,session_id,S042_00021,S042_00021,10,2,0.2
warehouse_measurement:session:s042_00022:b32c4b40b98e,session,warehouse_measurement,S042_00022,synnetqos,session_id,S042_00022,S042_00022,10,10,1.0
warehouse_measurement:session:s042_00023:9030e8034a70,session,warehouse_measurement,S042_00023,synnetqos,session_id,S042_00023,S042_00023,10,5,0.5
warehouse_measurement:session:s042_00024:855162f7d356,session,warehouse_measurement,S042_00024,synnetqos,session_id,S042_00024,S042_00024,10,9,0.9
warehouse_measurement:session:s042_00025:d6e5e82a3aef,session,warehouse_measurement,S042_00025,synnetqos,session_id,S042_00025,S042_00025,10,10,1.0
warehouse_measurement:session:s042_00026:e5e29ba7ee29,session,warehouse_measurement,S042_00026,synnetqos,session_id,S042_00026,S042_00026,10,8,0.8
warehouse_measurement:session:s042_00027:5ba6454f8ab2,session,warehouse_measurement,S042_00027,synnetqos,session_id,S042_00027,S042_00027,10,3,0.3
warehouse_measurement:session:s042_00028:5e70285454b1,session,warehouse_measurement,S042_00028,synnetqos,session_id,S042_00028,S042_00028,10,5,0.5
warehouse_measurement:session:s042_00029:7b626847205e,session,warehouse_measurement,S042_00029,synnetqos,session_id,S042_00029,S042_00029,10,2,0.2
warehouse_measurement:session:s042_00030:9982d53795c8,session,warehouse_measurement,S042_00030,synnetqos,session_id,S042_00030,S042_00030,10,9,0.9
warehouse_measurement:session:s042_00031:d94a489cabac,session,warehouse_measurement,S042_00031,synnetqos,session_id,S042_00031,S042_00031,10,0,0.0
warehouse_measurement:session:s042_00032:1883d5d3fcf6,session,warehouse_measurement,S042_00032,synnetqos,session_id,S042_00032,S042_00032,10,5,0.5
warehouse_measurement:session:s042_00033:f3e3a065da23,session,warehouse_measurement,S042_00033,synnetqos,session_id,S042_00033,S042_00033,10,10,1.0
warehouse_measurement:session:s042_00034:b209a521332d,session,warehouse_measurement,S042_00034,synnetqos,session_id,S042_00034,S042_00034,10,10,1.0
warehouse_measurement:session:s042_00035:aebc11495068,session,warehouse_measurement,S042_00035,synnetqos,session_id,S042_00035,S042_00035,10,8,0.8
warehouse_measurement:session:s042_00036:b72b76635304,session,warehouse_measurement,S042_00036,synnetqos,session_id,S042_00036,S042_00036,10,8,0.8
warehouse_measurement:session:s042_00037:b87bb5b6b559,session,warehouse_measurement,S042_00037,synnetqos,session_id,S042_00037,S042_00037,10,0,0.0
warehouse_measurement:session:s042_00038:1cfd22514464,session,warehouse_measurement,S042_00038,synnetqos,session_id,S042_00038,S042_00038,10,1,0.1
warehouse_measurement:session:s042_00039:e7e752e6fd92,session,warehouse_measurement,S042_00039,synnetqos,session_id,S042_00039,S042_00039,10,7,0.7
warehouse_measurement:session:s042_00040:24089c8e2a7e,session,warehouse_measurement,S042_00040,synnetqos,session_id,S042_00040,S042_00040,10,0,0.0
warehouse_measurement:session:s042_00041:61d0bd365cc2,session,warehouse_measurement,S042_00041,synnetqos,session_id,S042_00041,S042_00041,10,10,1.0
warehouse_measurement:session:s042_00042:3c2644c9f3b9,session,warehouse_measurement,S042_00042,synnetqos,session_id,S042_00042,S042_00042,10,2,0.2
warehouse_measurement:session:s042_00043:7420f10fe6fa,session,warehouse_measurement,S042_00043,synnetqos,session_id,S042_00043,S042_00043,10,10,1.0
warehouse_measurement:session:s042_00044:686223047441,session,warehouse_measurement,S042_00044,synnetqos,session_id,S042_00044,S042_00044,10,7,0.7
warehouse_measurement:session:s042_00045:e599f103848e,session,warehouse_measurement,S042_00045,synnetqos,session_id,S042_00045,S042_00045,10,1,0.1
warehouse_measurement:session:s042_00046:d1cf25f1ada0,session,warehouse_measurement,S042_00046,synnetqos,session_id,S042_00046,S042_00046,10,3,0.3
warehouse_measurement:session:s042_00047:871d2d06d146,session,warehouse_measurement,S042_00047,synnetqos,session_id,S042_00047,S042_00047,10,9,0.9
warehouse_measurement:session:s042_00048:d30f4dc451a8,session,warehouse_measurement,S042_00048,synnetqos,session_id,S042_00048,S042_00048,10,0,0.0
warehouse_measurement:session:s042_00049:c1d1e086e57a,session,warehouse_measurement,S042_00049,synnetqos,session_id,S042_00049,S042_00049,10,3,0.3
warehouse_measurement:session:s042_00050:72c42f7162c0,session,warehouse_measurement,S042_00050,synnetqos,session_id,S042_00050,S042_00050,10,7,0.7
warehouse_measurement:session:s042_00051:6c998178a39e,session,warehouse_measurement,S042_00051,synnetqos,session_id,S042_00051,S042_00051,10,2,0.2
warehouse_measurement:session:s042_00052:0c572533c3b6,session,warehouse_measurement,S042_00052,synnetqos,session_id,S042_00052,S042_00052,10,1,0.1
warehouse_measurement:session:s042_00053:7af0558e4b19,session,warehouse_measurement,S042_00053,synnetqos,session_id,S042_00053,S042_00053,10,9,0.9
warehouse_measurement:session:s042_00054:6d0aaa822254,session,warehouse_measurement,S042_00054,synnetqos,session_id,S042_00054,S042_00054,10,10,1.0
warehouse_measurement:session:s042_00055:73002252d71d,session,warehouse_measurement,S042_00055,synnetqos,session_id,S042_00055,S042_00055,10,3,0.3
warehouse_measurement:session:s042_00056:99195d77e1a8,session,warehouse_measurement,S042_00056,synnetqos,session_id,S042_00056,S042_00056,10,5,0.5
warehouse_measurement:session:s042_00057:523193fda7a4,session,warehouse_measurement,S042_00057,synnetqos,session_id,S042_00057,S042_00057,10,6,0.6
warehouse_measurement:session:s042_00058:b2ad42dd9d78,session,warehouse_measurement,S042_00058,synnetqos,session_id,S042_00058,S042_00058,10,5,0.5
warehouse_measurement:session:s042_00059:a783bf7878b4,session,warehouse_measurement,S042_00059,synnetqos,session_id,S042_00059,S042_00059,10,4,0.4
warehouse_measurement:session:s042_00060:ba7d52563511,session,warehouse_measurement,S042_00060,synnetqos,session_id,S042_00060,S042_00060,10,5,0.5
warehouse_measurement:session:s042_00061:d7cbe9c463b3,session,warehouse_measurement,S042_00061,synnetqos,session_id,S042_00061,S042_00061,10,7,0.7
warehouse_measurement:session:s042_00062:41a98fc2102a,session,warehouse_measurement,S042_00062,synnetqos,session_id,S042_00062,S042_00062,10,6,0.6
warehouse_measurement:session:s042_00063:ba0f57de8255,session,warehouse_measurement,S042_00063,synnetqos,session_id,S042_00063,S042_00063,10,2,0.2
warehouse_measurement:session:s042_00064:6f8b3198f914,session,warehouse_measurement,S042_00064,synnetqos,session_id,S042_00064,S042_00064,10,10,1.0
warehouse_measurement:session:s042_00065:2fb0e6b6b793,session,warehouse_measurement,S042_00065,synnetqos,session_id,S042_00065,S042_00065,10,5,0.5
warehouse_measurement:session:s042_00066:7f16077b7cb1,session,warehouse_measurement,S042_00066,synnetqos,session_id,S042_00066,S042_00066,10,9,0.9
warehouse_measurement:session:s042_00067:15e58f13ba05,session,warehouse_measurement,S042_00067,synnetqos,session_id,S042_00067,S042_00067,10,6,0.6
warehouse_measurement:session:s042_00068:9758543f1162,session,warehouse_measurement,S042_00068,synnetqos,session_id,S042_00068,S042_00068,10,1,0.1
warehouse_measurement:session:s042_00069:65a0238781e6,session,warehouse_measurement,S042_00069,synnetqos,session_id,S042_00069,S042_00069,10,9,0.9
warehouse_measurement:session:s042_00070:3448bee43b7a,session,warehouse_measurement,S042_00070,synnetqos,session_id,S042_00070,S042_00070,10,7,0.7
warehouse_measurement:session:s042_00071:13472bfd45e2,session,warehouse_measurement,S042_00071,synnetqos,session_id,S042_00071,S042_00071,10,9,0.9
warehouse_measurement:session:s042_00072:495d910dd412,session,warehouse_measurement,S042_00072,synnetqos,session_id,S042_00072,S042_00072,10,9,0.9
warehouse_measurement:session:s042_00073:446e53705b73,session,warehouse_measurement,S042_00073,synnetqos,session_id,S042_00073,S042_00073,10,3,0.3
warehouse_measurement:session:s042_00074:3758efa72b63,session,warehouse_measurement,S042_00074,synnetqos,session_id,S042_00074,S042_00074,10,9,0.9
warehouse_measurement:session:s042_00075:5b413697f35a,session,warehouse_measurement,S042_00075,synnetqos,session_id,S042_00075,S042_00075,10,1,0.1
warehouse_measurement:session:s042_00076:1e8b187ca0fb,session,warehouse_measurement,S042_00076,synnetqos,session_id,S042_00076,S042_00076,10,0,0.0
warehouse_measurement:session:s042_00077:03412581b7bd,session,warehouse_measurement,S042_00077,synnetqos,session_id,S042_00077,S042_00077,10,7,0.7
warehouse_measurement:session:s042_00078:fc0f48060f56,session,warehouse_measurement,S042_00078,synnetqos,session_id,S042_00078,S042_00078,10,2,0.2
warehouse_measurement:session:s042_00079:0d57bdde89f1,session,warehouse_measurement,S042_00079,synnetqos,session_id,S042_00079,S042_00079,10,4,0.4
warehouse_measurement:session:s042_00080:7ebc2911da8a,session,warehouse_measurement,S042_00080,synnetqos,session_id,S042_00080,S042_00080,10,10,1.0
warehouse_measurement:session:s042_00081:62041920ed58,session,warehouse_measurement,S042_00081,synnetqos,session_id,S042_00081,S042_00081,10,10,1.0
warehouse_measurement:session:s042_00082:b33f6f86de62,session,warehouse_measurement,S042_00082,synnetqos,session_id,S042_00082,S042_00082,10,2,0.2
warehouse_measurement:session:s042_00083:617de0c10287,session,warehouse_measurement,S042_00083,synnetqos,session_id,S042_00083,S042_00083,10,3,0.3
warehouse_measurement:session:s042_00084:f2c975877a2a,session,warehouse_measurement,S042_00084,synnetqos,session_id,S042_00084,S042_00084,10,4,0.4
warehouse_measurement:session:s042_00085:fb6b4d8aa356,session,warehouse_measurement,S042_00085,synnetqos,session_id,S042_00085,S042_00085,10,10,1.0
warehouse_measurement:session:s042_00086:b2eb11b27393,session,warehouse_measurement,S042_00086,synnetqos,session_id,S042_00086,S042_00086,10,2,0.2
warehouse_measurement:session:s042_00087:d6d94b270f10,session,warehouse_measurement,S042_00087,synnetqos,session_id,S042_00087,S042_00087,10,9,0.9
warehouse_measurement:session:s042_00088:410ba8692cca,session,warehouse_measurement,S042_00088,synnetqos,session_id,S042_00088,S042_00088,10,8,0.8
warehouse_measurement:session:s042_00089:d6aa84e8e96a,session,warehouse_measurement,S042_00089,synnetqos,session_id,S042_00089,S042_00089,10,3,0.3
warehouse_measurement:session:s042_00090:6250c185643e,session,warehouse_measurement,S042_00090,synnetqos,session_id,S042_00090,S042_00090,10,4,0.4
warehouse_measurement:session:s042_00091:46fad3ec5df1,session,warehouse_measurement,S042_00091,synnetqos,session_id,S042_00091,S042_00091,10,3,0.3
warehouse_measurement:session:s042_00092:6b82ec92c56c,session,warehouse_measurement,S042_00092,synnetqos,session_id,S042_00092,S042_00092,10,3,0.3
warehouse_measurement:session:s042_00093:4888637a1872,session,warehouse_measurement,S042_00093,synnetqos,session_id,S042_00093,S042_00093,10,2,0.2
warehouse_measurement:session:s042_00094:01f1934131d6,session,warehouse_measurement,S042_00094,synnetqos,session_id,S042_00094,S042_00094,10,9,0.9
warehouse_measurement:session:s042_00095:81169a40e22d,session,warehouse_measurement,S042_00095,synnetqos,session_id,S042_00095,S042_00095,10,10,1.0
warehouse_measurement:session:s042_00096:8b252cb13f2e,session,warehouse_measurement,S042_00096,synnetqos,session_id,S042_00096,S042_00096,10,5,0.5
warehouse_measurement:session:s042_00097:c6380f9b7ae5,session,warehouse_measurement,S042_00097,synnetqos,session_id,S042_00097,S042_00097,10,2,0.2
warehouse_measurement:session:s042_00098:06ed93a6769e,session,warehouse_measurement,S042_00098,synnetqos,session_id,S042_00098,S042_00098,10,5,0.5
warehouse_measurement:session:s042_00099:ff7e7f2e86b4,session,warehouse_measurement,S042_00099,synnetqos,session_id,S042_00099,S042_00099,10,7,0.7
warehouse_measurement:session:s042_00100:6a4ce4ff712d,session,warehouse_measurement,S042_00100,synnetqos,session_id,S042_00100,S042_00100,10,10,1.0
warehouse_measurement:session:s042_00101:a43080a827dd,session,warehouse_measurement,S042_00101,synnetqos,session_id,S042_00101,S042_00101,10,6,0.6
warehouse_measurement:session:s042_00102:da1cc62e7450,session,warehouse_measurement,S042_00102,synnetqos,session_id,S042_00102,S042_00102,10,8,0.8
warehouse_measurement:session:s042_00103:db3eefc8c443,session,warehouse_measurement,S042_00103,synnetqos,session_id,S042_00103,S042_00103,10,9,0.9
warehouse_measurement:session:s042_00104:bae766423549,session,warehouse_measurement,S042_00104,synnetqos,session_id,S042_00104,S042_00104,10,6,0.6
warehouse_measurement:session:s042_00105:5dbd5b871fa8,session,warehouse_measurement,S042_00105,synnetqos,session_id,S042_00105,S042_00105,10,7,0.7
warehouse_measurement:session:s042_00106:bbbf4d98ed74,session,warehouse_measurement,S042_00106,synnetqos,session_id,S042_00106,S042_00106,10,8,0.8
warehouse_measurement:session:s042_00107:c04eef338c64,session,warehouse_measurement,S042_00107,synnetqos,session_id,S042_00107,S042_00107,10,6,0.6
warehouse_measurement:session:s042_00108:206862133a07,session,warehouse_measurement,S042_00108,synnetqos,session_id,S042_00108,S042_00108,10,4,0.4
warehouse_measurement:session:s042_00109:1533ffa3a0a2,session,warehouse_measurement,S042_00109,synnetqos,session_id,S042_00109,S042_00109,10,9,0.9
warehouse_measurement:session:s042_00110:c75bddc8550d,session,warehouse_measurement,S042_00110,synnetqos,session_id,S042_00110,S042_00110,10,7,0.7
warehouse_measurement:session:s042_00111:524a6b94bd1e,session,warehouse_measurement,S042_00111,synnetqos,session_id,S042_00111,S042_00111,10,2,0.2
warehouse_measurement:session:s042_00112:96409df38ad2,session,warehouse_measurement,S042_00112,synnetqos,session_id,S042_00112,S042_00112,10,6,0.6
warehouse_measurement:session:s042_00113:4d7cd72ea7a8,session,warehouse_measurement,S042_00113,synnetqos,session_id,S042_00113,S042_00113,10,9,0.9
warehouse_measurement:session:s042_00114:1a2992e5bf0f,session,warehouse_measurement,S042_00114,synnetqos,session_id,S042_00114,S042_00114,10,9,0.9
warehouse_measurement:session:s042_00115:879c27f493df,session,warehouse_measurement,S042_00115,synnetqos,session_id,S042_00115,S042_00115,10,10,1.0
warehouse_measurement:session:s042_00116:aeae57e94ec5,session,warehouse_measurement,S042_00116,synnetqos,session_id,S042_00116,S042_00116,10,7,0.7
warehouse_measurement:session:s042_00117:8acc0919f092,session,warehouse_measurement,S042_00117,synnetqos,session_id,S042_00117,S042_00117,10,4,0.4
warehouse_measurement:session:s042_00118:6fe33eaa00a1,session,warehouse_measurement,S042_00118,synnetqos,session_id,S042_00118,S042_00118,10,1,0.1
warehouse_measurement:session:s042_00119:5d9906f63ef4,session,warehouse_measurement,S042_00119,synnetqos,session_id,S042_00119,S042_00119,10,10,1.0
warehouse_measurement:session:s042_00120:79588d093352,session,warehouse_measurement,S042_00120,synnetqos,session_id,S042_00120,S042_00120,10,6,0.6
warehouse_measurement:session:s042_00121:d8bc5f51a2e1,session,warehouse_measurement,S042_00121,synnetqos,session_id,S042_00121,S042_00121,10,10,1.0
warehouse_measurement:session:s042_00122:ba9f98f7165c,session,warehouse_measurement,S042_00122,synnetqos,session_id,S042_00122,S042_00122,10,9,0.9
warehouse_measurement:session:s042_00123:fce13f08eead,session,warehouse_measurement,S042_00123,synnetqos,session_id,S042_00123,S042_00123,10,10,1.0
warehouse_measurement:session:s042_00124:7a40f8906db5,session,warehouse_measurement,S042_00124,synnetqos,session_id,S042_00124,S042_00124,10,5,0.5
warehouse_measurement:session:s042_00125:7cc2f43dd91d,session,warehouse_measurement,S042_00125,synnetqos,session_id,S042_00125,S042_00125,10,4,0.4
warehouse_measurement:session:s042_00126:d5e895995d5c,session,warehouse_measurement,S042_00126,synnetqos,session_id,S042_00126,S042_00126,10,9,0.9
warehouse_measurement:session:s042_00127:0e09f7af9d73,session,warehouse_measurement,S042_00127,synnetqos,session_id,S042_00127,S042_00127,10,3,0.3
warehouse_measurement:session:s042_00128:d06b543a2c6f,session,warehouse_measurement,S042_00128,synnetqos,session_id,S042_00128,S042_00128,10,4,0.4
warehouse_measurement:session:s042_00129:32ef6ebe8524,session,warehouse_measurement,S042_00129,synnetqos,session_id,S042_00129,S042_00129,10,1,0.1
warehouse_measurement:session:s042_00130:6271a11b6179,session,warehouse_measurement,S042_00130,synnetqos,session_id,S042_00130,S042_00130,10,2,0.2
warehouse_measurement:session:s042_00131:d2a335d30468,session,warehouse_measurement,S042_00131,synnetqos,session_id,S042_00131,S042_00131,10,5,0.5
warehouse_measurement:session:s042_00132:592e0c98f67c,session,warehouse_measurement,S042_00132,synnetqos,session_id,S042_00132,S042_00132,10,5,0.5
warehouse_measurement:session:s042_00133:6e6df9849e74,session,warehouse_measurement,S042_00133,synnetqos,session_id,S042_00133,S042_00133,10,3,0.3
warehouse_measurement:session:s042_00134:30fca003c448,session,warehouse_measurement,S042_00134,synnetqos,session_id,S042_00134,S042_00134,10,8,0.8
warehouse_measurement:session:s042_00135:ed26a968d071,session,warehouse_measurement,S042_00135,synnetqos,session_id,S042_00135,S042_00135,10,8,0.8
warehouse_measurement:session:s042_00136:82e5ad9460c3,session,warehouse_measurement,S042_00136,synnetqos,session_id,S042_00136,S042_00136,10,6,0.6
warehouse_measurement:session:s042_00137:e3280247ac57,session,warehouse_measurement,S042_00137,synnetqos,session_id,S042_00137,S042_00137,10,8,0.8
warehouse_measurement:session:s042_00138:c1e827bfc308,session,warehouse_measurement,S042_00138,synnetqos,session_id,S042_00138,S042_00138,10,0,0.0
warehouse_measurement:session:s042_00139:c97a2384c4bf,session,warehouse_measurement,S042_00139,synnetqos,session_id,S042_00139,S042_00139,10,9,0.9
warehouse_measurement:session:s042_00140:2f416925e358,session,warehouse_measurement,S042_00140,synnetqos,session_id,S042_00140,S042_00140,10,2,0.2
warehouse_measurement:session:s042_00141:280ca2273e5c,session,warehouse_measurement,S042_00141,synnetqos,session_id,S042_00141,S042_00141,10,9,0.9
warehouse_measurement:session:s042_00142:99e1f66df06d,session,warehouse_measurement,S042_00142,synnetqos,session_id,S042_00142,S042_00142,10,6,0.6
warehouse_measurement:session:s042_00143:ca9d3890bde5,session,warehouse_measurement,S042_00143,synnetqos,session_id,S042_00143,S042_00143,10,1,0.1
warehouse_measurement:session:s042_00144:eb4d06c1fab0,session,warehouse_measurement,S042_00144,synnetqos,session_id,S042_00144,S042_00144,10,10,1.0
warehouse_measurement:session:s042_00145:3666918efad6,session,warehouse_measurement,S042_00145,synnetqos,session_id,S042_00145,S042_00145,10,4,0.4
warehouse_measurement:session:s042_00146:87b754c4c007,session,warehouse_measurement,S042_00146,synnetqos,session_id,S042_00146,S042_00146,10,10,1.0
warehouse_measurement:session:s042_00147:9f66684754de,session,warehouse_measurement,S042_00147,synnetqos,session_id,S042_00147,S042_00147,10,0,0.0
warehouse_measurement:session:s042_00148:80a98c54aefc,session,warehouse_measurement,S042_00148,synnetqos,session_id,S042_00148,S042_00148,10,9,0.9
warehouse_measurement:session:s042_00149:7ac6fe6c946c,session,warehouse_measurement,S042_00149,synnetqos,session_id,S042_00149,S042_00149,10,8,0.8
warehouse_measurement:session:s042_00150:993aca190347,session,warehouse_measurement,S042_00150,synnetqos,session_id,S042_00150,S042_00150,10,6,0.6
warehouse_measurement:session:s042_00151:94d0b57c65f6,session,warehouse_measurement,S042_00151,synnetqos,session_id,S042_00151,S042_00151,10,3,0.3
warehouse_measurement:session:s042_00152:8479a57de7f8,session,warehouse_measurement,S042_00152,synnetqos,session_id,S042_00152,S042_00152,10,10,1.0
warehouse_measurement:session:s042_00153:7a5df46921d9,session,warehouse_measurement,S042_00153,synnetqos,session_id,S042_00153,S042_00153,10,9,0.9
warehouse_measurement:session:s042_00154:92aea655b86d,session,warehouse_measurement,S042_00154,synnetqos,session_id,S042_00154,S042_00154,10,7,0.7
warehouse_measurement:session:s042_00155:5dde42dcedb5,session,warehouse_measurement,S042_00155,synnetqos,session_id,S042_00155,S042_00155,10,10,1.0
warehouse_measurement:session:s042_00156:587385526d02,session,warehouse_measurement,S042_00156,synnetqos,session_id,S042_00156,S042_00156,10,9,0.9
warehouse_measurement:session:s042_00157:c33ed6328048,session,warehouse_measurement,S042_00157,synnetqos,session_id,S042_00157,S042_00157,10,9,0.9
warehouse_measurement:session:s042_00158:44427405a1e7,session,warehouse_measurement,S042_00158,synnetqos,session_id,S042_00158,S042_00158,10,9,0.9
warehouse_measurement:session:s042_00159:77b0af4e7899,session,warehouse_measurement,S042_00159,synnetqos,session_id,S042_00159,S042_00159,10,3,0.3
warehouse_measurement:session:s042_00160:bdf5aa92b3e0,session,warehouse_measurement,S042_00160,synnetqos,session_id,S042_00160,S042_00160,10,2,0.2
warehouse_measurement:session:s042_00161:d1c67c75f2c3,session,warehouse_measurement,S042_00161,synnetqos,session_id,S042_00161,S042_00161,10,4,0.4
warehouse_measurement:session:s042_00162:d191412cd79b,session,warehouse_measurement,S042_00162,synnetqos,session_id,S042_00162,S042_00162,10,0,0.0
warehouse_measurement:session:s042_00163:cdb7f5be9fd3,session,warehouse_measurement,S042_00163,synnetqos,session_id,S042_00163,S042_00163,10,8,0.8
warehouse_measurement:session:s042_00164:b201f27dd9bc,session,warehouse_measurement,S042_00164,synnetqos,session_id,S042_00164,S042_00164,10,7,0.7
warehouse_measurement:session:s042_00165:3d0a8758eaa8,session,warehouse_measurement,S042_00165,synnetqos,session_id,S042_00165,S042_00165,10,1,0.1
warehouse_measurement:session:s042_00166:197ccdcaf2ee,session,warehouse_measurement,S042_00166,synnetqos,session_id,S042_00166,S042_00166,10,2,0.2
warehouse_measurement:session:s042_00167:8c230d10dea3,session,warehouse_measurement,S042_00167,synnetqos,session_id,S042_00167,S042_00167,10,8,0.8
warehouse_measurement:session:s042_00168:5cc92aeec01a,session,warehouse_measurement,S042_00168,synnetqos,session_id,S042_00168,S042_00168,10,2,0.2
warehouse_measurement:session:s042_00169:b725d78721e9,session,warehouse_measurement,S042_00169,synnetqos,session_id,S042_00169,S042_00169,10,0,0.0
warehouse_measurement:session:s042_00170:22b6adc4280c,session,warehouse_measurement,S042_00170,synnetqos,session_id,S042_00170,S042_00170,10,9,0.9
warehouse_measurement:session:s042_00171:2adc45c2752a,session,warehouse_measurement,S042_00171,synnetqos,session_id,S042_00171,S042_00171,10,3,0.3
warehouse_measurement:session:s042_00172:be716a7ba130,session,warehouse_measurement,S042_00172,synnetqos,session_id,S042_00172,S042_00172,10,4,0.4
warehouse_measurement:session:s042_00173:859907ad594e,session,warehouse_measurement,S042_00173,synnetqos,session_id,S042_00173,S042_00173,10,9,0.9
warehouse_measurement:session:s042_00174:7e45cf0d8b5a,session,warehouse_measurement,S042_00174,synnetqos,session_id,S042_00174,S042_00174,10,6,0.6
warehouse_measurement:session:s042_00175:42a01e27c9d7,session,warehouse_measurement,S042_00175,synnetqos,session_id,S042_00175,S042_00175,10,4,0.4
warehouse_measurement:session:s042_00176:dd677b4721f9,session,warehouse_measurement,S042_00176,synnetqos,session_id,S042_00176,S042_00176,10,3,0.3
warehouse_measurement:session:s042_00177:01837585f9c2,session,warehouse_measurement,S042_00177,synnetqos,session_id,S042_00177,S042_00177,10,3,0.3
warehouse_measurement:session:s042_00178:2931c9078c4f,session,warehouse_measurement,S042_00178,synnetqos,session_id,S042_00178,S042_00178,10,6,0.6
warehouse_measurement:session:s042_00179:5701b4602562,session,warehouse_measurement,S042_00179,synnetqos,session_id,S042_00179,S042_00179,10,0,0.0
warehouse_measurement:session:s042_00180:9a1ec0e38f1a,session,warehouse_measurement,S042_00180,synnetqos,session_id,S042_00180,S042_00180,10,2,0.2
warehouse_measurement:session:s042_00181:7319d90bc169,session,warehouse_measurement,S042_00181,synnetqos,session_id,S042_00181,S042_00181,10,6,0.6
warehouse_measurement:session:s042_00182:0bf699e6e3a6,session,warehouse_measurement,S042_00182,synnetqos,session_id,S042_00182,S042_00182,10,0,0.0
warehouse_measurement:session:s042_00183:2cbe2ffe3e36,session,warehouse_measurement,S042_00183,synnetqos,session_id,S042_00183,S042_00183,10,10,1.0
warehouse_measurement:session:s042_00184:a029205e6cca,session,warehouse_measurement,S042_00184,synnetqos,session_id,S042_00184,S042_00184,10,7,0.7
warehouse_measurement:session:s042_00185:0f269980bf2e,session,warehouse_measurement,S042_00185,synnetqos,session_id,S042_00185,S042_00185,10,7,0.7
warehouse_measurement:session:s042_00186:5c573b24c424,session,warehouse_measurement,S042_00186,synnetqos,session_id,S042_00186,S042_00186,10,10,1.0
warehouse_measurement:session:s042_00187:20ed31e98c12,session,warehouse_measurement,S042_00187,synnetqos,session_id,S042_00187,S042_00187,10,4,0.4
warehouse_measurement:session:s042_00188:6eb7cecc3899,session,warehouse_measurement,S042_00188,synnetqos,session_id,S042_00188,S042_00188,10,4,0.4
warehouse_measurement:session:s042_00189:e570b0d105a5,session,warehouse_measurement,S042_00189,synnetqos,session_id,S042_00189,S042_00189,10,3,0.3
warehouse_measurement:session:s042_00190:f782d05f9fc7,session,warehouse_measurement,S042_00190,synnetqos,session_id,S042_00190,S042_00190,10,9,0.9
warehouse_measurement:session:s042_00191:ac932b3b619b,session,warehouse_measurement,S042_00191,synnetqos,session_id,S042_00191,S042_00191,10,6,0.6
warehouse_measurement:session:s042_00192:552b3d4f39c0,session,warehouse_measurement,S042_00192,synnetqos,session_id,S042_00192,S042_00192,10,5,0.5
warehouse_measurement:session:s042_00193:72baeb7ff285,session,warehouse_measurement,S042_00193,synnetqos,session_id,S042_00193,S042_00193,10,7,0.7
warehouse_measurement:session:s042_00194:05625e025fb1,session,warehouse_measurement,S042_00194,synnetqos,session_id,S042_00194,S042_00194,10,4,0.4
warehouse_measurement:session:s042_00195:5cbd7cfe2c4f,session,warehouse_measurement,S042_00195,synnetqos,session_id,S042_00195,S042_00195,10,5,0.5
warehouse_measurement:session:s042_00196:1aaa2a4c6d79,session,warehouse_measurement,S042_00196,synnetqos,session_id,S042_00196,S042_00196,10,9,0.9
warehouse_measurement:session:s042_00197:2a93fb960cd6,session,warehouse_measurement,S042_00197,synnetqos,session_id,S042_00197,S042_00197,10,5,0.5
warehouse_measurement:session:s042_00198:a1ed45bbc037,session,warehouse_measurement,S042_00198,synnetqos,session_id,S042_00198,S042_00198,10,5,0.5
warehouse_measurement:session:s042_00199:011c97647a6e,session,warehouse_measurement,S042_00199,synnetqos,session_id,S042_00199,S042_00199,10,10,1.0
warehouse_measurement:session:s042_00200:b73a50475426,session,warehouse_measurement,S042_00200,synnetqos,session_id,S042_00200,S042_00200,10,4,0.4
warehouse_measurement:session:s042_00201:a4de60007a48,session,warehouse_measurement,S042_00201,synnetqos,session_id,S042_00201,S042_00201,10,3,0.3
warehouse_measurement:session:s042_00202:0b94c66db3a5,session,warehouse_measurement,S042_00202,synnetqos,session_id,S042_00202,S042_00202,10,7,0.7
warehouse_measurement:session:s042_00203:8e7147f7fb7f,session,warehouse_measurement,S042_00203,synnetqos,session_id,S042_00203,S042_00203,10,10,1.0
warehouse_measurement:session:s042_00204:8b4b71e4013d,session,warehouse_measurement,S042_00204,synnetqos,session_id,S042_00204,S042_00204,10,0,0.0
warehouse_measurement:session:s042_00205:d75baee18572,session,warehouse_measurement,S042_00205,synnetqos,session_id,S042_00205,S042_00205,10,8,0.8
warehouse_measurement:session:s042_00206:c38edb7f6c51,session,warehouse_measurement,S042_00206,synnetqos,session_id,S042_00206,S042_00206,10,4,0.4
warehouse_measurement:session:s042_00207:c2f2e0c9fb35,session,warehouse_measurement,S042_00207,synnetqos,session_id,S042_00207,S042_00207,10,10,1.0
warehouse_measurement:session:s042_00208:edefcf52ed1c,session,warehouse_measurement,S042_00208,synnetqos,session_id,S042_00208,S042_00208,10,10,1.0
warehouse_measurement:session:s042_00209:d951acd3b011,session,warehouse_measurement,S042_00209,synnetqos,session_id,S042_00209,S042_00209,10,2,0.2
warehouse_measurement:session:s042_00210:cfeac4321021,session,warehouse_measurement,S042_00210,synnetqos,session_id,S042_00210,S042_00210,10,0,0.0
warehouse_measurement:session:s042_00211:a430829bca93,session,warehouse_measurement,S042_00211,synnetqos,session_id,S042_00211,S042_00211,10,2,0.2
warehouse_measurement:session:s042_00212:12be38c40f87,session,warehouse_measurement,S042_00212,synnetqos,session_id,S042_00212,S042_00212,10,10,1.0
warehouse_measurement:session:s042_00213:fc6daf62caef,session,warehouse_measurement,S042_00213,synnetqos,session_id,S042_00213,S042_00213,10,2,0.2
warehouse_measurement:session:s042_00214:576188af2eca,session,warehouse_measurement,S042_00214,synnetqos,session_id,S042_00214,S042_00214,10,5,0.5
warehouse_measurement:session:s042_00215:1ee5029f7394,session,warehouse_measurement,S042_00215,synnetqos,session_id,S042_00215,S042_00215,10,8,0.8
warehouse_measurement:session:s042_00216:a1235ab61b04,session,warehouse_measurement,S042_00216,synnetqos,session_id,S042_00216,S042_00216,10,10,1.0
warehouse_measurement:session:s042_00217:be2373c289f7,session,warehouse_measurement,S042_00217,synnetqos,session_id,S042_00217,S042_00217,10,0,0.0
warehouse_measurement:session:s042_00218:3b3b3e964fe4,session,warehouse_measurement,S042_00218,synnetqos,session_id,S042_00218,S042_00218,10,6,0.6
warehouse_measurement:session:s042_00219:8e387a63dd37,session,warehouse_measurement,S042_00219,synnetqos,session_id,S042_00219,S042_00219,10,5,0.5
warehouse_measurement:session:s042_00220:70099f1769ea,session,warehouse_measurement,S042_00220,synnetqos,session_id,S042_00220,S042_00220,10,10,1.0
warehouse_measurement:session:s042_00221:caa028e77d34,session,warehouse_measurement,S042_00221,synnetqos,session_id,S042_00221,S042_00221,10,6,0.6
warehouse_measurement:session:s042_00222:a6826637b696,session,warehouse_measurement,S042_00222,synnetqos,session_id,S042_00222,S042_00222,10,10,1.0
warehouse_measurement:session:s042_00223:0f349bd8186f,session,warehouse_measurement,S042_00223,synnetqos,session_id,S042_00223,S042_00223,10,9,0.9
warehouse_measurement:session:s042_00224:14020dc57369,session,warehouse_measurement,S042_00224,synnetqos,session_id,S042_00224,S042_00224,10,10,1.0
warehouse_measurement:session:s042_00225:703eb85b4782,session,warehouse_measurement,S042_00225,synnetqos,session_id,S042_00225,S042_00225,10,7,0.7
warehouse_measurement:session:s042_00226:428145b6f25e,session,warehouse_measurement,S042_00226,synnetqos,session_id,S042_00226,S042_00226,10,3,0.3
warehouse_measurement:session:s042_00227:444cedf909a1,session,warehouse_measurement,S042_00227,synnetqos,session_id,S042_00227,S042_00227,10,6,0.6
warehouse_measurement:session:s042_00228:546879009a8f,session,warehouse_measurement,S042_00228,synnetqos,session_id,S042_00228,S042_00228,10,7,0.7
warehouse_measurement:session:s042_00229:390a999ebc79,session,warehouse_measurement,S042_00229,synnetqos,session_id,S042_00229,S042_00229,10,3,0.3
warehouse_measurement:session:s042_00230:0faf9ad32b6a,session,warehouse_measurement,S042_00230,synnetqos,session_id,S042_00230,S042_00230,10,2,0.2
warehouse_measurement:session:s042_00231:3ff2a09b3ccc,session,warehouse_measurement,S042_00231,synnetqos,session_id,S042_00231,S042_00231,10,5,0.5
warehouse_measurement:session:s042_00232:8d7fce9d927e,session,warehouse_measurement,S042_00232,synnetqos,session_id,S042_00232,S042_00232,10,4,0.4
warehouse_measurement:session:s042_00233:5c8ba91645dd,session,warehouse_measurement,S042_00233,synnetqos,session_id,S042_00233,S042_00233,10,2,0.2
warehouse_measurement:session:s042_00234:8938ca90bfda,session,warehouse_measurement,S042_00234,synnetqos,session_id,S042_00234,S042_00234,10,7,0.7
warehouse_measurement:session:s042_00235:a7352007473f,session,warehouse_measurement,S042_00235,synnetqos,session_id,S042_00235,S042_00235,10,5,0.5
warehouse_measurement:session:s042_00236:72294ace77ac,session,warehouse_measurement,S042_00236,synnetqos,session_id,S042_00236,S042_00236,10,7,0.7
warehouse_measurement:session:s042_00237:c8dd99cf596c,session,warehouse_measurement,S042_00237,synnetqos,session_id,S042_00237,S042_00237,10,2,0.2
warehouse_measurement:session:s042_00238:03ac32598f40,session,warehouse_measurement,S042_00238,synnetqos,session_id,S042_00238,S042_00238,10,0,0.0
warehouse_measurement:session:s042_00239:10e4092b8bda,session,warehouse_measurement,S042_00239,synnetqos,session_id,S042_00239,S042_00239,10,5,0.5
warehouse_measurement:session:s042_00240:205eaba81f5b,session,warehouse_measurement,S042_00240,synnetqos,session_id,S042_00240,S042_00240,10,10,1.0
warehouse_measurement:session:s042_00241:c33d8ff77f20,session,warehouse_measurement,S042_00241,synnetqos,session_id,S042_00241,S042_00241,10,9,0.9
warehouse_measurement:session:s042_00242:e6c2f66fd7b2,session,warehouse_measurement,S042_00242,synnetqos,session_id,S042_00242,S042_00242,10,7,0.7
warehouse_measurement:session:s042_00243:1d1de37e5f32,session,warehouse_measurement,S042_00243,synnetqos,session_id,S042_00243,S042_00243,10,6,0.6
warehouse_measurement:session:s042_00244:0997553da888,session,warehouse_measurement,S042_00244,synnetqos,session_id,S042_00244,S042_00244,10,5,0.5
warehouse_measurement:session:s042_00245:56ca6848cf23,session,warehouse_measurement,S042_00245,synnetqos,session_id,S042_00245,S042_00245,10,2,0.2
warehouse_measurement:session:s042_00246:ff74e48ce761,session,warehouse_measurement,S042_00246,synnetqos,session_id,S042_00246,S042_00246,10,0,0.0
warehouse_measurement:session:s042_00247:490fcc029cc2,session,warehouse_measurement,S042_00247,synnetqos,session_id,S042_00247,S042_00247,10,10,1.0
warehouse_measurement:session:s042_00248:c257bafb411b,session,warehouse_measurement,S042_00248,synnetqos,session_id,S042_00248,S042_00248,10,5,0.5
warehouse_measurement:session:s042_00249:3c97a596abf0,session,warehouse_measurement,S042_00249,synnetqos,session_id,S042_00249,S042_00249,10,3,0.3
warehouse_measurement:session:s042_00250:38f2949d1dce,session,warehouse_measurement,S042_00250,synnetqos,session_id,S042_00250,S042_00250,10,0,0.0
warehouse_measurement:session:s042_00251:15941c97585e,session,warehouse_measurement,S042_00251,synnetqos,session_id,S042_00251,S042_00251,10,3,0.3
warehouse_measurement:session:s042_00252:527adf920f34,session,warehouse_measurement,S042_00252,synnetqos,session_id,S042_00252,S042_00252,10,7,0.7
warehouse_measurement:session:s042_00253:ffa9f5ea9a6b,session,warehouse_measurement,S042_00253,synnetqos,session_id,S042_00253,S042_00253,10,6,0.6
warehouse_measurement:session:s042_00254:70100526feeb,session,warehouse_measurement,S042_00254,synnetqos,session_id,S042_00254,S042_00254,10,7,0.7
warehouse_measurement:session:s042_00255:92c95fb10b4a,session,warehouse_measurement,S042_00255,synnetqos,session_id,S042_00255,S042_00255,10,1,0.1
warehouse_measurement:session:s042_00256:dee118b9ed69,session,warehouse_measurement,S042_00256,synnetqos,session_id,S042_00256,S042_00256,10,1,0.1
warehouse_measurement:session:s042_00257:0af3789ab4ba,session,warehouse_measurement,S042_00257,synnetqos,session_id,S042_00257,S042_00257,10,2,0.2
warehouse_measurement:session:s042_00258:c0fb9d43bbf4,session,warehouse_measurement,S042_00258,synnetqos,session_id,S042_00258,S042_00258,10,8,0.8
warehouse_measurement:session:s042_00259:286b7fff20ee,session,warehouse_measurement,S042_00259,synnetqos,session_id,S042_00259,S042_00259,10,10,1.0
warehouse_measurement:session:s042_00260:c97829b592f7,session,warehouse_measurement,S042_00260,synnetqos,session_id,S042_00260,S042_00260,10,2,0.2
warehouse_measurement:session:s042_00261:97fa4cf92898,session,warehouse_measurement,S042_00261,synnetqos,session_id,S042_00261,S042_00261,10,6,0.6
warehouse_measurement:session:s042_00262:127b0003e543,session,warehouse_measurement,S042_00262,synnetqos,session_id,S042_00262,S042_00262,10,10,1.0
warehouse_measurement:session:s042_00263:2aebb415c7bf,session,warehouse_measurement,S042_00263,synnetqos,session_id,S042_00263,S042_00263,10,7,0.7
warehouse_measurement:session:s042_00264:99eed96bfad8,session,warehouse_measurement,S042_00264,synnetqos,session_id,S042_00264,S042_00264,10,7,0.7
warehouse_measurement:session:s042_00265:58b0197febde,session,warehouse_measurement,S042_00265,synnetqos,session_id,S042_00265,S042_00265,10,2,0.2
warehouse_measurement:session:s042_00266:5dd3819c8c80,session,warehouse_measurement,S042_00266,synnetqos,session_id,S042_00266,S042_00266,10,2,0.2
warehouse_measurement:session:s042_00267:110ff7496c85,session,warehouse_measurement,S042_00267,synnetqos,session_id,S042_00267,S042_00267,10,10,1.0
warehouse_measurement:session:s042_00268:5dd1affd3100,session,warehouse_measurement,S042_00268,synnetqos,session_id,S042_00268,S042_00268,10,7,0.7
warehouse_measurement:session:s042_00269:4bfa7e1ff2b0,session,warehouse_measurement,S042_00269,synnetqos,session_id,S042_00269,S042_00269,10,3,0.3
warehouse_measurement:session:s042_00270:484bb8eac63a,session,warehouse_measurement,S042_00270,synnetqos,session_id,S042_00270,S042_00270,10,1,0.1
warehouse_measurement:session:s042_00271:f12ecfc7c7fa,session,warehouse_measurement,S042_00271,synnetqos,session_id,S042_00271,S042_00271,10,10,1.0
warehouse_measurement:session:s042_00272:8887dbf4ce40,session,warehouse_measurement,S042_00272,synnetqos,session_id,S042_00272,S042_00272,10,2,0.2
warehouse_measurement:session:s042_00273:bc61852a0008,session,warehouse_measurement,S042_00273,synnetqos,session_id,S042_00273,S042_00273,10,1,0.1
warehouse_measurement:session:s042_00274:ce29046dc9ff,session,warehouse_measurement,S042_00274,synnetqos,session_id,S042_00274,S042_00274,10,1,0.1
warehouse_measurement:session:s042_00275:b075f2501c4a,session,warehouse_measurement,S042_00275,synnetqos,session_id,S042_00275,S042_00275,10,4,0.4
warehouse_measurement:session:s042_00276:237b91d28afe,session,warehouse_measurement,S042_00276,synnetqos,session_id,S042_00276,S042_00276,10,9,0.9
warehouse_measurement:session:s042_00277:f0c9a766765e,session,warehouse_measurement,S042_00277,synnetqos,session_id,S042_00277,S042_00277,10,10,1.0
warehouse_measurement:session:s042_00278:c20ad3cd67ca,session,warehouse_measurement,S042_00278,synnetqos,session_id,S042_00278,S042_00278,10,1,0.1
warehouse_measurement:session:s042_00279:e7418527c896,session,warehouse_measurement,S042_00279,synnetqos,session_id,S042_00279,S042_00279,10,10,1.0
warehouse_measurement:session:s042_00280:3711ff73fc79,session,warehouse_measurement,S042_00280,synnetqos,session_id,S042_00280,S042_00280,10,10,1.0
warehouse_measurement:session:s042_00281:ccd220427af2,session,warehouse_measurement,S042_00281,synnetqos,session_id,S042_00281,S042_00281,10,3,0.3
warehouse_measurement:session:s042_00282:b36e8e9d8da7,session,warehouse_measurement,S042_00282,synnetqos,session_id,S042_00282,S042_00282,10,1,0.1
warehouse_measurement:session:s042_00283:68ac47e452de,session,warehouse_measurement,S042_00283,synnetqos,session_id,S042_00283,S042_00283,10,6,0.6
warehouse_measurement:session:s042_00284:02efc02cd11c,session,warehouse_measurement,S042_00284,synnetqos,session_id,S042_00284,S042_00284,10,1,0.1
warehouse_measurement:session:s042_00285:140e2b93217c,session,warehouse_measurement,S042_00285,synnetqos,session_id,S042_00285,S042_00285,10,8,0.8
warehouse_measurement:session:s042_00286:63e9f51ad865,session,warehouse_measurement,S042_00286,synnetqos,session_id,S042_00286,S042_00286,10,1,0.1
warehouse_measurement:session:s042_00287:5fadca21d561,session,warehouse_measurement,S042_00287,synnetqos,session_id,S042_00287,S042_00287,10,9,0.9
warehouse_measurement:session:s042_00288:8f106646a8b3,session,warehouse_measurement,S042_00288,synnetqos,session_id,S042_00288,S042_00288,10,5,0.5
warehouse_measurement:session:s042_00289:e036e8659a94,session,warehouse_measurement,S042_00289,synnetqos,session_id,S042_00289,S042_00289,10,8,0.8
warehouse_measurement:session:s042_00290:342f32291f25,session,warehouse_measurement,S042_00290,synnetqos,session_id,S042_00290,S042_00290,10,8,0.8
warehouse_measurement:session:s042_00291:329739dda7bb,session,warehouse_measurement,S042_00291,synnetqos,session_id,S042_00291,S042_00291,10,9,0.9
warehouse_measurement:session:s042_00292:e3234cd17a43,session,warehouse_measurement,S042_00292,synnetqos,session_id,S042_00292,S042_00292,10,5,0.5
warehouse_measurement:session:s042_00293:70ed22d905d8,session,warehouse_measurement,S042_00293,synnetqos,session_id,S042_00293,S042_00293,10,0,0.0
warehouse_measurement:session:s042_00294:4e8c34c9b756,session,warehouse_measurement,S042_00294,synnetqos,session_id,S042_00294,S042_00294,10,10,1.0
warehouse_measurement:session:s042_00295:eecb0c10b859,session,warehouse_measurement,S042_00295,synnetqos,session_id,S042_00295,S042_00295,10,8,0.8
warehouse_measurement:session:s042_00296:f619535e47d1,session,warehouse_measurement,S042_00296,synnetqos,session_id,S042_00296,S042_00296,10,4,0.4
warehouse_measurement:session:s042_00297:b2a6720cac50,session,warehouse_measurement,S042_00297,synnetqos,session_id,S042_00297,S042_00297,10,4,0.4
warehouse_measurement:session:s042_00298:5ae96ce5fd65,session,warehouse_measurement,S042_00298,synnetqos,session_id,S042_00298,S042_00298,10,2,0.2
warehouse_measurement:session:s042_00299:114e9d498201,session,warehouse_measurement,S042_00299,synnetqos,session_id,S042_00299,S042_00299,10,0,0.0
warehouse_measurement:session:s042_00300:b2995034c017,session,warehouse_measurement,S042_00300,synnetqos,session_id,S042_00300,S042_00300,10,3,0.3
warehouse_measurement:session:s042_00301:7af6f0d43415,session,warehouse_measurement,S042_00301,synnetqos,session_id,S042_00301,S042_00301,10,4,0.4
warehouse_measurement:session:s042_00302:dd79be813d61,session,warehouse_measurement,S042_00302,synnetqos,session_id,S042_00302,S042_00302,10,2,0.2
warehouse_measurement:session:s042_00303:bbe9e907247f,session,warehouse_measurement,S042_00303,synnetqos,session_id,S042_00303,S042_00303,10,9,0.9
warehouse_measurement:session:s042_00304:723bffb32fc4,session,warehouse_measurement,S042_00304,synnetqos,session_id,S042_00304,S042_00304,10,1,0.1
warehouse_measurement:session:s042_00305:fb8ad380fd2d,session,warehouse_measurement,S042_00305,synnetqos,session_id,S042_00305,S042_00305,10,9,0.9
warehouse_measurement:session:s042_00306:45ef46f178cf,session,warehouse_measurement,S042_00306,synnetqos,session_id,S042_00306,S042_00306,10,8,0.8
warehouse_measurement:session:s042_00307:cbea5f25e2d8,session,warehouse_measurement,S042_00307,synnetqos,session_id,S042_00307,S042_00307,10,6,0.6
warehouse_measurement:session:s042_00308:0086317ee888,session,warehouse_measurement,S042_00308,synnetqos,session_id,S042_00308,S042_00308,10,3,0.3
warehouse_measurement:session:s042_00309:85db4f3f6661,session,warehouse_measurement,S042_00309,synnetqos,session_id,S042_00309,S042_00309,10,0,0.0
warehouse_measurement:session:s042_00310:63c382174c86,session,warehouse_measurement,S042_00310,synnetqos,session_id,S042_00310,S042_00310,10,9,0.9
warehouse_measurement:session:s042_00311:52af4b96149b,session,warehouse_measurement,S042_00311,synnetqos,session_id,S042_00311,S042_00311,10,2,0.2
warehouse_measurement:session:s042_00312:1dab353263f5,session,warehouse_measurement,S042_00312,synnetqos,session_id,S042_00312,S042_00312,10,1,0.1
warehouse_measurement:session:s042_00313:efbaf36092de,session,warehouse_measurement,S042_00313,synnetqos,session_id,S042_00313,S042_00313,10,9,0.9
warehouse_measurement:session:s042_00314:22e5f7b23fe2,session,warehouse_measurement,S042_00314,synnetqos,session_id,S042_00314,S042_00314,10,2,0.2
warehouse_measurement:session:s042_00315:6837e633b7fe,session,warehouse_measurement,S042_00315,synnetqos,session_id,S042_00315,S042_00315,10,1,0.1
warehouse_measurement:session:s042_00316:bc4730c80fc0,session,warehouse_measurement,S042_00316,synnetqos,session_id,S042_00316,S042_00316,10,3,0.3
warehouse_measurement:session:s042_00317:e1a8dfd5b35c,session,warehouse_measurement,S042_00317,synnetqos,session_id,S042_00317,S042_00317,10,2,0.2
warehouse_measurement:session:s042_00318:54f03415644b,session,warehouse_measurement,S042_00318,synnetqos,session_id,S042_00318,S042_00318,10,0,0.0
warehouse_measurement:session:s042_00319:8e51829da81c,session,warehouse_measurement,S042_00319,synnetqos,session_id,S042_00319,S042_00319,10,4,0.4
warehouse_measurement:session:s042_00320:5f46c33eec1b,session,warehouse_measurement,S042_00320,synnetqos,session_id,S042_00320,S042_00320,10,1,0.1
warehouse_measurement:session:s042_00321:64d295598045,session,warehouse_measurement,S042_00321,synnetqos,session_id,S042_00321,S042_00321,10,3,0.3
warehouse_measurement:session:s042_00322:2dab8a07a187,session,warehouse_measurement,S042_00322,synnetqos,session_id,S042_00322,S042_00322,10,6,0.6
warehouse_measurement:session:s042_00323:086d84f159a1,session,warehouse_measurement,S042_00323,synnetqos,session_id,S042_00323,S042_00323,10,2,0.2
warehouse_measurement:session:s042_00324:3f8cea29d5ae,session,warehouse_measurement,S042_00324,synnetqos,session_id,S042_00324,S042_00324,10,8,0.8
warehouse_measurement:session:s042_00325:5b6dad8e7cc1,session,warehouse_measurement,S042_00325,synnetqos,session_id,S042_00325,S042_00325,10,7,0.7
warehouse_measurement:session:s042_00326:e7f858190ffb,session,warehouse_measurement,S042_00326,synnetqos,session_id,S042_00326,S042_00326,10,3,0.3
warehouse_measurement:session:s042_00327:b6d2ff8f64a1,session,warehouse_measurement,S042_00327,synnetqos,session_id,S042_00327,S042_00327,10,2,0.2
warehouse_measurement:session:s042_00328:662f4915d72b,session,warehouse_measurement,S042_00328,synnetqos,session_id,S042_00328,S042_00328,10,9,0.9
warehouse_measurement:session:s042_00329:b4e45e67c150,session,warehouse_measurement,S042_00329,synnetqos,session_id,S042_00329,S042_00329,10,5,0.5
warehouse_measurement:session:s042_00330:7b895f8e5637,session,warehouse_measurement,S042_00330,synnetqos,session_id,S042_00330,S042_00330,10,0,0.0
warehouse_measurement:session:s042_00331:02855945e913,session,warehouse_measurement,S042_00331,synnetqos,session_id,S042_00331,S042_00331,10,4,0.4
warehouse_measurement:session:s042_00332:49ac7215a773,session,warehouse_measurement,S042_00332,synnetqos,session_id,S042_00332,S042_00332,10,10,1.0
warehouse_measurement:session:s042_00333:7f1dc4894139,session,warehouse_measurement,S042_00333,synnetqos,session_id,S042_00333,S042_00333,10,3,0.3
warehouse_measurement:session:s042_00334:45afa5a33348,session,warehouse_measurement,S042_00334,synnetqos,session_id,S042_00334,S042_00334,10,5,0.5
warehouse_measurement:session:s042_00335:0fa5df6f9e10,session,warehouse_measurement,S042_00335,synnetqos,session_id,S042_00335,S042_00335,10,9,0.9
warehouse_measurement:session:s042_00336:4f91a0496696,session,warehouse_measurement,S042_00336,synnetqos,session_id,S042_00336,S042_00336,10,10,1.0
warehouse_measurement:session:s042_00337:08094df64afd,session,warehouse_measurement,S042_00337,synnetqos,session_id,S042_00337,S042_00337,10,7,0.7
warehouse_measurement:session:s042_00338:1aa799682dea,session,warehouse_measurement,S042_00338,synnetqos,session_id,S042_00338,S042_00338,10,4,0.4
warehouse_measurement:session:s042_00339:4bb3b7b6dcfd,session,warehouse_measurement,S042_00339,synnetqos,session_id,S042_00339,S042_00339,10,5,0.5
warehouse_measurement:session:s042_00340:b84efa73cfee,session,warehouse_measurement,S042_00340,synnetqos,session_id,S042_00340,S042_00340,10,4,0.4
warehouse_measurement:session:s042_00341:d45ceecd79f7,session,warehouse_measurement,S042_00341,synnetqos,session_id,S042_00341,S042_00341,10,6,0.6
warehouse_measurement:session:s042_00342:dc7a5132a262,session,warehouse_measurement,S042_00342,synnetqos,session_id,S042_00342,S042_00342,10,1,0.1
warehouse_measurement:session:s042_00343:aed42ad4b67e,session,warehouse_measurement,S042_00343,synnetqos,session_id,S042_00343,S042_00343,10,4,0.4
warehouse_measurement:session:s042_00344:5a24e0608414,session,warehouse_measurement,S042_00344,synnetqos,session_id,S042_00344,S042_00344,10,5,0.5
warehouse_measurement:session:s042_00345:3321b0be17d5,session,warehouse_measurement,S042_00345,synnetqos,session_id,S042_00345,S042_00345,10,0,0.0
warehouse_measurement:session:s042_00346:17bbed36b5a1,session,warehouse_measurement,S042_00346,synnetqos,session_id,S042_00346,S042_00346,10,2,0.2
warehouse_measurement:session:s042_00347:5c4d50081886,session,warehouse_measurement,S042_00347,synnetqos,session_id,S042_00347,S042_00347,10,1,0.1
warehouse_measurement:session:s042_00348:0fdc3e146a51,session,warehouse_measurement,S042_00348,synnetqos,session_id,S042_00348,S042_00348,10,6,0.6
warehouse_measurement:session:s042_00349:eed5b4fd8309,session,warehouse_measurement,S042_00349,synnetqos,session_id,S042_00349,S042_00349,10,2,0.2
warehouse_measurement:session:s042_00350:124b9e087290,session,warehouse_measurement,S042_00350,synnetqos,session_id,S042_00350,S042_00350,10,9,0.9
warehouse_measurement:session:s042_00351:9e16298fe64d,session,warehouse_measurement,S042_00351,synnetqos,session_id,S042_00351,S042_00351,10,8,0.8
warehouse_measurement:session:s042_00352:62efb2f7273f,session,warehouse_measurement,S042_00352,synnetqos,session_id,S042_00352,S042_00352,10,9,0.9
warehouse_measurement:session:s042_00353:f168434cca49,session,warehouse_measurement,S042_00353,synnetqos,session_id,S042_00353,S042_00353,10,7,0.7
warehouse_measurement:session:s042_00354:bee9346c9001,session,warehouse_measurement,S042_00354,synnetqos,session_id,S042_00354,S042_00354,10,2,0.2
warehouse_measurement:session:s042_00355:2be287285162,session,warehouse_measurement,S042_00355,synnetqos,session_id,S042_00355,S042_00355,10,3,0.3
warehouse_measurement:session:s042_00356:6f662cd3cb93,session,warehouse_measurement,S042_00356,synnetqos,session_id,S042_00356,S042_00356,10,8,0.8
warehouse_measurement:session:s042_00357:d5dde0c6ae0e,session,warehouse_measurement,S042_00357,synnetqos,session_id,S042_00357,S042_00357,10,10,1.0
warehouse_measurement:session:s042_00358:1be7c4febeba,session,warehouse_measurement,S042_00358,synnetqos,session_id,S042_00358,S042_00358,10,6,0.6
warehouse_measurement:session:s042_00359:76abfcbfe1b2,session,warehouse_measurement,S042_00359,synnetqos,session_id,S042_00359,S042_00359,10,4,0.4
warehouse_measurement:session:s042_00360:e06aaa917191,session,warehouse_measurement,S042_00360,synnetqos,session_id,S042_00360,S042_00360,10,1,0.1
warehouse_measurement:session:s042_00361:3a35e4799b8c,session,warehouse_measurement,S042_00361,synnetqos,session_id,S042_00361,S042_00361,10,10,1.0
warehouse_measurement:session:s042_00362:03324fca786a,session,warehouse_measurement,S042_00362,synnetqos,session_id,S042_00362,S042_00362,10,6,0.6
warehouse_measurement:session:s042_00363:20dd07a0467f,session,warehouse_measurement,S042_00363,synnetqos,session_id,S042_00363,S042_00363,10,8,0.8
warehouse_measurement:session:s042_00364:14a76cc61ee5,session,warehouse_measurement,S042_00364,synnetqos,session_id,S042_00364,S042_00364,10,3,0.3
warehouse_measurement:session:s042_00365:d258b4e62180,session,warehouse_measurement,S042_00365,synnetqos,session_id,S042_00365,S042_00365,10,6,0.6
warehouse_measurement:session:s042_00366:e23a6bb8ac66,session,warehouse_measurement,S042_00366,synnetqos,session_id,S042_00366,S042_00366,10,10,1.0
warehouse_measurement:session:s042_00367:f5c6a6502430,session,warehouse_measurement,S042_00367,synnetqos,session_id,S042_00367,S042_00367,10,4,0.4
warehouse_measurement:session:s042_00368:c83552a4b1ff,session,warehouse_measurement,S042_00368,synnetqos,session_id,S042_00368,S042_00368,10,8,0.8
warehouse_measurement:session:s042_00369:3ab5def261f4,session,warehouse_measurement,S042_00369,synnetqos,session_id,S042_00369,S042_00369,10,0,0.0
warehouse_measurement:session:s042_00370:59863d8478cc,session,warehouse_measurement,S042_00370,synnetqos,session_id,S042_00370,S042_00370,10,0,0.0
warehouse_measurement:session:s042_00371:70e2e6fd46d7,session,warehouse_measurement,S042_00371,synnetqos,session_id,S042_00371,S042_00371,10,6,0.6
warehouse_measurement:session:s042_00372:30910ff197d3,session,warehouse_measurement,S042_00372,synnetqos,session_id,S042_00372,S042_00372,10,7,0.7
warehouse_measurement:session:s042_00373:7a46313863fa,session,warehouse_measurement,S042_00373,synnetqos,session_id,S042_00373,S042_00373,10,7,0.7
warehouse_measurement:session:s042_00374:7031aaa310b3,session,warehouse_measurement,S042_00374,synnetqos,session_id,S042_00374,S042_00374,10,2,0.2
warehouse_measurement:session:s042_00375:4e7e8eb159c2,session,warehouse_measurement,S042_00375,synnetqos,session_id,S042_00375,S042_00375,10,3,0.3
warehouse_measurement:session:s042_00376:39567ba410be,session,warehouse_measurement,S042_00376,synnetqos,session_id,S042_00376,S042_00376,10,9,0.9
warehouse_measurement:session:s042_00377:d57c06a1c628,session,warehouse_measurement,S042_00377,synnetqos,session_id,S042_00377,S042_00377,10,1,0.1
warehouse_measurement:session:s042_00378:b91de7553551,session,warehouse_measurement,S042_00378,synnetqos,session_id,S042_00378,S042_00378,10,3,0.3
warehouse_measurement:session:s042_00379:e2246e29a9ec,session,warehouse_measurement,S042_00379,synnetqos,session_id,S042_00379,S042_00379,10,6,0.6
warehouse_measurement:session:s042_00380:9515d1285076,session,warehouse_measurement,S042_00380,synnetqos,session_id,S042_00380,S042_00380,10,1,0.1
warehouse_measurement:session:s042_00381:aa0072e85bc9,session,warehouse_measurement,S042_00381,synnetqos,session_id,S042_00381,S042_00381,10,7,0.7
warehouse_measurement:session:s042_00382:c6d682a5dbc0,session,warehouse_measurement,S042_00382,synnetqos,session_id,S042_00382,S042_00382,10,8,0.8
warehouse_measurement:session:s042_00383:c61054e7b01b,session,warehouse_measurement,S042_00383,synnetqos,session_id,S042_00383,S042_00383,10,10,1.0
warehouse_measurement:session:s042_00384:5339e4d64869,session,warehouse_measurement,S042_00384,synnetqos,session_id,S042_00384,S042_00384,10,8,0.8
warehouse_measurement:session:s042_00385:e7468c6597c6,session,warehouse_measurement,S042_00385,synnetqos,session_id,S042_00385,S042_00385,10,9,0.9
warehouse_measurement:session:s042_00386:f446afdb589c,session,warehouse_measurement,S042_00386,synnetqos,session_id,S042_00386,S042_00386,10,6,0.6
warehouse_measurement:session:s042_00387:14ab193a5c49,session,warehouse_measurement,S042_00387,synnetqos,session_id,S042_00387,S042_00387,10,8,0.8
warehouse_measurement:session:s042_00388:be005abbdd66,session,warehouse_measurement,S042_00388,synnetqos,session_id,S042_00388,S042_00388,10,1,0.1
warehouse_measurement:session:s042_00389:655c1e4e32fd,session,warehouse_measurement,S042_00389,synnetqos,session_id,S042_00389,S042_00389,10,4,0.4
warehouse_measurement:session:s042_00390:6cacae6b1377,session,warehouse_measurement,S042_00390,synnetqos,session_id,S042_00390,S042_00390,10,9,0.9
warehouse_measurement:session:s042_00391:e0d6ba643c86,session,warehouse_measurement,S042_00391,synnetqos,session_id,S042_00391,S042_00391,10,9,0.9
warehouse_measurement:session:s042_00392:0b13f78c4881,session,warehouse_measurement,S042_00392,synnetqos,session_id,S042_00392,S042_00392,10,4,0.4
warehouse_measurement:session:s042_00393:e0e6a81cead6,session,warehouse_measurement,S042_00393,synnetqos,session_id,S042_00393,S042_00393,10,5,0.5
warehouse_measurement:session:s042_00394:361b70304315,session,warehouse_measurement,S042_00394,synnetqos,session_id,S042_00394,S042_00394,10,2,0.2
warehouse_measurement:session:s042_00395:d4fc7ea5acb6,session,warehouse_measurement,S042_00395,synnetqos,session_id,S042_00395,S042_00395,10,9,0.9
warehouse_measurement:session:s042_00396:9ff642278b48,session,warehouse_measurement,S042_00396,synnetqos,session_id,S042_00396,S042_00396,10,1,0.1
warehouse_measurement:session:s042_00397:c5d3dc73d0b1,session,warehouse_measurement,S042_00397,synnetqos,session_id,S042_00397,S042_00397,10,0,0.0
warehouse_measurement:session:s042_00398:5ea0b09045cf,session,warehouse_measurement,S042_00398,synnetqos,session_id,S042_00398,S042_00398,10,2,0.2
warehouse_measurement:session:s042_00399:513fc19ea58f,session,warehouse_measurement,S042_00399,synnetqos,session_id,S042_00399,S042_00399,10,6,0.6
warehouse_measurement:session:s042_00400:1bd2b2b35f45,session,warehouse_measurement,S042_00400,synnetqos,session_id,S042_00400,S042_00400,10,5,0.5
warehouse_measurement:session:s042_00401:69faac19f4bf,session,warehouse_measurement,S042_00401,synnetqos,session_id,S042_00401,S042_00401,10,4,0.4
warehouse_measurement:session:s042_00402:8c2b7b67dbce,session,warehouse_measurement,S042_00402,synnetqos,session_id,S042_00402,S042_00402,10,0,0.0
warehouse_measurement:session:s042_00403:3d903fc0ccd4,session,warehouse_measurement,S042_00403,synnetqos,session_id,S042_00403,S042_00403,10,7,0.7
warehouse_measurement:session:s042_00404:b64b2d442394,session,warehouse_measurement,S042_00404,synnetqos,session_id,S042_00404,S042_00404,10,6,0.6
warehouse_measurement:session:s042_00405:bfddc987861a,session,warehouse_measurement,S042_00405,synnetqos,session_id,S042_00405,S042_00405,10,1,0.1
warehouse_measurement:session:s042_00406:140ac015632a,session,warehouse_measurement,S042_00406,synnetqos,session_id,S042_00406,S042_00406,10,8,0.8
warehouse_measurement:session:s042_00407:b3ee0dd59d80,session,warehouse_measurement,S042_00407,synnetqos,session_id,S042_00407,S042_00407,10,1,0.1
warehouse_measurement:session:s042_00408:0ef4d280ee29,session,warehouse_measurement,S042_00408,synnetqos,session_id,S042_00408,S042_00408,10,5,0.5
warehouse_measurement:session:s042_00409:5f6df7c154de,session,warehouse_measurement,S042_00409,synnetqos,session_id,S042_00409,S042_00409,10,7,0.7
warehouse_measurement:session:s042_00410:d8cb7712ae6e,session,warehouse_measurement,S042_00410,synnetqos,session_id,S042_00410,S042_00410,10,8,0.8
warehouse_measurement:session:s042_00411:06ae2d9559e6,session,warehouse_measurement,S042_00411,synnetqos,session_id,S042_00411,S042_00411,10,6,0.6
warehouse_measurement:session:s042_00412:2aee432e5027,session,warehouse_measurement,S042_00412,synnetqos,session_id,S042_00412,S042_00412,10,3,0.3
warehouse_measurement:session:s042_00413:c2d46dd95742,session,warehouse_measurement,S042_00413,synnetqos,session_id,S042_00413,S042_00413,10,2,0.2
warehouse_measurement:session:s042_00414:29bd02f073e7,session,warehouse_measurement,S042_00414,synnetqos,session_id,S042_00414,S042_00414,10,2,0.2
warehouse_measurement:session:s042_00415:74cbea549093,session,warehouse_measurement,S042_00415,synnetqos,session_id,S042_00415,S042_00415,10,7,0.7
warehouse_measurement:session:s042_00416:c0e6e2b09e0b,session,warehouse_measurement,S042_00416,synnetqos,session_id,S042_00416,S042_00416,10,1,0.1
warehouse_measurement:session:s042_00417:1bfa9c994a55,session,warehouse_measurement,S042_00417,synnetqos,session_id,S042_00417,S042_00417,10,3,0.3
warehouse_measurement:session:s042_00418:a0de23bd98e3,session,warehouse_measurement,S042_00418,synnetqos,session_id,S042_00418,S042_00418,10,1,0.1
warehouse_measurement:session:s042_00419:b1aeb8d2ac93,session,warehouse_measurement,S042_00419,synnetqos,session_id,S042_00419,S042_00419,10,4,0.4
warehouse_measurement:session:s042_00420:7b1b51b9c024,session,warehouse_measurement,S042_00420,synnetqos,session_id,S042_00420,S042_00420,10,2,0.2
warehouse_measurement:session:s042_00421:66c7b87197d8,session,warehouse_measurement,S042_00421,synnetqos,session_id,S042_00421,S042_00421,10,9,0.9
warehouse_measurement:session:s042_00422:7ca4a74c7977,session,warehouse_measurement,S042_00422,synnetqos,session_id,S042_00422,S042_00422,10,5,0.5
warehouse_measurement:session:s042_00423:5e6e66bfa497,session,warehouse_measurement,S042_00423,synnetqos,session_id,S042_00423,S042_00423,10,8,0.8
warehouse_measurement:session:s042_00424:a4cd952037fa,session,warehouse_measurement,S042_00424,synnetqos,session_id,S042_00424,S042_00424,10,0,0.0
warehouse_measurement:session:s042_00425:6e76ae80705c,session,warehouse_measurement,S042_00425,synnetqos,session_id,S042_00425,S042_00425,10,2,0.2
warehouse_measurement:session:s042_00426:913aeda8c3d7,session,warehouse_measurement,S042_00426,synnetqos,session_id,S042_00426,S042_00426,10,3,0.3
warehouse_measurement:session:s042_00427:0620899e02eb,session,warehouse_measurement,S042_00427,synnetqos,session_id,S042_00427,S042_00427,10,8,0.8
warehouse_measurement:session:s042_00428:06d5a79ea121,session,warehouse_measurement,S042_00428,synnetqos,session_id,S042_00428,S042_00428,10,7,0.7
warehouse_measurement:session:s042_00429:0ceac9d98732,session,warehouse_measurement,S042_00429,synnetqos,session_id,S042_00429,S042_00429,10,3,0.3
warehouse_measurement:session:s042_00430:5819cf382ab7,session,warehouse_measurement,S042_00430,synnetqos,session_id,S042_00430,S042_00430,10,9,0.9
warehouse_measurement:session:s042_00431:5c7e51de0f63,session,warehouse_measurement,S042_00431,synnetqos,session_id,S042_00431,S042_00431,10,10,1.0
warehouse_measurement:session:s042_00432:ddf17c6cae29,session,warehouse_measurement,S042_00432,synnetqos,session_id,S042_00432,S042_00432,10,7,0.7
warehouse_measurement:session:s042_00433:808a10c5b3f8,session,warehouse_measurement,S042_00433,synnetqos,session_id,S042_00433,S042_00433,10,10,1.0
warehouse_measurement:session:s042_00434:e56bafa6d0a5,session,warehouse_measurement,S042_00434,synnetqos,session_id,S042_00434,S042_00434,10,1,0.1
warehouse_measurement:session:s042_00435:65df255b7650,session,warehouse_measurement,S042_00435,synnetqos,session_id,S042_00435,S042_00435,10,7,0.7
warehouse_measurement:session:s042_00436:00b142c65056,session,warehouse_measurement,S042_00436,synnetqos,session_id,S042_00436,S042_00436,10,10,1.0
warehouse_measurement:session:s042_00437:4b4429bcfda8,session,warehouse_measurement,S042_00437,synnetqos,session_id,S042_00437,S042_00437,10,0,0.0
warehouse_measurement:session:s042_00438:35c062da517d,session,warehouse_measurement,S042_00438,synnetqos,session_id,S042_00438,S042_00438,10,5,0.5
warehouse_measurement:session:s042_00439:dfbd9d9fdb25,session,warehouse_measurement,S042_00439,synnetqos,session_id,S042_00439,S042_00439,10,8,0.8
warehouse_measurement:session:s042_00440:63851f574056,session,warehouse_measurement,S042_00440,synnetqos,session_id,S042_00440,S042_00440,10,0,0.0
warehouse_measurement:session:s042_00441:e5a9913a1fb3,session,warehouse_measurement,S042_00441,synnetqos,session_id,S042_00441,S042_00441,10,0,0.0
warehouse_measurement:session:s042_00442:d10e46ddfc14,session,warehouse_measurement,S042_00442,synnetqos,session_id,S042_00442,S042_00442,10,9,0.9
warehouse_measurement:session:s042_00443:c51b0b6c2725,session,warehouse_measurement,S042_00443,synnetqos,session_id,S042_00443,S042_00443,10,6,0.6
warehouse_measurement:session:s042_00444:1f119e9673b0,session,warehouse_measurement,S042_00444,synnetqos,session_id,S042_00444,S042_00444,10,10,1.0
warehouse_measurement:session:s042_00445:463ce6b44218,session,warehouse_measurement,S042_00445,synnetqos,session_id,S042_00445,S042_00445,10,3,0.3
warehouse_measurement:session:s042_00446:da6bc355f2fb,session,warehouse_measurement,S042_00446,synnetqos,session_id,S042_00446,S042_00446,10,7,0.7
warehouse_measurement:session:s042_00447:0219c485b6db,session,warehouse_measurement,S042_00447,synnetqos,session_id,S042_00447,S042_00447,10,4,0.4
warehouse_measurement:session:s042_00448:8281fadae525,session,warehouse_measurement,S042_00448,synnetqos,session_id,S042_00448,S042_00448,10,10,1.0
warehouse_measurement:session:s042_00449:841fca260681,session,warehouse_measurement,S042_00449,synnetqos,session_id,S042_00449,S042_00449,10,8,0.8
warehouse_measurement:session:s042_00450:884a69791a38,session,warehouse_measurement,S042_00450,synnetqos,session_id,S042_00450,S042_00450,10,5,0.5
warehouse_measurement:session:s042_00451:e98f7fbff2ed,session,warehouse_measurement,S042_00451,synnetqos,session_id,S042_00451,S042_00451,10,4,0.4
warehouse_measurement:session:s042_00452:8fef4063b986,session,warehouse_measurement,S042_00452,synnetqos,session_id,S042_00452,S042_00452,10,9,0.9
warehouse_measurement:session:s042_00453:47556d4f8f1b,session,warehouse_measurement,S042_00453,synnetqos,session_id,S042_00453,S042_00453,10,10,1.0
warehouse_measurement:session:s042_00454:63e80ffcc272,session,warehouse_measurement,S042_00454,synnetqos,session_id,S042_00454,S042_00454,10,8,0.8
warehouse_measurement:session:s042_00455:c9f55f8c42c6,session,warehouse_measurement,S042_00455,synnetqos,session_id,S042_00455,S042_00455,10,4,0.4
warehouse_measurement:session:s042_00456:ec33e43c7314,session,warehouse_measurement,S042_00456,synnetqos,session_id,S042_00456,S042_00456,10,0,0.0
warehouse_measurement:session:s042_00457:74624af39fe3,session,warehouse_measurement,S042_00457,synnetqos,session_id,S042_00457,S042_00457,10,0,0.0
warehouse_measurement:session:s042_00458:afa70873d76f,session,warehouse_measurement,S042_00458,synnetqos,session_id,S042_00458,S042_00458,10,3,0.3
warehouse_measurement:session:s042_00459:381ddcd4be7e,session,warehouse_measurement,S042_00459,synnetqos,session_id,S042_00459,S042_00459,10,5,0.5
warehouse_measurement:session:s042_00460:e52a30620006,session,warehouse_measurement,S042_00460,synnetqos,session_id,S042_00460,S042_00460,10,6,0.6
warehouse_measurement:session:s042_00461:4eb98aacb0df,session,warehouse_measurement,S042_00461,synnetqos,session_id,S042_00461,S042_00461,10,0,0.0
warehouse_measurement:session:s042_00462:289db67aae04,session,warehouse_measurement,S042_00462,synnetqos,session_id,S042_00462,S042_00462,10,4,0.4
warehouse_measurement:session:s042_00463:eee6798e48dc,session,warehouse_measurement,S042_00463,synnetqos,session_id,S042_00463,S042_00463,10,0,0.0
warehouse_measurement:session:s042_00464:d367cc8f0c21,session,warehouse_measurement,S042_00464,synnetqos,session_id,S042_00464,S042_00464,10,2,0.2
warehouse_measurement:session:s042_00465:ad6e1bf289b9,session,warehouse_measurement,S042_00465,synnetqos,session_id,S042_00465,S042_00465,10,9,0.9
warehouse_measurement:session:s042_00466:fd270d5231f5,session,warehouse_measurement,S042_00466,synnetqos,session_id,S042_00466,S042_00466,10,10,1.0
warehouse_measurement:session:s042_00467:ffcff6cae705,session,warehouse_measurement,S042_00467,synnetqos,session_id,S042_00467,S042_00467,10,10,1.0
warehouse_measurement:session:s042_00468:00c381d6814f,session,warehouse_measurement,S042_00468,synnetqos,session_id,S042_00468,S042_00468,10,3,0.3
warehouse_measurement:session:s042_00469:5455ffb4439f,session,warehouse_measurement,S042_00469,synnetqos,session_id,S042_00469,S042_00469,10,10,1.0
warehouse_measurement:session:s042_00470:72a29e4dbbcc,session,warehouse_measurement,S042_00470,synnetqos,session_id,S042_00470,S042_00470,10,8,0.8
warehouse_measurement:session:s042_00471:c2c642f07357,session,warehouse_measurement,S042_00471,synnetqos,session_id,S042_00471,S042_00471,10,4,0.4
warehouse_measurement:session:s042_00472:ce19032aa080,session,warehouse_measurement,S042_00472,synnetqos,session_id,S042_00472,S042_00472,10,0,0.0
warehouse_measurement:session:s042_00473:7686df69007a,session,warehouse_measurement,S042_00473,synnetqos,session_id,S042_00473,S042_00473,10,1,0.1
warehouse_measurement:session:s042_00474:ee9c461dd40d,session,warehouse_measurement,S042_00474,synnetqos,session_id,S042_00474,S042_00474,10,9,0.9
warehouse_measurement:session:s042_00475:bdc8d402dfd9,session,warehouse_measurement,S042_00475,synnetqos,session_id,S042_00475,S042_00475,10,3,0.3
warehouse_measurement:session:s042_00476:1dc4c0f22dab,session,warehouse_measurement,S042_00476,synnetqos,session_id,S042_00476,S042_00476,10,3,0.3
warehouse_measurement:session:s042_00477:b5ea8b4f755a,session,warehouse_measurement,S042_00477,synnetqos,session_id,S042_00477,S042_00477,10,6,0.6
warehouse_measurement:session:s042_00478:693c6be94484,session,warehouse_measurement,S042_00478,synnetqos,session_id,S042_00478,S042_00478,10,9,0.9
warehouse_measurement:session:s042_00479:5c1d36623ed1,session,warehouse_measurement,S042_00479,synnetqos,session_id,S042_00479,S042_00479,10,8,0.8
warehouse_measurement:session:s042_00480:dc93488d30b2,session,warehouse_measurement,S042_00480,synnetqos,session_id,S042_00480,S042_00480,10,9,0.9
warehouse_measurement:session:s042_00481:cb927d19703d,session,warehouse_measurement,S042_00481,synnetqos,session_id,S042_00481,S042_00481,10,10,1.0
warehouse_measurement:session:s042_00482:669c7eb28e15,session,warehouse_measurement,S042_00482,synnetqos,session_id,S042_00482,S042_00482,10,4,0.4
warehouse_measurement:session:s042_00483:b33239fabd2b,session,warehouse_measurement,S042_00483,synnetqos,session_id,S042_00483,S042_00483,10,8,0.8
warehouse_measurement:session:s042_00484:27fb4b3c0420,session,warehouse_measurement,S042_00484,synnetqos,session_id,S042_00484,S042_00484,10,10,1.0
warehouse_measurement:session:s042_00485:48a1905a109b,session,warehouse_measurement,S042_00485,synnetqos,session_id,S042_00485,S042_00485,10,1,0.1
warehouse_measurement:session:s042_00486:c98223378646,session,warehouse_measurement,S042_00486,synnetqos,session_id,S042_00486,S042_00486,10,6,0.6
warehouse_measurement:session:s042_00487:67cd9a7279b9,session,warehouse_measurement,S042_00487,synnetqos,session_id,S042_00487,S042_00487,10,7,0.7
warehouse_measurement:session:s042_00488:a1ba9f191670,session,warehouse_measurement,S042_00488,synnetqos,session_id,S042_00488,S042_00488,10,1,0.1
warehouse_measurement:session:s042_00489:3647bf82a957,session,warehouse_measurement,S042_00489,synnetqos,session_id,S042_00489,S042_00489,10,9,0.9
warehouse_measurement:session:s042_00490:6dcf3261b988,session,warehouse_measurement,S042_00490,synnetqos,session_id,S042_00490,S042_00490,10,9,0.9
warehouse_measurement:session:s042_00491:1c6f43d33a94,session,warehouse_measurement,S042_00491,synnetqos,session_id,S042_00491,S042_00491,10,5,0.5
warehouse_measurement:session:s042_00492:b80e2dcdaa1d,session,warehouse_measurement,S042_00492,synnetqos,session_id,S042_00492,S042_00492,10,2,0.2
warehouse_measurement:session:s042_00493:bd581aa7bd30,session,warehouse_measurement,S042_00493,synnetqos,session_id,S042_00493,S042_00493,10,2,0.2
warehouse_measurement:session:s042_00494:a1b8dc86c034,session,warehouse_measurement,S042_00494,synnetqos,session_id,S042_00494,S042_00494,10,9,0.9
warehouse_measurement:session:s042_00495:ba18a69618db,session,warehouse_measurement,S042_00495,synnetqos,session_id,S042_00495,S042_00495,10,8,0.8
warehouse_measurement:session:s042_00496:d5df94740260,session,warehouse_measurement,S042_00496,synnetqos,session_id,S042_00496,S042_00496,10,9,0.9
warehouse_measurement:session:s042_00497:f3ed2a858ed1,session,warehouse_measurement,S042_00497,synnetqos,session_id,S042_00497,S042_00497,10,9,0.9
warehouse_measurement:session:s042_00498:4a1fa59e2edd,session,warehouse_measurement,S042_00498,synnetqos,session_id,S042_00498,S042_00498,10,6,0.6
warehouse_measurement:session:s042_00499:5f37344634a7,session,warehouse_measurement,S042_00499,synnetqos,session_id,S042_00499,S042_00499,10,4,0.4
warehouse_measurement:session:s042_00500:811d39c6223a,session,warehouse_measurement,S042_00500,synnetqos,session_id,S042_00500,S042_00500,10,2,0.2
warehouse_measurement:session:s042_00501:420eb26c5ca0,session,warehouse_measurement,S042_00501,synnetqos,session_id,S042_00501,S042_00501,10,3,0.3
warehouse_measurement:session:s042_00502:014638f98ff5,session,warehouse_measurement,S042_00502,synnetqos,session_id,S042_00502,S042_00502,10,1,0.1
warehouse_measurement:session:s042_00503:2860edeae79f,session,warehouse_measurement,S042_00503,synnetqos,session_id,S042_00503,S042_00503,10,1,0.1
warehouse_measurement:session:s042_00504:4bfb0f344a7f,session,warehouse_measurement,S042_00504,synnetqos,session_id,S042_00504,S042_00504,10,0,0.0
warehouse_measurement:session:s042_00505:9e779b346710,session,warehouse_measurement,S042_00505,synnetqos,session_id,S042_00505,S042_00505,10,9,0.9
warehouse_measurement:session:s042_00506:b355c1fcfa9d,session,warehouse_measurement,S042_00506,synnetqos,session_id,S042_00506,S042_00506,10,0,0.0
warehouse_measurement:session:s042_00507:492cb85e95ad,session,warehouse_measurement,S042_00507,synnetqos,session_id,S042_00507,S042_00507,10,8,0.8
warehouse_measurement:session:s042_00508:89a20b527da4,session,warehouse_measurement,S042_00508,synnetqos,session_id,S042_00508,S042_00508,10,8,0.8
warehouse_measurement:session:s042_00509:7385b14033d6,session,warehouse_measurement,S042_00509,synnetqos,session_id,S042_00509,S042_00509,10,1,0.1
warehouse_measurement:session:s042_00510:36be5306f0f4,session,warehouse_measurement,S042_00510,synnetqos,session_id,S042_00510,S042_00510,10,9,0.9
warehouse_measurement:session:s042_00511:d8a715cd1af4,session,warehouse_measurement,S042_00511,synnetqos,session_id,S042_00511,S042_00511,10,1,0.1
warehouse_measurement:session:s042_00512:a9804c46da51,session,warehouse_measurement,S042_00512,synnetqos,session_id,S042_00512,S042_00512,10,10,1.0
warehouse_measurement:session:s042_00513:ed4816a98e04,session,warehouse_measurement,S042_00513,synnetqos,session_id,S042_00513,S042_00513,10,4,0.4
warehouse_measurement:session:s042_00514:87d706238e4f,session,warehouse_measurement,S042_00514,synnetqos,session_id,S042_00514,S042_00514,10,9,0.9
warehouse_measurement:session:s042_00515:e53e20ba952a,session,warehouse_measurement,S042_00515,synnetqos,session_id,S042_00515,S042_00515,10,0,0.0
warehouse_measurement:session:s042_00516:cefc7b564453,session,warehouse_measurement,S042_00516,synnetqos,session_id,S042_00516,S042_00516,10,7,0.7
warehouse_measurement:session:s042_00517:c3919f7abade,session,warehouse_measurement,S042_00517,synnetqos,session_id,S042_00517,S042_00517,10,0,0.0
warehouse_measurement:session:s042_00518:ba3a94889528,session,warehouse_measurement,S042_00518,synnetqos,session_id,S042_00518,S042_00518,10,3,0.3
warehouse_measurement:session:s042_00519:888881664c6d,session,warehouse_measurement,S042_00519,synnetqos,session_id,S042_00519,S042_00519,10,10,1.0
warehouse_measurement:session:s042_00520:c82f57fc8227,session,warehouse_measurement,S042_00520,synnetqos,session_id,S042_00520,S042_00520,10,2,0.2
warehouse_measurement:session:s042_00521:9807b4952046,session,warehouse_measurement,S042_00521,synnetqos,session_id,S042_00521,S042_00521,10,8,0.8
warehouse_measurement:session:s042_00522:c70eb4db65d6,session,warehouse_measurement,S042_00522,synnetqos,session_id,S042_00522,S042_00522,10,3,0.3
warehouse_measurement:session:s042_00523:31508f47879c,session,warehouse_measurement,S042_00523,synnetqos,session_id,S042_00523,S042_00523,10,1,0.1
warehouse_measurement:session:s042_00524:d25d50b9d62b,session,warehouse_measurement,S042_00524,synnetqos,session_id,S042_00524,S042_00524,10,3,0.3
warehouse_measurement:session:s042_00525:a1e9c0e68f94,session,warehouse_measurement,S042_00525,synnetqos,session_id,S042_00525,S042_00525,10,4,0.4
warehouse_measurement:session:s042_00526:cecd6e0ec2fe,session,warehouse_measurement,S042_00526,synnetqos,session_id,S042_00526,S042_00526,10,6,0.6
warehouse_measurement:session:s042_00527:070917772ee2,session,warehouse_measurement,S042_00527,synnetqos,session_id,S042_00527,S042_00527,10,8,0.8
warehouse_measurement:session:s042_00528:7f36141e1df7,session,warehouse_measurement,S042_00528,synnetqos,session_id,S042_00528,S042_00528,10,3,0.3
warehouse_measurement:session:s042_00529:7bdbd33aadce,session,warehouse_measurement,S042_00529,synnetqos,session_id,S042_00529,S042_00529,10,6,0.6
warehouse_measurement:session:s042_00530:128061910b20,session,warehouse_measurement,S042_00530,synnetqos,session_id,S042_00530,S042_00530,10,5,0.5
warehouse_measurement:session:s042_00531:2f6ad3463af3,session,warehouse_measurement,S042_00531,synnetqos,session_id,S042_00531,S042_00531,10,2,0.2
warehouse_measurement:session:s042_00532:befcf0132cc0,session,warehouse_measurement,S042_00532,synnetqos,session_id,S042_00532,S042_00532,10,3,0.3
warehouse_measurement:session:s042_00533:fb3934c57a98,session,warehouse_measurement,S042_00533,synnetqos,session_id,S042_00533,S042_00533,10,2,0.2
warehouse_measurement:session:s042_00534:725af79dee55,session,warehouse_measurement,S042_00534,synnetqos,session_id,S042_00534,S042_00534,10,1,0.1
warehouse_measurement:session:s042_00535:5956343e7378,session,warehouse_measurement,S042_00535,synnetqos,session_id,S042_00535,S042_00535,10,10,1.0
warehouse_measurement:session:s042_00536:dd008dc9d16c,session,warehouse_measurement,S042_00536,synnetqos,session_id,S042_00536,S042_00536,10,1,0.1
warehouse_measurement:session:s042_00537:68789a4f9467,session,warehouse_measurement,S042_00537,synnetqos,session_id,S042_00537,S042_00537,10,10,1.0
warehouse_measurement:session:s042_00538:578d6158ea4c,session,warehouse_measurement,S042_00538,synnetqos,session_id,S042_00538,S042_00538,10,7,0.7
warehouse_measurement:session:s042_00539:2ca0cabe5a45,session,warehouse_measurement,S042_00539,synnetqos,session_id,S042_00539,S042_00539,10,5,0.5
warehouse_measurement:session:s042_00540:0c750016ab57,session,warehouse_measurement,S042_00540,synnetqos,session_id,S042_00540,S042_00540,10,10,1.0
warehouse_measurement:session:s042_00541:5d3d1ca0702d,session,warehouse_measurement,S042_00541,synnetqos,session_id,S042_00541,S042_00541,10,10,1.0
warehouse_measurement:session:s042_00542:60c1d0c8aec3,session,warehouse_measurement,S042_00542,synnetqos,session_id,S042_00542,S042_00542,10,2,0.2
warehouse_measurement:session:s042_00543:c98bb5604ffb,session,warehouse_measurement,S042_00543,synnetqos,session_id,S042_00543,S042_00543,10,7,0.7
warehouse_measurement:session:s042_00544:b677de25a6b6,session,warehouse_measurement,S042_00544,synnetqos,session_id,S042_00544,S042_00544,10,10,1.0
warehouse_measurement:session:s042_00545:252135218ed9,session,warehouse_measurement,S042_00545,synnetqos,session_id,S042_00545,S042_00545,10,9,0.9
warehouse_measurement:session:s042_00546:d729e0945afa,session,warehouse_measurement,S042_00546,synnetqos,session_id,S042_00546,S042_00546,10,1,0.1
warehouse_measurement:session:s042_00547:2f0f4e749cbb,session,warehouse_measurement,S042_00547,synnetqos,session_id,S042_00547,S042_00547,10,10,1.0
warehouse_measurement:session:s042_00548:2dc02b4205ac,session,warehouse_measurement,S042_00548,synnetqos,session_id,S042_00548,S042_00548,10,2,0.2
warehouse_measurement:session:s042_00549:723a03caee9f,session,warehouse_measurement,S042_00549,synnetqos,session_id,S042_00549,S042_00549,10,3,0.3
warehouse_measurement:session:s042_00550:147ce717804c,session,warehouse_measurement,S042_00550,synnetqos,session_id,S042_00550,S042_00550,10,1,0.1
warehouse_measurement:session:s042_00551:d229c02328ce,session,warehouse_measurement,S042_00551,synnetqos,session_id,S042_00551,S042_00551,10,3,0.3
warehouse_measurement:session:s042_00552:b7f9defef299,session,warehouse_measurement,S042_00552,synnetqos,session_id,S042_00552,S042_00552,10,2,0.2
warehouse_measurement:session:s042_00553:39265bcf7960,session,warehouse_measurement,S042_00553,synnetqos,session_id,S042_00553,S042_00553,10,7,0.7
warehouse_measurement:session:s042_00554:5459b5eeef2a,session,warehouse_measurement,S042_00554,synnetqos,session_id,S042_00554,S042_00554,10,6,0.6
warehouse_measurement:session:s042_00555:51af05d91199,session,warehouse_measurement,S042_00555,synnetqos,session_id,S042_00555,S042_00555,10,7,0.7
warehouse_measurement:session:s042_00556:dc8d0c65f8c8,session,warehouse_measurement,S042_00556,synnetqos,session_id,S042_00556,S042_00556,10,8,0.8
warehouse_measurement:session:s042_00557:e9b88328d7d7,session,warehouse_measurement,S042_00557,synnetqos,session_id,S042_00557,S042_00557,10,7,0.7
warehouse_measurement:session:s042_00558:fe6fdd5cceaf,session,warehouse_measurement,S042_00558,synnetqos,session_id,S042_00558,S042_00558,10,9,0.9
warehouse_measurement:session:s042_00559:9f5d69697a89,session,warehouse_measurement,S042_00559,synnetqos,session_id,S042_00559,S042_00559,10,10,1.0
warehouse_measurement:session:s042_00560:5c6bc101d49f,session,warehouse_measurement,S042_00560,synnetqos,session_id,S042_00560,S042_00560,10,3,0.3
warehouse_measurement:session:s042_00561:9d94c7212435,session,warehouse_measurement,S042_00561,synnetqos,session_id,S042_00561,S042_00561,10,9,0.9
warehouse_measurement:session:s042_00562:8b23c7a553ff,session,warehouse_measurement,S042_00562,synnetqos,session_id,S042_00562,S042_00562,10,6,0.6
warehouse_measurement:session:s042_00563:fd31293d874f,session,warehouse_measurement,S042_00563,synnetqos,session_id,S042_00563,S042_00563,10,10,1.0
warehouse_measurement:session:s042_00564:6a762858b140,session,warehouse_measurement,S042_00564,synnetqos,session_id,S042_00564,S042_00564,10,9,0.9
warehouse_measurement:session:s042_00565:803d3ed590ca,session,warehouse_measurement,S042_00565,synnetqos,session_id,S042_00565,S042_00565,10,9,0.9
warehouse_measurement:session:s042_00566:5c802cdeec1c,session,warehouse_measurement,S042_00566,synnetqos,session_id,S042_00566,S042_00566,10,5,0.5
warehouse_measurement:session:s042_00567:aa12f77830ba,session,warehouse_measurement,S042_00567,synnetqos,session_id,S042_00567,S042_00567,10,5,0.5
warehouse_measurement:session:s042_00568:121397d472eb,session,warehouse_measurement,S042_00568,synnetqos,session_id,S042_00568,S042_00568,10,4,0.4
warehouse_measurement:session:s042_00569:319c6b18d609,session,warehouse_measurement,S042_00569,synnetqos,session_id,S042_00569,S042_00569,10,1,0.1
warehouse_measurement:session:s042_00570:887c63a62da5,session,warehouse_measurement,S042_00570,synnetqos,session_id,S042_00570,S042_00570,10,8,0.8
warehouse_measurement:session:s042_00571:04f03b3a1139,session,warehouse_measurement,S042_00571,synnetqos,session_id,S042_00571,S042_00571,10,6,0.6
warehouse_measurement:session:s042_00572:6d599cd1919f,session,warehouse_measurement,S042_00572,synnetqos,session_id,S042_00572,S042_00572,10,9,0.9
warehouse_measurement:session:s042_00573:46d6ed5d6b73,session,warehouse_measurement,S042_00573,synnetqos,session_id,S042_00573,S042_00573,10,9,0.9
warehouse_measurement:session:s042_00574:7bd2614e69cb,session,warehouse_measurement,S042_00574,synnetqos,session_id,S042_00574,S042_00574,10,3,0.3
warehouse_measurement:session:s042_00575:ce427bca7e5d,session,warehouse_measurement,S042_00575,synnetqos,session_id,S042_00575,S042_00575,10,1,0.1
warehouse_measurement:session:s042_00576:5a6dd95a2521,session,warehouse_measurement,S042_00576,synnetqos,session_id,S042_00576,S042_00576,10,0,0.0
warehouse_measurement:session:s042_00577:01666215b420,session,warehouse_measurement,S042_00577,synnetqos,session_id,S042_00577,S042_00577,10,7,0.7
warehouse_measurement:session:s042_00578:562cdb1e8178,session,warehouse_measurement,S042_00578,synnetqos,session_id,S042_00578,S042_00578,10,2,0.2
warehouse_measurement:session:s042_00579:b69e5153f0e4,session,warehouse_measurement,S042_00579,synnetqos,session_id,S042_00579,S042_00579,10,6,0.6
warehouse_measurement:session:s042_00580:c422def62827,session,warehouse_measurement,S042_00580,synnetqos,session_id,S042_00580,S042_00580,10,4,0.4
warehouse_measurement:session:s042_00581:2a8b6968c503,session,warehouse_measurement,S042_00581,synnetqos,session_id,S042_00581,S042_00581,10,6,0.6
warehouse_measurement:session:s042_00582:4424a20aca6c,session,warehouse_measurement,S042_00582,synnetqos,session_id,S042_00582,S042_00582,10,7,0.7
warehouse_measurement:session:s042_00583:5f478d00c9df,session,warehouse_measurement,S042_00583,synnetqos,session_id,S042_00583,S042_00583,10,4,0.4
warehouse_measurement:session:s042_00584:7bbb7ce68f04,session,warehouse_measurement,S042_00584,synnetqos,session_id,S042_00584,S042_00584,10,3,0.3
warehouse_measurement:session:s042_00585:7b2c0dc00657,session,warehouse_measurement,S042_00585,synnetqos,session_id,S042_00585,S042_00585,10,9,0.9
warehouse_measurement:session:s042_00586:388bace63ccf,session,warehouse_measurement,S042_00586,synnetqos,session_id,S042_00586,S042_00586,10,4,0.4
warehouse_measurement:session:s042_00587:0a8e15fb889a,session,warehouse_measurement,S042_00587,synnetqos,session_id,S042_00587,S042_00587,10,3,0.3
warehouse_measurement:session:s042_00588:8445c30bf47b,session,warehouse_measurement,S042_00588,synnetqos,session_id,S042_00588,S042_00588,10,9,0.9
warehouse_measurement:session:s042_00589:d66222d5e186,session,warehouse_measurement,S042_00589,synnetqos,session_id,S042_00589,S042_00589,10,2,0.2
warehouse_measurement:session:s042_00590:1fd30020527f,session,warehouse_measurement,S042_00590,synnetqos,session_id,S042_00590,S042_00590,10,10,1.0
warehouse_measurement:session:s042_00591:5defa4fad5cc,session,warehouse_measurement,S042_00591,synnetqos,session_id,S042_00591,S042_00591,10,9,0.9
warehouse_measurement:session:s042_00592:a2b754f5e728,session,warehouse_measurement,S042_00592,synnetqos,session_id,S042_00592,S042_00592,10,4,0.4
warehouse_measurement:session:s042_00593:dc9bdd795943,session,warehouse_measurement,S042_00593,synnetqos,session_id,S042_00593,S042_00593,10,1,0.1
warehouse_measurement:session:s042_00594:edefbb9f6658,session,warehouse_measurement,S042_00594,synnetqos,session_id,S042_00594,S042_00594,10,6,0.6
warehouse_measurement:session:s042_00595:381881a36494,session,warehouse_measurement,S042_00595,synnetqos,session_id,S042_00595,S042_00595,10,2,0.2
warehouse_measurement:session:s042_00596:f60196582bbd,session,warehouse_measurement,S042_00596,synnetqos,session_id,S042_00596,S042_00596,10,2,0.2
warehouse_measurement:session:s042_00597:bddf79e6dd83,session,warehouse_measurement,S042_00597,synnetqos,session_id,S042_00597,S042_00597,10,8,0.8
warehouse_measurement:session:s042_00598:38918fbca155,session,warehouse_measurement,S042_00598,synnetqos,session_id,S042_00598,S042_00598,10,9,0.9
warehouse_measurement:session:s042_00599:aa109b643279,session,warehouse_measurement,S042_00599,synnetqos,session_id,S042_00599,S042_00599,10,1,0.1
warehouse_measurement:session:s042_00600:5452e0497d9a,session,warehouse_measurement,S042_00600,synnetqos,session_id,S042_00600,S042_00600,10,9,0.9
warehouse_measurement:session:s042_00601:4cc6b6be84fc,session,warehouse_measurement,S042_00601,synnetqos,session_id,S042_00601,S042_00601,10,0,0.0
warehouse_measurement:session:s042_00602:fd0ad72020ff,session,warehouse_measurement,S042_00602,synnetqos,session_id,S042_00602,S042_00602,10,0,0.0
warehouse_measurement:session:s042_00603:d7d39bfde944,session,warehouse_measurement,S042_00603,synnetqos,session_id,S042_00603,S042_00603,10,3,0.3
warehouse_measurement:session:s042_00604:5e3bd3777a72,session,warehouse_measurement,S042_00604,synnetqos,session_id,S042_00604,S042_00604,10,3,0.3
warehouse_measurement:session:s042_00605:290522b62cca,session,warehouse_measurement,S042_00605,synnetqos,session_id,S042_00605,S042_00605,10,9,0.9
warehouse_measurement:session:s042_00606:4ba6ef11c3ff,session,warehouse_measurement,S042_00606,synnetqos,session_id,S042_00606,S042_00606,10,6,0.6
warehouse_measurement:session:s042_00607:f86a61529075,session,warehouse_measurement,S042_00607,synnetqos,session_id,S042_00607,S042_00607,10,7,0.7
warehouse_measurement:session:s042_00608:a051c7a59db0,session,warehouse_measurement,S042_00608,synnetqos,session_id,S042_00608,S042_00608,10,5,0.5
warehouse_measurement:session:s042_00609:1e754d9ad016,session,warehouse_measurement,S042_00609,synnetqos,session_id,S042_00609,S042_00609,10,2,0.2
warehouse_measurement:session:s042_00610:207e7ae8cc5b,session,warehouse_measurement,S042_00610,synnetqos,session_id,S042_00610,S042_00610,10,5,0.5
warehouse_measurement:session:s042_00611:32faa9a11ed4,session,warehouse_measurement,S042_00611,synnetqos,session_id,S042_00611,S042_00611,10,1,0.1
warehouse_measurement:session:s042_00612:65d5cb118cec,session,warehouse_measurement,S042_00612,synnetqos,session_id,S042_00612,S042_00612,10,9,0.9
warehouse_measurement:session:s042_00613:a5b1b704345e,session,warehouse_measurement,S042_00613,synnetqos,session_id,S042_00613,S042_00613,10,9,0.9
warehouse_measurement:session:s042_00614:da95a9dbbaf3,session,warehouse_measurement,S042_00614,synnetqos,session_id,S042_00614,S042_00614,10,10,1.0
warehouse_measurement:session:s042_00615:b8f1e1b116fa,session,warehouse_measurement,S042_00615,synnetqos,session_id,S042_00615,S042_00615,10,3,0.3
warehouse_measurement:session:s042_00616:1232bc733672,session,warehouse_measurement,S042_00616,synnetqos,session_id,S042_00616,S042_00616,10,2,0.2
warehouse_measurement:session:s042_00617:d1f1cbc8480d,session,warehouse_measurement,S042_00617,synnetqos,session_id,S042_00617,S042_00617,10,4,0.4
warehouse_measurement:session:s042_00618:6cdf95f2401c,session,warehouse_measurement,S042_00618,synnetqos,session_id,S042_00618,S042_00618,10,0,0.0
warehouse_measurement:session:s042_00619:c735c43da33b,session,warehouse_measurement,S042_00619,synnetqos,session_id,S042_00619,S042_00619,10,4,0.4
warehouse_measurement:session:s042_00620:081a1f006299,session,warehouse_measurement,S042_00620,synnetqos,session_id,S042_00620,S042_00620,10,2,0.2
warehouse_measurement:session:s042_00621:f73dcb97ef2f,session,warehouse_measurement,S042_00621,synnetqos,session_id,S042_00621,S042_00621,10,0,0.0
warehouse_measurement:session:s042_00622:a910649818ed,session,warehouse_measurement,S042_00622,synnetqos,session_id,S042_00622,S042_00622,10,8,0.8
warehouse_measurement:session:s042_00623:b8358aaa5b84,session,warehouse_measurement,S042_00623,synnetqos,session_id,S042_00623,S042_00623,10,9,0.9
warehouse_measurement:session:s042_00624:351ebd4a4363,session,warehouse_measurement,S042_00624,synnetqos,session_id,S042_00624,S042_00624,10,9,0.9
warehouse_measurement:session:s042_00625:17a95a271206,session,warehouse_measurement,S042_00625,synnetqos,session_id,S042_00625,S042_00625,10,5,0.5
warehouse_measurement:session:s042_00626:01bbd62a5a12,session,warehouse_measurement,S042_00626,synnetqos,session_id,S042_00626,S042_00626,10,8,0.8
warehouse_measurement:session:s042_00627:c2fc74d2a8ae,session,warehouse_measurement,S042_00627,synnetqos,session_id,S042_00627,S042_00627,10,3,0.3
warehouse_measurement:session:s042_00628:5e3475f49db1,session,warehouse_measurement,S042_00628,synnetqos,session_id,S042_00628,S042_00628,10,7,0.7
warehouse_measurement:session:s042_00629:69eea6e0d66b,session,warehouse_measurement,S042_00629,synnetqos,session_id,S042_00629,S042_00629,10,6,0.6
warehouse_measurement:session:s042_00630:3905c77cadef,session,warehouse_measurement,S042_00630,synnetqos,session_id,S042_00630,S042_00630,10,10,1.0
warehouse_measurement:session:s042_00631:bc13a1d579ee,session,warehouse_measurement,S042_00631,synnetqos,session_id,S042_00631,S042_00631,10,0,0.0
warehouse_measurement:session:s042_00632:a599a48ecad4,session,warehouse_measurement,S042_00632,synnetqos,session_id,S042_00632,S042_00632,10,2,0.2
warehouse_measurement:session:s042_00633:a95fe488d527,session,warehouse_measurement,S042_00633,synnetqos,session_id,S042_00633,S042_00633,10,4,0.4
warehouse_measurement:session:s042_00634:37d96ff98e8d,session,warehouse_measurement,S042_00634,synnetqos,session_id,S042_00634,S042_00634,10,2,0.2
warehouse_measurement:session:s042_00635:88b9abcbf6da,session,warehouse_measurement,S042_00635,synnetqos,session_id,S042_00635,S042_00635,10,9,0.9
warehouse_measurement:session:s042_00636:82a26f6c5fc5,session,warehouse_measurement,S042_00636,synnetqos,session_id,S042_00636,S042_00636,10,1,0.1
warehouse_measurement:session:s042_00637:427d87a26b9e,session,warehouse_measurement,S042_00637,synnetqos,session_id,S042_00637,S042_00637,10,2,0.2
warehouse_measurement:session:s042_00638:1ac49f5f8abb,session,warehouse_measurement,S042_00638,synnetqos,session_id,S042_00638,S042_00638,10,6,0.6
warehouse_measurement:session:s042_00639:9676e85c4e52,session,warehouse_measurement,S042_00639,synnetqos,session_id,S042_00639,S042_00639,10,2,0.2
warehouse_measurement:session:s042_00640:27b9da9fa538,session,warehouse_measurement,S042_00640,synnetqos,session_id,S042_00640,S042_00640,10,5,0.5
warehouse_measurement:session:s042_00641:784cc6a34999,session,warehouse_measurement,S042_00641,synnetqos,session_id,S042_00641,S042_00641,10,8,0.8
warehouse_measurement:session:s042_00642:186a2eb084da,session,warehouse_measurement,S042_00642,synnetqos,session_id,S042_00642,S042_00642,10,6,0.6
warehouse_measurement:session:s042_00643:e8fb9d616059,session,warehouse_measurement,S042_00643,synnetqos,session_id,S042_00643,S042_00643,10,1,0.1
warehouse_measurement:session:s042_00644:9db9cc050c44,session,warehouse_measurement,S042_00644,synnetqos,session_id,S042_00644,S042_00644,10,6,0.6
warehouse_measurement:session:s042_00645:3191d34ef848,session,warehouse_measurement,S042_00645,synnetqos,session_id,S042_00645,S042_00645,10,10,1.0
warehouse_measurement:session:s042_00646:911e215539ae,session,warehouse_measurement,S042_00646,synnetqos,session_id,S042_00646,S042_00646,10,3,0.3
warehouse_measurement:session:s042_00647:282e95bf0741,session,warehouse_measurement,S042_00647,synnetqos,session_id,S042_00647,S042_00647,10,8,0.8
warehouse_measurement:session:s042_00648:7ed59858fc88,session,warehouse_measurement,S042_00648,synnetqos,session_id,S042_00648,S042_00648,10,2,0.2
warehouse_measurement:session:s042_00649:d97135288a68,session,warehouse_measurement,S042_00649,synnetqos,session_id,S042_00649,S042_00649,10,7,0.7
warehouse_measurement:session:s042_00650:78938d739b8a,session,warehouse_measurement,S042_00650,synnetqos,session_id,S042_00650,S042_00650,10,4,0.4
warehouse_measurement:session:s042_00651:c7853a9a6993,session,warehouse_measurement,S042_00651,synnetqos,session_id,S042_00651,S042_00651,10,7,0.7
warehouse_measurement:session:s042_00652:ed30e7378b06,session,warehouse_measurement,S042_00652,synnetqos,session_id,S042_00652,S042_00652,10,2,0.2
warehouse_measurement:session:s042_00653:f587664ec46a,session,warehouse_measurement,S042_00653,synnetqos,session_id,S042_00653,S042_00653,10,6,0.6
warehouse_measurement:session:s042_00654:56b1ac0ca2d6,session,warehouse_measurement,S042_00654,synnetqos,session_id,S042_00654,S042_00654,10,10,1.0
warehouse_measurement:session:s042_00655:dd2948626b77,session,warehouse_measurement,S042_00655,synnetqos,session_id,S042_00655,S042_00655,10,10,1.0
warehouse_measurement:session:s042_00656:42058c8142e7,session,warehouse_measurement,S042_00656,synnetqos,session_id,S042_00656,S042_00656,10,9,0.9
warehouse_measurement:session:s042_00657:10ca9c673f6f,session,warehouse_measurement,S042_00657,synnetqos,session_id,S042_00657,S042_00657,10,10,1.0
warehouse_measurement:session:s042_00658:2fcc31c4e593,session,warehouse_measurement,S042_00658,synnetqos,session_id,S042_00658,S042_00658,10,2,0.2
warehouse_measurement:session:s042_00659:3f5890389614,session,warehouse_measurement,S042_00659,synnetqos,session_id,S042_00659,S042_00659,10,1,0.1
warehouse_measurement:session:s042_00660:f1b086f8b984,session,warehouse_measurement,S042_00660,synnetqos,session_id,S042_00660,S042_00660,10,6,0.6
warehouse_measurement:session:s042_00661:015df6cda7bb,session,warehouse_measurement,S042_00661,synnetqos,session_id,S042_00661,S042_00661,10,2,0.2
warehouse_measurement:session:s042_00662:f96ff0b3da3d,session,warehouse_measurement,S042_00662,synnetqos,session_id,S042_00662,S042_00662,10,6,0.6
warehouse_measurement:session:s042_00663:b65ba2ea977d,session,warehouse_measurement,S042_00663,synnetqos,session_id,S042_00663,S042_00663,10,0,0.0
warehouse_measurement:session:s042_00664:1ee1f033cbee,session,warehouse_measurement,S042_00664,synnetqos,session_id,S042_00664,S042_00664,10,1,0.1
warehouse_measurement:session:s042_00665:0e1b79aaf8f7,session,warehouse_measurement,S042_00665,synnetqos,session_id,S042_00665,S042_00665,10,4,0.4
warehouse_measurement:session:s042_00666:7ebc146af544,session,warehouse_measurement,S042_00666,synnetqos,session_id,S042_00666,S042_00666,10,7,0.7
warehouse_measurement:session:s042_00667:842993ebad9d,session,warehouse_measurement,S042_00667,synnetqos,session_id,S042_00667,S042_00667,10,4,0.4
warehouse_measurement:session:s042_00668:3bcb03330203,session,warehouse_measurement,S042_00668,synnetqos,session_id,S042_00668,S042_00668,10,4,0.4
warehouse_measurement:session:s042_00669:8f495a3028ea,session,warehouse_measurement,S042_00669,synnetqos,session_id,S042_00669,S042_00669,10,4,0.4
warehouse_measurement:session:s042_00670:cc41aa45f953,session,warehouse_measurement,S042_00670,synnetqos,session_id,S042_00670,S042_00670,10,3,0.3
warehouse_measurement:session:s042_00671:74237ad01f0b,session,warehouse_measurement,S042_00671,synnetqos,session_id,S042_00671,S042_00671,10,6,0.6
warehouse_measurement:session:s042_00672:017554a05552,session,warehouse_measurement,S042_00672,synnetqos,session_id,S042_00672,S042_00672,10,4,0.4
warehouse_measurement:session:s042_00673:dc28d000bebd,session,warehouse_measurement,S042_00673,synnetqos,session_id,S042_00673,S042_00673,10,4,0.4
warehouse_measurement:session:s042_00674:8609e095ae38,session,warehouse_measurement,S042_00674,synnetqos,session_id,S042_00674,S042_00674,10,8,0.8
warehouse_measurement:session:s042_00675:e75bba04d20b,session,warehouse_measurement,S042_00675,synnetqos,session_id,S042_00675,S042_00675,10,8,0.8
warehouse_measurement:session:s042_00676:d5acafb05ad5,session,warehouse_measurement,S042_00676,synnetqos,session_id,S042_00676,S042_00676,10,2,0.2
warehouse_measurement:session:s042_00677:200505653d7f,session,warehouse_measurement,S042_00677,synnetqos,session_id,S042_00677,S042_00677,10,10,1.0
warehouse_measurement:session:s042_00678:c87effa01853,session,warehouse_measurement,S042_00678,synnetqos,session_id,S042_00678,S042_00678,10,1,0.1
warehouse_measurement:session:s042_00679:457703074da3,session,warehouse_measurement,S042_00679,synnetqos,session_id,S042_00679,S042_00679,10,10,1.0
warehouse_measurement:session:s042_00680:ff4eeb05c355,session,warehouse_measurement,S042_00680,synnetqos,session_id,S042_00680,S042_00680,10,7,0.7
warehouse_measurement:session:s042_00681:cc9426253ba1,session,warehouse_measurement,S042_00681,synnetqos,session_id,S042_00681,S042_00681,10,6,0.6
warehouse_measurement:session:s042_00682:26917d1f01b2,session,warehouse_measurement,S042_00682,synnetqos,session_id,S042_00682,S042_00682,10,0,0.0
warehouse_measurement:session:s042_00683:38720c29499b,session,warehouse_measurement,S042_00683,synnetqos,session_id,S042_00683,S042_00683,10,9,0.9
warehouse_measurement:session:s042_00684:c9bd238ca238,session,warehouse_measurement,S042_00684,synnetqos,session_id,S042_00684,S042_00684,10,3,0.3
warehouse_measurement:session:s042_00685:59d38f6cc3d9,session,warehouse_measurement,S042_00685,synnetqos,session_id,S042_00685,S042_00685,10,10,1.0
warehouse_measurement:session:s042_00686:1b6d4d5c45e9,session,warehouse_measurement,S042_00686,synnetqos,session_id,S042_00686,S042_00686,10,9,0.9
warehouse_measurement:session:s042_00687:9973f005f30d,session,warehouse_measurement,S042_00687,synnetqos,session_id,S042_00687,S042_00687,10,8,0.8
warehouse_measurement:session:s042_00688:f5a5547e4c08,session,warehouse_measurement,S042_00688,synnetqos,session_id,S042_00688,S042_00688,10,7,0.7
warehouse_measurement:session:s042_00689:a57bff103789,session,warehouse_measurement,S042_00689,synnetqos,session_id,S042_00689,S042_00689,10,2,0.2
warehouse_measurement:session:s042_00690:7474cc29d685,session,warehouse_measurement,S042_00690,synnetqos,session_id,S042_00690,S042_00690,10,7,0.7
warehouse_measurement:session:s042_00691:eaf77bbf4727,session,warehouse_measurement,S042_00691,synnetqos,session_id,S042_00691,S042_00691,10,1,0.1
warehouse_measurement:session:s042_00692:2825a467e30d,session,warehouse_measurement,S042_00692,synnetqos,session_id,S042_00692,S042_00692,10,10,1.0
warehouse_measurement:session:s042_00693:843db9f2955d,session,warehouse_measurement,S042_00693,synnetqos,session_id,S042_00693,S042_00693,10,7,0.7
warehouse_measurement:session:s042_00694:635cb39d14f9,session,warehouse_measurement,S042_00694,synnetqos,session_id,S042_00694,S042_00694,10,8,0.8
warehouse_measurement:session:s042_00695:41e87c7b5947,session,warehouse_measurement,S042_00695,synnetqos,session_id,S042_00695,S042_00695,10,4,0.4
warehouse_measurement:session:s042_00696:f5c88c8d3852,session,warehouse_measurement,S042_00696,synnetqos,session_id,S042_00696,S042_00696,10,8,0.8
warehouse_measurement:session:s042_00697:ab045aec04c1,session,warehouse_measurement,S042_00697,synnetqos,session_id,S042_00697,S042_00697,10,4,0.4
warehouse_measurement:session:s042_00698:4f6c3cd080d4,session,warehouse_measurement,S042_00698,synnetqos,session_id,S042_00698,S042_00698,10,10,1.0
warehouse_measurement:session:s042_00699:5809a8bb7025,session,warehouse_measurement,S042_00699,synnetqos,session_id,S042_00699,S042_00699,10,1,0.1
warehouse_measurement:session:s042_00700:1e88d04df93d,session,warehouse_measurement,S042_00700,synnetqos,session_id,S042_00700,S042_00700,10,10,1.0
warehouse_measurement:session:s042_00701:a44c12b77bbc,session,warehouse_measurement,S042_00701,synnetqos,session_id,S042_00701,S042_00701,10,1,0.1
warehouse_measurement:session:s042_00702:f0dcb927a1b6,session,warehouse_measurement,S042_00702,synnetqos,session_id,S042_00702,S042_00702,10,4,0.4
warehouse_measurement:session:s042_00703:ddd63427082e,session,warehouse_measurement,S042_00703,synnetqos,session_id,S042_00703,S042_00703,10,8,0.8
warehouse_measurement:session:s042_00704:2b185ddd1263,session,warehouse_measurement,S042_00704,synnetqos,session_id,S042_00704,S042_00704,10,2,0.2
warehouse_measurement:session:s042_00705:de030c9f71d5,session,warehouse_measurement,S042_00705,synnetqos,session_id,S042_00705,S042_00705,10,0,0.0
warehouse_measurement:session:s042_00706:8e471dad898a,session,warehouse_measurement,S042_00706,synnetqos,session_id,S042_00706,S042_00706,10,3,0.3
warehouse_measurement:session:s042_00707:d0ada21095b6,session,warehouse_measurement,S042_00707,synnetqos,session_id,S042_00707,S042_00707,10,6,0.6
warehouse_measurement:session:s042_00708:a9c766e40d6e,session,warehouse_measurement,S042_00708,synnetqos,session_id,S042_00708,S042_00708,10,10,1.0
warehouse_measurement:session:s042_00709:c4ba6ce85155,session,warehouse_measurement,S042_00709,synnetqos,session_id,S042_00709,S042_00709,10,0,0.0
warehouse_measurement:session:s042_00710:c608ef51f4e4,session,warehouse_measurement,S042_00710,synnetqos,session_id,S042_00710,S042_00710,10,1,0.1
warehouse_measurement:session:s042_00711:9aca9a90e554,session,warehouse_measurement,S042_00711,synnetqos,session_id,S042_00711,S042_00711,10,4,0.4
warehouse_measurement:session:s042_00712:ffd1022d5aae,session,warehouse_measurement,S042_00712,synnetqos,session_id,S042_00712,S042_00712,10,5,0.5
warehouse_measurement:session:s042_00713:06be1b511d4b,session,warehouse_measurement,S042_00713,synnetqos,session_id,S042_00713,S042_00713,10,4,0.4
warehouse_measurement:session:s042_00714:5ff762034ad7,session,warehouse_measurement,S042_00714,synnetqos,session_id,S042_00714,S042_00714,10,9,0.9
warehouse_measurement:session:s042_00715:b6c84ee92bda,session,warehouse_measurement,S042_00715,synnetqos,session_id,S042_00715,S042_00715,10,4,0.4
warehouse_measurement:session:s042_00716:597027d86c81,session,warehouse_measurement,S042_00716,synnetqos,session_id,S042_00716,S042_00716,10,3,0.3
warehouse_measurement:session:s042_00717:fa5c15a39cb5,session,warehouse_measurement,S042_00717,synnetqos,session_id,S042_00717,S042_00717,10,9,0.9
warehouse_measurement:session:s042_00718:cdb903b3b5a1,session,warehouse_measurement,S042_00718,synnetqos,session_id,S042_00718,S042_00718,10,5,0.5
warehouse_measurement:session:s042_00719:5e03255100cc,session,warehouse_measurement,S042_00719,synnetqos,session_id,S042_00719,S042_00719,10,3,0.3
warehouse_measurement:session:s042_00720:8a212415d5c4,session,warehouse_measurement,S042_00720,synnetqos,session_id,S042_00720,S042_00720,10,0,0.0
warehouse_measurement:session:s042_00721:861f9f46a68f,session,warehouse_measurement,S042_00721,synnetqos,session_id,S042_00721,S042_00721,10,5,0.5
warehouse_measurement:session:s042_00722:2640b51e9e88,session,warehouse_measurement,S042_00722,synnetqos,session_id,S042_00722,S042_00722,10,3,0.3
warehouse_measurement:session:s042_00723:eaa218651f1d,session,warehouse_measurement,S042_00723,synnetqos,session_id,S042_00723,S042_00723,10,10,1.0
warehouse_measurement:session:s042_00724:83bea9612a70,session,warehouse_measurement,S042_00724,synnetqos,session_id,S042_00724,S042_00724,10,8,0.8
warehouse_measurement:session:s042_00725:dfd3e358ab45,session,warehouse_measurement,S042_00725,synnetqos,session_id,S042_00725,S042_00725,10,1,0.1
warehouse_measurement:session:s042_00726:9395ef3b0c3f,session,warehouse_measurement,S042_00726,synnetqos,session_id,S042_00726,S042_00726,10,3,0.3
warehouse_measurement:session:s042_00727:faf09b9d59be,session,warehouse_measurement,S042_00727,synnetqos,session_id,S042_00727,S042_00727,10,2,0.2
warehouse_measurement:session:s042_00728:0c472f06b652,session,warehouse_measurement,S042_00728,synnetqos,session_id,S042_00728,S042_00728,10,5,0.5
warehouse_measurement:session:s042_00729:37fad5888ba6,session,warehouse_measurement,S042_00729,synnetqos,session_id,S042_00729,S042_00729,10,8,0.8
warehouse_measurement:session:s042_00730:794aaf103acf,session,warehouse_measurement,S042_00730,synnetqos,session_id,S042_00730,S042_00730,10,1,0.1
warehouse_measurement:session:s042_00731:b16fb9a881a0,session,warehouse_measurement,S042_00731,synnetqos,session_id,S042_00731,S042_00731,10,4,0.4
warehouse_measurement:session:s042_00732:1967d50e2df5,session,warehouse_measurement,S042_00732,synnetqos,session_id,S042_00732,S042_00732,10,2,0.2
warehouse_measurement:session:s042_00733:fda341525cfb,session,warehouse_measurement,S042_00733,synnetqos,session_id,S042_00733,S042_00733,10,0,0.0
warehouse_measurement:session:s042_00734:287362b0cd5f,session,warehouse_measurement,S042_00734,synnetqos,session_id,S042_00734,S042_00734,10,10,1.0
warehouse_measurement:session:s042_00735:079eadd0e48d,session,warehouse_measurement,S042_00735,synnetqos,session_id,S042_00735,S042_00735,10,4,0.4
warehouse_measurement:session:s042_00736:90eb648842b4,session,warehouse_measurement,S042_00736,synnetqos,session_id,S042_00736,S042_00736,10,2,0.2
warehouse_measurement:session:s042_00737:173b78dd1fcb,session,warehouse_measurement,S042_00737,synnetqos,session_id,S042_00737,S042_00737,10,10,1.0
warehouse_measurement:session:s042_00738:40e5a2f1c642,session,warehouse_measurement,S042_00738,synnetqos,session_id,S042_00738,S042_00738,10,0,0.0
warehouse_measurement:session:s042_00739:f15ff37332ff,session,warehouse_measurement,S042_00739,synnetqos,session_id,S042_00739,S042_00739,10,9,0.9
warehouse_measurement:session:s042_00740:bbf8487f1f1a,session,warehouse_measurement,S042_00740,synnetqos,session_id,S042_00740,S042_00740,10,6,0.6
warehouse_measurement:session:s042_00741:877c51318f3b,session,warehouse_measurement,S042_00741,synnetqos,session_id,S042_00741,S042_00741,10,9,0.9
warehouse_measurement:session:s042_00742:cc0bd2f57e97,session,warehouse_measurement,S042_00742,synnetqos,session_id,S042_00742,S042_00742,10,6,0.6
warehouse_measurement:session:s042_00743:c905b5db4c95,session,warehouse_measurement,S042_00743,synnetqos,session_id,S042_00743,S042_00743,10,5,0.5
warehouse_measurement:session:s042_00744:64e8c6e173b6,session,warehouse_measurement,S042_00744,synnetqos,session_id,S042_00744,S042_00744,10,6,0.6
warehouse_measurement:session:s042_00745:626e21f673b5,session,warehouse_measurement,S042_00745,synnetqos,session_id,S042_00745,S042_00745,10,4,0.4
warehouse_measurement:session:s042_00746:07b658750609,session,warehouse_measurement,S042_00746,synnetqos,session_id,S042_00746,S042_00746,10,0,0.0
warehouse_measurement:session:s042_00747:e6d70c995093,session,warehouse_measurement,S042_00747,synnetqos,session_id,S042_00747,S042_00747,10,7,0.7
warehouse_measurement:session:s042_00748:82a83ae6c9cd,session,warehouse_measurement,S042_00748,synnetqos,session_id,S042_00748,S042_00748,10,2,0.2
warehouse_measurement:session:s042_00749:ad2f6b9e2ea8,session,warehouse_measurement,S042_00749,synnetqos,session_id,S042_00749,S042_00749,10,10,1.0
warehouse_measurement:session:s042_00750:a945f9e687f9,session,warehouse_measurement,S042_00750,synnetqos,session_id,S042_00750,S042_00750,10,1,0.1
warehouse_measurement:session:s042_00751:6de21ca85ec9,session,warehouse_measurement,S042_00751,synnetqos,session_id,S042_00751,S042_00751,10,6,0.6
warehouse_measurement:session:s042_00752:0bd1d993b23c,session,warehouse_measurement,S042_00752,synnetqos,session_id,S042_00752,S042_00752,10,8,0.8
warehouse_measurement:session:s042_00753:4611b2dbc870,session,warehouse_measurement,S042_00753,synnetqos,session_id,S042_00753,S042_00753,10,3,0.3
warehouse_measurement:session:s042_00754:921524844363,session,warehouse_measurement,S042_00754,synnetqos,session_id,S042_00754,S042_00754,10,7,0.7
warehouse_measurement:session:s042_00755:bf871bb6a022,session,warehouse_measurement,S042_00755,synnetqos,session_id,S042_00755,S042_00755,10,10,1.0
warehouse_measurement:session:s042_00756:19fd1f222e7f,session,warehouse_measurement,S042_00756,synnetqos,session_id,S042_00756,S042_00756,10,7,0.7
warehouse_measurement:session:s042_00757:00c8655bac41,session,warehouse_measurement,S042_00757,synnetqos,session_id,S042_00757,S042_00757,10,2,0.2
warehouse_measurement:session:s042_00758:b0cdf090ce6e,session,warehouse_measurement,S042_00758,synnetqos,session_id,S042_00758,S042_00758,10,10,1.0
warehouse_measurement:session:s042_00759:1110c76d33b3,session,warehouse_measurement,S042_00759,synnetqos,session_id,S042_00759,S042_00759,10,8,0.8
warehouse_measurement:session:s042_00760:ccc34664c5a2,session,warehouse_measurement,S042_00760,synnetqos,session_id,S042_00760,S042_00760,10,3,0.3
warehouse_measurement:session:s042_00761:3660a1fd671e,session,warehouse_measurement,S042_00761,synnetqos,session_id,S042_00761,S042_00761,10,9,0.9
warehouse_measurement:session:s042_00762:d1fe44514eb2,session,warehouse_measurement,S042_00762,synnetqos,session_id,S042_00762,S042_00762,10,2,0.2
warehouse_measurement:session:s042_00763:71890fb9d13f,session,warehouse_measurement,S042_00763,synnetqos,session_id,S042_00763,S042_00763,10,3,0.3
warehouse_measurement:session:s042_00764:447ec2607bc3,session,warehouse_measurement,S042_00764,synnetqos,session_id,S042_00764,S042_00764,10,1,0.1
warehouse_measurement:session:s042_00765:c33605c55616,session,warehouse_measurement,S042_00765,synnetqos,session_id,S042_00765,S042_00765,10,6,0.6
warehouse_measurement:session:s042_00766:ef8b6955656f,session,warehouse_measurement,S042_00766,synnetqos,session_id,S042_00766,S042_00766,10,2,0.2
warehouse_measurement:session:s042_00767:08287448be35,session,warehouse_measurement,S042_00767,synnetqos,session_id,S042_00767,S042_00767,10,9,0.9
warehouse_measurement:session:s042_00768:41b7be0b0ab4,session,warehouse_measurement,S042_00768,synnetqos,session_id,S042_00768,S042_00768,10,4,0.4
warehouse_measurement:session:s042_00769:079619282506,session,warehouse_measurement,S042_00769,synnetqos,session_id,S042_00769,S042_00769,10,5,0.5
warehouse_measurement:session:s042_00770:fb160832905f,session,warehouse_measurement,S042_00770,synnetqos,session_id,S042_00770,S042_00770,10,3,0.3
warehouse_measurement:session:s042_00771:149357bf4e37,session,warehouse_measurement,S042_00771,synnetqos,session_id,S042_00771,S042_00771,10,9,0.9
warehouse_measurement:session:s042_00772:728eb6490d17,session,warehouse_measurement,S042_00772,synnetqos,session_id,S042_00772,S042_00772,10,10,1.0
warehouse_measurement:session:s042_00773:970a328cbe40,session,warehouse_measurement,S042_00773,synnetqos,session_id,S042_00773,S042_00773,10,9,0.9
warehouse_measurement:session:s042_00774:9b726dc04089,session,warehouse_measurement,S042_00774,synnetqos,session_id,S042_00774,S042_00774,10,7,0.7
warehouse_measurement:session:s042_00775:7fdccaf3126e,session,warehouse_measurement,S042_00775,synnetqos,session_id,S042_00775,S042_00775,10,9,0.9
warehouse_measurement:session:s042_00776:f8931244b044,session,warehouse_measurement,S042_00776,synnetqos,session_id,S042_00776,S042_00776,10,9,0.9
warehouse_measurement:session:s042_00777:051bf8ab5523,session,warehouse_measurement,S042_00777,synnetqos,session_id,S042_00777,S042_00777,10,5,0.5
warehouse_measurement:session:s042_00778:027bf3f21385,session,warehouse_measurement,S042_00778,synnetqos,session_id,S042_00778,S042_00778,10,0,0.0
warehouse_measurement:session:s042_00779:127e050d8bc8,session,warehouse_measurement,S042_00779,synnetqos,session_id,S042_00779,S042_00779,10,9,0.9
warehouse_measurement:session:s042_00780:f64a48eda656,session,warehouse_measurement,S042_00780,synnetqos,session_id,S042_00780,S042_00780,10,4,0.4
warehouse_measurement:session:s042_00781:a1674d6370e7,session,warehouse_measurement,S042_00781,synnetqos,session_id,S042_00781,S042_00781,10,7,0.7
warehouse_measurement:session:s042_00782:60503069ea79,session,warehouse_measurement,S042_00782,synnetqos,session_id,S042_00782,S042_00782,10,1,0.1
warehouse_measurement:session:s042_00783:a39befe293d3,session,warehouse_measurement,S042_00783,synnetqos,session_id,S042_00783,S042_00783,10,9,0.9
warehouse_measurement:session:s042_00784:f02870007e18,session,warehouse_measurement,S042_00784,synnetqos,session_id,S042_00784,S042_00784,10,9,0.9
warehouse_measurement:session:s042_00785:5730c46c26d3,session,warehouse_measurement,S042_00785,synnetqos,session_id,S042_00785,S042_00785,10,9,0.9
warehouse_measurement:session:s042_00786:08ef91c6321a,session,warehouse_measurement,S042_00786,synnetqos,session_id,S042_00786,S042_00786,10,1,0.1
warehouse_measurement:session:s042_00787:1bdf0c459481,session,warehouse_measurement,S042_00787,synnetqos,session_id,S042_00787,S042_00787,10,5,0.5
warehouse_measurement:session:s042_00788:d4822fa29ed2,session,warehouse_measurement,S042_00788,synnetqos,session_id,S042_00788,S042_00788,10,9,0.9
warehouse_measurement:session:s042_00789:23452d680f59,session,warehouse_measurement,S042_00789,synnetqos,session_id,S042_00789,S042_00789,10,7,0.7
warehouse_measurement:session:s042_00790:bae5f2b4cb6d,session,warehouse_measurement,S042_00790,synnetqos,session_id,S042_00790,S042_00790,10,10,1.0
warehouse_measurement:session:s042_00791:97279d70bb6e,session,warehouse_measurement,S042_00791,synnetqos,session_id,S042_00791,S042_00791,10,6,0.6
warehouse_measurement:session:s042_00792:4b4e23bdefbc,session,warehouse_measurement,S042_00792,synnetqos,session_id,S042_00792,S042_00792,10,5,0.5
warehouse_measurement:session:s042_00793:e73942422585,session,warehouse_measurement,S042_00793,synnetqos,session_id,S042_00793,S042_00793,10,7,0.7
warehouse_measurement:session:s042_00794:cf54ea164f28,session,warehouse_measurement,S042_00794,synnetqos,session_id,S042_00794,S042_00794,10,8,0.8
warehouse_measurement:session:s042_00795:1c2a67e9d4c9,session,warehouse_measurement,S042_00795,synnetqos,session_id,S042_00795,S042_00795,10,3,0.3
warehouse_measurement:session:s042_00796:127cb432ef0a,session,warehouse_measurement,S042_00796,synnetqos,session_id,S042_00796,S042_00796,10,10,1.0
warehouse_measurement:session:s042_00797:a1448489e4ac,session,warehouse_measurement,S042_00797,synnetqos,session_id,S042_00797,S042_00797,10,5,0.5
warehouse_measurement:session:s042_00798:d3f94ea8e8c8,session,warehouse_measurement,S042_00798,synnetqos,session_id,S042_00798,S042_00798,10,3,0.3
warehouse_measurement:session:s042_00799:5e11278f04e0,session,warehouse_measurement,S042_00799,synnetqos,session_id,S042_00799,S042_00799,10,3,0.3
warehouse_measurement:session:s042_00800:f4ad9e1342bc,session,warehouse_measurement,S042_00800,synnetqos,session_id,S042_00800,S042_00800,10,0,0.0
warehouse_measurement:session:s042_00801:3f05aba87984,session,warehouse_measurement,S042_00801,synnetqos,session_id,S042_00801,S042_00801,10,2,0.2
warehouse_measurement:session:s042_00802:d73e38da74be,session,warehouse_measurement,S042_00802,synnetqos,session_id,S042_00802,S042_00802,10,9,0.9
warehouse_measurement:session:s042_00803:abb6de258864,session,warehouse_measurement,S042_00803,synnetqos,session_id,S042_00803,S042_00803,10,9,0.9
warehouse_measurement:session:s042_00804:17b3f802fa6a,session,warehouse_measurement,S042_00804,synnetqos,session_id,S042_00804,S042_00804,10,2,0.2
warehouse_measurement:session:s042_00805:53ce05b387cd,session,warehouse_measurement,S042_00805,synnetqos,session_id,S042_00805,S042_00805,10,3,0.3
warehouse_measurement:session:s042_00806:b11282dfaa69,session,warehouse_measurement,S042_00806,synnetqos,session_id,S042_00806,S042_00806,10,9,0.9
warehouse_measurement:session:s042_00807:7147e9446399,session,warehouse_measurement,S042_00807,synnetqos,session_id,S042_00807,S042_00807,10,6,0.6
warehouse_measurement:session:s042_00808:65ee90559599,session,warehouse_measurement,S042_00808,synnetqos,session_id,S042_00808,S042_00808,10,0,0.0
warehouse_measurement:session:s042_00809:552cfc5b9e9f,session,warehouse_measurement,S042_00809,synnetqos,session_id,S042_00809,S042_00809,10,1,0.1
warehouse_measurement:session:s042_00810:8bc5de67acb5,session,warehouse_measurement,S042_00810,synnetqos,session_id,S042_00810,S042_00810,10,4,0.4
warehouse_measurement:session:s042_00811:0b07c99f8d1b,session,warehouse_measurement,S042_00811,synnetqos,session_id,S042_00811,S042_00811,10,3,0.3
warehouse_measurement:session:s042_00812:31c358eedf2c,session,warehouse_measurement,S042_00812,synnetqos,session_id,S042_00812,S042_00812,10,5,0.5
warehouse_measurement:session:s042_00813:416314adcafc,session,warehouse_measurement,S042_00813,synnetqos,session_id,S042_00813,S042_00813,10,2,0.2
warehouse_measurement:session:s042_00814:2184594c7f92,session,warehouse_measurement,S042_00814,synnetqos,session_id,S042_00814,S042_00814,10,8,0.8
warehouse_measurement:session:s042_00815:f3a24a80ea00,session,warehouse_measurement,S042_00815,synnetqos,session_id,S042_00815,S042_00815,10,0,0.0
warehouse_measurement:session:s042_00816:5007a3903a5e,session,warehouse_measurement,S042_00816,synnetqos,session_id,S042_00816,S042_00816,10,7,0.7
warehouse_measurement:session:s042_00817:96e09f050f70,session,warehouse_measurement,S042_00817,synnetqos,session_id,S042_00817,S042_00817,10,9,0.9
warehouse_measurement:session:s042_00818:7a746120153f,session,warehouse_measurement,S042_00818,synnetqos,session_id,S042_00818,S042_00818,10,7,0.7
warehouse_measurement:session:s042_00819:9a9cc6464491,session,warehouse_measurement,S042_00819,synnetqos,session_id,S042_00819,S042_00819,10,10,1.0
warehouse_measurement:session:s042_00820:98666d728cfd,session,warehouse_measurement,S042_00820,synnetqos,session_id,S042_00820,S042_00820,10,0,0.0
warehouse_measurement:session:s042_00821:d5c941e57172,session,warehouse_measurement,S042_00821,synnetqos,session_id,S042_00821,S042_00821,10,9,0.9
warehouse_measurement:session:s042_00822:285f534a1e07,session,warehouse_measurement,S042_00822,synnetqos,session_id,S042_00822,S042_00822,10,4,0.4
warehouse_measurement:session:s042_00823:f445ae2f5a0c,session,warehouse_measurement,S042_00823,synnetqos,session_id,S042_00823,S042_00823,10,7,0.7
warehouse_measurement:session:s042_00824:48ad18e28338,session,warehouse_measurement,S042_00824,synnetqos,session_id,S042_00824,S042_00824,10,7,0.7
warehouse_measurement:session:s042_00825:886cd9bbfff1,session,warehouse_measurement,S042_00825,synnetqos,session_id,S042_00825,S042_00825,10,1,0.1
warehouse_measurement:session:s042_00826:b711ba70072c,session,warehouse_measurement,S042_00826,synnetqos,session_id,S042_00826,S042_00826,10,10,1.0
warehouse_measurement:session:s042_00827:80ad325dc029,session,warehouse_measurement,S042_00827,synnetqos,session_id,S042_00827,S042_00827,10,9,0.9
warehouse_measurement:session:s042_00828:5768ad8a384f,session,warehouse_measurement,S042_00828,synnetqos,session_id,S042_00828,S042_00828,10,3,0.3
warehouse_measurement:session:s042_00829:213ea5fde699,session,warehouse_measurement,S042_00829,synnetqos,session_id,S042_00829,S042_00829,10,8,0.8
warehouse_measurement:session:s042_00830:213f2248f507,session,warehouse_measurement,S042_00830,synnetqos,session_id,S042_00830,S042_00830,10,6,0.6
warehouse_measurement:session:s042_00831:8daeb39ee516,session,warehouse_measurement,S042_00831,synnetqos,session_id,S042_00831,S042_00831,10,4,0.4
warehouse_measurement:session:s042_00832:7cefcdc8a3cd,session,warehouse_measurement,S042_00832,synnetqos,session_id,S042_00832,S042_00832,10,4,0.4
warehouse_measurement:session:s042_00833:1a3735f92aec,session,warehouse_measurement,S042_00833,synnetqos,session_id,S042_00833,S042_00833,10,3,0.3
warehouse_measurement:session:s042_00834:4e381d066029,session,warehouse_measurement,S042_00834,synnetqos,session_id,S042_00834,S042_00834,10,9,0.9
warehouse_measurement:session:s042_00835:6248cfa99d78,session,warehouse_measurement,S042_00835,synnetqos,session_id,S042_00835,S042_00835,10,9,0.9
warehouse_measurement:session:s042_00836:823c9b45add8,session,warehouse_measurement,S042_00836,synnetqos,session_id,S042_00836,S042_00836,10,10,1.0
warehouse_measurement:session:s042_00837:f1225d64b712,session,warehouse_measurement,S042_00837,synnetqos,session_id,S042_00837,S042_00837,10,0,0.0
warehouse_measurement:session:s042_00838:b3437c7a1833,session,warehouse_measurement,S042_00838,synnetqos,session_id,S042_00838,S042_00838,10,0,0.0
warehouse_measurement:session:s042_00839:22260dc83236,session,warehouse_measurement,S042_00839,synnetqos,session_id,S042_00839,S042_00839,10,6,0.6
warehouse_measurement:session:s042_00840:c0a93af0ba44,session,warehouse_measurement,S042_00840,synnetqos,session_id,S042_00840,S042_00840,10,6,0.6
warehouse_measurement:session:s042_00841:5a866d1d72d2,session,warehouse_measurement,S042_00841,synnetqos,session_id,S042_00841,S042_00841,10,9,0.9
warehouse_measurement:session:s042_00842:32fe27cf4d88,session,warehouse_measurement,S042_00842,synnetqos,session_id,S042_00842,S042_00842,10,0,0.0
warehouse_measurement:session:s042_00843:bcc7a6d2ae2b,session,warehouse_measurement,S042_00843,synnetqos,session_id,S042_00843,S042_00843,10,1,0.1
warehouse_measurement:session:s042_00844:61eca0ae85d8,session,warehouse_measurement,S042_00844,synnetqos,session_id,S042_00844,S042_00844,10,9,0.9
warehouse_measurement:session:s042_00845:f26c743cf317,session,warehouse_measurement,S042_00845,synnetqos,session_id,S042_00845,S042_00845,10,6,0.6
warehouse_measurement:session:s042_00846:1af66fc1449a,session,warehouse_measurement,S042_00846,synnetqos,session_id,S042_00846,S042_00846,10,8,0.8
warehouse_measurement:session:s042_00847:95bb535097f5,session,warehouse_measurement,S042_00847,synnetqos,session_id,S042_00847,S042_00847,10,7,0.7
warehouse_measurement:session:s042_00848:ebe2bbfae6f2,session,warehouse_measurement,S042_00848,synnetqos,session_id,S042_00848,S042_00848,10,2,0.2
warehouse_measurement:session:s042_00849:064319d75805,session,warehouse_measurement,S042_00849,synnetqos,session_id,S042_00849,S042_00849,10,4,0.4
warehouse_measurement:session:s042_00850:40d22ae03448,session,warehouse_measurement,S042_00850,synnetqos,session_id,S042_00850,S042_00850,10,1,0.1
warehouse_measurement:session:s042_00851:7a06fae29d6e,session,warehouse_measurement,S042_00851,synnetqos,session_id,S042_00851,S042_00851,10,10,1.0
warehouse_measurement:session:s042_00852:a4ca47f695bb,session,warehouse_measurement,S042_00852,synnetqos,session_id,S042_00852,S042_00852,10,0,0.0
warehouse_measurement:session:s042_00853:eda6fc9f4e04,session,warehouse_measurement,S042_00853,synnetqos,session_id,S042_00853,S042_00853,10,10,1.0
warehouse_measurement:session:s042_00854:e0c745c46aff,session,warehouse_measurement,S042_00854,synnetqos,session_id,S042_00854,S042_00854,10,7,0.7
warehouse_measurement:session:s042_00855:7fa89d6ac3bb,session,warehouse_measurement,S042_00855,synnetqos,session_id,S042_00855,S042_00855,10,9,0.9
warehouse_measurement:session:s042_00856:2d4832ed633c,session,warehouse_measurement,S042_00856,synnetqos,session_id,S042_00856,S042_00856,10,1,0.1
warehouse_measurement:session:s042_00857:26cd78a5007d,session,warehouse_measurement,S042_00857,synnetqos,session_id,S042_00857,S042_00857,10,0,0.0
warehouse_measurement:session:s042_00858:ebbc14dbe254,session,warehouse_measurement,S042_00858,synnetqos,session_id,S042_00858,S042_00858,10,9,0.9
warehouse_measurement:session:s042_00859:90d0a67540ba,session,warehouse_measurement,S042_00859,synnetqos,session_id,S042_00859,S042_00859,10,7,0.7
warehouse_measurement:session:s042_00860:8006c1e4bd37,session,warehouse_measurement,S042_00860,synnetqos,session_id,S042_00860,S042_00860,10,9,0.9
warehouse_measurement:session:s042_00861:8f436c340407,session,warehouse_measurement,S042_00861,synnetqos,session_id,S042_00861,S042_00861,10,7,0.7
warehouse_measurement:session:s042_00862:de2bbf8954d9,session,warehouse_measurement,S042_00862,synnetqos,session_id,S042_00862,S042_00862,10,8,0.8
warehouse_measurement:session:s042_00863:eb099d6fc52c,session,warehouse_measurement,S042_00863,synnetqos,session_id,S042_00863,S042_00863,10,4,0.4
warehouse_measurement:session:s042_00864:f317c300b46d,session,warehouse_measurement,S042_00864,synnetqos,session_id,S042_00864,S042_00864,10,1,0.1
warehouse_measurement:session:s042_00865:d6e16136e406,session,warehouse_measurement,S042_00865,synnetqos,session_id,S042_00865,S042_00865,10,7,0.7
warehouse_measurement:session:s042_00866:844b6dbf22f4,session,warehouse_measurement,S042_00866,synnetqos,session_id,S042_00866,S042_00866,10,5,0.5
warehouse_measurement:session:s042_00867:f877adafb274,session,warehouse_measurement,S042_00867,synnetqos,session_id,S042_00867,S042_00867,10,1,0.1
warehouse_measurement:session:s042_00868:4fc694911c03,session,warehouse_measurement,S042_00868,synnetqos,session_id,S042_00868,S042_00868,10,7,0.7
warehouse_measurement:session:s042_00869:81cf487706f6,session,warehouse_measurement,S042_00869,synnetqos,session_id,S042_00869,S042_00869,10,8,0.8
warehouse_measurement:session:s042_00870:bab1dea4270e,session,warehouse_measurement,S042_00870,synnetqos,session_id,S042_00870,S042_00870,10,3,0.3
warehouse_measurement:session:s042_00871:e5fc3a55afcb,session,warehouse_measurement,S042_00871,synnetqos,session_id,S042_00871,S042_00871,10,4,0.4
warehouse_measurement:session:s042_00872:7f8019a88941,session,warehouse_measurement,S042_00872,synnetqos,session_id,S042_00872,S042_00872,10,9,0.9
warehouse_measurement:session:s042_00873:514a5f4b2239,session,warehouse_measurement,S042_00873,synnetqos,session_id,S042_00873,S042_00873,10,6,0.6
warehouse_measurement:session:s042_00874:b610cd9222f4,session,warehouse_measurement,S042_00874,synnetqos,session_id,S042_00874,S042_00874,10,2,0.2
warehouse_measurement:session:s042_00875:77bfdee73e70,session,warehouse_measurement,S042_00875,synnetqos,session_id,S042_00875,S042_00875,10,4,0.4
warehouse_measurement:session:s042_00876:12f9ae68d4ae,session,warehouse_measurement,S042_00876,synnetqos,session_id,S042_00876,S042_00876,10,1,0.1
warehouse_measurement:session:s042_00877:27ebeff488c3,session,warehouse_measurement,S042_00877,synnetqos,session_id,S042_00877,S042_00877,10,2,0.2
warehouse_measurement:session:s042_00878:6a01bf41634e,session,warehouse_measurement,S042_00878,synnetqos,session_id,S042_00878,S042_00878,10,9,0.9
warehouse_measurement:session:s042_00879:3f50cc5b3f0e,session,warehouse_measurement,S042_00879,synnetqos,session_id,S042_00879,S042_00879,10,0,0.0
warehouse_measurement:session:s042_00880:700789eff689,session,warehouse_measurement,S042_00880,synnetqos,session_id,S042_00880,S042_00880,10,6,0.6
warehouse_measurement:session:s042_00881:9095d0030b1e,session,warehouse_measurement,S042_00881,synnetqos,session_id,S042_00881,S042_00881,10,6,0.6
warehouse_measurement:session:s042_00882:44de97153dae,session,warehouse_measurement,S042_00882,synnetqos,session_id,S042_00882,S042_00882,10,3,0.3
warehouse_measurement:session:s042_00883:762362052a0e,session,warehouse_measurement,S042_00883,synnetqos,session_id,S042_00883,S042_00883,10,4,0.4
warehouse_measurement:session:s042_00884:abc2f66b5a04,session,warehouse_measurement,S042_00884,synnetqos,session_id,S042_00884,S042_00884,10,3,0.3
warehouse_measurement:session:s042_00885:e78318bd35f0,session,warehouse_measurement,S042_00885,synnetqos,session_id,S042_00885,S042_00885,10,5,0.5
warehouse_measurement:session:s042_00886:1e8d20be7dbd,session,warehouse_measurement,S042_00886,synnetqos,session_id,S042_00886,S042_00886,10,4,0.4
warehouse_measurement:session:s042_00887:b5936940a77b,session,warehouse_measurement,S042_00887,synnetqos,session_id,S042_00887,S042_00887,10,8,0.8
warehouse_measurement:session:s042_00888:a8a731dce127,session,warehouse_measurement,S042_00888,synnetqos,session_id,S042_00888,S042_00888,10,3,0.3
warehouse_measurement:session:s042_00889:5da75bbe34c2,session,warehouse_measurement,S042_00889,synnetqos,session_id,S042_00889,S042_00889,10,4,0.4
warehouse_measurement:session:s042_00890:72c03ff2a380,session,warehouse_measurement,S042_00890,synnetqos,session_id,S042_00890,S042_00890,10,9,0.9
warehouse_measurement:session:s042_00891:6884f4715aee,session,warehouse_measurement,S042_00891,synnetqos,session_id,S042_00891,S042_00891,10,6,0.6
warehouse_measurement:session:s042_00892:70333b2be846,session,warehouse_measurement,S042_00892,synnetqos,session_id,S042_00892,S042_00892,10,9,0.9
warehouse_measurement:session:s042_00893:8f0618694afe,session,warehouse_measurement,S042_00893,synnetqos,session_id,S042_00893,S042_00893,10,3,0.3
warehouse_measurement:session:s042_00894:50e152c7e389,session,warehouse_measurement,S042_00894,synnetqos,session_id,S042_00894,S042_00894,10,7,0.7
warehouse_measurement:session:s042_00895:830fdc8974f0,session,warehouse_measurement,S042_00895,synnetqos,session_id,S042_00895,S042_00895,10,2,0.2
warehouse_measurement:session:s042_00896:f758cf20324c,session,warehouse_measurement,S042_00896,synnetqos,session_id,S042_00896,S042_00896,10,1,0.1
warehouse_measurement:session:s042_00897:26dcceea9404,session,warehouse_measurement,S042_00897,synnetqos,session_id,S042_00897,S042_00897,10,10,1.0
warehouse_measurement:session:s042_00898:47150c534336,session,warehouse_measurement,S042_00898,synnetqos,session_id,S042_00898,S042_00898,10,6,0.6
warehouse_measurement:session:s042_00899:49984d011443,session,warehouse_measurement,S042_00899,synnetqos,session_id,S042_00899,S042_00899,10,2,0.2
warehouse_measurement:session:s042_00900:5723a206d8fe,session,warehouse_measurement,S042_00900,synnetqos,session_id,S042_00900,S042_00900,10,5,0.5
warehouse_measurement:session:s042_00901:b595c2e8c591,session,warehouse_measurement,S042_00901,synnetqos,session_id,S042_00901,S042_00901,10,2,0.2
warehouse_measurement:session:s042_00902:53db4c576c0c,session,warehouse_measurement,S042_00902,synnetqos,session_id,S042_00902,S042_00902,10,1,0.1
warehouse_measurement:session:s042_00903:79ac9393c1fe,session,warehouse_measurement,S042_00903,synnetqos,session_id,S042_00903,S042_00903,10,4,0.4
warehouse_measurement:session:s042_00904:bd443f4eb3b8,session,warehouse_measurement,S042_00904,synnetqos,session_id,S042_00904,S042_00904,10,7,0.7
warehouse_measurement:session:s042_00905:550fd5cb07ae,session,warehouse_measurement,S042_00905,synnetqos,session_id,S042_00905,S042_00905,10,10,1.0
warehouse_measurement:session:s042_00906:b928ed4ae124,session,warehouse_measurement,S042_00906,synnetqos,session_id,S042_00906,S042_00906,10,8,0.8
warehouse_measurement:session:s042_00907:0df42d8a4f0f,session,warehouse_measurement,S042_00907,synnetqos,session_id,S042_00907,S042_00907,10,0,0.0
warehouse_measurement:session:s042_00908:a7b16a2f0b9a,session,warehouse_measurement,S042_00908,synnetqos,session_id,S042_00908,S042_00908,10,1,0.1
warehouse_measurement:session:s042_00909:1b176767acbd,session,warehouse_measurement,S042_00909,synnetqos,session_id,S042_00909,S042_00909,10,8,0.8
warehouse_measurement:session:s042_00910:266a14079d10,session,warehouse_measurement,S042_00910,synnetqos,session_id,S042_00910,S042_00910,10,10,1.0
warehouse_measurement:session:s042_00911:de370842fd1a,session,warehouse_measurement,S042_00911,synnetqos,session_id,S042_00911,S042_00911,10,1,0.1
warehouse_measurement:session:s042_00912:0cee856cd136,session,warehouse_measurement,S042_00912,synnetqos,session_id,S042_00912,S042_00912,10,9,0.9
warehouse_measurement:session:s042_00913:c7ea84ed8e2e,session,warehouse_measurement,S042_00913,synnetqos,session_id,S042_00913,S042_00913,10,2,0.2
warehouse_measurement:session:s042_00914:21441387db12,session,warehouse_measurement,S042_00914,synnetqos,session_id,S042_00914,S042_00914,10,3,0.3
warehouse_measurement:session:s042_00915:f3b181e2f74a,session,warehouse_measurement,S042_00915,synnetqos,session_id,S042_00915,S042_00915,10,3,0.3
warehouse_measurement:session:s042_00916:7f474cf312e2,session,warehouse_measurement,S042_00916,synnetqos,session_id,S042_00916,S042_00916,10,2,0.2
warehouse_measurement:session:s042_00917:f2412bda5318,session,warehouse_measurement,S042_00917,synnetqos,session_id,S042_00917,S042_00917,10,6,0.6
warehouse_measurement:session:s042_00918:dfc9a8212e6e,session,warehouse_measurement,S042_00918,synnetqos,session_id,S042_00918,S042_00918,10,9,0.9
warehouse_measurement:session:s042_00919:ad94c77b9dfb,session,warehouse_measurement,S042_00919,synnetqos,session_id,S042_00919,S042_00919,10,2,0.2
warehouse_measurement:session:s042_00920:d66e18e7f65d,session,warehouse_measurement,S042_00920,synnetqos,session_id,S042_00920,S042_00920,10,8,0.8
warehouse_measurement:session:s042_00921:4b0292ee185d,session,warehouse_measurement,S042_00921,synnetqos,session_id,S042_00921,S042_00921,10,3,0.3
warehouse_measurement:session:s042_00922:2120d3a888bc,session,warehouse_measurement,S042_00922,synnetqos,session_id,S042_00922,S042_00922,10,9,0.9
warehouse_measurement:session:s042_00923:0621f7e438a4,session,warehouse_measurement,S042_00923,synnetqos,session_id,S042_00923,S042_00923,10,1,0.1
warehouse_measurement:session:s042_00924:03e7b1f2391f,session,warehouse_measurement,S042_00924,synnetqos,session_id,S042_00924,S042_00924,10,6,0.6
warehouse_measurement:session:s042_00925:cf08c1e08aeb,session,warehouse_measurement,S042_00925,synnetqos,session_id,S042_00925,S042_00925,10,0,0.0
warehouse_measurement:session:s042_00926:b6b1f639e15c,session,warehouse_measurement,S042_00926,synnetqos,session_id,S042_00926,S042_00926,10,10,1.0
warehouse_measurement:session:s042_00927:b440c7826d67,session,warehouse_measurement,S042_00927,synnetqos,session_id,S042_00927,S042_00927,10,10,1.0
warehouse_measurement:session:s042_00928:d93379dde92f,session,warehouse_measurement,S042_00928,synnetqos,session_id,S042_00928,S042_00928,10,0,0.0
warehouse_measurement:session:s042_00929:d1f7d33ae8b0,session,warehouse_measurement,S042_00929,synnetqos,session_id,S042_00929,S042_00929,10,9,0.9
warehouse_measurement:session:s042_00930:ca36f8d24b97,session,warehouse_measurement,S042_00930,synnetqos,session_id,S042_00930,S042_00930,10,10,1.0
warehouse_measurement:session:s042_00931:ce8f53dcd3da,session,warehouse_measurement,S042_00931,synnetqos,session_id,S042_00931,S042_00931,10,5,0.5
warehouse_measurement:session:s042_00932:c2356bfa6c8d,session,warehouse_measurement,S042_00932,synnetqos,session_id,S042_00932,S042_00932,10,5,0.5
warehouse_measurement:session:s042_00933:d6850ef3daa2,session,warehouse_measurement,S042_00933,synnetqos,session_id,S042_00933,S042_00933,10,6,0.6
warehouse_measurement:session:s042_00934:d01a6de5e0e6,session,warehouse_measurement,S042_00934,synnetqos,session_id,S042_00934,S042_00934,10,3,0.3
warehouse_measurement:session:s042_00935:797fe250c2f7,session,warehouse_measurement,S042_00935,synnetqos,session_id,S042_00935,S042_00935,10,8,0.8
warehouse_measurement:session:s042_00936:0ee99538ed1d,session,warehouse_measurement,S042_00936,synnetqos,session_id,S042_00936,S042_00936,10,6,0.6
warehouse_measurement:session:s042_00937:9ed164b5c6b6,session,warehouse_measurement,S042_00937,synnetqos,session_id,S042_00937,S042_00937,10,10,1.0
warehouse_measurement:session:s042_00938:9066eceb12ea,session,warehouse_measurement,S042_00938,synnetqos,session_id,S042_00938,S042_00938,10,1,0.1
warehouse_measurement:session:s042_00939:5cb5c196d451,session,warehouse_measurement,S042_00939,synnetqos,session_id,S042_00939,S042_00939,10,5,0.5
warehouse_measurement:session:s042_00940:f20c8fb734f3,session,warehouse_measurement,S042_00940,synnetqos,session_id,S042_00940,S042_00940,10,2,0.2
warehouse_measurement:session:s042_00941:ff836e9096f2,session,warehouse_measurement,S042_00941,synnetqos,session_id,S042_00941,S042_00941,10,6,0.6
warehouse_measurement:session:s042_00942:d5b60301270e,session,warehouse_measurement,S042_00942,synnetqos,session_id,S042_00942,S042_00942,10,10,1.0
warehouse_measurement:session:s042_00943:aeae2123164f,session,warehouse_measurement,S042_00943,synnetqos,session_id,S042_00943,S042_00943,10,0,0.0
warehouse_measurement:session:s042_00944:917ece3f5b47,session,warehouse_measurement,S042_00944,synnetqos,session_id,S042_00944,S042_00944,10,8,0.8
warehouse_measurement:session:s042_00945:c57d6ad67af8,session,warehouse_measurement,S042_00945,synnetqos,session_id,S042_00945,S042_00945,10,9,0.9
warehouse_measurement:session:s042_00946:c6a35e24f85b,session,warehouse_measurement,S042_00946,synnetqos,session_id,S042_00946,S042_00946,10,3,0.3
warehouse_measurement:session:s042_00947:87a0e3d7c807,session,warehouse_measurement,S042_00947,synnetqos,session_id,S042_00947,S042_00947,10,10,1.0
warehouse_measurement:session:s042_00948:5b398e038e18,session,warehouse_measurement,S042_00948,synnetqos,session_id,S042_00948,S042_00948,10,7,0.7
warehouse_measurement:session:s042_00949:2250af1faba2,session,warehouse_measurement,S042_00949,synnetqos,session_id,S042_00949,S042_00949,10,0,0.0
warehouse_measurement:session:s042_00950:f1b07ffd9ba2,session,warehouse_measurement,S042_00950,synnetqos,session_id,S042_00950,S042_00950,10,2,0.2
warehouse_measurement:session:s042_00951:9f97169cdecf,session,warehouse_measurement,S042_00951,synnetqos,session_id,S042_00951,S042_00951,10,0,0.0
warehouse_measurement:session:s042_00952:1ecc5b5207e8,session,warehouse_measurement,S042_00952,synnetqos,session_id,S042_00952,S042_00952,10,1,0.1
warehouse_measurement:session:s042_00953:4d192145e6f8,session,warehouse_measurement,S042_00953,synnetqos,session_id,S042_00953,S042_00953,10,5,0.5
warehouse_measurement:session:s042_00954:c52d5700f11a,session,warehouse_measurement,S042_00954,synnetqos,session_id,S042_00954,S042_00954,10,2,0.2
warehouse_measurement:session:s042_00955:e69298ade22b,session,warehouse_measurement,S042_00955,synnetqos,session_id,S042_00955,S042_00955,10,5,0.5
warehouse_measurement:session:s042_00956:ffcad780e913,session,warehouse_measurement,S042_00956,synnetqos,session_id,S042_00956,S042_00956,10,8,0.8
warehouse_measurement:session:s042_00957:0b36fdb34e9a,session,warehouse_measurement,S042_00957,synnetqos,session_id,S042_00957,S042_00957,10,10,1.0
warehouse_measurement:session:s042_00958:7d7d046322e7,session,warehouse_measurement,S042_00958,synnetqos,session_id,S042_00958,S042_00958,10,1,0.1
warehouse_measurement:session:s042_00959:f178c969c051,session,warehouse_measurement,S042_00959,synnetqos,session_id,S042_00959,S042_00959,10,1,0.1
warehouse_measurement:session:s042_00960:bfb04cdb044e,session,warehouse_measurement,S042_00960,synnetqos,session_id,S042_00960,S042_00960,10,5,0.5
warehouse_measurement:session:s042_00961:c4d77bdf253c,session,warehouse_measurement,S042_00961,synnetqos,session_id,S042_00961,S042_00961,10,5,0.5
warehouse_measurement:session:s042_00962:2de7930ea5ff,session,warehouse_measurement,S042_00962,synnetqos,session_id,S042_00962,S042_00962,10,3,0.3
warehouse_measurement:session:s042_00963:7927fdd9a260,session,warehouse_measurement,S042_00963,synnetqos,session_id,S042_00963,S042_00963,10,5,0.5
warehouse_measurement:session:s042_00964:dd1dfab17f32,session,warehouse_measurement,S042_00964,synnetqos,session_id,S042_00964,S042_00964,10,4,0.4
warehouse_measurement:session:s042_00965:f46183cc72be,session,warehouse_measurement,S042_00965,synnetqos,session_id,S042_00965,S042_00965,10,3,0.3
warehouse_measurement:session:s042_00966:5cd348e877aa,session,warehouse_measurement,S042_00966,synnetqos,session_id,S042_00966,S042_00966,10,2,0.2
warehouse_measurement:session:s042_00967:ef4f866eaf02,session,warehouse_measurement,S042_00967,synnetqos,session_id,S042_00967,S042_00967,10,0,0.0
warehouse_measurement:session:s042_00968:750527738577,session,warehouse_measurement,S042_00968,synnetqos,session_id,S042_00968,S042_00968,10,9,0.9
warehouse_measurement:session:s042_00969:2e5a3b32ff12,session,warehouse_measurement,S042_00969,synnetqos,session_id,S042_00969,S042_00969,10,4,0.4
warehouse_measurement:session:s042_00970:7549824ee099,session,warehouse_measurement,S042_00970,synnetqos,session_id,S042_00970,S042_00970,10,5,0.5
warehouse_measurement:session:s042_00971:9b14dd57734e,session,warehouse_measurement,S042_00971,synnetqos,session_id,S042_00971,S042_00971,10,10,1.0
warehouse_measurement:session:s042_00972:b7a51c0d7b1c,session,warehouse_measurement,S042_00972,synnetqos,session_id,S042_00972,S042_00972,10,4,0.4
warehouse_measurement:session:s042_00973:c37f0a504a32,session,warehouse_measurement,S042_00973,synnetqos,session_id,S042_00973,S042_00973,10,8,0.8
warehouse_measurement:session:s042_00974:29cba352b35d,session,warehouse_measurement,S042_00974,synnetqos,session_id,S042_00974,S042_00974,10,2,0.2
warehouse_measurement:session:s042_00975:996a4a764c83,session,warehouse_measurement,S042_00975,synnetqos,session_id,S042_00975,S042_00975,10,3,0.3
warehouse_measurement:session:s042_00976:05a5f4bc933a,session,warehouse_measurement,S042_00976,synnetqos,session_id,S042_00976,S042_00976,10,8,0.8
warehouse_measurement:session:s042_00977:19ac14ca0ffd,session,warehouse_measurement,S042_00977,synnetqos,session_id,S042_00977,S042_00977,10,0,0.0
warehouse_measurement:session:s042_00978:18de3e0f4375,session,warehouse_measurement,S042_00978,synnetqos,session_id,S042_00978,S042_00978,10,0,0.0
warehouse_measurement:session:s042_00979:31284502328e,session,warehouse_measurement,S042_00979,synnetqos,session_id,S042_00979,S042_00979,10,8,0.8
warehouse_measurement:session:s042_00980:476f8e484a39,session,warehouse_measurement,S042_00980,synnetqos,session_id,S042_00980,S042_00980,10,7,0.7
warehouse_measurement:session:s042_00981:4390fa20bd50,session,warehouse_measurement,S042_00981,synnetqos,session_id,S042_00981,S042_00981,10,5,0.5
warehouse_measurement:session:s042_00982:6d971bd8c53e,session,warehouse_measurement,S042_00982,synnetqos,session_id,S042_00982,S042_00982,10,2,0.2
warehouse_measurement:session:s042_00983:034920c06c56,session,warehouse_measurement,S042_00983,synnetqos,session_id,S042_00983,S042_00983,10,5,0.5
warehouse_measurement:session:s042_00984:33edd358d0d1,session,warehouse_measurement,S042_00984,synnetqos,session_id,S042_00984,S042_00984,10,3,0.3
warehouse_measurement:session:s042_00985:b026232df204,session,warehouse_measurement,S042_00985,synnetqos,session_id,S042_00985,S042_00985,10,1,0.1
warehouse_measurement:session:s042_00986:f24e3e2cc81d,session,warehouse_measurement,S042_00986,synnetqos,session_id,S042_00986,S042_00986,10,0,0.0
warehouse_measurement:session:s042_00987:4b42f7dcc4bb,session,warehouse_measurement,S042_00987,synnetqos,session_id,S042_00987,S042_00987,10,8,0.8
warehouse_measurement:session:s042_00988:b808d4ae5771,session,warehouse_measurement,S042_00988,synnetqos,session_id,S042_00988,S042_00988,10,10,1.0
warehouse_measurement:session:s042_00989:85c473bb9860,session,warehouse_measurement,S042_00989,synnetqos,session_id,S042_00989,S042_00989,10,9,0.9
warehouse_measurement:session:s042_00990:88aba18871e8,session,warehouse_measurement,S042_00990,synnetqos,session_id,S042_00990,S042_00990,10,3,0.3
warehouse_measurement:session:s042_00991:cd040ad79dce,session,warehouse_measurement,S042_00991,synnetqos,session_id,S042_00991,S042_00991,10,8,0.8
warehouse_measurement:session:s042_00992:25278459576d,session,warehouse_measurement,S042_00992,synnetqos,session_id,S042_00992,S042_00992,10,4,0.4
warehouse_measurement:session:s042_00993:046939f2b253,session,warehouse_measurement,S042_00993,synnetqos,session_id,S042_00993,S042_00993,10,8,0.8
warehouse_measurement:session:s042_00994:9051b6885667,session,warehouse_measurement,S042_00994,synnetqos,session_id,S042_00994,S042_00994,10,4,0.4
warehouse_measurement:session:s042_00995:882217589aa3,session,warehouse_measurement,S042_00995,synnetqos,session_id,S042_00995,S042_00995,10,0,0.0
warehouse_measurement:session:s042_00996:0108a463c480,session,warehouse_measurement,S042_00996,synnetqos,session_id,S042_00996,S042_00996,10,5,0.5
warehouse_measurement:session:s042_00997:2b64e8fbb8f8,session,warehouse_measurement,S042_00997,synnetqos,session_id,S042_00997,S042_00997,10,1,0.1
warehouse_measurement:session:s042_00998:956e871d9858,session,warehouse_measurement,S042_00998,synnetqos,session_id,S042_00998,S042_00998,10,10,1.0
warehouse_measurement:session:s042_00999:1055169769fc,session,warehouse_measurement,S042_00999,synnetqos,session_id,S042_00999,S042_00999,10,2,0.2
warehouse_measurement:session:s042_01000:07702b60f82f,session,warehouse_measurement,S042_01000,synnetqos,session_id,S042_01000,S042_01000,10,1,0.1
warehouse_measurement:session:s042_01001:5a5c303bf08a,session,warehouse_measurement,S042_01001,synnetqos,session_id,S042_01001,S042_01001,10,1,0.1
warehouse_measurement:session:s042_01002:1812f93f55f4,session,warehouse_measurement,S042_01002,synnetqos,session_id,S042_01002,S042_01002,10,8,0.8
warehouse_measurement:session:s042_01003:822b8f0b2fcc,session,warehouse_measurement,S042_01003,synnetqos,session_id,S042_01003,S042_01003,10,7,0.7
warehouse_measurement:session:s042_01004:ae7b9ddd8efb,session,warehouse_measurement,S042_01004,synnetqos,session_id,S042_01004,S042_01004,10,6,0.6
warehouse_measurement:session:s042_01005:2a6ea4333801,session,warehouse_measurement,S042_01005,synnetqos,session_id,S042_01005,S042_01005,10,1,0.1
warehouse_measurement:session:s042_01006:8be6805d9272,session,warehouse_measurement,S042_01006,synnetqos,session_id,S042_01006,S042_01006,10,2,0.2
warehouse_measurement:session:s042_01007:b7fd9a9aff0f,session,warehouse_measurement,S042_01007,synnetqos,session_id,S042_01007,S042_01007,10,6,0.6
warehouse_measurement:session:s042_01008:be98c8020721,session,warehouse_measurement,S042_01008,synnetqos,session_id,S042_01008,S042_01008,10,8,0.8
warehouse_measurement:session:s042_01009:41fc52c1bc38,session,warehouse_measurement,S042_01009,synnetqos,session_id,S042_01009,S042_01009,10,9,0.9
warehouse_measurement:session:s042_01010:a029a279aac7,session,warehouse_measurement,S042_01010,synnetqos,session_id,S042_01010,S042_01010,10,9,0.9
warehouse_measurement:session:s042_01011:dc64664dc03f,session,warehouse_measurement,S042_01011,synnetqos,session_id,S042_01011,S042_01011,10,9,0.9
warehouse_measurement:session:s042_01012:da2f0d649250,session,warehouse_measurement,S042_01012,synnetqos,session_id,S042_01012,S042_01012,10,7,0.7
warehouse_measurement:session:s042_01013:c54d352c17a8,session,warehouse_measurement,S042_01013,synnetqos,session_id,S042_01013,S042_01013,10,0,0.0
warehouse_measurement:session:s042_01014:e8b5e31d0f15,session,warehouse_measurement,S042_01014,synnetqos,session_id,S042_01014,S042_01014,10,10,1.0
warehouse_measurement:session:s042_01015:696732e96a9d,session,warehouse_measurement,S042_01015,synnetqos,session_id,S042_01015,S042_01015,10,1,0.1
warehouse_measurement:session:s042_01016:60f702fac04c,session,warehouse_measurement,S042_01016,synnetqos,session_id,S042_01016,S042_01016,10,0,0.0
warehouse_measurement:session:s042_01017:a81ee1c2e51a,session,warehouse_measurement,S042_01017,synnetqos,session_id,S042_01017,S042_01017,10,1,0.1
warehouse_measurement:session:s042_01018:74d7a45a226a,session,warehouse_measurement,S042_01018,synnetqos,session_id,S042_01018,S042_01018,10,9,0.9
warehouse_measurement:session:s042_01019:c67450d38720,session,warehouse_measurement,S042_01019,synnetqos,session_id,S042_01019,S042_01019,10,10,1.0
warehouse_measurement:session:s042_01020:2bcac3fffff1,session,warehouse_measurement,S042_01020,synnetqos,session_id,S042_01020,S042_01020,10,4,0.4
warehouse_measurement:session:s042_01021:cf82ecb835fe,session,warehouse_measurement,S042_01021,synnetqos,session_id,S042_01021,S042_01021,10,1,0.1
warehouse_measurement:session:s042_01022:265b6e49f504,session,warehouse_measurement,S042_01022,synnetqos,session_id,S042_01022,S042_01022,10,8,0.8
warehouse_measurement:session:s042_01023:ce19acb0a91b,session,warehouse_measurement,S042_01023,synnetqos,session_id,S042_01023,S042_01023,10,7,0.7
warehouse_measurement:session:s042_01024:1fffa7ae2dbe,session,warehouse_measurement,S042_01024,synnetqos,session_id,S042_01024,S042_01024,10,10,1.0
warehouse_measurement:session:s042_01025:3cc342d37ae3,session,warehouse_measurement,S042_01025,synnetqos,session_id,S042_01025,S042_01025,10,7,0.7
warehouse_measurement:session:s042_01026:e9c4bed9af34,session,warehouse_measurement,S042_01026,synnetqos,session_id,S042_01026,S042_01026,10,7,0.7
warehouse_measurement:session:s042_01027:fede4158fb67,session,warehouse_measurement,S042_01027,synnetqos,session_id,S042_01027,S042_01027,10,1,0.1
warehouse_measurement:session:s042_01028:9d6e99415889,session,warehouse_measurement,S042_01028,synnetqos,session_id,S042_01028,S042_01028,10,1,0.1
warehouse_measurement:session:s042_01029:4614f83efd1e,session,warehouse_measurement,S042_01029,synnetqos,session_id,S042_01029,S042_01029,10,10,1.0
warehouse_measurement:session:s042_01030:dd1eb487b8a9,session,warehouse_measurement,S042_01030,synnetqos,session_id,S042_01030,S042_01030,10,1,0.1
warehouse_measurement:session:s042_01031:4b8ebba1d400,session,warehouse_measurement,S042_01031,synnetqos,session_id,S042_01031,S042_01031,10,4,0.4
warehouse_measurement:session:s042_01032:3e50e3c568a1,session,warehouse_measurement,S042_01032,synnetqos,session_id,S042_01032,S042_01032,10,5,0.5
warehouse_measurement:session:s042_01033:7f2f21d86c47,session,warehouse_measurement,S042_01033,synnetqos,session_id,S042_01033,S042_01033,10,6,0.6
warehouse_measurement:session:s042_01034:f58010c99c4e,session,warehouse_measurement,S042_01034,synnetqos,session_id,S042_01034,S042_01034,10,0,0.0
warehouse_measurement:session:s042_01035:bc20b4e74e54,session,warehouse_measurement,S042_01035,synnetqos,session_id,S042_01035,S042_01035,10,7,0.7
warehouse_measurement:session:s042_01036:f6d98c20b278,session,warehouse_measurement,S042_01036,synnetqos,session_id,S042_01036,S042_01036,10,3,0.3
warehouse_measurement:session:s042_01037:26f4f698d534,session,warehouse_measurement,S042_01037,synnetqos,session_id,S042_01037,S042_01037,10,4,0.4
warehouse_measurement:session:s042_01038:6c2347e743be,session,warehouse_measurement,S042_01038,synnetqos,session_id,S042_01038,S042_01038,10,8,0.8
warehouse_measurement:session:s042_01039:dab411fd24a2,session,warehouse_measurement,S042_01039,synnetqos,session_id,S042_01039,S042_01039,10,6,0.6
warehouse_measurement:session:s042_01040:d32ce6826ae7,session,warehouse_measurement,S042_01040,synnetqos,session_id,S042_01040,S042_01040,10,4,0.4
warehouse_measurement:session:s042_01041:a926557a9908,session,warehouse_measurement,S042_01041,synnetqos,session_id,S042_01041,S042_01041,10,4,0.4
warehouse_measurement:session:s042_01042:3340ffeb5588,session,warehouse_measurement,S042_01042,synnetqos,session_id,S042_01042,S042_01042,10,0,0.0
warehouse_measurement:session:s042_01043:5700440f4a61,session,warehouse_measurement,S042_01043,synnetqos,session_id,S042_01043,S042_01043,10,4,0.4
warehouse_measurement:session:s042_01044:81cda625a8e4,session,warehouse_measurement,S042_01044,synnetqos,session_id,S042_01044,S042_01044,10,3,0.3
warehouse_measurement:session:s042_01045:e82580540e3c,session,warehouse_measurement,S042_01045,synnetqos,session_id,S042_01045,S042_01045,10,8,0.8
warehouse_measurement:session:s042_01046:d00b2b6341c3,session,warehouse_measurement,S042_01046,synnetqos,session_id,S042_01046,S042_01046,10,6,0.6
warehouse_measurement:session:s042_01047:0663c107d13a,session,warehouse_measurement,S042_01047,synnetqos,session_id,S042_01047,S042_01047,10,9,0.9
warehouse_measurement:session:s042_01048:069a7f0b93ab,session,warehouse_measurement,S042_01048,synnetqos,session_id,S042_01048,S042_01048,10,7,0.7
warehouse_measurement:session:s042_01049:5a03acda405d,session,warehouse_measurement,S042_01049,synnetqos,session_id,S042_01049,S042_01049,10,2,0.2
warehouse_measurement:session:s042_01050:5d2ea699337b,session,warehouse_measurement,S042_01050,synnetqos,session_id,S042_01050,S042_01050,10,5,0.5
warehouse_measurement:session:s042_01051:a114ec973afe,session,warehouse_measurement,S042_01051,synnetqos,session_id,S042_01051,S042_01051,10,2,0.2
warehouse_measurement:session:s042_01052:918d7b89f11a,session,warehouse_measurement,S042_01052,synnetqos,session_id,S042_01052,S042_01052,10,9,0.9
warehouse_measurement:session:s042_01053:29e077319975,session,warehouse_measurement,S042_01053,synnetqos,session_id,S042_01053,S042_01053,10,3,0.3
warehouse_measurement:session:s042_01054:5826cf5aefb0,session,warehouse_measurement,S042_01054,synnetqos,session_id,S042_01054,S042_01054,10,10,1.0
warehouse_measurement:session:s042_01055:074c3871cfe4,session,warehouse_measurement,S042_01055,synnetqos,session_id,S042_01055,S042_01055,10,5,0.5
warehouse_measurement:session:s042_01056:2123facc469a,session,warehouse_measurement,S042_01056,synnetqos,session_id,S042_01056,S042_01056,10,10,1.0
warehouse_measurement:session:s042_01057:c544ff28ab36,session,warehouse_measurement,S042_01057,synnetqos,session_id,S042_01057,S042_01057,10,3,0.3
warehouse_measurement:session:s042_01058:a2f968ae8b98,session,warehouse_measurement,S042_01058,synnetqos,session_id,S042_01058,S042_01058,10,6,0.6
warehouse_measurement:session:s042_01059:00d1d656c81c,session,warehouse_measurement,S042_01059,synnetqos,session_id,S042_01059,S042_01059,10,1,0.1
warehouse_measurement:session:s042_01060:bb2974cb90dd,session,warehouse_measurement,S042_01060,synnetqos,session_id,S042_01060,S042_01060,10,3,0.3
warehouse_measurement:session:s042_01061:8d905d438203,session,warehouse_measurement,S042_01061,synnetqos,session_id,S042_01061,S042_01061,10,2,0.2
warehouse_measurement:session:s042_01062:0c107bed3601,session,warehouse_measurement,S042_01062,synnetqos,session_id,S042_01062,S042_01062,10,10,1.0
warehouse_measurement:session:s042_01063:1d3193cb198f,session,warehouse_measurement,S042_01063,synnetqos,session_id,S042_01063,S042_01063,10,3,0.3
warehouse_measurement:session:s042_01064:900d93b1a5c5,session,warehouse_measurement,S042_01064,synnetqos,session_id,S042_01064,S042_01064,10,10,1.0
warehouse_measurement:session:s042_01065:8fcc5b172e9d,session,warehouse_measurement,S042_01065,synnetqos,session_id,S042_01065,S042_01065,10,1,0.1
warehouse_measurement:session:s042_01066:5a14001b2411,session,warehouse_measurement,S042_01066,synnetqos,session_id,S042_01066,S042_01066,10,8,0.8
warehouse_measurement:session:s042_01067:ba68ccbdf9a4,session,warehouse_measurement,S042_01067,synnetqos,session_id,S042_01067,S042_01067,10,1,0.1
warehouse_measurement:session:s042_01068:c15bf2ed025f,session,warehouse_measurement,S042_01068,synnetqos,session_id,S042_01068,S042_01068,10,6,0.6
warehouse_measurement:session:s042_01069:f0581a129312,session,warehouse_measurement,S042_01069,synnetqos,session_id,S042_01069,S042_01069,10,10,1.0
warehouse_measurement:session:s042_01070:4f5cb5ea7e15,session,warehouse_measurement,S042_01070,synnetqos,session_id,S042_01070,S042_01070,10,10,1.0
warehouse_measurement:session:s042_01071:f3c74fd48e92,session,warehouse_measurement,S042_01071,synnetqos,session_id,S042_01071,S042_01071,10,6,0.6
warehouse_measurement:session:s042_01072:7cdfd0b41043,session,warehouse_measurement,S042_01072,synnetqos,session_id,S042_01072,S042_01072,10,5,0.5
warehouse_measurement:session:s042_01073:5915d2f95b28,session,warehouse_measurement,S042_01073,synnetqos,session_id,S042_01073,S042_01073,10,1,0.1
warehouse_measurement:session:s042_01074:155980cd8c5c,session,warehouse_measurement,S042_01074,synnetqos,session_id,S042_01074,S042_01074,10,10,1.0
warehouse_measurement:session:s042_01075:a6e549edee61,session,warehouse_measurement,S042_01075,synnetqos,session_id,S042_01075,S042_01075,10,8,0.8
warehouse_measurement:session:s042_01076:57fd3a170877,session,warehouse_measurement,S042_01076,synnetqos,session_id,S042_01076,S042_01076,10,9,0.9
warehouse_measurement:session:s042_01077:9a400966133d,session,warehouse_measurement,S042_01077,synnetqos,session_id,S042_01077,S042_01077,10,6,0.6
warehouse_measurement:session:s042_01078:a0365fa64b3e,session,warehouse_measurement,S042_01078,synnetqos,session_id,S042_01078,S042_01078,10,5,0.5
warehouse_measurement:session:s042_01079:01f1b5558d96,session,warehouse_measurement,S042_01079,synnetqos,session_id,S042_01079,S042_01079,10,3,0.3
warehouse_measurement:session:s042_01080:50173db9e3ce,session,warehouse_measurement,S042_01080,synnetqos,session_id,S042_01080,S042_01080,10,3,0.3
warehouse_measurement:session:s042_01081:73157562ab18,session,warehouse_measurement,S042_01081,synnetqos,session_id,S042_01081,S042_01081,10,9,0.9
warehouse_measurement:session:s042_01082:f4797696665f,session,warehouse_measurement,S042_01082,synnetqos,session_id,S042_01082,S042_01082,10,1,0.1
warehouse_measurement:session:s042_01083:cc930b2d080d,session,warehouse_measurement,S042_01083,synnetqos,session_id,S042_01083,S042_01083,10,0,0.0
warehouse_measurement:session:s042_01084:28038b76280f,session,warehouse_measurement,S042_01084,synnetqos,session_id,S042_01084,S042_01084,10,9,0.9
warehouse_measurement:session:s042_01085:658accad89ee,session,warehouse_measurement,S042_01085,synnetqos,session_id,S042_01085,S042_01085,10,10,1.0
warehouse_measurement:session:s042_01086:f3c1da070f8a,session,warehouse_measurement,S042_01086,synnetqos,session_id,S042_01086,S042_01086,10,0,0.0
warehouse_measurement:session:s042_01087:45ee4455abd0,session,warehouse_measurement,S042_01087,synnetqos,session_id,S042_01087,S042_01087,10,2,0.2
warehouse_measurement:session:s042_01088:b5939109da43,session,warehouse_measurement,S042_01088,synnetqos,session_id,S042_01088,S042_01088,10,8,0.8
warehouse_measurement:session:s042_01089:4778bdeb0f8d,session,warehouse_measurement,S042_01089,synnetqos,session_id,S042_01089,S042_01089,10,8,0.8
warehouse_measurement:session:s042_01090:8d655603817f,session,warehouse_measurement,S042_01090,synnetqos,session_id,S042_01090,S042_01090,10,7,0.7
warehouse_measurement:session:s042_01091:1b9c5fb3ab00,session,warehouse_measurement,S042_01091,synnetqos,session_id,S042_01091,S042_01091,10,2,0.2
warehouse_measurement:session:s042_01092:73edf3ee5961,session,warehouse_measurement,S042_01092,synnetqos,session_id,S042_01092,S042_01092,10,10,1.0
warehouse_measurement:session:s042_01093:f0836a14718f,session,warehouse_measurement,S042_01093,synnetqos,session_id,S042_01093,S042_01093,10,2,0.2
warehouse_measurement:session:s042_01094:f62b72e7a95d,session,warehouse_measurement,S042_01094,synnetqos,session_id,S042_01094,S042_01094,10,10,1.0
warehouse_measurement:session:s042_01095:b7b062ccc04d,session,warehouse_measurement,S042_01095,synnetqos,session_id,S042_01095,S042_01095,10,5,0.5
warehouse_measurement:session:s042_01096:e7a597b8cdf4,session,warehouse_measurement,S042_01096,synnetqos,session_id,S042_01096,S042_01096,10,1,0.1
warehouse_measurement:session:s042_01097:e2b44ce4417a,session,warehouse_measurement,S042_01097,synnetqos,session_id,S042_01097,S042_01097,10,8,0.8
warehouse_measurement:session:s042_01098:a73e9f4006a6,session,warehouse_measurement,S042_01098,synnetqos,session_id,S042_01098,S042_01098,10,5,0.5
warehouse_measurement:session:s042_01099:86bc71693e92,session,warehouse_measurement,S042_01099,synnetqos,session_id,S042_01099,S042_01099,10,9,0.9
warehouse_measurement:session:s042_01100:63a4a99bc927,session,warehouse_measurement,S042_01100,synnetqos,session_id,S042_01100,S042_01100,10,7,0.7
warehouse_measurement:session:s042_01101:64f4272f99e7,session,warehouse_measurement,S042_01101,synnetqos,session_id,S042_01101,S042_01101,10,0,0.0
warehouse_measurement:session:s042_01102:db457b0ead15,session,warehouse_measurement,S042_01102,synnetqos,session_id,S042_01102,S042_01102,10,1,0.1
warehouse_measurement:session:s042_01103:89071d87ae7d,session,warehouse_measurement,S042_01103,synnetqos,session_id,S042_01103,S042_01103,10,10,1.0
warehouse_measurement:session:s042_01104:db849f8b70ab,session,warehouse_measurement,S042_01104,synnetqos,session_id,S042_01104,S042_01104,10,3,0.3
warehouse_measurement:session:s042_01105:662902c625ea,session,warehouse_measurement,S042_01105,synnetqos,session_id,S042_01105,S042_01105,10,5,0.5
warehouse_measurement:session:s042_01106:4d690ae84196,session,warehouse_measurement,S042_01106,synnetqos,session_id,S042_01106,S042_01106,10,4,0.4
warehouse_measurement:session:s042_01107:d09f79cf116d,session,warehouse_measurement,S042_01107,synnetqos,session_id,S042_01107,S042_01107,10,5,0.5
warehouse_measurement:session:s042_01108:9b37cbb20fac,session,warehouse_measurement,S042_01108,synnetqos,session_id,S042_01108,S042_01108,10,1,0.1
warehouse_measurement:session:s042_01109:bcfdfa5bba8c,session,warehouse_measurement,S042_01109,synnetqos,session_id,S042_01109,S042_01109,10,0,0.0
warehouse_measurement:session:s042_01110:ac86900db5a8,session,warehouse_measurement,S042_01110,synnetqos,session_id,S042_01110,S042_01110,10,4,0.4
warehouse_measurement:session:s042_01111:dce83a72d932,session,warehouse_measurement,S042_01111,synnetqos,session_id,S042_01111,S042_01111,10,8,0.8
warehouse_measurement:session:s042_01112:1fe79ce9a301,session,warehouse_measurement,S042_01112,synnetqos,session_id,S042_01112,S042_01112,10,10,1.0
warehouse_measurement:session:s042_01113:5061460e5821,session,warehouse_measurement,S042_01113,synnetqos,session_id,S042_01113,S042_01113,10,7,0.7
warehouse_measurement:session:s042_01114:459b5e6d37b1,session,warehouse_measurement,S042_01114,synnetqos,session_id,S042_01114,S042_01114,10,10,1.0
warehouse_measurement:session:s042_01115:f7d49470414c,session,warehouse_measurement,S042_01115,synnetqos,session_id,S042_01115,S042_01115,10,0,0.0
warehouse_measurement:session:s042_01116:377e70858f4d,session,warehouse_measurement,S042_01116,synnetqos,session_id,S042_01116,S042_01116,10,4,0.4
warehouse_measurement:session:s042_01117:fd7af52932e8,session,warehouse_measurement,S042_01117,synnetqos,session_id,S042_01117,S042_01117,10,7,0.7
warehouse_measurement:session:s042_01118:1382508cd309,session,warehouse_measurement,S042_01118,synnetqos,session_id,S042_01118,S042_01118,10,5,0.5
warehouse_measurement:session:s042_01119:0ed3ecef8944,session,warehouse_measurement,S042_01119,synnetqos,session_id,S042_01119,S042_01119,10,3,0.3
warehouse_measurement:session:s042_01120:332d368efe30,session,warehouse_measurement,S042_01120,synnetqos,session_id,S042_01120,S042_01120,10,4,0.4
warehouse_measurement:session:s042_01121:1deeb77f6e61,session,warehouse_measurement,S042_01121,synnetqos,session_id,S042_01121,S042_01121,10,8,0.8
warehouse_measurement:session:s042_01122:6874662ca5ff,session,warehouse_measurement,S042_01122,synnetqos,session_id,S042_01122,S042_01122,10,6,0.6
warehouse_measurement:session:s042_01123:07531a0288da,session,warehouse_measurement,S042_01123,synnetqos,session_id,S042_01123,S042_01123,10,8,0.8
warehouse_measurement:session:s042_01124:9b4629e754e6,session,warehouse_measurement,S042_01124,synnetqos,session_id,S042_01124,S042_01124,10,4,0.4
warehouse_measurement:session:s042_01125:3363c153b6fd,session,warehouse_measurement,S042_01125,synnetqos,session_id,S042_01125,S042_01125,10,0,0.0
warehouse_measurement:session:s042_01126:7a376d0b726b,session,warehouse_measurement,S042_01126,synnetqos,session_id,S042_01126,S042_01126,10,4,0.4
warehouse_measurement:session:s042_01127:96eac96bab80,session,warehouse_measurement,S042_01127,synnetqos,session_id,S042_01127,S042_01127,10,10,1.0
warehouse_measurement:session:s042_01128:027d6d1c2881,session,warehouse_measurement,S042_01128,synnetqos,session_id,S042_01128,S042_01128,10,6,0.6
warehouse_measurement:session:s042_01129:640467c55d0b,session,warehouse_measurement,S042_01129,synnetqos,session_id,S042_01129,S042_01129,10,4,0.4
warehouse_measurement:session:s042_01130:26d30810e26d,session,warehouse_measurement,S042_01130,synnetqos,session_id,S042_01130,S042_01130,10,5,0.5
warehouse_measurement:session:s042_01131:a18968dd1c31,session,warehouse_measurement,S042_01131,synnetqos,session_id,S042_01131,S042_01131,10,3,0.3
warehouse_measurement:session:s042_01132:b059e67d9072,session,warehouse_measurement,S042_01132,synnetqos,session_id,S042_01132,S042_01132,10,2,0.2
warehouse_measurement:session:s042_01133:a55f6808bc43,session,warehouse_measurement,S042_01133,synnetqos,session_id,S042_01133,S042_01133,10,10,1.0
warehouse_measurement:session:s042_01134:b2a3f521de2a,session,warehouse_measurement,S042_01134,synnetqos,session_id,S042_01134,S042_01134,10,0,0.0
warehouse_measurement:session:s042_01135:b0aafe968a84,session,warehouse_measurement,S042_01135,synnetqos,session_id,S042_01135,S042_01135,10,1,0.1
warehouse_measurement:session:s042_01136:3f8a09c79ffa,session,warehouse_measurement,S042_01136,synnetqos,session_id,S042_01136,S042_01136,10,9,0.9
warehouse_measurement:session:s042_01137:da1496c4fe5c,session,warehouse_measurement,S042_01137,synnetqos,session_id,S042_01137,S042_01137,10,10,1.0
warehouse_measurement:session:s042_01138:b1404d2396f2,session,warehouse_measurement,S042_01138,synnetqos,session_id,S042_01138,S042_01138,10,7,0.7
warehouse_measurement:session:s042_01139:086341fd4dac,session,warehouse_measurement,S042_01139,synnetqos,session_id,S042_01139,S042_01139,10,5,0.5
warehouse_measurement:session:s042_01140:355d3077fac3,session,warehouse_measurement,S042_01140,synnetqos,session_id,S042_01140,S042_01140,10,6,0.6
warehouse_measurement:session:s042_01141:032dc0ddf391,session,warehouse_measurement,S042_01141,synnetqos,session_id,S042_01141,S042_01141,10,4,0.4
warehouse_measurement:session:s042_01142:b4a98dae0ed6,session,warehouse_measurement,S042_01142,synnetqos,session_id,S042_01142,S042_01142,10,8,0.8
warehouse_measurement:session:s042_01143:73b0e9fa1196,session,warehouse_measurement,S042_01143,synnetqos,session_id,S042_01143,S042_01143,10,10,1.0
warehouse_measurement:session:s042_01144:99dd005f2b76,session,warehouse_measurement,S042_01144,synnetqos,session_id,S042_01144,S042_01144,10,7,0.7
warehouse_measurement:session:s042_01145:1ca745635182,session,warehouse_measurement,S042_01145,synnetqos,session_id,S042_01145,S042_01145,10,6,0.6
warehouse_measurement:session:s042_01146:e8a8e5d9276c,session,warehouse_measurement,S042_01146,synnetqos,session_id,S042_01146,S042_01146,10,6,0.6
warehouse_measurement:session:s042_01147:a8ca4a8f61e5,session,warehouse_measurement,S042_01147,synnetqos,session_id,S042_01147,S042_01147,10,2,0.2
warehouse_measurement:session:s042_01148:6a0dd754acad,session,warehouse_measurement,S042_01148,synnetqos,session_id,S042_01148,S042_01148,10,10,1.0
warehouse_measurement:session:s042_01149:d67e30dc2395,session,warehouse_measurement,S042_01149,synnetqos,session_id,S042_01149,S042_01149,10,0,0.0
warehouse_measurement:session:s042_01150:cc14b2a38c6d,session,warehouse_measurement,S042_01150,synnetqos,session_id,S042_01150,S042_01150,10,6,0.6
warehouse_measurement:session:s042_01151:04421675ee14,session,warehouse_measurement,S042_01151,synnetqos,session_id,S042_01151,S042_01151,10,4,0.4
warehouse_measurement:session:s042_01152:ce617d9e648a,session,warehouse_measurement,S042_01152,synnetqos,session_id,S042_01152,S042_01152,10,3,0.3
warehouse_measurement:session:s042_01153:8fb4aa2a4b7f,session,warehouse_measurement,S042_01153,synnetqos,session_id,S042_01153,S042_01153,10,3,0.3
warehouse_measurement:session:s042_01154:422fe50868fc,session,warehouse_measurement,S042_01154,synnetqos,session_id,S042_01154,S042_01154,10,1,0.1
warehouse_measurement:session:s042_01155:9ef82bdd16dc,session,warehouse_measurement,S042_01155,synnetqos,session_id,S042_01155,S042_01155,10,1,0.1
warehouse_measurement:session:s042_01156:fa32113226be,session,warehouse_measurement,S042_01156,synnetqos,session_id,S042_01156,S042_01156,10,8,0.8
warehouse_measurement:session:s042_01157:e95bf388fba9,session,warehouse_measurement,S042_01157,synnetqos,session_id,S042_01157,S042_01157,10,10,1.0
warehouse_measurement:session:s042_01158:d34e8b8b2c77,session,warehouse_measurement,S042_01158,synnetqos,session_id,S042_01158,S042_01158,10,8,0.8
warehouse_measurement:session:s042_01159:e5ac52260643,session,warehouse_measurement,S042_01159,synnetqos,session_id,S042_01159,S042_01159,10,9,0.9
warehouse_measurement:session:s042_01160:c02d0d3c551f,session,warehouse_measurement,S042_01160,synnetqos,session_id,S042_01160,S042_01160,10,1,0.1
warehouse_measurement:session:s042_01161:da6a217aa932,session,warehouse_measurement,S042_01161,synnetqos,session_id,S042_01161,S042_01161,10,9,0.9
warehouse_measurement:session:s042_01162:cf80575310de,session,warehouse_measurement,S042_01162,synnetqos,session_id,S042_01162,S042_01162,10,0,0.0
warehouse_measurement:session:s042_01163:33c4fc95a1bd,session,warehouse_measurement,S042_01163,synnetqos,session_id,S042_01163,S042_01163,10,0,0.0
warehouse_measurement:session:s042_01164:a480ddbf7a19,session,warehouse_measurement,S042_01164,synnetqos,session_id,S042_01164,S042_01164,10,2,0.2
warehouse_measurement:session:s042_01165:73c166770b42,session,warehouse_measurement,S042_01165,synnetqos,session_id,S042_01165,S042_01165,10,9,0.9
warehouse_measurement:session:s042_01166:a83d7fa8e626,session,warehouse_measurement,S042_01166,synnetqos,session_id,S042_01166,S042_01166,10,9,0.9
warehouse_measurement:session:s042_01167:6122d1b5e804,session,warehouse_measurement,S042_01167,synnetqos,session_id,S042_01167,S042_01167,10,6,0.6
warehouse_measurement:session:s042_01168:d25880fd8d40,session,warehouse_measurement,S042_01168,synnetqos,session_id,S042_01168,S042_01168,10,1,0.1
warehouse_measurement:session:s042_01169:367785453150,session,warehouse_measurement,S042_01169,synnetqos,session_id,S042_01169,S042_01169,10,3,0.3
warehouse_measurement:session:s042_01170:24ea8300ca13,session,warehouse_measurement,S042_01170,synnetqos,session_id,S042_01170,S042_01170,10,3,0.3
warehouse_measurement:session:s042_01171:5fe8d87630ba,session,warehouse_measurement,S042_01171,synnetqos,session_id,S042_01171,S042_01171,10,3,0.3
warehouse_measurement:session:s042_01172:cc3870b9d69b,session,warehouse_measurement,S042_01172,synnetqos,session_id,S042_01172,S042_01172,10,7,0.7
warehouse_measurement:session:s042_01173:9e13da2f82b7,session,warehouse_measurement,S042_01173,synnetqos,session_id,S042_01173,S042_01173,10,1,0.1
warehouse_measurement:session:s042_01174:6a28dba7dff6,session,warehouse_measurement,S042_01174,synnetqos,session_id,S042_01174,S042_01174,10,8,0.8
warehouse_measurement:session:s042_01175:f8f82b48f45f,session,warehouse_measurement,S042_01175,synnetqos,session_id,S042_01175,S042_01175,10,2,0.2
warehouse_measurement:session:s042_01176:de1d334e6b10,session,warehouse_measurement,S042_01176,synnetqos,session_id,S042_01176,S042_01176,10,9,0.9
warehouse_measurement:session:s042_01177:6606eb8b3b3a,session,warehouse_measurement,S042_01177,synnetqos,session_id,S042_01177,S042_01177,10,10,1.0
warehouse_measurement:session:s042_01178:f2138481ca6c,session,warehouse_measurement,S042_01178,synnetqos,session_id,S042_01178,S042_01178,10,3,0.3
warehouse_measurement:session:s042_01179:c38df9f29398,session,warehouse_measurement,S042_01179,synnetqos,session_id,S042_01179,S042_01179,10,5,0.5
warehouse_measurement:session:s042_01180:531462163c95,session,warehouse_measurement,S042_01180,synnetqos,session_id,S042_01180,S042_01180,10,9,0.9
warehouse_measurement:session:s042_01181:c958ceb9fa4d,session,warehouse_measurement,S042_01181,synnetqos,session_id,S042_01181,S042_01181,10,7,0.7
warehouse_measurement:session:s042_01182:78b8715416b2,session,warehouse_measurement,S042_01182,synnetqos,session_id,S042_01182,S042_01182,10,6,0.6
warehouse_measurement:session:s042_01183:fe267dd28b86,session,warehouse_measurement,S042_01183,synnetqos,session_id,S042_01183,S042_01183,10,10,1.0
warehouse_measurement:session:s042_01184:7db182340560,session,warehouse_measurement,S042_01184,synnetqos,session_id,S042_01184,S042_01184,10,2,0.2
warehouse_measurement:session:s042_01185:08ace640b982,session,warehouse_measurement,S042_01185,synnetqos,session_id,S042_01185,S042_01185,10,2,0.2
warehouse_measurement:session:s042_01186:97efd50ea1c6,session,warehouse_measurement,S042_01186,synnetqos,session_id,S042_01186,S042_01186,10,5,0.5
warehouse_measurement:session:s042_01187:3dcb302c2619,session,warehouse_measurement,S042_01187,synnetqos,session_id,S042_01187,S042_01187,10,1,0.1
warehouse_measurement:session:s042_01188:da3bf9426068,session,warehouse_measurement,S042_01188,synnetqos,session_id,S042_01188,S042_01188,10,6,0.6
warehouse_measurement:session:s042_01189:d8665fa58506,session,warehouse_measurement,S042_01189,synnetqos,session_id,S042_01189,S042_01189,10,10,1.0
warehouse_measurement:session:s042_01190:ff4eb9bd27c1,session,warehouse_measurement,S042_01190,synnetqos,session_id,S042_01190,S042_01190,10,0,0.0
warehouse_measurement:session:s042_01191:2a8db268dbcc,session,warehouse_measurement,S042_01191,synnetqos,session_id,S042_01191,S042_01191,10,7,0.7
warehouse_measurement:session:s042_01192:6ad26e78c6be,session,warehouse_measurement,S042_01192,synnetqos,session_id,S042_01192,S042_01192,10,3,0.3
warehouse_measurement:session:s042_01193:8ff90f961adc,session,warehouse_measurement,S042_01193,synnetqos,session_id,S042_01193,S042_01193,10,10,1.0
warehouse_measurement:session:s042_01194:47f0693a61d8,session,warehouse_measurement,S042_01194,synnetqos,session_id,S042_01194,S042_01194,10,10,1.0
warehouse_measurement:session:s042_01195:eed57952aa48,session,warehouse_measurement,S042_01195,synnetqos,session_id,S042_01195,S042_01195,10,10,1.0
warehouse_measurement:session:s042_01196:16477126de2a,session,warehouse_measurement,S042_01196,synnetqos,session_id,S042_01196,S042_01196,10,2,0.2
warehouse_measurement:session:s042_01197:9cad13c8cebb,session,warehouse_measurement,S042_01197,synnetqos,session_id,S042_01197,S042_01197,10,1,0.1
warehouse_measurement:session:s042_01198:3b55802cb1d0,session,warehouse_measurement,S042_01198,synnetqos,session_id,S042_01198,S042_01198,10,2,0.2
warehouse_measurement:session:s042_01199:9d8cad31fdf9,session,warehouse_measurement,S042_01199,synnetqos,session_id,S042_01199,S042_01199,10,8,0.8
warehouse_measurement:session:s042_01200:8cad7c15abfb,session,warehouse_measurement,S042_01200,synnetqos,session_id,S042_01200,S042_01200,10,8,0.8
warehouse_measurement:session:s042_01201:766eaff36810,session,warehouse_measurement,S042_01201,synnetqos,session_id,S042_01201,S042_01201,10,0,0.0
warehouse_measurement:session:s042_01202:091da8879262,session,warehouse_measurement,S042_01202,synnetqos,session_id,S042_01202,S042_01202,10,3,0.3
warehouse_measurement:session:s042_01203:ec3a9e3dce5e,session,warehouse_measurement,S042_01203,synnetqos,session_id,S042_01203,S042_01203,10,0,0.0
warehouse_measurement:session:s042_01204:52e514da8a9b,session,warehouse_measurement,S042_01204,synnetqos,session_id,S042_01204,S042_01204,10,9,0.9
warehouse_measurement:session:s042_01205:2564915383ce,session,warehouse_measurement,S042_01205,synnetqos,session_id,S042_01205,S042_01205,10,3,0.3
warehouse_measurement:session:s042_01206:8ea6ea9ee9ed,session,warehouse_measurement,S042_01206,synnetqos,session_id,S042_01206,S042_01206,10,3,0.3
warehouse_measurement:session:s042_01207:2effa018e511,session,warehouse_measurement,S042_01207,synnetqos,session_id,S042_01207,S042_01207,10,10,1.0
warehouse_measurement:session:s042_01208:cbd49981581d,session,warehouse_measurement,S042_01208,synnetqos,session_id,S042_01208,S042_01208,10,8,0.8
warehouse_measurement:session:s042_01209:4054b0a8f679,session,warehouse_measurement,S042_01209,synnetqos,session_id,S042_01209,S042_01209,10,9,0.9
warehouse_measurement:session:s042_01210:77b7f39b3558,session,warehouse_measurement,S042_01210,synnetqos,session_id,S042_01210,S042_01210,10,10,1.0
warehouse_measurement:session:s042_01211:c8483753b599,session,warehouse_measurement,S042_01211,synnetqos,session_id,S042_01211,S042_01211,10,0,0.0
warehouse_measurement:session:s042_01212:909432857ce8,session,warehouse_measurement,S042_01212,synnetqos,session_id,S042_01212,S042_01212,10,10,1.0
warehouse_measurement:session:s042_01213:f72f92c85692,session,warehouse_measurement,S042_01213,synnetqos,session_id,S042_01213,S042_01213,10,0,0.0
warehouse_measurement:session:s042_01214:7be4d1d1be52,session,warehouse_measurement,S042_01214,synnetqos,session_id,S042_01214,S042_01214,10,8,0.8
warehouse_measurement:session:s042_01215:f89305c2bab4,session,warehouse_measurement,S042_01215,synnetqos,session_id,S042_01215,S042_01215,10,8,0.8
warehouse_measurement:session:s042_01216:91fe42d333dd,session,warehouse_measurement,S042_01216,synnetqos,session_id,S042_01216,S042_01216,10,2,0.2
warehouse_measurement:session:s042_01217:0d4edf3c831e,session,warehouse_measurement,S042_01217,synnetqos,session_id,S042_01217,S042_01217,10,1,0.1
warehouse_measurement:session:s042_01218:bf78caf3b5d1,session,warehouse_measurement,S042_01218,synnetqos,session_id,S042_01218,S042_01218,10,5,0.5
warehouse_measurement:session:s042_01219:3e8226a5c834,session,warehouse_measurement,S042_01219,synnetqos,session_id,S042_01219,S042_01219,10,7,0.7
warehouse_measurement:session:s042_01220:3d2077ccd25e,session,warehouse_measurement,S042_01220,synnetqos,session_id,S042_01220,S042_01220,10,3,0.3
warehouse_measurement:session:s042_01221:3d0a6021dae9,session,warehouse_measurement,S042_01221,synnetqos,session_id,S042_01221,S042_01221,10,3,0.3
warehouse_measurement:session:s042_01222:c65ae8eaea0b,session,warehouse_measurement,S042_01222,synnetqos,session_id,S042_01222,S042_01222,10,0,0.0
warehouse_measurement:session:s042_01223:dd2a803b6e7d,session,warehouse_measurement,S042_01223,synnetqos,session_id,S042_01223,S042_01223,10,6,0.6
warehouse_measurement:session:s042_01224:630a4686e433,session,warehouse_measurement,S042_01224,synnetqos,session_id,S042_01224,S042_01224,10,2,0.2
warehouse_measurement:session:s042_01225:76113432e3f9,session,warehouse_measurement,S042_01225,synnetqos,session_id,S042_01225,S042_01225,10,6,0.6
warehouse_measurement:session:s042_01226:f3969d11f9be,session,warehouse_measurement,S042_01226,synnetqos,session_id,S042_01226,S042_01226,10,1,0.1
warehouse_measurement:session:s042_01227:d5ff6f7f6805,session,warehouse_measurement,S042_01227,synnetqos,session_id,S042_01227,S042_01227,10,0,0.0
warehouse_measurement:session:s042_01228:d82c08604e59,session,warehouse_measurement,S042_01228,synnetqos,session_id,S042_01228,S042_01228,10,9,0.9
warehouse_measurement:session:s042_01229:b4aafbc3db28,session,warehouse_measurement,S042_01229,synnetqos,session_id,S042_01229,S042_01229,10,5,0.5
warehouse_measurement:session:s042_01230:b702d8fe78e3,session,warehouse_measurement,S042_01230,synnetqos,session_id,S042_01230,S042_01230,10,9,0.9
warehouse_measurement:session:s042_01231:4b8882b8c15a,session,warehouse_measurement,S042_01231,synnetqos,session_id,S042_01231,S042_01231,10,0,0.0
warehouse_measurement:session:s042_01232:35cff4055e37,session,warehouse_measurement,S042_01232,synnetqos,session_id,S042_01232,S042_01232,10,8,0.8
warehouse_measurement:session:s042_01233:10bb0ef84ff7,session,warehouse_measurement,S042_01233,synnetqos,session_id,S042_01233,S042_01233,10,0,0.0
warehouse_measurement:session:s042_01234:24a23a8fbdf5,session,warehouse_measurement,S042_01234,synnetqos,session_id,S042_01234,S042_01234,10,9,0.9
warehouse_measurement:session:s042_01235:61ad704482c0,session,warehouse_measurement,S042_01235,synnetqos,session_id,S042_01235,S042_01235,10,9,0.9
warehouse_measurement:session:s042_01236:787e82a683ed,session,warehouse_measurement,S042_01236,synnetqos,session_id,S042_01236,S042_01236,10,7,0.7
warehouse_measurement:session:s042_01237:ae32f42c182f,session,warehouse_measurement,S042_01237,synnetqos,session_id,S042_01237,S042_01237,10,2,0.2
warehouse_measurement:session:s042_01238:55a6ab8b3c31,session,warehouse_measurement,S042_01238,synnetqos,session_id,S042_01238,S042_01238,10,9,0.9
warehouse_measurement:session:s042_01239:f73971c1ca7c,session,warehouse_measurement,S042_01239,synnetqos,session_id,S042_01239,S042_01239,10,5,0.5
warehouse_measurement:session:s042_01240:c439905cf5d4,session,warehouse_measurement,S042_01240,synnetqos,session_id,S042_01240,S042_01240,10,3,0.3
warehouse_measurement:session:s042_01241:a38652cf0a84,session,warehouse_measurement,S042_01241,synnetqos,session_id,S042_01241,S042_01241,10,7,0.7
warehouse_measurement:session:s042_01242:6eb97778b4f8,session,warehouse_measurement,S042_01242,synnetqos,session_id,S042_01242,S042_01242,10,8,0.8
warehouse_measurement:session:s042_01243:faebfad18569,session,warehouse_measurement,S042_01243,synnetqos,session_id,S042_01243,S042_01243,10,9,0.9
warehouse_measurement:session:s042_01244:c26f4bd16c34,session,warehouse_measurement,S042_01244,synnetqos,session_id,S042_01244,S042_01244,10,10,1.0
warehouse_measurement:session:s042_01245:08dca0587144,session,warehouse_measurement,S042_01245,synnetqos,session_id,S042_01245,S042_01245,10,1,0.1
warehouse_measurement:session:s042_01246:dde56a3af1c6,session,warehouse_measurement,S042_01246,synnetqos,session_id,S042_01246,S042_01246,10,10,1.0
warehouse_measurement:session:s042_01247:8276b6fb79ad,session,warehouse_measurement,S042_01247,synnetqos,session_id,S042_01247,S042_01247,10,9,0.9
warehouse_measurement:session:s042_01248:9e76f330f130,session,warehouse_measurement,S042_01248,synnetqos,session_id,S042_01248,S042_01248,10,9,0.9
warehouse_measurement:session:s042_01249:8b3c99dd55ea,session,warehouse_measurement,S042_01249,synnetqos,session_id,S042_01249,S042_01249,10,2,0.2
warehouse_measurement:session:s042_01250:b15d4836df66,session,warehouse_measurement,S042_01250,synnetqos,session_id,S042_01250,S042_01250,10,8,0.8
warehouse_measurement:session:s042_01251:5946d9b7cb9a,session,warehouse_measurement,S042_01251,synnetqos,session_id,S042_01251,S042_01251,10,2,0.2
warehouse_measurement:session:s042_01252:d99edadf9225,session,warehouse_measurement,S042_01252,synnetqos,session_id,S042_01252,S042_01252,10,5,0.5
warehouse_measurement:session:s042_01253:83b232661cdd,session,warehouse_measurement,S042_01253,synnetqos,session_id,S042_01253,S042_01253,10,1,0.1
warehouse_measurement:session:s042_01254:a686e3ec3aad,session,warehouse_measurement,S042_01254,synnetqos,session_id,S042_01254,S042_01254,10,9,0.9
warehouse_measurement:session:s042_01255:d439c8edbdec,session,warehouse_measurement,S042_01255,synnetqos,session_id,S042_01255,S042_01255,10,7,0.7
warehouse_measurement:session:s042_01256:226d0c2b459c,session,warehouse_measurement,S042_01256,synnetqos,session_id,S042_01256,S042_01256,10,9,0.9
warehouse_measurement:session:s042_01257:c21a08268a31,session,warehouse_measurement,S042_01257,synnetqos,session_id,S042_01257,S042_01257,10,6,0.6
warehouse_measurement:session:s042_01258:5f1075753c29,session,warehouse_measurement,S042_01258,synnetqos,session_id,S042_01258,S042_01258,10,5,0.5
warehouse_measurement:session:s042_01259:8a3a2ba2ef8d,session,warehouse_measurement,S042_01259,synnetqos,session_id,S042_01259,S042_01259,10,10,1.0
warehouse_measurement:session:s042_01260:d8b528d87390,session,warehouse_measurement,S042_01260,synnetqos,session_id,S042_01260,S042_01260,10,0,0.0
warehouse_measurement:session:s042_01261:b7bd6420783a,session,warehouse_measurement,S042_01261,synnetqos,session_id,S042_01261,S042_01261,10,0,0.0
warehouse_measurement:session:s042_01262:9a359c346308,session,warehouse_measurement,S042_01262,synnetqos,session_id,S042_01262,S042_01262,10,6,0.6
warehouse_measurement:session:s042_01263:ae1e1febc845,session,warehouse_measurement,S042_01263,synnetqos,session_id,S042_01263,S042_01263,10,1,0.1
warehouse_measurement:session:s042_01264:564e7975a616,session,warehouse_measurement,S042_01264,synnetqos,session_id,S042_01264,S042_01264,10,10,1.0
warehouse_measurement:session:s042_01265:265d2e04520f,session,warehouse_measurement,S042_01265,synnetqos,session_id,S042_01265,S042_01265,10,5,0.5
warehouse_measurement:session:s042_01266:70062be202de,session,warehouse_measurement,S042_01266,synnetqos,session_id,S042_01266,S042_01266,10,8,0.8
warehouse_measurement:session:s042_01267:50269e8be4eb,session,warehouse_measurement,S042_01267,synnetqos,session_id,S042_01267,S042_01267,10,7,0.7
warehouse_measurement:session:s042_01268:616bba4a9bb7,session,warehouse_measurement,S042_01268,synnetqos,session_id,S042_01268,S042_01268,10,0,0.0
warehouse_measurement:session:s042_01269:70f909acd0d2,session,warehouse_measurement,S042_01269,synnetqos,session_id,S042_01269,S042_01269,10,0,0.0
warehouse_measurement:session:s042_01270:0d63d444f193,session,warehouse_measurement,S042_01270,synnetqos,session_id,S042_01270,S042_01270,10,7,0.7
warehouse_measurement:session:s042_01271:2b50b14aae0a,session,warehouse_measurement,S042_01271,synnetqos,session_id,S042_01271,S042_01271,10,10,1.0
warehouse_measurement:session:s042_01272:73d37ba34817,session,warehouse_measurement,S042_01272,synnetqos,session_id,S042_01272,S042_01272,10,5,0.5
warehouse_measurement:session:s042_01273:1a313b6599f2,session,warehouse_measurement,S042_01273,synnetqos,session_id,S042_01273,S042_01273,10,8,0.8
warehouse_measurement:session:s042_01274:84d85546b13b,session,warehouse_measurement,S042_01274,synnetqos,session_id,S042_01274,S042_01274,10,7,0.7
warehouse_measurement:session:s042_01275:f0aeeb0dab6a,session,warehouse_measurement,S042_01275,synnetqos,session_id,S042_01275,S042_01275,10,7,0.7
warehouse_measurement:session:s042_01276:133dfc718d86,session,warehouse_measurement,S042_01276,synnetqos,session_id,S042_01276,S042_01276,10,8,0.8
warehouse_measurement:session:s042_01277:295414f21f96,session,warehouse_measurement,S042_01277,synnetqos,session_id,S042_01277,S042_01277,10,1,0.1
warehouse_measurement:session:s042_01278:54b48ba6e366,session,warehouse_measurement,S042_01278,synnetqos,session_id,S042_01278,S042_01278,10,7,0.7
warehouse_measurement:session:s042_01279:116eb4c5152e,session,warehouse_measurement,S042_01279,synnetqos,session_id,S042_01279,S042_01279,10,8,0.8
warehouse_measurement:session:s042_01280:a1ccde9501bd,session,warehouse_measurement,S042_01280,synnetqos,session_id,S042_01280,S042_01280,10,7,0.7
warehouse_measurement:session:s042_01281:066bcd0ea4e7,session,warehouse_measurement,S042_01281,synnetqos,session_id,S042_01281,S042_01281,10,8,0.8
warehouse_measurement:session:s042_01282:072296d13ebe,session,warehouse_measurement,S042_01282,synnetqos,session_id,S042_01282,S042_01282,10,4,0.4
warehouse_measurement:session:s042_01283:968b9933916c,session,warehouse_measurement,S042_01283,synnetqos,session_id,S042_01283,S042_01283,10,9,0.9
warehouse_measurement:session:s042_01284:1e1d39702669,session,warehouse_measurement,S042_01284,synnetqos,session_id,S042_01284,S042_01284,10,9,0.9
warehouse_measurement:session:s042_01285:9bfd3378afb5,session,warehouse_measurement,S042_01285,synnetqos,session_id,S042_01285,S042_01285,10,6,0.6
warehouse_measurement:session:s042_01286:a71b34275c4c,session,warehouse_measurement,S042_01286,synnetqos,session_id,S042_01286,S042_01286,10,7,0.7
warehouse_measurement:session:s042_01287:cfde7259c0f1,session,warehouse_measurement,S042_01287,synnetqos,session_id,S042_01287,S042_01287,10,3,0.3
warehouse_measurement:session:s042_01288:6cada0ddd412,session,warehouse_measurement,S042_01288,synnetqos,session_id,S042_01288,S042_01288,10,6,0.6
warehouse_measurement:session:s042_01289:7c3679793cc9,session,warehouse_measurement,S042_01289,synnetqos,session_id,S042_01289,S042_01289,10,1,0.1
warehouse_measurement:session:s042_01290:176ae768f7af,session,warehouse_measurement,S042_01290,synnetqos,session_id,S042_01290,S042_01290,10,3,0.3
warehouse_measurement:session:s042_01291:294c7f2d96a0,session,warehouse_measurement,S042_01291,synnetqos,session_id,S042_01291,S042_01291,10,9,0.9
warehouse_measurement:session:s042_01292:a755ebdf32d5,session,warehouse_measurement,S042_01292,synnetqos,session_id,S042_01292,S042_01292,10,6,0.6
warehouse_measurement:session:s042_01293:4b65528c25f9,session,warehouse_measurement,S042_01293,synnetqos,session_id,S042_01293,S042_01293,10,8,0.8
warehouse_measurement:session:s042_01294:8e2fee01e556,session,warehouse_measurement,S042_01294,synnetqos,session_id,S042_01294,S042_01294,10,8,0.8
warehouse_measurement:session:s042_01295:c9dd87e422aa,session,warehouse_measurement,S042_01295,synnetqos,session_id,S042_01295,S042_01295,10,4,0.4
warehouse_measurement:session:s042_01296:9b6b2ca2e7fe,session,warehouse_measurement,S042_01296,synnetqos,session_id,S042_01296,S042_01296,10,1,0.1
warehouse_measurement:session:s042_01297:b188bbfdf2ac,session,warehouse_measurement,S042_01297,synnetqos,session_id,S042_01297,S042_01297,10,7,0.7
warehouse_measurement:session:s042_01298:829e8dd49a41,session,warehouse_measurement,S042_01298,synnetqos,session_id,S042_01298,S042_01298,10,7,0.7
warehouse_measurement:session:s042_01299:e71754dd72bc,session,warehouse_measurement,S042_01299,synnetqos,session_id,S042_01299,S042_01299,10,10,1.0
warehouse_measurement:session:s042_01300:97de3007a90d,session,warehouse_measurement,S042_01300,synnetqos,session_id,S042_01300,S042_01300,10,10,1.0
warehouse_measurement:session:s042_01301:e65c3c372cb4,session,warehouse_measurement,S042_01301,synnetqos,session_id,S042_01301,S042_01301,10,10,1.0
warehouse_measurement:session:s042_01302:59e10e4a9efd,session,warehouse_measurement,S042_01302,synnetqos,session_id,S042_01302,S042_01302,10,8,0.8
warehouse_measurement:session:s042_01303:eacbf7800284,session,warehouse_measurement,S042_01303,synnetqos,session_id,S042_01303,S042_01303,10,2,0.2
warehouse_measurement:session:s042_01304:a110843ed94f,session,warehouse_measurement,S042_01304,synnetqos,session_id,S042_01304,S042_01304,10,3,0.3
warehouse_measurement:session:s042_01305:decb5e011d31,session,warehouse_measurement,S042_01305,synnetqos,session_id,S042_01305,S042_01305,10,9,0.9
warehouse_measurement:session:s042_01306:ca526a55424b,session,warehouse_measurement,S042_01306,synnetqos,session_id,S042_01306,S042_01306,10,3,0.3
warehouse_measurement:session:s042_01307:b95658f2b514,session,warehouse_measurement,S042_01307,synnetqos,session_id,S042_01307,S042_01307,10,1,0.1
warehouse_measurement:session:s042_01308:4c920ba3441b,session,warehouse_measurement,S042_01308,synnetqos,session_id,S042_01308,S042_01308,10,4,0.4
warehouse_measurement:session:s042_01309:8c14ead9f640,session,warehouse_measurement,S042_01309,synnetqos,session_id,S042_01309,S042_01309,10,0,0.0
warehouse_measurement:session:s042_01310:5d520a3ef30a,session,warehouse_measurement,S042_01310,synnetqos,session_id,S042_01310,S042_01310,10,10,1.0
warehouse_measurement:session:s042_01311:548fd14751e2,session,warehouse_measurement,S042_01311,synnetqos,session_id,S042_01311,S042_01311,10,10,1.0
warehouse_measurement:session:s042_01312:f76bc3c50ba4,session,warehouse_measurement,S042_01312,synnetqos,session_id,S042_01312,S042_01312,10,1,0.1
warehouse_measurement:session:s042_01313:6ce4523d8872,session,warehouse_measurement,S042_01313,synnetqos,session_id,S042_01313,S042_01313,10,5,0.5
warehouse_measurement:session:s042_01314:71ad8f6f71cf,session,warehouse_measurement,S042_01314,synnetqos,session_id,S042_01314,S042_01314,10,1,0.1
warehouse_measurement:session:s042_01315:0e7c9b4264c1,session,warehouse_measurement,S042_01315,synnetqos,session_id,S042_01315,S042_01315,10,10,1.0
warehouse_measurement:session:s042_01316:97a9f0c70d32,session,warehouse_measurement,S042_01316,synnetqos,session_id,S042_01316,S042_01316,10,1,0.1
warehouse_measurement:session:s042_01317:45ce28e929c7,session,warehouse_measurement,S042_01317,synnetqos,session_id,S042_01317,S042_01317,10,5,0.5
warehouse_measurement:session:s042_01318:39b14d3af814,session,warehouse_measurement,S042_01318,synnetqos,session_id,S042_01318,S042_01318,10,1,0.1
warehouse_measurement:session:s042_01319:86fa631fccf6,session,warehouse_measurement,S042_01319,synnetqos,session_id,S042_01319,S042_01319,10,3,0.3
warehouse_measurement:session:s042_01320:fe52f0dd38c3,session,warehouse_measurement,S042_01320,synnetqos,session_id,S042_01320,S042_01320,10,1,0.1
warehouse_measurement:session:s042_01321:fe0f83c1539b,session,warehouse_measurement,S042_01321,synnetqos,session_id,S042_01321,S042_01321,10,8,0.8
warehouse_measurement:session:s042_01322:a56e1514289a,session,warehouse_measurement,S042_01322,synnetqos,session_id,S042_01322,S042_01322,10,5,0.5
warehouse_measurement:session:s042_01323:6b990f24eecb,session,warehouse_measurement,S042_01323,synnetqos,session_id,S042_01323,S042_01323,10,1,0.1
warehouse_measurement:session:s042_01324:c902726a6fa3,session,warehouse_measurement,S042_01324,synnetqos,session_id,S042_01324,S042_01324,10,5,0.5
warehouse_measurement:session:s042_01325:86848aca7dfc,session,warehouse_measurement,S042_01325,synnetqos,session_id,S042_01325,S042_01325,10,6,0.6
warehouse_measurement:session:s042_01326:986be3280645,session,warehouse_measurement,S042_01326,synnetqos,session_id,S042_01326,S042_01326,10,9,0.9
warehouse_measurement:session:s042_01327:2b00bc46ebc0,session,warehouse_measurement,S042_01327,synnetqos,session_id,S042_01327,S042_01327,10,0,0.0
warehouse_measurement:session:s042_01328:edef27596031,session,warehouse_measurement,S042_01328,synnetqos,session_id,S042_01328,S042_01328,10,6,0.6
warehouse_measurement:session:s042_01329:d60acf208de8,session,warehouse_measurement,S042_01329,synnetqos,session_id,S042_01329,S042_01329,10,4,0.4
warehouse_measurement:session:s042_01330:00998f97ece1,session,warehouse_measurement,S042_01330,synnetqos,session_id,S042_01330,S042_01330,10,0,0.0
warehouse_measurement:session:s042_01331:bd2d513eb938,session,warehouse_measurement,S042_01331,synnetqos,session_id,S042_01331,S042_01331,10,0,0.0
warehouse_measurement:session:s042_01332:a4a7a36a530e,session,warehouse_measurement,S042_01332,synnetqos,session_id,S042_01332,S042_01332,10,3,0.3
warehouse_measurement:session:s042_01333:e27445f0b275,session,warehouse_measurement,S042_01333,synnetqos,session_id,S042_01333,S042_01333,10,4,0.4
warehouse_measurement:session:s042_01334:a7824c68c3ed,session,warehouse_measurement,S042_01334,synnetqos,session_id,S042_01334,S042_01334,10,6,0.6
warehouse_measurement:session:s042_01335:c942adb2054c,session,warehouse_measurement,S042_01335,synnetqos,session_id,S042_01335,S042_01335,10,8,0.8
warehouse_measurement:session:s042_01336:255d2f26d71a,session,warehouse_measurement,S042_01336,synnetqos,session_id,S042_01336,S042_01336,10,8,0.8
warehouse_measurement:session:s042_01337:35017ec7f4aa,session,warehouse_measurement,S042_01337,synnetqos,session_id,S042_01337,S042_01337,10,5,0.5
warehouse_measurement:session:s042_01338:f9486b136957,session,warehouse_measurement,S042_01338,synnetqos,session_id,S042_01338,S042_01338,10,1,0.1
warehouse_measurement:session:s042_01339:b999676bbd71,session,warehouse_measurement,S042_01339,synnetqos,session_id,S042_01339,S042_01339,10,3,0.3
warehouse_measurement:session:s042_01340:033fe8ce89cf,session,warehouse_measurement,S042_01340,synnetqos,session_id,S042_01340,S042_01340,10,1,0.1
warehouse_measurement:session:s042_01341:f26b7c52e641,session,warehouse_measurement,S042_01341,synnetqos,session_id,S042_01341,S042_01341,10,7,0.7
warehouse_measurement:session:s042_01342:e28d6ab63754,session,warehouse_measurement,S042_01342,synnetqos,session_id,S042_01342,S042_01342,10,9,0.9
warehouse_measurement:session:s042_01343:25fd2c58ae08,session,warehouse_measurement,S042_01343,synnetqos,session_id,S042_01343,S042_01343,10,8,0.8
warehouse_measurement:session:s042_01344:58cdaa20825c,session,warehouse_measurement,S042_01344,synnetqos,session_id,S042_01344,S042_01344,10,6,0.6
warehouse_measurement:session:s042_01345:2d1691c40b23,session,warehouse_measurement,S042_01345,synnetqos,session_id,S042_01345,S042_01345,10,3,0.3
warehouse_measurement:session:s042_01346:fac4cd2997b5,session,warehouse_measurement,S042_01346,synnetqos,session_id,S042_01346,S042_01346,10,6,0.6
warehouse_measurement:session:s042_01347:726a8f214216,session,warehouse_measurement,S042_01347,synnetqos,session_id,S042_01347,S042_01347,10,7,0.7
warehouse_measurement:session:s042_01348:88eb11aca4b2,session,warehouse_measurement,S042_01348,synnetqos,session_id,S042_01348,S042_01348,10,3,0.3
warehouse_measurement:session:s042_01349:ae78bb63b1d2,session,warehouse_measurement,S042_01349,synnetqos,session_id,S042_01349,S042_01349,10,0,0.0
warehouse_measurement:session:s042_01350:7d234169c068,session,warehouse_measurement,S042_01350,synnetqos,session_id,S042_01350,S042_01350,10,5,0.5
warehouse_measurement:session:s042_01351:5e4ded23baab,session,warehouse_measurement,S042_01351,synnetqos,session_id,S042_01351,S042_01351,10,4,0.4
warehouse_measurement:session:s042_01352:40340023e74b,session,warehouse_measurement,S042_01352,synnetqos,session_id,S042_01352,S042_01352,10,10,1.0
warehouse_measurement:session:s042_01353:949687313e3b,session,warehouse_measurement,S042_01353,synnetqos,session_id,S042_01353,S042_01353,10,1,0.1
warehouse_measurement:session:s042_01354:03fa7094d653,session,warehouse_measurement,S042_01354,synnetqos,session_id,S042_01354,S042_01354,10,7,0.7
warehouse_measurement:session:s042_01355:4e6c8bd0f8c8,session,warehouse_measurement,S042_01355,synnetqos,session_id,S042_01355,S042_01355,10,0,0.0
warehouse_measurement:session:s042_01356:0c382bae0d86,session,warehouse_measurement,S042_01356,synnetqos,session_id,S042_01356,S042_01356,10,0,0.0
warehouse_measurement:session:s042_01357:074ed225945d,session,warehouse_measurement,S042_01357,synnetqos,session_id,S042_01357,S042_01357,10,6,0.6
warehouse_measurement:session:s042_01358:0e708dcd33cb,session,warehouse_measurement,S042_01358,synnetqos,session_id,S042_01358,S042_01358,10,3,0.3
warehouse_measurement:session:s042_01359:d8d33b9dde5e,session,warehouse_measurement,S042_01359,synnetqos,session_id,S042_01359,S042_01359,10,10,1.0
warehouse_measurement:session:s042_01360:fd65ed620180,session,warehouse_measurement,S042_01360,synnetqos,session_id,S042_01360,S042_01360,10,9,0.9
warehouse_measurement:session:s042_01361:73631fa6b7ba,session,warehouse_measurement,S042_01361,synnetqos,session_id,S042_01361,S042_01361,10,5,0.5
warehouse_measurement:session:s042_01362:931bd812ca28,session,warehouse_measurement,S042_01362,synnetqos,session_id,S042_01362,S042_01362,10,2,0.2
warehouse_measurement:session:s042_01363:8665e594027a,session,warehouse_measurement,S042_01363,synnetqos,session_id,S042_01363,S042_01363,10,3,0.3
warehouse_measurement:session:s042_01364:f9e520473bd4,session,warehouse_measurement,S042_01364,synnetqos,session_id,S042_01364,S042_01364,10,3,0.3
warehouse_measurement:session:s042_01365:c25cfc6787cf,session,warehouse_measurement,S042_01365,synnetqos,session_id,S042_01365,S042_01365,10,9,0.9
warehouse_measurement:session:s042_01366:342214f1f917,session,warehouse_measurement,S042_01366,synnetqos,session_id,S042_01366,S042_01366,10,2,0.2
warehouse_measurement:session:s042_01367:d39263db946b,session,warehouse_measurement,S042_01367,synnetqos,session_id,S042_01367,S042_01367,10,7,0.7
warehouse_measurement:session:s042_01368:c6dc425b2bd9,session,warehouse_measurement,S042_01368,synnetqos,session_id,S042_01368,S042_01368,10,4,0.4
warehouse_measurement:session:s042_01369:a01290f25d5a,session,warehouse_measurement,S042_01369,synnetqos,session_id,S042_01369,S042_01369,10,10,1.0
warehouse_measurement:session:s042_01370:9665c0b89b20,session,warehouse_measurement,S042_01370,synnetqos,session_id,S042_01370,S042_01370,10,3,0.3
warehouse_measurement:session:s042_01371:1bea7e6aa97a,session,warehouse_measurement,S042_01371,synnetqos,session_id,S042_01371,S042_01371,10,2,0.2
warehouse_measurement:session:s042_01372:348a3bfea32d,session,warehouse_measurement,S042_01372,synnetqos,session_id,S042_01372,S042_01372,10,9,0.9
warehouse_measurement:session:s042_01373:e6115ba31242,session,warehouse_measurement,S042_01373,synnetqos,session_id,S042_01373,S042_01373,10,5,0.5
warehouse_measurement:session:s042_01374:1c839230d9c3,session,warehouse_measurement,S042_01374,synnetqos,session_id,S042_01374,S042_01374,10,9,0.9
warehouse_measurement:session:s042_01375:5a239dea0473,session,warehouse_measurement,S042_01375,synnetqos,session_id,S042_01375,S042_01375,10,1,0.1
warehouse_measurement:session:s042_01376:9fea20e6c131,session,warehouse_measurement,S042_01376,synnetqos,session_id,S042_01376,S042_01376,10,1,0.1
warehouse_measurement:session:s042_01377:368df6f7de2f,session,warehouse_measurement,S042_01377,synnetqos,session_id,S042_01377,S042_01377,10,4,0.4
warehouse_measurement:session:s042_01378:fcd4244797a4,session,warehouse_measurement,S042_01378,synnetqos,session_id,S042_01378,S042_01378,10,10,1.0
warehouse_measurement:session:s042_01379:ab71b72be989,session,warehouse_measurement,S042_01379,synnetqos,session_id,S042_01379,S042_01379,10,2,0.2
warehouse_measurement:session:s042_01380:e82d37aee2f3,session,warehouse_measurement,S042_01380,synnetqos,session_id,S042_01380,S042_01380,10,8,0.8
warehouse_measurement:session:s042_01381:e2ac5278a682,session,warehouse_measurement,S042_01381,synnetqos,session_id,S042_01381,S042_01381,10,1,0.1
warehouse_measurement:session:s042_01382:23a9c77e08e4,session,warehouse_measurement,S042_01382,synnetqos,session_id,S042_01382,S042_01382,10,2,0.2
warehouse_measurement:session:s042_01383:2e8d464720fa,session,warehouse_measurement,S042_01383,synnetqos,session_id,S042_01383,S042_01383,10,3,0.3
warehouse_measurement:session:s042_01384:ad6635ea12d6,session,warehouse_measurement,S042_01384,synnetqos,session_id,S042_01384,S042_01384,10,10,1.0
warehouse_measurement:session:s042_01385:73c0f14f10c9,session,warehouse_measurement,S042_01385,synnetqos,session_id,S042_01385,S042_01385,10,1,0.1
warehouse_measurement:session:s042_01386:4bfc4d37e90c,session,warehouse_measurement,S042_01386,synnetqos,session_id,S042_01386,S042_01386,10,3,0.3
warehouse_measurement:session:s042_01387:87ad97741921,session,warehouse_measurement,S042_01387,synnetqos,session_id,S042_01387,S042_01387,10,3,0.3
warehouse_measurement:session:s042_01388:4d3b0be6006c,session,warehouse_measurement,S042_01388,synnetqos,session_id,S042_01388,S042_01388,10,0,0.0
warehouse_measurement:session:s042_01389:df84fef8fa7e,session,warehouse_measurement,S042_01389,synnetqos,session_id,S042_01389,S042_01389,10,3,0.3
warehouse_measurement:session:s042_01390:c618c915cccb,session,warehouse_measurement,S042_01390,synnetqos,session_id,S042_01390,S042_01390,10,9,0.9
warehouse_measurement:session:s042_01391:9ad7f7f32cd2,session,warehouse_measurement,S042_01391,synnetqos,session_id,S042_01391,S042_01391,10,4,0.4
warehouse_measurement:session:s042_01392:e34beaeef39c,session,warehouse_measurement,S042_01392,synnetqos,session_id,S042_01392,S042_01392,10,10,1.0
warehouse_measurement:session:s042_01393:737c6f60e1ea,session,warehouse_measurement,S042_01393,synnetqos,session_id,S042_01393,S042_01393,10,10,1.0
warehouse_measurement:session:s042_01394:022d35e1acfe,session,warehouse_measurement,S042_01394,synnetqos,session_id,S042_01394,S042_01394,10,2,0.2
warehouse_measurement:session:s042_01395:4478c5b0ad4b,session,warehouse_measurement,S042_01395,synnetqos,session_id,S042_01395,S042_01395,10,2,0.2
warehouse_measurement:session:s042_01396:a0a142deeae5,session,warehouse_measurement,S042_01396,synnetqos,session_id,S042_01396,S042_01396,10,2,0.2
warehouse_measurement:session:s042_01397:9f77ccc1de16,session,warehouse_measurement,S042_01397,synnetqos,session_id,S042_01397,S042_01397,10,2,0.2
warehouse_measurement:session:s042_01398:a1c7b045a7b5,session,warehouse_measurement,S042_01398,synnetqos,session_id,S042_01398,S042_01398,10,2,0.2
warehouse_measurement:session:s042_01399:e91aedaa2a14,session,warehouse_measurement,S042_01399,synnetqos,session_id,S042_01399,S042_01399,10,0,0.0
warehouse_measurement:session:s042_01400:ea6ee2270938,session,warehouse_measurement,S042_01400,synnetqos,session_id,S042_01400,S042_01400,10,7,0.7
warehouse_measurement:session:s042_01401:39507794b0ef,session,warehouse_measurement,S042_01401,synnetqos,session_id,S042_01401,S042_01401,10,1,0.1
warehouse_measurement:session:s042_01402:0ad32cd9ed92,session,warehouse_measurement,S042_01402,synnetqos,session_id,S042_01402,S042_01402,10,4,0.4
warehouse_measurement:session:s042_01403:aaadd29adf01,session,warehouse_measurement,S042_01403,synnetqos,session_id,S042_01403,S042_01403,10,6,0.6
warehouse_measurement:session:s042_01404:9db3402252da,session,warehouse_measurement,S042_01404,synnetqos,session_id,S042_01404,S042_01404,10,6,0.6
warehouse_measurement:session:s042_01405:d68f308eb88d,session,warehouse_measurement,S042_01405,synnetqos,session_id,S042_01405,S042_01405,10,2,0.2
warehouse_measurement:session:s042_01406:7fad65c11f9d,session,warehouse_measurement,S042_01406,synnetqos,session_id,S042_01406,S042_01406,10,9,0.9
warehouse_measurement:session:s042_01407:34bcf00a2744,session,warehouse_measurement,S042_01407,synnetqos,session_id,S042_01407,S042_01407,10,7,0.7
warehouse_measurement:session:s042_01408:862a080f912b,session,warehouse_measurement,S042_01408,synnetqos,session_id,S042_01408,S042_01408,10,3,0.3
warehouse_measurement:session:s042_01409:5120fd6e4e8f,session,warehouse_measurement,S042_01409,synnetqos,session_id,S042_01409,S042_01409,10,4,0.4
warehouse_measurement:session:s042_01410:54fcef84d9a0,session,warehouse_measurement,S042_01410,synnetqos,session_id,S042_01410,S042_01410,10,7,0.7
warehouse_measurement:session:s042_01411:b81695b6b1d5,session,warehouse_measurement,S042_01411,synnetqos,session_id,S042_01411,S042_01411,10,9,0.9
warehouse_measurement:session:s042_01412:5b002f709cf7,session,warehouse_measurement,S042_01412,synnetqos,session_id,S042_01412,S042_01412,10,1,0.1
warehouse_measurement:session:s042_01413:b74567cd96c1,session,warehouse_measurement,S042_01413,synnetqos,session_id,S042_01413,S042_01413,10,7,0.7
warehouse_measurement:session:s042_01414:26e003990eda,session,warehouse_measurement,S042_01414,synnetqos,session_id,S042_01414,S042_01414,10,10,1.0
warehouse_measurement:session:s042_01415:3711c27fb594,session,warehouse_measurement,S042_01415,synnetqos,session_id,S042_01415,S042_01415,10,5,0.5
warehouse_measurement:session:s042_01416:180ec2981095,session,warehouse_measurement,S042_01416,synnetqos,session_id,S042_01416,S042_01416,10,2,0.2
warehouse_measurement:session:s042_01417:cdcdb897ae67,session,warehouse_measurement,S042_01417,synnetqos,session_id,S042_01417,S042_01417,10,3,0.3
warehouse_measurement:session:s042_01418:fb3aee8d67e6,session,warehouse_measurement,S042_01418,synnetqos,session_id,S042_01418,S042_01418,10,4,0.4
warehouse_measurement:session:s042_01419:6af108777dff,session,warehouse_measurement,S042_01419,synnetqos,session_id,S042_01419,S042_01419,10,4,0.4
warehouse_measurement:session:s042_01420:ed61e238f2f6,session,warehouse_measurement,S042_01420,synnetqos,session_id,S042_01420,S042_01420,10,1,0.1
warehouse_measurement:session:s042_01421:8f47f1013578,session,warehouse_measurement,S042_01421,synnetqos,session_id,S042_01421,S042_01421,10,9,0.9
warehouse_measurement:session:s042_01422:004642005574,session,warehouse_measurement,S042_01422,synnetqos,session_id,S042_01422,S042_01422,10,6,0.6
warehouse_measurement:session:s042_01423:f2be5608a0e3,session,warehouse_measurement,S042_01423,synnetqos,session_id,S042_01423,S042_01423,10,1,0.1
warehouse_measurement:session:s042_01424:928d2303da32,session,warehouse_measurement,S042_01424,synnetqos,session_id,S042_01424,S042_01424,10,2,0.2
warehouse_measurement:session:s042_01425:96e3e31acfbe,session,warehouse_measurement,S042_01425,synnetqos,session_id,S042_01425,S042_01425,10,5,0.5
warehouse_measurement:session:s042_01426:bfc08bbdeaf7,session,warehouse_measurement,S042_01426,synnetqos,session_id,S042_01426,S042_01426,10,10,1.0
warehouse_measurement:session:s042_01427:cfcf0cdf96be,session,warehouse_measurement,S042_01427,synnetqos,session_id,S042_01427,S042_01427,10,6,0.6
warehouse_measurement:session:s042_01428:9a4b8bd87c61,session,warehouse_measurement,S042_01428,synnetqos,session_id,S042_01428,S042_01428,10,7,0.7
warehouse_measurement:session:s042_01429:64c666cc23cc,session,warehouse_measurement,S042_01429,synnetqos,session_id,S042_01429,S042_01429,10,4,0.4
warehouse_measurement:session:s042_01430:c96ebdae8b38,session,warehouse_measurement,S042_01430,synnetqos,session_id,S042_01430,S042_01430,10,1,0.1
warehouse_measurement:session:s042_01431:e791b6748e2b,session,warehouse_measurement,S042_01431,synnetqos,session_id,S042_01431,S042_01431,10,5,0.5
warehouse_measurement:session:s042_01432:c846de7aeb5d,session,warehouse_measurement,S042_01432,synnetqos,session_id,S042_01432,S042_01432,10,9,0.9
warehouse_measurement:session:s042_01433:7e181db91e38,session,warehouse_measurement,S042_01433,synnetqos,session_id,S042_01433,S042_01433,10,5,0.5
warehouse_measurement:session:s042_01434:ac8a5fab586f,session,warehouse_measurement,S042_01434,synnetqos,session_id,S042_01434,S042_01434,10,9,0.9
warehouse_measurement:session:s042_01435:dd838b001cdb,session,warehouse_measurement,S042_01435,synnetqos,session_id,S042_01435,S042_01435,10,5,0.5
warehouse_measurement:session:s042_01436:ac013432381f,session,warehouse_measurement,S042_01436,synnetqos,session_id,S042_01436,S042_01436,10,2,0.2
warehouse_measurement:session:s042_01437:492344db817f,session,warehouse_measurement,S042_01437,synnetqos,session_id,S042_01437,S042_01437,10,6,0.6
warehouse_measurement:session:s042_01438:d5f42f1aaefb,session,warehouse_measurement,S042_01438,synnetqos,session_id,S042_01438,S042_01438,10,3,0.3
warehouse_measurement:session:s042_01439:97af93cf5aa6,session,warehouse_measurement,S042_01439,synnetqos,session_id,S042_01439,S042_01439,10,9,0.9
warehouse_measurement:session:s042_01440:cf8b54aaa136,session,warehouse_measurement,S042_01440,synnetqos,session_id,S042_01440,S042_01440,10,1,0.1
warehouse_measurement:session:s042_01441:7eaa53e8265b,session,warehouse_measurement,S042_01441,synnetqos,session_id,S042_01441,S042_01441,10,8,0.8
warehouse_measurement:session:s042_01442:7bccd034302b,session,warehouse_measurement,S042_01442,synnetqos,session_id,S042_01442,S042_01442,10,10,1.0
warehouse_measurement:session:s042_01443:ad88ff980c70,session,warehouse_measurement,S042_01443,synnetqos,session_id,S042_01443,S042_01443,10,2,0.2
warehouse_measurement:session:s042_01444:91b7ec02ad1f,session,warehouse_measurement,S042_01444,synnetqos,session_id,S042_01444,S042_01444,10,0,0.0
warehouse_measurement:session:s042_01445:7be91826a962,session,warehouse_measurement,S042_01445,synnetqos,session_id,S042_01445,S042_01445,10,3,0.3
warehouse_measurement:session:s042_01446:950f8271718c,session,warehouse_measurement,S042_01446,synnetqos,session_id,S042_01446,S042_01446,10,3,0.3
warehouse_measurement:session:s042_01447:ec41cb3e0f0a,session,warehouse_measurement,S042_01447,synnetqos,session_id,S042_01447,S042_01447,10,9,0.9
warehouse_measurement:session:s042_01448:d66646e568e6,session,warehouse_measurement,S042_01448,synnetqos,session_id,S042_01448,S042_01448,10,10,1.0
warehouse_measurement:session:s042_01449:58b0378724ac,session,warehouse_measurement,S042_01449,synnetqos,session_id,S042_01449,S042_01449,10,4,0.4
warehouse_measurement:session:s042_01450:3a26fb5b7a89,session,warehouse_measurement,S042_01450,synnetqos,session_id,S042_01450,S042_01450,10,1,0.1
warehouse_measurement:session:s042_01451:89352fbea3e5,session,warehouse_measurement,S042_01451,synnetqos,session_id,S042_01451,S042_01451,10,1,0.1
warehouse_measurement:session:s042_01452:7903136143f2,session,warehouse_measurement,S042_01452,synnetqos,session_id,S042_01452,S042_01452,10,3,0.3
warehouse_measurement:session:s042_01453:259767e8775b,session,warehouse_measurement,S042_01453,synnetqos,session_id,S042_01453,S042_01453,10,0,0.0
warehouse_measurement:session:s042_01454:17b37d6fe086,session,warehouse_measurement,S042_01454,synnetqos,session_id,S042_01454,S042_01454,10,3,0.3
warehouse_measurement:session:s042_01455:62c4b1bad23b,session,warehouse_measurement,S042_01455,synnetqos,session_id,S042_01455,S042_01455,10,6,0.6
warehouse_measurement:session:s042_01456:d2ec790b8bc4,session,warehouse_measurement,S042_01456,synnetqos,session_id,S042_01456,S042_01456,10,7,0.7
warehouse_measurement:session:s042_01457:416594be7add,session,warehouse_measurement,S042_01457,synnetqos,session_id,S042_01457,S042_01457,10,7,0.7
warehouse_measurement:session:s042_01458:8611e13fffe9,session,warehouse_measurement,S042_01458,synnetqos,session_id,S042_01458,S042_01458,10,0,0.0
warehouse_measurement:session:s042_01459:c1264dde1d67,session,warehouse_measurement,S042_01459,synnetqos,session_id,S042_01459,S042_01459,10,3,0.3
warehouse_measurement:session:s042_01460:40a0cfbf290f,session,warehouse_measurement,S042_01460,synnetqos,session_id,S042_01460,S042_01460,10,9,0.9
warehouse_measurement:session:s042_01461:ed052633e415,session,warehouse_measurement,S042_01461,synnetqos,session_id,S042_01461,S042_01461,10,10,1.0
warehouse_measurement:session:s042_01462:033a5d795158,session,warehouse_measurement,S042_01462,synnetqos,session_id,S042_01462,S042_01462,10,1,0.1
warehouse_measurement:session:s042_01463:b5b3c58776a2,session,warehouse_measurement,S042_01463,synnetqos,session_id,S042_01463,S042_01463,10,7,0.7
warehouse_measurement:session:s042_01464:f06ddad554fb,session,warehouse_measurement,S042_01464,synnetqos,session_id,S042_01464,S042_01464,10,4,0.4
warehouse_measurement:session:s042_01465:065703af526a,session,warehouse_measurement,S042_01465,synnetqos,session_id,S042_01465,S042_01465,10,3,0.3
warehouse_measurement:session:s042_01466:cb889abe4963,session,warehouse_measurement,S042_01466,synnetqos,session_id,S042_01466,S042_01466,10,4,0.4
warehouse_measurement:session:s042_01467:ae008b5dc9a2,session,warehouse_measurement,S042_01467,synnetqos,session_id,S042_01467,S042_01467,10,8,0.8
warehouse_measurement:session:s042_01468:9635748b9afe,session,warehouse_measurement,S042_01468,synnetqos,session_id,S042_01468,S042_01468,10,3,0.3
warehouse_measurement:session:s042_01469:2e594e2ca154,session,warehouse_measurement,S042_01469,synnetqos,session_id,S042_01469,S042_01469,10,10,1.0
warehouse_measurement:session:s042_01470:99f16a9955a6,session,warehouse_measurement,S042_01470,synnetqos,session_id,S042_01470,S042_01470,10,4,0.4
warehouse_measurement:session:s042_01471:276535a04f60,session,warehouse_measurement,S042_01471,synnetqos,session_id,S042_01471,S042_01471,10,8,0.8
warehouse_measurement:session:s042_01472:2bf2be046ca6,session,warehouse_measurement,S042_01472,synnetqos,session_id,S042_01472,S042_01472,10,6,0.6
warehouse_measurement:session:s042_01473:72b890aaa818,session,warehouse_measurement,S042_01473,synnetqos,session_id,S042_01473,S042_01473,10,8,0.8
warehouse_measurement:session:s042_01474:5bcf0d881741,session,warehouse_measurement,S042_01474,synnetqos,session_id,S042_01474,S042_01474,10,3,0.3
warehouse_measurement:session:s042_01475:9d8b50e2e96f,session,warehouse_measurement,S042_01475,synnetqos,session_id,S042_01475,S042_01475,10,8,0.8
warehouse_measurement:session:s042_01476:7c347b4eeb08,session,warehouse_measurement,S042_01476,synnetqos,session_id,S042_01476,S042_01476,10,3,0.3
warehouse_measurement:session:s042_01477:32669b7d67c8,session,warehouse_measurement,S042_01477,synnetqos,session_id,S042_01477,S042_01477,10,10,1.0
warehouse_measurement:session:s042_01478:75ec5d1012d7,session,warehouse_measurement,S042_01478,synnetqos,session_id,S042_01478,S042_01478,10,1,0.1
warehouse_measurement:session:s042_01479:3675c20dab62,session,warehouse_measurement,S042_01479,synnetqos,session_id,S042_01479,S042_01479,10,3,0.3
warehouse_measurement:session:s042_01480:bc36dfc8e988,session,warehouse_measurement,S042_01480,synnetqos,session_id,S042_01480,S042_01480,10,0,0.0
warehouse_measurement:session:s042_01481:0d3d0dc242d3,session,warehouse_measurement,S042_01481,synnetqos,session_id,S042_01481,S042_01481,10,10,1.0
warehouse_measurement:session:s042_01482:5b0ba6af4db5,session,warehouse_measurement,S042_01482,synnetqos,session_id,S042_01482,S042_01482,10,4,0.4
warehouse_measurement:session:s042_01483:69170a486cff,session,warehouse_measurement,S042_01483,synnetqos,session_id,S042_01483,S042_01483,10,2,0.2
warehouse_measurement:session:s042_01484:fdb06e21dac8,session,warehouse_measurement,S042_01484,synnetqos,session_id,S042_01484,S042_01484,10,7,0.7
warehouse_measurement:session:s042_01485:3d032be4a22d,session,warehouse_measurement,S042_01485,synnetqos,session_id,S042_01485,S042_01485,10,3,0.3
warehouse_measurement:session:s042_01486:81964e6a3f23,session,warehouse_measurement,S042_01486,synnetqos,session_id,S042_01486,S042_01486,10,2,0.2
warehouse_measurement:session:s042_01487:018235222d94,session,warehouse_measurement,S042_01487,synnetqos,session_id,S042_01487,S042_01487,10,2,0.2
warehouse_measurement:session:s042_01488:34cda81d4792,session,warehouse_measurement,S042_01488,synnetqos,session_id,S042_01488,S042_01488,10,5,0.5
warehouse_measurement:session:s042_01489:73cb4ba57aec,session,warehouse_measurement,S042_01489,synnetqos,session_id,S042_01489,S042_01489,10,6,0.6
warehouse_measurement:session:s042_01490:808d8e5877bc,session,warehouse_measurement,S042_01490,synnetqos,session_id,S042_01490,S042_01490,10,0,0.0
warehouse_measurement:session:s042_01491:89db2a2836e5,session,warehouse_measurement,S042_01491,synnetqos,session_id,S042_01491,S042_01491,10,6,0.6
warehouse_measurement:session:s042_01492:283185c9763f,session,warehouse_measurement,S042_01492,synnetqos,session_id,S042_01492,S042_01492,10,2,0.2
warehouse_measurement:session:s042_01493:38481a896f52,session,warehouse_measurement,S042_01493,synnetqos,session_id,S042_01493,S042_01493,10,3,0.3
warehouse_measurement:session:s042_01494:0b89f8fdf53b,session,warehouse_measurement,S042_01494,synnetqos,session_id,S042_01494,S042_01494,10,5,0.5
warehouse_measurement:session:s042_01495:9e2c756a925a,session,warehouse_measurement,S042_01495,synnetqos,session_id,S042_01495,S042_01495,10,3,0.3
warehouse_measurement:session:s042_01496:bda327613bdb,session,warehouse_measurement,S042_01496,synnetqos,session_id,S042_01496,S042_01496,10,9,0.9
warehouse_measurement:session:s042_01497:d221270ddac9,session,warehouse_measurement,S042_01497,synnetqos,session_id,S042_01497,S042_01497,10,8,0.8
warehouse_measurement:session:s042_01498:ffc5b85544d4,session,warehouse_measurement,S042_01498,synnetqos,session_id,S042_01498,S042_01498,10,4,0.4
warehouse_measurement:session:s042_01499:0f0d69676644,session,warehouse_measurement,S042_01499,synnetqos,session_id,S042_01499,S042_01499,10,6,0.6
warehouse_measurement:session:s042_01500:68bd814d25dd,session,warehouse_measurement,S042_01500,synnetqos,session_id,S042_01500,S042_01500,10,8,0.8
warehouse_measurement:session:s042_01501:270181a86b22,session,warehouse_measurement,S042_01501,synnetqos,session_id,S042_01501,S042_01501,10,7,0.7
warehouse_measurement:session:s042_01502:40d2743b1586,session,warehouse_measurement,S042_01502,synnetqos,session_id,S042_01502,S042_01502,10,3,0.3
warehouse_measurement:session:s042_01503:36978c9a401a,session,warehouse_measurement,S042_01503,synnetqos,session_id,S042_01503,S042_01503,10,6,0.6
warehouse_measurement:session:s042_01504:3ff677f32679,session,warehouse_measurement,S042_01504,synnetqos,session_id,S042_01504,S042_01504,10,2,0.2
warehouse_measurement:session:s042_01505:378bab3787ff,session,warehouse_measurement,S042_01505,synnetqos,session_id,S042_01505,S042_01505,10,4,0.4
warehouse_measurement:session:s042_01506:95ab27dcc176,session,warehouse_measurement,S042_01506,synnetqos,session_id,S042_01506,S042_01506,10,1,0.1
warehouse_measurement:session:s042_01507:c32665081b2d,session,warehouse_measurement,S042_01507,synnetqos,session_id,S042_01507,S042_01507,10,4,0.4
warehouse_measurement:session:s042_01508:a0ed5455a98a,session,warehouse_measurement,S042_01508,synnetqos,session_id,S042_01508,S042_01508,10,3,0.3
warehouse_measurement:session:s042_01509:95e55d87b493,session,warehouse_measurement,S042_01509,synnetqos,session_id,S042_01509,S042_01509,10,10,1.0
warehouse_measurement:session:s042_01510:73b944d23b5a,session,warehouse_measurement,S042_01510,synnetqos,session_id,S042_01510,S042_01510,10,1,0.1
warehouse_measurement:session:s042_01511:b5568358641b,session,warehouse_measurement,S042_01511,synnetqos,session_id,S042_01511,S042_01511,10,5,0.5
warehouse_measurement:session:s042_01512:1dacc9172c0f,session,warehouse_measurement,S042_01512,synnetqos,session_id,S042_01512,S042_01512,10,6,0.6
warehouse_measurement:session:s042_01513:49d8261fc379,session,warehouse_measurement,S042_01513,synnetqos,session_id,S042_01513,S042_01513,10,4,0.4
warehouse_measurement:session:s042_01514:47cd8196e929,session,warehouse_measurement,S042_01514,synnetqos,session_id,S042_01514,S042_01514,10,10,1.0
warehouse_measurement:session:s042_01515:f5551d88c58b,session,warehouse_measurement,S042_01515,synnetqos,session_id,S042_01515,S042_01515,10,5,0.5
warehouse_measurement:session:s042_01516:bdbd4e49c062,session,warehouse_measurement,S042_01516,synnetqos,session_id,S042_01516,S042_01516,10,0,0.0
warehouse_measurement:session:s042_01517:24ce0a73fe5c,session,warehouse_measurement,S042_01517,synnetqos,session_id,S042_01517,S042_01517,10,3,0.3
warehouse_measurement:session:s042_01518:4950d8941ded,session,warehouse_measurement,S042_01518,synnetqos,session_id,S042_01518,S042_01518,10,2,0.2
warehouse_measurement:session:s042_01519:51017e658bd2,session,warehouse_measurement,S042_01519,synnetqos,session_id,S042_01519,S042_01519,10,0,0.0
warehouse_measurement:session:s042_01520:81da9e71bfd9,session,warehouse_measurement,S042_01520,synnetqos,session_id,S042_01520,S042_01520,10,6,0.6
warehouse_measurement:session:s042_01521:8c31b34c5ea5,session,warehouse_measurement,S042_01521,synnetqos,session_id,S042_01521,S042_01521,10,3,0.3
warehouse_measurement:session:s042_01522:b0c73d64fa3f,session,warehouse_measurement,S042_01522,synnetqos,session_id,S042_01522,S042_01522,10,10,1.0
warehouse_measurement:session:s042_01523:f38557a7302a,session,warehouse_measurement,S042_01523,synnetqos,session_id,S042_01523,S042_01523,10,10,1.0
warehouse_measurement:session:s042_01524:6c88b302a0c8,session,warehouse_measurement,S042_01524,synnetqos,session_id,S042_01524,S042_01524,10,10,1.0
warehouse_measurement:session:s042_01525:cf7eedc98f75,session,warehouse_measurement,S042_01525,synnetqos,session_id,S042_01525,S042_01525,10,0,0.0
warehouse_measurement:session:s042_01526:64c60a235a7a,session,warehouse_measurement,S042_01526,synnetqos,session_id,S042_01526,S042_01526,10,6,0.6
warehouse_measurement:session:s042_01527:65b009562f58,session,warehouse_measurement,S042_01527,synnetqos,session_id,S042_01527,S042_01527,10,9,0.9
warehouse_measurement:session:s042_01528:e6ead5f8ac8d,session,warehouse_measurement,S042_01528,synnetqos,session_id,S042_01528,S042_01528,10,9,0.9
warehouse_measurement:session:s042_01529:2c9ff064cc5b,session,warehouse_measurement,S042_01529,synnetqos,session_id,S042_01529,S042_01529,10,10,1.0
warehouse_measurement:session:s042_01530:5de2832ecf88,session,warehouse_measurement,S042_01530,synnetqos,session_id,S042_01530,S042_01530,10,10,1.0
warehouse_measurement:session:s042_01531:efeff0fa3d0d,session,warehouse_measurement,S042_01531,synnetqos,session_id,S042_01531,S042_01531,10,10,1.0
warehouse_measurement:session:s042_01532:b501e8bb16f5,session,warehouse_measurement,S042_01532,synnetqos,session_id,S042_01532,S042_01532,10,8,0.8
warehouse_measurement:session:s042_01533:6c72ec972e5a,session,warehouse_measurement,S042_01533,synnetqos,session_id,S042_01533,S042_01533,10,10,1.0
warehouse_measurement:session:s042_01534:0110ab8bae8e,session,warehouse_measurement,S042_01534,synnetqos,session_id,S042_01534,S042_01534,10,9,0.9
warehouse_measurement:session:s042_01535:6b4cb531e9b3,session,warehouse_measurement,S042_01535,synnetqos,session_id,S042_01535,S042_01535,10,5,0.5
warehouse_measurement:session:s042_01536:1a4388b75199,session,warehouse_measurement,S042_01536,synnetqos,session_id,S042_01536,S042_01536,10,4,0.4
warehouse_measurement:session:s042_01537:2cc963065455,session,warehouse_measurement,S042_01537,synnetqos,session_id,S042_01537,S042_01537,10,0,0.0
warehouse_measurement:session:s042_01538:c44a707654f0,session,warehouse_measurement,S042_01538,synnetqos,session_id,S042_01538,S042_01538,10,10,1.0
warehouse_measurement:session:s042_01539:138db177303a,session,warehouse_measurement,S042_01539,synnetqos,session_id,S042_01539,S042_01539,10,8,0.8
warehouse_measurement:session:s042_01540:07c4c17477ff,session,warehouse_measurement,S042_01540,synnetqos,session_id,S042_01540,S042_01540,10,7,0.7
warehouse_measurement:session:s042_01541:736821eff591,session,warehouse_measurement,S042_01541,synnetqos,session_id,S042_01541,S042_01541,10,9,0.9
warehouse_measurement:session:s042_01542:effb43f99126,session,warehouse_measurement,S042_01542,synnetqos,session_id,S042_01542,S042_01542,10,2,0.2
warehouse_measurement:session:s042_01543:99bb62ea2ca6,session,warehouse_measurement,S042_01543,synnetqos,session_id,S042_01543,S042_01543,10,10,1.0
warehouse_measurement:session:s042_01544:599a64f5a148,session,warehouse_measurement,S042_01544,synnetqos,session_id,S042_01544,S042_01544,10,7,0.7
warehouse_measurement:session:s042_01545:6b21a762f20c,session,warehouse_measurement,S042_01545,synnetqos,session_id,S042_01545,S042_01545,10,9,0.9
warehouse_measurement:session:s042_01546:fca16e27cc40,session,warehouse_measurement,S042_01546,synnetqos,session_id,S042_01546,S042_01546,10,1,0.1
warehouse_measurement:session:s042_01547:47b66ade38a3,session,warehouse_measurement,S042_01547,synnetqos,session_id,S042_01547,S042_01547,10,9,0.9
warehouse_measurement:session:s042_01548:36cc7a642061,session,warehouse_measurement,S042_01548,synnetqos,session_id,S042_01548,S042_01548,10,0,0.0
warehouse_measurement:session:s042_01549:ed0945a0364a,session,warehouse_measurement,S042_01549,synnetqos,session_id,S042_01549,S042_01549,10,4,0.4
warehouse_measurement:session:s042_01550:59d0ab926f03,session,warehouse_measurement,S042_01550,synnetqos,session_id,S042_01550,S042_01550,10,7,0.7
warehouse_measurement:session:s042_01551:7467236cedc4,session,warehouse_measurement,S042_01551,synnetqos,session_id,S042_01551,S042_01551,10,9,0.9
warehouse_measurement:session:s042_01552:317a8c4229b3,session,warehouse_measurement,S042_01552,synnetqos,session_id,S042_01552,S042_01552,10,5,0.5
warehouse_measurement:session:s042_01553:0416fda2c030,session,warehouse_measurement,S042_01553,synnetqos,session_id,S042_01553,S042_01553,10,1,0.1
warehouse_measurement:session:s042_01554:4cf8b35eef60,session,warehouse_measurement,S042_01554,synnetqos,session_id,S042_01554,S042_01554,10,4,0.4
warehouse_measurement:session:s042_01555:692bfb6899bf,session,warehouse_measurement,S042_01555,synnetqos,session_id,S042_01555,S042_01555,10,10,1.0
warehouse_measurement:session:s042_01556:2dbcea316b1b,session,warehouse_measurement,S042_01556,synnetqos,session_id,S042_01556,S042_01556,10,9,0.9
warehouse_measurement:session:s042_01557:6bbf2469c3e0,session,warehouse_measurement,S042_01557,synnetqos,session_id,S042_01557,S042_01557,10,2,0.2
warehouse_measurement:session:s042_01558:42be02bb8099,session,warehouse_measurement,S042_01558,synnetqos,session_id,S042_01558,S042_01558,10,1,0.1
warehouse_measurement:session:s042_01559:0156c79c2494,session,warehouse_measurement,S042_01559,synnetqos,session_id,S042_01559,S042_01559,10,1,0.1
warehouse_measurement:session:s042_01560:3981b4abce95,session,warehouse_measurement,S042_01560,synnetqos,session_id,S042_01560,S042_01560,10,8,0.8
warehouse_measurement:session:s042_01561:1b7885a44cdf,session,warehouse_measurement,S042_01561,synnetqos,session_id,S042_01561,S042_01561,10,3,0.3
warehouse_measurement:session:s042_01562:a37c38f28bb5,session,warehouse_measurement,S042_01562,synnetqos,session_id,S042_01562,S042_01562,10,4,0.4
warehouse_measurement:session:s042_01563:9d4911efa396,session,warehouse_measurement,S042_01563,synnetqos,session_id,S042_01563,S042_01563,10,9,0.9
warehouse_measurement:session:s042_01564:325a303c1b22,session,warehouse_measurement,S042_01564,synnetqos,session_id,S042_01564,S042_01564,10,1,0.1
warehouse_measurement:session:s042_01565:e7ffcc456e10,session,warehouse_measurement,S042_01565,synnetqos,session_id,S042_01565,S042_01565,10,5,0.5
warehouse_measurement:session:s042_01566:c3958917996f,session,warehouse_measurement,S042_01566,synnetqos,session_id,S042_01566,S042_01566,10,4,0.4
warehouse_measurement:session:s042_01567:fb48137113a5,session,warehouse_measurement,S042_01567,synnetqos,session_id,S042_01567,S042_01567,10,5,0.5
warehouse_measurement:session:s042_01568:df6c312cd690,session,warehouse_measurement,S042_01568,synnetqos,session_id,S042_01568,S042_01568,10,0,0.0
warehouse_measurement:session:s042_01569:03ba1cc7bd56,session,warehouse_measurement,S042_01569,synnetqos,session_id,S042_01569,S042_01569,10,7,0.7
warehouse_measurement:session:s042_01570:cbc352807bed,session,warehouse_measurement,S042_01570,synnetqos,session_id,S042_01570,S042_01570,10,3,0.3
warehouse_measurement:session:s042_01571:8b90ef5e2bdb,session,warehouse_measurement,S042_01571,synnetqos,session_id,S042_01571,S042_01571,10,2,0.2
warehouse_measurement:session:s042_01572:8b175152836e,session,warehouse_measurement,S042_01572,synnetqos,session_id,S042_01572,S042_01572,10,9,0.9
warehouse_measurement:session:s042_01573:917c203eebf8,session,warehouse_measurement,S042_01573,synnetqos,session_id,S042_01573,S042_01573,10,4,0.4
warehouse_measurement:session:s042_01574:4e19038d57bd,session,warehouse_measurement,S042_01574,synnetqos,session_id,S042_01574,S042_01574,10,8,0.8
warehouse_measurement:session:s042_01575:1523c4874dcb,session,warehouse_measurement,S042_01575,synnetqos,session_id,S042_01575,S042_01575,10,3,0.3
warehouse_measurement:session:s042_01576:b380873aeaca,session,warehouse_measurement,S042_01576,synnetqos,session_id,S042_01576,S042_01576,10,2,0.2
warehouse_measurement:session:s042_01577:3ecdcb11d8ae,session,warehouse_measurement,S042_01577,synnetqos,session_id,S042_01577,S042_01577,10,3,0.3
warehouse_measurement:session:s042_01578:3b196e3c3ecd,session,warehouse_measurement,S042_01578,synnetqos,session_id,S042_01578,S042_01578,10,10,1.0
warehouse_measurement:session:s042_01579:540a210d7e32,session,warehouse_measurement,S042_01579,synnetqos,session_id,S042_01579,S042_01579,10,9,0.9
warehouse_measurement:session:s042_01580:3a3f4826a7cc,session,warehouse_measurement,S042_01580,synnetqos,session_id,S042_01580,S042_01580,10,9,0.9
warehouse_measurement:session:s042_01581:4dc5f4290035,session,warehouse_measurement,S042_01581,synnetqos,session_id,S042_01581,S042_01581,10,4,0.4
warehouse_measurement:session:s042_01582:9da7f527b83a,session,warehouse_measurement,S042_01582,synnetqos,session_id,S042_01582,S042_01582,10,10,1.0
warehouse_measurement:session:s042_01583:bdb16f31c2e0,session,warehouse_measurement,S042_01583,synnetqos,session_id,S042_01583,S042_01583,10,9,0.9
warehouse_measurement:session:s042_01584:07c582505f94,session,warehouse_measurement,S042_01584,synnetqos,session_id,S042_01584,S042_01584,10,1,0.1
warehouse_measurement:session:s042_01585:787ec88963e1,session,warehouse_measurement,S042_01585,synnetqos,session_id,S042_01585,S042_01585,10,0,0.0
warehouse_measurement:session:s042_01586:3598940d40b4,session,warehouse_measurement,S042_01586,synnetqos,session_id,S042_01586,S042_01586,10,10,1.0
warehouse_measurement:session:s042_01587:5d39b199b79f,session,warehouse_measurement,S042_01587,synnetqos,session_id,S042_01587,S042_01587,10,6,0.6
warehouse_measurement:session:s042_01588:aa45a5a4b412,session,warehouse_measurement,S042_01588,synnetqos,session_id,S042_01588,S042_01588,10,0,0.0
warehouse_measurement:session:s042_01589:6b50c59923a0,session,warehouse_measurement,S042_01589,synnetqos,session_id,S042_01589,S042_01589,10,2,0.2
warehouse_measurement:session:s042_01590:608b596baeab,session,warehouse_measurement,S042_01590,synnetqos,session_id,S042_01590,S042_01590,10,7,0.7
warehouse_measurement:session:s042_01591:58e755766d02,session,warehouse_measurement,S042_01591,synnetqos,session_id,S042_01591,S042_01591,10,4,0.4
warehouse_measurement:session:s042_01592:bd8adfffe1aa,session,warehouse_measurement,S042_01592,synnetqos,session_id,S042_01592,S042_01592,10,2,0.2
warehouse_measurement:session:s042_01593:d5b2cc6cfed2,session,warehouse_measurement,S042_01593,synnetqos,session_id,S042_01593,S042_01593,10,3,0.3
warehouse_measurement:session:s042_01594:2b2375555526,session,warehouse_measurement,S042_01594,synnetqos,session_id,S042_01594,S042_01594,10,1,0.1
warehouse_measurement:session:s042_01595:61af70349bca,session,warehouse_measurement,S042_01595,synnetqos,session_id,S042_01595,S042_01595,10,10,1.0
warehouse_measurement:session:s042_01596:921e42fa1bff,session,warehouse_measurement,S042_01596,synnetqos,session_id,S042_01596,S042_01596,10,1,0.1
warehouse_measurement:session:s042_01597:16f58a08d498,session,warehouse_measurement,S042_01597,synnetqos,session_id,S042_01597,S042_01597,10,2,0.2
warehouse_measurement:session:s042_01598:9cbe827d94d4,session,warehouse_measurement,S042_01598,synnetqos,session_id,S042_01598,S042_01598,10,9,0.9
warehouse_measurement:session:s042_01599:a7f2ddde3812,session,warehouse_measurement,S042_01599,synnetqos,session_id,S042_01599,S042_01599,10,1,0.1
warehouse_measurement:session:s042_01600:77b42b2f731a,session,warehouse_measurement,S042_01600,synnetqos,session_id,S042_01600,S042_01600,10,6,0.6
warehouse_measurement:session:s042_01601:a7b0b12f9cc1,session,warehouse_measurement,S042_01601,synnetqos,session_id,S042_01601,S042_01601,10,9,0.9
warehouse_measurement:session:s042_01602:1abb22ed58f4,session,warehouse_measurement,S042_01602,synnetqos,session_id,S042_01602,S042_01602,10,2,0.2
warehouse_measurement:session:s042_01603:ace29f61f6e2,session,warehouse_measurement,S042_01603,synnetqos,session_id,S042_01603,S042_01603,10,9,0.9
warehouse_measurement:session:s042_01604:67f90005a9f7,session,warehouse_measurement,S042_01604,synnetqos,session_id,S042_01604,S042_01604,10,2,0.2
warehouse_measurement:session:s042_01605:277b918f38b4,session,warehouse_measurement,S042_01605,synnetqos,session_id,S042_01605,S042_01605,10,9,0.9
warehouse_measurement:session:s042_01606:e4833ba2347b,session,warehouse_measurement,S042_01606,synnetqos,session_id,S042_01606,S042_01606,10,0,0.0
warehouse_measurement:session:s042_01607:1712aa3249e5,session,warehouse_measurement,S042_01607,synnetqos,session_id,S042_01607,S042_01607,10,7,0.7
warehouse_measurement:session:s042_01608:072903992e2b,session,warehouse_measurement,S042_01608,synnetqos,session_id,S042_01608,S042_01608,10,8,0.8
warehouse_measurement:session:s042_01609:d7bf0889dc99,session,warehouse_measurement,S042_01609,synnetqos,session_id,S042_01609,S042_01609,10,9,0.9
warehouse_measurement:session:s042_01610:d5df89da0aa9,session,warehouse_measurement,S042_01610,synnetqos,session_id,S042_01610,S042_01610,10,2,0.2
warehouse_measurement:session:s042_01611:22f1d649a8d4,session,warehouse_measurement,S042_01611,synnetqos,session_id,S042_01611,S042_01611,10,9,0.9
warehouse_measurement:session:s042_01612:f88706f6fd72,session,warehouse_measurement,S042_01612,synnetqos,session_id,S042_01612,S042_01612,10,0,0.0
warehouse_measurement:session:s042_01613:b21eace88a1a,session,warehouse_measurement,S042_01613,synnetqos,session_id,S042_01613,S042_01613,10,6,0.6
warehouse_measurement:session:s042_01614:fd18368094b5,session,warehouse_measurement,S042_01614,synnetqos,session_id,S042_01614,S042_01614,10,9,0.9
warehouse_measurement:session:s042_01615:94d6ad833836,session,warehouse_measurement,S042_01615,synnetqos,session_id,S042_01615,S042_01615,10,5,0.5
warehouse_measurement:session:s042_01616:4b56535ec4ad,session,warehouse_measurement,S042_01616,synnetqos,session_id,S042_01616,S042_01616,10,6,0.6
warehouse_measurement:session:s042_01617:bf8ec737d784,session,warehouse_measurement,S042_01617,synnetqos,session_id,S042_01617,S042_01617,10,1,0.1
warehouse_measurement:session:s042_01618:ab75dd54fcc6,session,warehouse_measurement,S042_01618,synnetqos,session_id,S042_01618,S042_01618,10,8,0.8
warehouse_measurement:session:s042_01619:d0c5d1be601a,session,warehouse_measurement,S042_01619,synnetqos,session_id,S042_01619,S042_01619,10,2,0.2
warehouse_measurement:session:s042_01620:381ba073fb84,session,warehouse_measurement,S042_01620,synnetqos,session_id,S042_01620,S042_01620,10,6,0.6
warehouse_measurement:session:s042_01621:bc5bb71a87c8,session,warehouse_measurement,S042_01621,synnetqos,session_id,S042_01621,S042_01621,10,1,0.1
warehouse_measurement:session:s042_01622:b8f07ef27486,session,warehouse_measurement,S042_01622,synnetqos,session_id,S042_01622,S042_01622,10,3,0.3
warehouse_measurement:session:s042_01623:46aaa819dcb0,session,warehouse_measurement,S042_01623,synnetqos,session_id,S042_01623,S042_01623,10,0,0.0
warehouse_measurement:session:s042_01624:0b40c8d77b5a,session,warehouse_measurement,S042_01624,synnetqos,session_id,S042_01624,S042_01624,10,7,0.7
warehouse_measurement:session:s042_01625:5fc28cabae87,session,warehouse_measurement,S042_01625,synnetqos,session_id,S042_01625,S042_01625,10,7,0.7
warehouse_measurement:session:s042_01626:281bbcdbbcb9,session,warehouse_measurement,S042_01626,synnetqos,session_id,S042_01626,S042_01626,10,0,0.0
warehouse_measurement:session:s042_01627:478acdf556c4,session,warehouse_measurement,S042_01627,synnetqos,session_id,S042_01627,S042_01627,10,10,1.0
warehouse_measurement:session:s042_01628:db30adf68725,session,warehouse_measurement,S042_01628,synnetqos,session_id,S042_01628,S042_01628,10,10,1.0
warehouse_measurement:session:s042_01629:79e3d0dccd15,session,warehouse_measurement,S042_01629,synnetqos,session_id,S042_01629,S042_01629,10,10,1.0
warehouse_measurement:session:s042_01630:e3b2ef0af3c7,session,warehouse_measurement,S042_01630,synnetqos,session_id,S042_01630,S042_01630,10,3,0.3
warehouse_measurement:session:s042_01631:44f4a96861cf,session,warehouse_measurement,S042_01631,synnetqos,session_id,S042_01631,S042_01631,10,5,0.5
warehouse_measurement:session:s042_01632:d41a3e83b669,session,warehouse_measurement,S042_01632,synnetqos,session_id,S042_01632,S042_01632,10,10,1.0
warehouse_measurement:session:s042_01633:751236e9a6be,session,warehouse_measurement,S042_01633,synnetqos,session_id,S042_01633,S042_01633,10,2,0.2
warehouse_measurement:session:s042_01634:45a67dba0ed7,session,warehouse_measurement,S042_01634,synnetqos,session_id,S042_01634,S042_01634,10,8,0.8
warehouse_measurement:session:s042_01635:013d782be1a2,session,warehouse_measurement,S042_01635,synnetqos,session_id,S042_01635,S042_01635,10,7,0.7
warehouse_measurement:session:s042_01636:5d4fd3ae26b9,session,warehouse_measurement,S042_01636,synnetqos,session_id,S042_01636,S042_01636,10,5,0.5
warehouse_measurement:session:s042_01637:33f7ce05cfe4,session,warehouse_measurement,S042_01637,synnetqos,session_id,S042_01637,S042_01637,10,0,0.0
warehouse_measurement:session:s042_01638:9d0f23fe0632,session,warehouse_measurement,S042_01638,synnetqos,session_id,S042_01638,S042_01638,10,9,0.9
warehouse_measurement:session:s042_01639:1752e5abbe38,session,warehouse_measurement,S042_01639,synnetqos,session_id,S042_01639,S042_01639,10,10,1.0
warehouse_measurement:session:s042_01640:43cd358e2add,session,warehouse_measurement,S042_01640,synnetqos,session_id,S042_01640,S042_01640,10,0,0.0
warehouse_measurement:session:s042_01641:2648b61f0571,session,warehouse_measurement,S042_01641,synnetqos,session_id,S042_01641,S042_01641,10,5,0.5
warehouse_measurement:session:s042_01642:2eb97e4d5aad,session,warehouse_measurement,S042_01642,synnetqos,session_id,S042_01642,S042_01642,10,9,0.9
warehouse_measurement:session:s042_01643:04abc2edf01b,session,warehouse_measurement,S042_01643,synnetqos,session_id,S042_01643,S042_01643,10,3,0.3
warehouse_measurement:session:s042_01644:f4322b4298ea,session,warehouse_measurement,S042_01644,synnetqos,session_id,S042_01644,S042_01644,10,1,0.1
warehouse_measurement:session:s042_01645:64aa4fb39718,session,warehouse_measurement,S042_01645,synnetqos,session_id,S042_01645,S042_01645,10,9,0.9
warehouse_measurement:session:s042_01646:d9ca6e69de77,session,warehouse_measurement,S042_01646,synnetqos,session_id,S042_01646,S042_01646,10,2,0.2
warehouse_measurement:session:s042_01647:65964b1f9e7d,session,warehouse_measurement,S042_01647,synnetqos,session_id,S042_01647,S042_01647,10,3,0.3
warehouse_measurement:session:s042_01648:053d92e713b1,session,warehouse_measurement,S042_01648,synnetqos,session_id,S042_01648,S042_01648,10,7,0.7
warehouse_measurement:session:s042_01649:973cb6c9ffb6,session,warehouse_measurement,S042_01649,synnetqos,session_id,S042_01649,S042_01649,10,5,0.5
warehouse_measurement:session:s042_01650:d799742063f4,session,warehouse_measurement,S042_01650,synnetqos,session_id,S042_01650,S042_01650,10,5,0.5
warehouse_measurement:session:s042_01651:efcce1c5803e,session,warehouse_measurement,S042_01651,synnetqos,session_id,S042_01651,S042_01651,10,3,0.3
warehouse_measurement:session:s042_01652:ec2de1efda61,session,warehouse_measurement,S042_01652,synnetqos,session_id,S042_01652,S042_01652,10,3,0.3
warehouse_measurement:session:s042_01653:de37105f96b7,session,warehouse_measurement,S042_01653,synnetqos,session_id,S042_01653,S042_01653,10,2,0.2
warehouse_measurement:session:s042_01654:41e2f99af013,session,warehouse_measurement,S042_01654,synnetqos,session_id,S042_01654,S042_01654,10,10,1.0
warehouse_measurement:session:s042_01655:bdacd9632640,session,warehouse_measurement,S042_01655,synnetqos,session_id,S042_01655,S042_01655,10,1,0.1
warehouse_measurement:session:s042_01656:3b8baecd6dc6,session,warehouse_measurement,S042_01656,synnetqos,session_id,S042_01656,S042_01656,10,6,0.6
warehouse_measurement:session:s042_01657:0c17cd7b560c,session,warehouse_measurement,S042_01657,synnetqos,session_id,S042_01657,S042_01657,10,7,0.7
warehouse_measurement:session:s042_01658:82aefdf0a1ed,session,warehouse_measurement,S042_01658,synnetqos,session_id,S042_01658,S042_01658,10,8,0.8
warehouse_measurement:session:s042_01659:f794e5618f52,session,warehouse_measurement,S042_01659,synnetqos,session_id,S042_01659,S042_01659,10,10,1.0
warehouse_measurement:session:s042_01660:34e288417613,session,warehouse_measurement,S042_01660,synnetqos,session_id,S042_01660,S042_01660,10,1,0.1
warehouse_measurement:session:s042_01661:cd59b39267d4,session,warehouse_measurement,S042_01661,synnetqos,session_id,S042_01661,S042_01661,10,1,0.1
warehouse_measurement:session:s042_01662:d799dfd9e7be,session,warehouse_measurement,S042_01662,synnetqos,session_id,S042_01662,S042_01662,10,10,1.0
warehouse_measurement:session:s042_01663:6ee927c7c344,session,warehouse_measurement,S042_01663,synnetqos,session_id,S042_01663,S042_01663,10,7,0.7
warehouse_measurement:session:s042_01664:11d88db8e532,session,warehouse_measurement,S042_01664,synnetqos,session_id,S042_01664,S042_01664,10,3,0.3
warehouse_measurement:session:s042_01665:245cdbea754f,session,warehouse_measurement,S042_01665,synnetqos,session_id,S042_01665,S042_01665,10,6,0.6
warehouse_measurement:session:s042_01666:426241b52332,session,warehouse_measurement,S042_01666,synnetqos,session_id,S042_01666,S042_01666,10,0,0.0
warehouse_measurement:session:s042_01667:acdbdd2396f7,session,warehouse_measurement,S042_01667,synnetqos,session_id,S042_01667,S042_01667,10,7,0.7
warehouse_measurement:session:s042_01668:dac8f6305734,session,warehouse_measurement,S042_01668,synnetqos,session_id,S042_01668,S042_01668,10,9,0.9
warehouse_measurement:session:s042_01669:a4776f27307c,session,warehouse_measurement,S042_01669,synnetqos,session_id,S042_01669,S042_01669,10,9,0.9
warehouse_measurement:session:s042_01670:38526a3f92f2,session,warehouse_measurement,S042_01670,synnetqos,session_id,S042_01670,S042_01670,10,9,0.9
warehouse_measurement:session:s042_01671:35e6118008b6,session,warehouse_measurement,S042_01671,synnetqos,session_id,S042_01671,S042_01671,10,7,0.7
warehouse_measurement:session:s042_01672:5e39d7ed0e97,session,warehouse_measurement,S042_01672,synnetqos,session_id,S042_01672,S042_01672,10,9,0.9
warehouse_measurement:session:s042_01673:9e24af6e9c3d,session,warehouse_measurement,S042_01673,synnetqos,session_id,S042_01673,S042_01673,10,4,0.4
warehouse_measurement:session:s042_01674:b4a143dd2ad1,session,warehouse_measurement,S042_01674,synnetqos,session_id,S042_01674,S042_01674,10,6,0.6
warehouse_measurement:session:s042_01675:fd0aa3d32da5,session,warehouse_measurement,S042_01675,synnetqos,session_id,S042_01675,S042_01675,10,0,0.0
warehouse_measurement:session:s042_01676:44029955a6af,session,warehouse_measurement,S042_01676,synnetqos,session_id,S042_01676,S042_01676,10,2,0.2
warehouse_measurement:session:s042_01677:3e645c1d4f90,session,warehouse_measurement,S042_01677,synnetqos,session_id,S042_01677,S042_01677,10,2,0.2
warehouse_measurement:session:s042_01678:211103b7bf1e,session,warehouse_measurement,S042_01678,synnetqos,session_id,S042_01678,S042_01678,10,6,0.6
warehouse_measurement:session:s042_01679:a8291aecea6f,session,warehouse_measurement,S042_01679,synnetqos,session_id,S042_01679,S042_01679,10,0,0.0
warehouse_measurement:session:s042_01680:9dc7d6ac0f10,session,warehouse_measurement,S042_01680,synnetqos,session_id,S042_01680,S042_01680,10,3,0.3
warehouse_measurement:session:s042_01681:fc188801cdd2,session,warehouse_measurement,S042_01681,synnetqos,session_id,S042_01681,S042_01681,10,4,0.4
warehouse_measurement:session:s042_01682:4c4eacf37f3c,session,warehouse_measurement,S042_01682,synnetqos,session_id,S042_01682,S042_01682,10,10,1.0
warehouse_measurement:session:s042_01683:63f3cd432d9a,session,warehouse_measurement,S042_01683,synnetqos,session_id,S042_01683,S042_01683,10,10,1.0
warehouse_measurement:session:s042_01684:33258363b964,session,warehouse_measurement,S042_01684,synnetqos,session_id,S042_01684,S042_01684,10,7,0.7
warehouse_measurement:session:s042_01685:b64e741c781c,session,warehouse_measurement,S042_01685,synnetqos,session_id,S042_01685,S042_01685,10,7,0.7
warehouse_measurement:session:s042_01686:015f031515cd,session,warehouse_measurement,S042_01686,synnetqos,session_id,S042_01686,S042_01686,10,3,0.3
warehouse_measurement:session:s042_01687:f4aee0c2c154,session,warehouse_measurement,S042_01687,synnetqos,session_id,S042_01687,S042_01687,10,0,0.0
warehouse_measurement:session:s042_01688:eaff1483b75e,session,warehouse_measurement,S042_01688,synnetqos,session_id,S042_01688,S042_01688,10,7,0.7
warehouse_measurement:session:s042_01689:49c8fa4f3e9d,session,warehouse_measurement,S042_01689,synnetqos,session_id,S042_01689,S042_01689,10,1,0.1
warehouse_measurement:session:s042_01690:752daa2f3dc3,session,warehouse_measurement,S042_01690,synnetqos,session_id,S042_01690,S042_01690,10,1,0.1
warehouse_measurement:session:s042_01691:a3a2c3ffb67c,session,warehouse_measurement,S042_01691,synnetqos,session_id,S042_01691,S042_01691,10,2,0.2
warehouse_measurement:session:s042_01692:f353bf48126a,session,warehouse_measurement,S042_01692,synnetqos,session_id,S042_01692,S042_01692,10,10,1.0
warehouse_measurement:session:s042_01693:1193bce17c69,session,warehouse_measurement,S042_01693,synnetqos,session_id,S042_01693,S042_01693,10,2,0.2
warehouse_measurement:session:s042_01694:6e1cb80b4ee7,session,warehouse_measurement,S042_01694,synnetqos,session_id,S042_01694,S042_01694,10,1,0.1
warehouse_measurement:session:s042_01695:8917e6c82524,session,warehouse_measurement,S042_01695,synnetqos,session_id,S042_01695,S042_01695,10,6,0.6
warehouse_measurement:session:s042_01696:32332760b010,session,warehouse_measurement,S042_01696,synnetqos,session_id,S042_01696,S042_01696,10,3,0.3
warehouse_measurement:session:s042_01697:a92cd6f36375,session,warehouse_measurement,S042_01697,synnetqos,session_id,S042_01697,S042_01697,10,0,0.0
warehouse_measurement:session:s042_01698:7ffcc260517a,session,warehouse_measurement,S042_01698,synnetqos,session_id,S042_01698,S042_01698,10,4,0.4
warehouse_measurement:session:s042_01699:a43d03dfe030,session,warehouse_measurement,S042_01699,synnetqos,session_id,S042_01699,S042_01699,10,9,0.9
warehouse_measurement:session:s042_01700:5715111cff03,session,warehouse_measurement,S042_01700,synnetqos,session_id,S042_01700,S042_01700,10,1,0.1
warehouse_measurement:session:s042_01701:84d0235072b1,session,warehouse_measurement,S042_01701,synnetqos,session_id,S042_01701,S042_01701,10,6,0.6
warehouse_measurement:session:s042_01702:6ceaec48707c,session,warehouse_measurement,S042_01702,synnetqos,session_id,S042_01702,S042_01702,10,10,1.0
warehouse_measurement:session:s042_01703:9104557fc8d6,session,warehouse_measurement,S042_01703,synnetqos,session_id,S042_01703,S042_01703,10,5,0.5
warehouse_measurement:session:s042_01704:9436349db6be,session,warehouse_measurement,S042_01704,synnetqos,session_id,S042_01704,S042_01704,10,3,0.3
warehouse_measurement:session:s042_01705:cccd5e28decc,session,warehouse_measurement,S042_01705,synnetqos,session_id,S042_01705,S042_01705,10,7,0.7
warehouse_measurement:session:s042_01706:d84f1b7cb6bf,session,warehouse_measurement,S042_01706,synnetqos,session_id,S042_01706,S042_01706,10,3,0.3
warehouse_measurement:session:s042_01707:ec10b9226d2d,session,warehouse_measurement,S042_01707,synnetqos,session_id,S042_01707,S042_01707,10,1,0.1
warehouse_measurement:session:s042_01708:202c31544004,session,warehouse_measurement,S042_01708,synnetqos,session_id,S042_01708,S042_01708,10,8,0.8
warehouse_measurement:session:s042_01709:07b2169ea061,session,warehouse_measurement,S042_01709,synnetqos,session_id,S042_01709,S042_01709,10,7,0.7
warehouse_measurement:session:s042_01710:2891add344b7,session,warehouse_measurement,S042_01710,synnetqos,session_id,S042_01710,S042_01710,10,5,0.5
warehouse_measurement:session:s042_01711:c58bf21b5229,session,warehouse_measurement,S042_01711,synnetqos,session_id,S042_01711,S042_01711,10,1,0.1
warehouse_measurement:session:s042_01712:2eb475f463fb,session,warehouse_measurement,S042_01712,synnetqos,session_id,S042_01712,S042_01712,10,3,0.3
warehouse_measurement:session:s042_01713:2c6de57693ee,session,warehouse_measurement,S042_01713,synnetqos,session_id,S042_01713,S042_01713,10,2,0.2
warehouse_measurement:session:s042_01714:9776678c382b,session,warehouse_measurement,S042_01714,synnetqos,session_id,S042_01714,S042_01714,10,1,0.1
warehouse_measurement:session:s042_01715:d72a5c92e297,session,warehouse_measurement,S042_01715,synnetqos,session_id,S042_01715,S042_01715,10,1,0.1
warehouse_measurement:session:s042_01716:1a9746d99404,session,warehouse_measurement,S042_01716,synnetqos,session_id,S042_01716,S042_01716,10,7,0.7
warehouse_measurement:session:s042_01717:038b700338c0,session,warehouse_measurement,S042_01717,synnetqos,session_id,S042_01717,S042_01717,10,1,0.1
warehouse_measurement:session:s042_01718:59d940278160,session,warehouse_measurement,S042_01718,synnetqos,session_id,S042_01718,S042_01718,10,1,0.1
warehouse_measurement:session:s042_01719:ff3684041e94,session,warehouse_measurement,S042_01719,synnetqos,session_id,S042_01719,S042_01719,10,7,0.7
warehouse_measurement:session:s042_01720:a6888b5643c8,session,warehouse_measurement,S042_01720,synnetqos,session_id,S042_01720,S042_01720,10,2,0.2
warehouse_measurement:session:s042_01721:256d29e497cc,session,warehouse_measurement,S042_01721,synnetqos,session_id,S042_01721,S042_01721,10,6,0.6
warehouse_measurement:session:s042_01722:b8f2153c1001,session,warehouse_measurement,S042_01722,synnetqos,session_id,S042_01722,S042_01722,10,6,0.6
warehouse_measurement:session:s042_01723:58a3473737e2,session,warehouse_measurement,S042_01723,synnetqos,session_id,S042_01723,S042_01723,10,7,0.7
warehouse_measurement:session:s042_01724:1551ac9a1458,session,warehouse_measurement,S042_01724,synnetqos,session_id,S042_01724,S042_01724,10,2,0.2
warehouse_measurement:session:s042_01725:1e914a3ade55,session,warehouse_measurement,S042_01725,synnetqos,session_id,S042_01725,S042_01725,10,2,0.2
warehouse_measurement:session:s042_01726:8d0b641a5992,session,warehouse_measurement,S042_01726,synnetqos,session_id,S042_01726,S042_01726,10,5,0.5
warehouse_measurement:session:s042_01727:1ebb20578549,session,warehouse_measurement,S042_01727,synnetqos,session_id,S042_01727,S042_01727,10,4,0.4
warehouse_measurement:session:s042_01728:fb6c09d593cf,session,warehouse_measurement,S042_01728,synnetqos,session_id,S042_01728,S042_01728,10,10,1.0
warehouse_measurement:session:s042_01729:aae1d8903e86,session,warehouse_measurement,S042_01729,synnetqos,session_id,S042_01729,S042_01729,10,6,0.6
warehouse_measurement:session:s042_01730:c46f814149be,session,warehouse_measurement,S042_01730,synnetqos,session_id,S042_01730,S042_01730,10,1,0.1
warehouse_measurement:session:s042_01731:eb27a55984a1,session,warehouse_measurement,S042_01731,synnetqos,session_id,S042_01731,S042_01731,10,2,0.2
warehouse_measurement:session:s042_01732:3e6b2a673c2c,session,warehouse_measurement,S042_01732,synnetqos,session_id,S042_01732,S042_01732,10,4,0.4
warehouse_measurement:session:s042_01733:7c65482d5061,session,warehouse_measurement,S042_01733,synnetqos,session_id,S042_01733,S042_01733,10,1,0.1
warehouse_measurement:session:s042_01734:23432f7f3be4,session,warehouse_measurement,S042_01734,synnetqos,session_id,S042_01734,S042_01734,10,4,0.4
warehouse_measurement:session:s042_01735:05139c43611b,session,warehouse_measurement,S042_01735,synnetqos,session_id,S042_01735,S042_01735,10,10,1.0
warehouse_measurement:session:s042_01736:6abd78b2a4e2,session,warehouse_measurement,S042_01736,synnetqos,session_id,S042_01736,S042_01736,10,1,0.1
warehouse_measurement:session:s042_01737:20d607618324,session,warehouse_measurement,S042_01737,synnetqos,session_id,S042_01737,S042_01737,10,10,1.0
warehouse_measurement:session:s042_01738:6faed5f493d1,session,warehouse_measurement,S042_01738,synnetqos,session_id,S042_01738,S042_01738,10,7,0.7
warehouse_measurement:session:s042_01739:d21752a45844,session,warehouse_measurement,S042_01739,synnetqos,session_id,S042_01739,S042_01739,10,10,1.0
warehouse_measurement:session:s042_01740:b6bddfb88208,session,warehouse_measurement,S042_01740,synnetqos,session_id,S042_01740,S042_01740,10,9,0.9
warehouse_measurement:session:s042_01741:3c9bcf6a3f8f,session,warehouse_measurement,S042_01741,synnetqos,session_id,S042_01741,S042_01741,10,2,0.2
warehouse_measurement:session:s042_01742:bf5bd663cfed,session,warehouse_measurement,S042_01742,synnetqos,session_id,S042_01742,S042_01742,10,6,0.6
warehouse_measurement:session:s042_01743:2ec7985d5bd5,session,warehouse_measurement,S042_01743,synnetqos,session_id,S042_01743,S042_01743,10,2,0.2
warehouse_measurement:session:s042_01744:9aa119a65ae0,session,warehouse_measurement,S042_01744,synnetqos,session_id,S042_01744,S042_01744,10,7,0.7
warehouse_measurement:session:s042_01745:d6d325d8a9cb,session,warehouse_measurement,S042_01745,synnetqos,session_id,S042_01745,S042_01745,10,8,0.8
warehouse_measurement:session:s042_01746:fde08b04166b,session,warehouse_measurement,S042_01746,synnetqos,session_id,S042_01746,S042_01746,10,3,0.3
warehouse_measurement:session:s042_01747:80b104b77b3c,session,warehouse_measurement,S042_01747,synnetqos,session_id,S042_01747,S042_01747,10,7,0.7
warehouse_measurement:session:s042_01748:1ff85b4922df,session,warehouse_measurement,S042_01748,synnetqos,session_id,S042_01748,S042_01748,10,0,0.0
warehouse_measurement:session:s042_01749:504ac617c1ee,session,warehouse_measurement,S042_01749,synnetqos,session_id,S042_01749,S042_01749,10,7,0.7
warehouse_measurement:session:s042_01750:1fd47d2aec44,session,warehouse_measurement,S042_01750,synnetqos,session_id,S042_01750,S042_01750,10,10,1.0
warehouse_measurement:session:s042_01751:67e7c75a2220,session,warehouse_measurement,S042_01751,synnetqos,session_id,S042_01751,S042_01751,10,7,0.7
warehouse_measurement:session:s042_01752:7465b61d7a95,session,warehouse_measurement,S042_01752,synnetqos,session_id,S042_01752,S042_01752,10,1,0.1
warehouse_measurement:session:s042_01753:548ca6ee6f6a,session,warehouse_measurement,S042_01753,synnetqos,session_id,S042_01753,S042_01753,10,9,0.9
warehouse_measurement:session:s042_01754:1e26f47d6092,session,warehouse_measurement,S042_01754,synnetqos,session_id,S042_01754,S042_01754,10,5,0.5
warehouse_measurement:session:s042_01755:85554dc61fa6,session,warehouse_measurement,S042_01755,synnetqos,session_id,S042_01755,S042_01755,10,5,0.5
warehouse_measurement:session:s042_01756:8c345ffff281,session,warehouse_measurement,S042_01756,synnetqos,session_id,S042_01756,S042_01756,10,9,0.9
warehouse_measurement:session:s042_01757:6233373c503d,session,warehouse_measurement,S042_01757,synnetqos,session_id,S042_01757,S042_01757,10,0,0.0
warehouse_measurement:session:s042_01758:1c4e0083784f,session,warehouse_measurement,S042_01758,synnetqos,session_id,S042_01758,S042_01758,10,3,0.3
warehouse_measurement:session:s042_01759:40976979925b,session,warehouse_measurement,S042_01759,synnetqos,session_id,S042_01759,S042_01759,10,0,0.0
warehouse_measurement:session:s042_01760:ceccd1bcabd9,session,warehouse_measurement,S042_01760,synnetqos,session_id,S042_01760,S042_01760,10,7,0.7
warehouse_measurement:session:s042_01761:0b51ab2f1242,session,warehouse_measurement,S042_01761,synnetqos,session_id,S042_01761,S042_01761,10,5,0.5
warehouse_measurement:session:s042_01762:39b920e13a73,session,warehouse_measurement,S042_01762,synnetqos,session_id,S042_01762,S042_01762,10,1,0.1
warehouse_measurement:session:s042_01763:7d8b2fd64886,session,warehouse_measurement,S042_01763,synnetqos,session_id,S042_01763,S042_01763,10,8,0.8
warehouse_measurement:session:s042_01764:e99b34d56241,session,warehouse_measurement,S042_01764,synnetqos,session_id,S042_01764,S042_01764,10,9,0.9
warehouse_measurement:session:s042_01765:067b5678106d,session,warehouse_measurement,S042_01765,synnetqos,session_id,S042_01765,S042_01765,10,0,0.0
warehouse_measurement:session:s042_01766:9b4fc742280c,session,warehouse_measurement,S042_01766,synnetqos,session_id,S042_01766,S042_01766,10,3,0.3
warehouse_measurement:session:s042_01767:f8996ec15baa,session,warehouse_measurement,S042_01767,synnetqos,session_id,S042_01767,S042_01767,10,6,0.6
warehouse_measurement:session:s042_01768:9800e54d85aa,session,warehouse_measurement,S042_01768,synnetqos,session_id,S042_01768,S042_01768,10,10,1.0
warehouse_measurement:session:s042_01769:a0fc30979477,session,warehouse_measurement,S042_01769,synnetqos,session_id,S042_01769,S042_01769,10,3,0.3
warehouse_measurement:session:s042_01770:576e341cd183,session,warehouse_measurement,S042_01770,synnetqos,session_id,S042_01770,S042_01770,10,1,0.1
warehouse_measurement:session:s042_01771:6884cda0097b,session,warehouse_measurement,S042_01771,synnetqos,session_id,S042_01771,S042_01771,10,10,1.0
warehouse_measurement:session:s042_01772:93391e4c32f9,session,warehouse_measurement,S042_01772,synnetqos,session_id,S042_01772,S042_01772,10,0,0.0
warehouse_measurement:session:s042_01773:e31748f8d24e,session,warehouse_measurement,S042_01773,synnetqos,session_id,S042_01773,S042_01773,10,0,0.0
warehouse_measurement:session:s042_01774:d12c84ac605d,session,warehouse_measurement,S042_01774,synnetqos,session_id,S042_01774,S042_01774,10,7,0.7
warehouse_measurement:session:s042_01775:dd59392381ff,session,warehouse_measurement,S042_01775,synnetqos,session_id,S042_01775,S042_01775,10,3,0.3
warehouse_measurement:session:s042_01776:c71339720d86,session,warehouse_measurement,S042_01776,synnetqos,session_id,S042_01776,S042_01776,10,5,0.5
warehouse_measurement:session:s042_01777:61e2a76f62d4,session,warehouse_measurement,S042_01777,synnetqos,session_id,S042_01777,S042_01777,10,6,0.6
warehouse_measurement:session:s042_01778:641247fee764,session,warehouse_measurement,S042_01778,synnetqos,session_id,S042_01778,S042_01778,10,1,0.1
warehouse_measurement:session:s042_01779:9a0b111320a5,session,warehouse_measurement,S042_01779,synnetqos,session_id,S042_01779,S042_01779,10,4,0.4
warehouse_measurement:session:s042_01780:b37adf78662d,session,warehouse_measurement,S042_01780,synnetqos,session_id,S042_01780,S042_01780,10,8,0.8
warehouse_measurement:session:s042_01781:54bfc28f4441,session,warehouse_measurement,S042_01781,synnetqos,session_id,S042_01781,S042_01781,10,2,0.2
warehouse_measurement:session:s042_01782:d27fa29707b8,session,warehouse_measurement,S042_01782,synnetqos,session_id,S042_01782,S042_01782,10,1,0.1
warehouse_measurement:session:s042_01783:ee99d00b78fc,session,warehouse_measurement,S042_01783,synnetqos,session_id,S042_01783,S042_01783,10,1,0.1
warehouse_measurement:session:s042_01784:3acc36982ed1,session,warehouse_measurement,S042_01784,synnetqos,session_id,S042_01784,S042_01784,10,8,0.8
warehouse_measurement:session:s042_01785:509941f9997f,session,warehouse_measurement,S042_01785,synnetqos,session_id,S042_01785,S042_01785,10,1,0.1
warehouse_measurement:session:s042_01786:7ca819c53ced,session,warehouse_measurement,S042_01786,synnetqos,session_id,S042_01786,S042_01786,10,4,0.4
warehouse_measurement:session:s042_01787:2f84baac1966,session,warehouse_measurement,S042_01787,synnetqos,session_id,S042_01787,S042_01787,10,8,0.8
warehouse_measurement:session:s042_01788:2612a47e506a,session,warehouse_measurement,S042_01788,synnetqos,session_id,S042_01788,S042_01788,10,4,0.4
warehouse_measurement:session:s042_01789:33cb28bcf35b,session,warehouse_measurement,S042_01789,synnetqos,session_id,S042_01789,S042_01789,10,10,1.0
warehouse_measurement:session:s042_01790:5afa56b331c4,session,warehouse_measurement,S042_01790,synnetqos,session_id,S042_01790,S042_01790,10,2,0.2
warehouse_measurement:session:s042_01791:7b7e821cd369,session,warehouse_measurement,S042_01791,synnetqos,session_id,S042_01791,S042_01791,10,4,0.4
warehouse_measurement:session:s042_01792:b8c936ff0d4f,session,warehouse_measurement,S042_01792,synnetqos,session_id,S042_01792,S042_01792,10,6,0.6
warehouse_measurement:session:s042_01793:aac56d15d9a0,session,warehouse_measurement,S042_01793,synnetqos,session_id,S042_01793,S042_01793,10,5,0.5
warehouse_measurement:session:s042_01794:98fd6b92a4a9,session,warehouse_measurement,S042_01794,synnetqos,session_id,S042_01794,S042_01794,10,5,0.5
warehouse_measurement:session:s042_01795:9c7adbddb241,session,warehouse_measurement,S042_01795,synnetqos,session_id,S042_01795,S042_01795,10,8,0.8
warehouse_measurement:session:s042_01796:971b51b7df27,session,warehouse_measurement,S042_01796,synnetqos,session_id,S042_01796,S042_01796,10,9,0.9
warehouse_measurement:session:s042_01797:a91db62e1102,session,warehouse_measurement,S042_01797,synnetqos,session_id,S042_01797,S042_01797,10,6,0.6
warehouse_measurement:session:s042_01798:c79045f43948,session,warehouse_measurement,S042_01798,synnetqos,session_id,S042_01798,S042_01798,10,7,0.7
warehouse_measurement:session:s042_01799:df2b4cb340cb,session,warehouse_measurement,S042_01799,synnetqos,session_id,S042_01799,S042_01799,10,4,0.4
warehouse_measurement:session:s042_01800:50a3c90d83e3,session,warehouse_measurement,S042_01800,synnetqos,session_id,S042_01800,S042_01800,10,7,0.7
warehouse_measurement:session:s042_01801:189f3308a1aa,session,warehouse_measurement,S042_01801,synnetqos,session_id,S042_01801,S042_01801,10,0,0.0
warehouse_measurement:session:s042_01802:580b65c90d6a,session,warehouse_measurement,S042_01802,synnetqos,session_id,S042_01802,S042_01802,10,2,0.2
warehouse_measurement:session:s042_01803:51b33d92dcf6,session,warehouse_measurement,S042_01803,synnetqos,session_id,S042_01803,S042_01803,10,9,0.9
warehouse_measurement:session:s042_01804:0fe0198b8dac,session,warehouse_measurement,S042_01804,synnetqos,session_id,S042_01804,S042_01804,10,9,0.9
warehouse_measurement:session:s042_01805:b7b7b6fe9694,session,warehouse_measurement,S042_01805,synnetqos,session_id,S042_01805,S042_01805,10,10,1.0
warehouse_measurement:session:s042_01806:8bce3a4ec581,session,warehouse_measurement,S042_01806,synnetqos,session_id,S042_01806,S042_01806,10,10,1.0
warehouse_measurement:session:s042_01807:50df310c9444,session,warehouse_measurement,S042_01807,synnetqos,session_id,S042_01807,S042_01807,10,8,0.8
warehouse_measurement:session:s042_01808:21019ea84282,session,warehouse_measurement,S042_01808,synnetqos,session_id,S042_01808,S042_01808,10,10,1.0
warehouse_measurement:session:s042_01809:739f0d104371,session,warehouse_measurement,S042_01809,synnetqos,session_id,S042_01809,S042_01809,10,4,0.4
warehouse_measurement:session:s042_01810:0d91acb9ae94,session,warehouse_measurement,S042_01810,synnetqos,session_id,S042_01810,S042_01810,10,4,0.4
warehouse_measurement:session:s042_01811:0aba20505cf0,session,warehouse_measurement,S042_01811,synnetqos,session_id,S042_01811,S042_01811,10,4,0.4
warehouse_measurement:session:s042_01812:aa50839197b6,session,warehouse_measurement,S042_01812,synnetqos,session_id,S042_01812,S042_01812,10,7,0.7
warehouse_measurement:session:s042_01813:95933f1bc6f3,session,warehouse_measurement,S042_01813,synnetqos,session_id,S042_01813,S042_01813,10,10,1.0
warehouse_measurement:session:s042_01814:b65160d78a5d,session,warehouse_measurement,S042_01814,synnetqos,session_id,S042_01814,S042_01814,10,3,0.3
warehouse_measurement:session:s042_01815:4359ac259c58,session,warehouse_measurement,S042_01815,synnetqos,session_id,S042_01815,S042_01815,10,5,0.5
warehouse_measurement:session:s042_01816:6ad9053347c1,session,warehouse_measurement,S042_01816,synnetqos,session_id,S042_01816,S042_01816,10,10,1.0
warehouse_measurement:session:s042_01817:015f76409efe,session,warehouse_measurement,S042_01817,synnetqos,session_id,S042_01817,S042_01817,10,0,0.0
warehouse_measurement:session:s042_01818:670efd785810,session,warehouse_measurement,S042_01818,synnetqos,session_id,S042_01818,S042_01818,10,9,0.9
warehouse_measurement:session:s042_01819:ecd07cf40e4e,session,warehouse_measurement,S042_01819,synnetqos,session_id,S042_01819,S042_01819,10,2,0.2
warehouse_measurement:session:s042_01820:3b26877f2f52,session,warehouse_measurement,S042_01820,synnetqos,session_id,S042_01820,S042_01820,10,5,0.5
warehouse_measurement:session:s042_01821:cf935f8db553,session,warehouse_measurement,S042_01821,synnetqos,session_id,S042_01821,S042_01821,10,7,0.7
warehouse_measurement:session:s042_01822:63e0437bc1dd,session,warehouse_measurement,S042_01822,synnetqos,session_id,S042_01822,S042_01822,10,0,0.0
warehouse_measurement:session:s042_01823:bf2d8fb3631a,session,warehouse_measurement,S042_01823,synnetqos,session_id,S042_01823,S042_01823,10,0,0.0
warehouse_measurement:session:s042_01824:5b4ef99ad3f0,session,warehouse_measurement,S042_01824,synnetqos,session_id,S042_01824,S042_01824,10,10,1.0
warehouse_measurement:session:s042_01825:dbce4c64831b,session,warehouse_measurement,S042_01825,synnetqos,session_id,S042_01825,S042_01825,10,10,1.0
warehouse_measurement:session:s042_01826:68940856c870,session,warehouse_measurement,S042_01826,synnetqos,session_id,S042_01826,S042_01826,10,5,0.5
warehouse_measurement:session:s042_01827:415627e6601d,session,warehouse_measurement,S042_01827,synnetqos,session_id,S042_01827,S042_01827,10,10,1.0
warehouse_measurement:session:s042_01828:92aea1fe7137,session,warehouse_measurement,S042_01828,synnetqos,session_id,S042_01828,S042_01828,10,8,0.8
warehouse_measurement:session:s042_01829:35ef6cc48a44,session,warehouse_measurement,S042_01829,synnetqos,session_id,S042_01829,S042_01829,10,4,0.4
warehouse_measurement:session:s042_01830:a788304f126d,session,warehouse_measurement,S042_01830,synnetqos,session_id,S042_01830,S042_01830,10,10,1.0
warehouse_measurement:session:s042_01831:3d9604183534,session,warehouse_measurement,S042_01831,synnetqos,session_id,S042_01831,S042_01831,10,1,0.1
warehouse_measurement:session:s042_01832:bb52f926b00d,session,warehouse_measurement,S042_01832,synnetqos,session_id,S042_01832,S042_01832,10,4,0.4
warehouse_measurement:session:s042_01833:734eb7fc38be,session,warehouse_measurement,S042_01833,synnetqos,session_id,S042_01833,S042_01833,10,9,0.9
warehouse_measurement:session:s042_01834:06df5ed216c6,session,warehouse_measurement,S042_01834,synnetqos,session_id,S042_01834,S042_01834,10,4,0.4
warehouse_measurement:session:s042_01835:89c948b956dc,session,warehouse_measurement,S042_01835,synnetqos,session_id,S042_01835,S042_01835,10,1,0.1
warehouse_measurement:session:s042_01836:295b8d80251a,session,warehouse_measurement,S042_01836,synnetqos,session_id,S042_01836,S042_01836,10,2,0.2
warehouse_measurement:session:s042_01837:d0ba0881d78f,session,warehouse_measurement,S042_01837,synnetqos,session_id,S042_01837,S042_01837,10,2,0.2
warehouse_measurement:session:s042_01838:9ac53600507c,session,warehouse_measurement,S042_01838,synnetqos,session_id,S042_01838,S042_01838,10,1,0.1
warehouse_measurement:session:s042_01839:40f57716d23c,session,warehouse_measurement,S042_01839,synnetqos,session_id,S042_01839,S042_01839,10,0,0.0
warehouse_measurement:session:s042_01840:69556746c7bb,session,warehouse_measurement,S042_01840,synnetqos,session_id,S042_01840,S042_01840,10,2,0.2
warehouse_measurement:session:s042_01841:3a42b82bc0c4,session,warehouse_measurement,S042_01841,synnetqos,session_id,S042_01841,S042_01841,10,5,0.5
warehouse_measurement:session:s042_01842:6d0b547e23d3,session,warehouse_measurement,S042_01842,synnetqos,session_id,S042_01842,S042_01842,10,6,0.6
warehouse_measurement:session:s042_01843:ddbe65bba7af,session,warehouse_measurement,S042_01843,synnetqos,session_id,S042_01843,S042_01843,10,8,0.8
warehouse_measurement:session:s042_01844:42ce365603b0,session,warehouse_measurement,S042_01844,synnetqos,session_id,S042_01844,S042_01844,10,2,0.2
warehouse_measurement:session:s042_01845:b6badde331c1,session,warehouse_measurement,S042_01845,synnetqos,session_id,S042_01845,S042_01845,10,3,0.3
warehouse_measurement:session:s042_01846:8bbe6dbcad8b,session,warehouse_measurement,S042_01846,synnetqos,session_id,S042_01846,S042_01846,10,0,0.0
warehouse_measurement:session:s042_01847:9d6fd64aa598,session,warehouse_measurement,S042_01847,synnetqos,session_id,S042_01847,S042_01847,10,6,0.6
warehouse_measurement:session:s042_01848:d3b039372428,session,warehouse_measurement,S042_01848,synnetqos,session_id,S042_01848,S042_01848,10,10,1.0
warehouse_measurement:session:s042_01849:639fbc75542d,session,warehouse_measurement,S042_01849,synnetqos,session_id,S042_01849,S042_01849,10,0,0.0
warehouse_measurement:session:s042_01850:0ae9afa5b337,session,warehouse_measurement,S042_01850,synnetqos,session_id,S042_01850,S042_01850,10,1,0.1
warehouse_measurement:session:s042_01851:04c2272f4a1b,session,warehouse_measurement,S042_01851,synnetqos,session_id,S042_01851,S042_01851,10,0,0.0
warehouse_measurement:session:s042_01852:598890725ca3,session,warehouse_measurement,S042_01852,synnetqos,session_id,S042_01852,S042_01852,10,1,0.1
warehouse_measurement:session:s042_01853:6eb051d9e8fa,session,warehouse_measurement,S042_01853,synnetqos,session_id,S042_01853,S042_01853,10,3,0.3
warehouse_measurement:session:s042_01854:208fc41d96ae,session,warehouse_measurement,S042_01854,synnetqos,session_id,S042_01854,S042_01854,10,8,0.8
warehouse_measurement:session:s042_01855:7e254d8bbf4d,session,warehouse_measurement,S042_01855,synnetqos,session_id,S042_01855,S042_01855,10,9,0.9
warehouse_measurement:session:s042_01856:93290f7afb27,session,warehouse_measurement,S042_01856,synnetqos,session_id,S042_01856,S042_01856,10,1,0.1
warehouse_measurement:session:s042_01857:5b182c248018,session,warehouse_measurement,S042_01857,synnetqos,session_id,S042_01857,S042_01857,10,6,0.6
warehouse_measurement:session:s042_01858:3520d17a7bc1,session,warehouse_measurement,S042_01858,synnetqos,session_id,S042_01858,S042_01858,10,6,0.6
warehouse_measurement:session:s042_01859:aa7318e12372,session,warehouse_measurement,S042_01859,synnetqos,session_id,S042_01859,S042_01859,10,3,0.3
warehouse_measurement:session:s042_01860:53a9fcea17c8,session,warehouse_measurement,S042_01860,synnetqos,session_id,S042_01860,S042_01860,10,1,0.1
warehouse_measurement:session:s042_01861:69cbf36e4b62,session,warehouse_measurement,S042_01861,synnetqos,session_id,S042_01861,S042_01861,10,10,1.0
warehouse_measurement:session:s042_01862:6b5e9642c207,session,warehouse_measurement,S042_01862,synnetqos,session_id,S042_01862,S042_01862,10,3,0.3
warehouse_measurement:session:s042_01863:1d6328551c95,session,warehouse_measurement,S042_01863,synnetqos,session_id,S042_01863,S042_01863,10,6,0.6
warehouse_measurement:session:s042_01864:fdc9c5790649,session,warehouse_measurement,S042_01864,synnetqos,session_id,S042_01864,S042_01864,10,1,0.1
warehouse_measurement:session:s042_01865:219f64e9d5a2,session,warehouse_measurement,S042_01865,synnetqos,session_id,S042_01865,S042_01865,10,2,0.2
warehouse_measurement:session:s042_01866:1c783fa3336a,session,warehouse_measurement,S042_01866,synnetqos,session_id,S042_01866,S042_01866,10,9,0.9
warehouse_measurement:session:s042_01867:eccb5e0a2c9a,session,warehouse_measurement,S042_01867,synnetqos,session_id,S042_01867,S042_01867,10,3,0.3
warehouse_measurement:session:s042_01868:dc1733fe3bc3,session,warehouse_measurement,S042_01868,synnetqos,session_id,S042_01868,S042_01868,10,3,0.3
warehouse_measurement:session:s042_01869:8d7c7ee27798,session,warehouse_measurement,S042_01869,synnetqos,session_id,S042_01869,S042_01869,10,3,0.3
warehouse_measurement:session:s042_01870:7d0b41b4d381,session,warehouse_measurement,S042_01870,synnetqos,session_id,S042_01870,S042_01870,10,4,0.4
warehouse_measurement:session:s042_01871:b415bf2edb07,session,warehouse_measurement,S042_01871,synnetqos,session_id,S042_01871,S042_01871,10,10,1.0
warehouse_measurement:session:s042_01872:cb8c74d6e322,session,warehouse_measurement,S042_01872,synnetqos,session_id,S042_01872,S042_01872,10,9,0.9
warehouse_measurement:session:s042_01873:b3087bd339da,session,warehouse_measurement,S042_01873,synnetqos,session_id,S042_01873,S042_01873,10,0,0.0
warehouse_measurement:session:s042_01874:089c6f3e054a,session,warehouse_measurement,S042_01874,synnetqos,session_id,S042_01874,S042_01874,10,8,0.8
warehouse_measurement:session:s042_01875:44d477d2e2ea,session,warehouse_measurement,S042_01875,synnetqos,session_id,S042_01875,S042_01875,10,8,0.8
warehouse_measurement:session:s042_01876:935c597cef4f,session,warehouse_measurement,S042_01876,synnetqos,session_id,S042_01876,S042_01876,10,9,0.9
warehouse_measurement:session:s042_01877:5184f6b8d181,session,warehouse_measurement,S042_01877,synnetqos,session_id,S042_01877,S042_01877,10,3,0.3
warehouse_measurement:session:s042_01878:0a7b3db0827a,session,warehouse_measurement,S042_01878,synnetqos,session_id,S042_01878,S042_01878,10,7,0.7
warehouse_measurement:session:s042_01879:7403e20df476,session,warehouse_measurement,S042_01879,synnetqos,session_id,S042_01879,S042_01879,10,1,0.1
warehouse_measurement:session:s042_01880:344b08885933,session,warehouse_measurement,S042_01880,synnetqos,session_id,S042_01880,S042_01880,10,8,0.8
warehouse_measurement:session:s042_01881:e01fb559f103,session,warehouse_measurement,S042_01881,synnetqos,session_id,S042_01881,S042_01881,10,4,0.4
warehouse_measurement:session:s042_01882:03dd0bdca603,session,warehouse_measurement,S042_01882,synnetqos,session_id,S042_01882,S042_01882,10,4,0.4
warehouse_measurement:session:s042_01883:bbd6cd287e06,session,warehouse_measurement,S042_01883,synnetqos,session_id,S042_01883,S042_01883,10,2,0.2
warehouse_measurement:session:s042_01884:91b3614b6a0c,session,warehouse_measurement,S042_01884,synnetqos,session_id,S042_01884,S042_01884,10,8,0.8
warehouse_measurement:session:s042_01885:6b85e2e9f904,session,warehouse_measurement,S042_01885,synnetqos,session_id,S042_01885,S042_01885,10,9,0.9
warehouse_measurement:session:s042_01886:d33bd8412f79,session,warehouse_measurement,S042_01886,synnetqos,session_id,S042_01886,S042_01886,10,4,0.4
warehouse_measurement:session:s042_01887:021a88d8df63,session,warehouse_measurement,S042_01887,synnetqos,session_id,S042_01887,S042_01887,10,0,0.0
warehouse_measurement:session:s042_01888:fffa7a0cdbb2,session,warehouse_measurement,S042_01888,synnetqos,session_id,S042_01888,S042_01888,10,5,0.5
warehouse_measurement:session:s042_01889:1ad36ba83477,session,warehouse_measurement,S042_01889,synnetqos,session_id,S042_01889,S042_01889,10,0,0.0
warehouse_measurement:session:s042_01890:abe56eac24c2,session,warehouse_measurement,S042_01890,synnetqos,session_id,S042_01890,S042_01890,10,1,0.1
warehouse_measurement:session:s042_01891:962db78b425a,session,warehouse_measurement,S042_01891,synnetqos,session_id,S042_01891,S042_01891,10,9,0.9
warehouse_measurement:session:s042_01892:f31e688b746c,session,warehouse_measurement,S042_01892,synnetqos,session_id,S042_01892,S042_01892,10,10,1.0
warehouse_measurement:session:s042_01893:2c711a152df2,session,warehouse_measurement,S042_01893,synnetqos,session_id,S042_01893,S042_01893,10,0,0.0
warehouse_measurement:session:s042_01894:295450a9248a,session,warehouse_measurement,S042_01894,synnetqos,session_id,S042_01894,S042_01894,10,7,0.7
warehouse_measurement:session:s042_01895:f851618ec7f3,session,warehouse_measurement,S042_01895,synnetqos,session_id,S042_01895,S042_01895,10,2,0.2
warehouse_measurement:session:s042_01896:36f702d7481a,session,warehouse_measurement,S042_01896,synnetqos,session_id,S042_01896,S042_01896,10,8,0.8
warehouse_measurement:session:s042_01897:92be57b6a148,session,warehouse_measurement,S042_01897,synnetqos,session_id,S042_01897,S042_01897,10,1,0.1
warehouse_measurement:session:s042_01898:90da225680c0,session,warehouse_measurement,S042_01898,synnetqos,session_id,S042_01898,S042_01898,10,8,0.8
warehouse_measurement:session:s042_01899:cfa6d5308524,session,warehouse_measurement,S042_01899,synnetqos,session_id,S042_01899,S042_01899,10,1,0.1
warehouse_measurement:session:s042_01900:7ed633f2096a,session,warehouse_measurement,S042_01900,synnetqos,session_id,S042_01900,S042_01900,10,2,0.2
warehouse_measurement:session:s042_01901:96b933d096f0,session,warehouse_measurement,S042_01901,synnetqos,session_id,S042_01901,S042_01901,10,6,0.6
warehouse_measurement:session:s042_01902:46e53bc60318,session,warehouse_measurement,S042_01902,synnetqos,session_id,S042_01902,S042_01902,10,1,0.1
warehouse_measurement:session:s042_01903:124c349b9870,session,warehouse_measurement,S042_01903,synnetqos,session_id,S042_01903,S042_01903,10,2,0.2
warehouse_measurement:session:s042_01904:489d1f051707,session,warehouse_measurement,S042_01904,synnetqos,session_id,S042_01904,S042_01904,10,7,0.7
warehouse_measurement:session:s042_01905:3e9810822d76,session,warehouse_measurement,S042_01905,synnetqos,session_id,S042_01905,S042_01905,10,9,0.9
warehouse_measurement:session:s042_01906:6ac8b1317ee5,session,warehouse_measurement,S042_01906,synnetqos,session_id,S042_01906,S042_01906,10,1,0.1
warehouse_measurement:session:s042_01907:ca824f629361,session,warehouse_measurement,S042_01907,synnetqos,session_id,S042_01907,S042_01907,10,3,0.3
warehouse_measurement:session:s042_01908:142993fa0ffe,session,warehouse_measurement,S042_01908,synnetqos,session_id,S042_01908,S042_01908,10,5,0.5
warehouse_measurement:session:s042_01909:9530507be519,session,warehouse_measurement,S042_01909,synnetqos,session_id,S042_01909,S042_01909,10,4,0.4
warehouse_measurement:session:s042_01910:45c2882dec2c,session,warehouse_measurement,S042_01910,synnetqos,session_id,S042_01910,S042_01910,10,0,0.0
warehouse_measurement:session:s042_01911:927474790d5b,session,warehouse_measurement,S042_01911,synnetqos,session_id,S042_01911,S042_01911,10,3,0.3
warehouse_measurement:session:s042_01912:c2ef6c7aebcb,session,warehouse_measurement,S042_01912,synnetqos,session_id,S042_01912,S042_01912,10,9,0.9
warehouse_measurement:session:s042_01913:70fd2306110b,session,warehouse_measurement,S042_01913,synnetqos,session_id,S042_01913,S042_01913,10,1,0.1
warehouse_measurement:session:s042_01914:2f54508721e6,session,warehouse_measurement,S042_01914,synnetqos,session_id,S042_01914,S042_01914,10,9,0.9
warehouse_measurement:session:s042_01915:cc160297b4f3,session,warehouse_measurement,S042_01915,synnetqos,session_id,S042_01915,S042_01915,10,5,0.5
warehouse_measurement:session:s042_01916:1ef409fa30e4,session,warehouse_measurement,S042_01916,synnetqos,session_id,S042_01916,S042_01916,10,6,0.6
warehouse_measurement:session:s042_01917:ef3f45f34d11,session,warehouse_measurement,S042_01917,synnetqos,session_id,S042_01917,S042_01917,10,2,0.2
warehouse_measurement:session:s042_01918:d702441e7bc1,session,warehouse_measurement,S042_01918,synnetqos,session_id,S042_01918,S042_01918,10,6,0.6
warehouse_measurement:session:s042_01919:0e1051610be5,session,warehouse_measurement,S042_01919,synnetqos,session_id,S042_01919,S042_01919,10,8,0.8
warehouse_measurement:session:s042_01920:6bf53cb22e6e,session,warehouse_measurement,S042_01920,synnetqos,session_id,S042_01920,S042_01920,10,1,0.1
warehouse_measurement:session:s042_01921:2ba6238c88ca,session,warehouse_measurement,S042_01921,synnetqos,session_id,S042_01921,S042_01921,10,7,0.7
warehouse_measurement:session:s042_01922:4abb9ea942ca,session,warehouse_measurement,S042_01922,synnetqos,session_id,S042_01922,S042_01922,10,7,0.7
warehouse_measurement:session:s042_01923:3beaa1edae4d,session,warehouse_measurement,S042_01923,synnetqos,session_id,S042_01923,S042_01923,10,7,0.7
warehouse_measurement:session:s042_01924:29689c92d374,session,warehouse_measurement,S042_01924,synnetqos,session_id,S042_01924,S042_01924,10,0,0.0
warehouse_measurement:session:s042_01925:dca123c2bdd8,session,warehouse_measurement,S042_01925,synnetqos,session_id,S042_01925,S042_01925,10,9,0.9
warehouse_measurement:session:s042_01926:8a2d693e4fb0,session,warehouse_measurement,S042_01926,synnetqos,session_id,S042_01926,S042_01926,10,2,0.2
warehouse_measurement:session:s042_01927:859bee089d31,session,warehouse_measurement,S042_01927,synnetqos,session_id,S042_01927,S042_01927,10,3,0.3
warehouse_measurement:session:s042_01928:c466c429c114,session,warehouse_measurement,S042_01928,synnetqos,session_id,S042_01928,S042_01928,10,0,0.0
warehouse_measurement:session:s042_01929:5f889ae86ba2,session,warehouse_measurement,S042_01929,synnetqos,session_id,S042_01929,S042_01929,10,6,0.6
warehouse_measurement:session:s042_01930:4ea781d983a9,session,warehouse_measurement,S042_01930,synnetqos,session_id,S042_01930,S042_01930,10,6,0.6
warehouse_measurement:session:s042_01931:2ee941082d78,session,warehouse_measurement,S042_01931,synnetqos,session_id,S042_01931,S042_01931,10,9,0.9
warehouse_measurement:session:s042_01932:0f5fa8973e12,session,warehouse_measurement,S042_01932,synnetqos,session_id,S042_01932,S042_01932,10,10,1.0
warehouse_measurement:session:s042_01933:fd4340ec4331,session,warehouse_measurement,S042_01933,synnetqos,session_id,S042_01933,S042_01933,10,10,1.0
warehouse_measurement:session:s042_01934:43da788a534b,session,warehouse_measurement,S042_01934,synnetqos,session_id,S042_01934,S042_01934,10,2,0.2
warehouse_measurement:session:s042_01935:4b622a9a6a8b,session,warehouse_measurement,S042_01935,synnetqos,session_id,S042_01935,S042_01935,10,4,0.4
warehouse_measurement:session:s042_01936:3d44af0fc12a,session,warehouse_measurement,S042_01936,synnetqos,session_id,S042_01936,S042_01936,10,8,0.8
warehouse_measurement:session:s042_01937:6525ed8695a9,session,warehouse_measurement,S042_01937,synnetqos,session_id,S042_01937,S042_01937,10,0,0.0
warehouse_measurement:session:s042_01938:6b3f02b5f547,session,warehouse_measurement,S042_01938,synnetqos,session_id,S042_01938,S042_01938,10,9,0.9
warehouse_measurement:session:s042_01939:0428279f16a8,session,warehouse_measurement,S042_01939,synnetqos,session_id,S042_01939,S042_01939,10,8,0.8
warehouse_measurement:session:s042_01940:f9bedf1ec99f,session,warehouse_measurement,S042_01940,synnetqos,session_id,S042_01940,S042_01940,10,8,0.8
warehouse_measurement:session:s042_01941:2e619f3baeb6,session,warehouse_measurement,S042_01941,synnetqos,session_id,S042_01941,S042_01941,10,0,0.0
warehouse_measurement:session:s042_01942:d5420bf25c4b,session,warehouse_measurement,S042_01942,synnetqos,session_id,S042_01942,S042_01942,10,0,0.0
warehouse_measurement:session:s042_01943:0058fe4b6544,session,warehouse_measurement,S042_01943,synnetqos,session_id,S042_01943,S042_01943,10,1,0.1
warehouse_measurement:session:s042_01944:951983193afc,session,warehouse_measurement,S042_01944,synnetqos,session_id,S042_01944,S042_01944,10,0,0.0
warehouse_measurement:session:s042_01945:22250b7fa47e,session,warehouse_measurement,S042_01945,synnetqos,session_id,S042_01945,S042_01945,10,8,0.8
warehouse_measurement:session:s042_01946:0a638ad5064a,session,warehouse_measurement,S042_01946,synnetqos,session_id,S042_01946,S042_01946,10,1,0.1
warehouse_measurement:session:s042_01947:40d58984211b,session,warehouse_measurement,S042_01947,synnetqos,session_id,S042_01947,S042_01947,10,10,1.0
warehouse_measurement:session:s042_01948:b53772df398b,session,warehouse_measurement,S042_01948,synnetqos,session_id,S042_01948,S042_01948,10,5,0.5
warehouse_measurement:session:s042_01949:0d7ba2dadcb0,session,warehouse_measurement,S042_01949,synnetqos,session_id,S042_01949,S042_01949,10,9,0.9
warehouse_measurement:session:s042_01950:7c8967f33566,session,warehouse_measurement,S042_01950,synnetqos,session_id,S042_01950,S042_01950,10,1,0.1
warehouse_measurement:session:s042_01951:f6dca7254cca,session,warehouse_measurement,S042_01951,synnetqos,session_id,S042_01951,S042_01951,10,6,0.6
warehouse_measurement:session:s042_01952:21317b8f0bf5,session,warehouse_measurement,S042_01952,synnetqos,session_id,S042_01952,S042_01952,10,10,1.0
warehouse_measurement:session:s042_01953:261b43a6413b,session,warehouse_measurement,S042_01953,synnetqos,session_id,S042_01953,S042_01953,10,8,0.8
warehouse_measurement:session:s042_01954:97feb12b980e,session,warehouse_measurement,S042_01954,synnetqos,session_id,S042_01954,S042_01954,10,6,0.6
warehouse_measurement:session:s042_01955:dceda6dfb970,session,warehouse_measurement,S042_01955,synnetqos,session_id,S042_01955,S042_01955,10,2,0.2
warehouse_measurement:session:s042_01956:85da15f88a54,session,warehouse_measurement,S042_01956,synnetqos,session_id,S042_01956,S042_01956,10,6,0.6
warehouse_measurement:session:s042_01957:ac4236c4667c,session,warehouse_measurement,S042_01957,synnetqos,session_id,S042_01957,S042_01957,10,2,0.2
warehouse_measurement:session:s042_01958:8b5cab1ee419,session,warehouse_measurement,S042_01958,synnetqos,session_id,S042_01958,S042_01958,10,7,0.7
warehouse_measurement:session:s042_01959:9e783ac4871b,session,warehouse_measurement,S042_01959,synnetqos,session_id,S042_01959,S042_01959,10,4,0.4
warehouse_measurement:session:s042_01960:d6dba82a4547,session,warehouse_measurement,S042_01960,synnetqos,session_id,S042_01960,S042_01960,10,2,0.2
warehouse_measurement:session:s042_01961:2f86960a8aaf,session,warehouse_measurement,S042_01961,synnetqos,session_id,S042_01961,S042_01961,10,4,0.4
warehouse_measurement:session:s042_01962:2f87f2f52efc,session,warehouse_measurement,S042_01962,synnetqos,session_id,S042_01962,S042_01962,10,3,0.3
warehouse_measurement:session:s042_01963:fa0506ba714d,session,warehouse_measurement,S042_01963,synnetqos,session_id,S042_01963,S042_01963,10,2,0.2
warehouse_measurement:session:s042_01964:eeb3776c12e6,session,warehouse_measurement,S042_01964,synnetqos,session_id,S042_01964,S042_01964,10,2,0.2
warehouse_measurement:session:s042_01965:dfc4efb5cfbd,session,warehouse_measurement,S042_01965,synnetqos,session_id,S042_01965,S042_01965,10,10,1.0
warehouse_measurement:session:s042_01966:afaa883b71c4,session,warehouse_measurement,S042_01966,synnetqos,session_id,S042_01966,S042_01966,10,5,0.5
warehouse_measurement:session:s042_01967:261519d2f078,session,warehouse_measurement,S042_01967,synnetqos,session_id,S042_01967,S042_01967,10,8,0.8
warehouse_measurement:session:s042_01968:0031086f0880,session,warehouse_measurement,S042_01968,synnetqos,session_id,S042_01968,S042_01968,10,9,0.9
warehouse_measurement:session:s042_01969:8867fad3b909,session,warehouse_measurement,S042_01969,synnetqos,session_id,S042_01969,S042_01969,10,4,0.4
warehouse_measurement:session:s042_01970:dbb2434ccc0c,session,warehouse_measurement,S042_01970,synnetqos,session_id,S042_01970,S042_01970,10,10,1.0
warehouse_measurement:session:s042_01971:fe4188f389dc,session,warehouse_measurement,S042_01971,synnetqos,session_id,S042_01971,S042_01971,10,3,0.3
warehouse_measurement:session:s042_01972:fa25d481997d,session,warehouse_measurement,S042_01972,synnetqos,session_id,S042_01972,S042_01972,10,0,0.0
warehouse_measurement:session:s042_01973:37547342a7a7,session,warehouse_measurement,S042_01973,synnetqos,session_id,S042_01973,S042_01973,10,0,0.0
warehouse_measurement:session:s042_01974:1bb9dbfaaf7e,session,warehouse_measurement,S042_01974,synnetqos,session_id,S042_01974,S042_01974,10,6,0.6
warehouse_measurement:session:s042_01975:6a6fa3d682a8,session,warehouse_measurement,S042_01975,synnetqos,session_id,S042_01975,S042_01975,10,0,0.0
warehouse_measurement:session:s042_01976:e8b6834057d9,session,warehouse_measurement,S042_01976,synnetqos,session_id,S042_01976,S042_01976,10,6,0.6
warehouse_measurement:session:s042_01977:3b013ec6d60b,session,warehouse_measurement,S042_01977,synnetqos,session_id,S042_01977,S042_01977,10,3,0.3
warehouse_measurement:session:s042_01978:856080f123a4,session,warehouse_measurement,S042_01978,synnetqos,session_id,S042_01978,S042_01978,10,8,0.8
warehouse_measurement:session:s042_01979:66966d985b6b,session,warehouse_measurement,S042_01979,synnetqos,session_id,S042_01979,S042_01979,10,6,0.6
warehouse_measurement:session:s042_01980:129458fa9e8a,session,warehouse_measurement,S042_01980,synnetqos,session_id,S042_01980,S042_01980,10,8,0.8
warehouse_measurement:session:s042_01981:0bf3a6393aaa,session,warehouse_measurement,S042_01981,synnetqos,session_id,S042_01981,S042_01981,10,10,1.0
warehouse_measurement:session:s042_01982:5f6049d3463d,session,warehouse_measurement,S042_01982,synnetqos,session_id,S042_01982,S042_01982,10,1,0.1
warehouse_measurement:session:s042_01983:694a836f2076,session,warehouse_measurement,S042_01983,synnetqos,session_id,S042_01983,S042_01983,10,0,0.0
warehouse_measurement:session:s042_01984:6961217e5214,session,warehouse_measurement,S042_01984,synnetqos,session_id,S042_01984,S042_01984,10,0,0.0
warehouse_measurement:session:s042_01985:b3db7fa4eed5,session,warehouse_measurement,S042_01985,synnetqos,session_id,S042_01985,S042_01985,10,1,0.1
warehouse_measurement:session:s042_01986:3d0279dcbe88,session,warehouse_measurement,S042_01986,synnetqos,session_id,S042_01986,S042_01986,10,3,0.3
warehouse_measurement:session:s042_01987:6de452793908,session,warehouse_measurement,S042_01987,synnetqos,session_id,S042_01987,S042_01987,10,8,0.8
warehouse_measurement:session:s042_01988:79169990665a,session,warehouse_measurement,S042_01988,synnetqos,session_id,S042_01988,S042_01988,10,6,0.6
warehouse_measurement:session:s042_01989:7ee8c5c5f84e,session,warehouse_measurement,S042_01989,synnetqos,session_id,S042_01989,S042_01989,10,8,0.8
warehouse_measurement:session:s042_01990:ff80f4df9878,session,warehouse_measurement,S042_01990,synnetqos,session_id,S042_01990,S042_01990,10,1,0.1
warehouse_measurement:session:s042_01991:f16931c177b3,session,warehouse_measurement,S042_01991,synnetqos,session_id,S042_01991,S042_01991,10,0,0.0
warehouse_measurement:session:s042_01992:d6a6cd32f408,session,warehouse_measurement,S042_01992,synnetqos,session_id,S042_01992,S042_01992,10,8,0.8
warehouse_measurement:session:s042_01993:c2be48acf1dd,session,warehouse_measurement,S042_01993,synnetqos,session_id,S042_01993,S042_01993,10,0,0.0
warehouse_measurement:session:s042_01994:0e12ecda4143,session,warehouse_measurement,S042_01994,synnetqos,session_id,S042_01994,S042_01994,10,3,0.3
warehouse_measurement:session:s042_01995:4c045d51c96a,session,warehouse_measurement,S042_01995,synnetqos,session_id,S042_01995,S042_01995,10,0,0.0
warehouse_measurement:session:s042_01996:f4b8b6e1f723,session,warehouse_measurement,S042_01996,synnetqos,session_id,S042_01996,S042_01996,10,1,0.1
warehouse_measurement:session:s042_01997:e78aaf93b480,session,warehouse_measurement,S042_01997,synnetqos,session_id,S042_01997,S042_01997,10,10,1.0
warehouse_measurement:session:s042_01998:2e331407e510,session,warehouse_measurement,S042_01998,synnetqos,session_id,S042_01998,S042_01998,10,0,0.0
warehouse_measurement:session:s042_01999:f8c616d5907c,session,warehouse_measurement,S042_01999,synnetqos,session_id,S042_01999,S042_01999,10,3,0.3
warehouse_measurement:session:s042_02000:37cec0008778,session,warehouse_measurement,S042_02000,synnetqos,session_id,S042_02000,S042_02000,10,0,0.0
warehouse_measurement:session:s042_02001:1867459756c6,session,warehouse_measurement,S042_02001,synnetqos,session_id,S042_02001,S042_02001,10,3,0.3
warehouse_measurement:session:s042_02002:c98cffcfef63,session,warehouse_measurement,S042_02002,synnetqos,session_id,S042_02002,S042_02002,10,2,0.2
warehouse_measurement:session:s042_02003:1fe7d542d9f6,session,warehouse_measurement,S042_02003,synnetqos,session_id,S042_02003,S042_02003,10,2,0.2
warehouse_measurement:session:s042_02004:a3269e0d3fad,session,warehouse_measurement,S042_02004,synnetqos,session_id,S042_02004,S042_02004,10,0,0.0
warehouse_measurement:session:s042_02005:683ff6e305c9,session,warehouse_measurement,S042_02005,synnetqos,session_id,S042_02005,S042_02005,10,1,0.1
warehouse_measurement:session:s042_02006:48c6f5de7227,session,warehouse_measurement,S042_02006,synnetqos,session_id,S042_02006,S042_02006,10,6,0.6
warehouse_measurement:session:s042_02007:f6fd4375746b,session,warehouse_measurement,S042_02007,synnetqos,session_id,S042_02007,S042_02007,10,8,0.8
warehouse_measurement:session:s042_02008:cf1ede3adde2,session,warehouse_measurement,S042_02008,synnetqos,session_id,S042_02008,S042_02008,10,7,0.7
warehouse_measurement:session:s042_02009:f014371b5cb4,session,warehouse_measurement,S042_02009,synnetqos,session_id,S042_02009,S042_02009,10,0,0.0
warehouse_measurement:session:s042_02010:627c874f30ea,session,warehouse_measurement,S042_02010,synnetqos,session_id,S042_02010,S042_02010,10,0,0.0
warehouse_measurement:session:s042_02011:690f92f0ee77,session,warehouse_measurement,S042_02011,synnetqos,session_id,S042_02011,S042_02011,10,0,0.0
warehouse_measurement:session:s042_02012:efada704a48f,session,warehouse_measurement,S042_02012,synnetqos,session_id,S042_02012,S042_02012,10,7,0.7
warehouse_measurement:session:s042_02013:8fe83be3a9f5,session,warehouse_measurement,S042_02013,synnetqos,session_id,S042_02013,S042_02013,10,4,0.4
warehouse_measurement:session:s042_02014:c7e65491a8fe,session,warehouse_measurement,S042_02014,synnetqos,session_id,S042_02014,S042_02014,10,6,0.6
warehouse_measurement:session:s042_02015:999afe8a268d,session,warehouse_measurement,S042_02015,synnetqos,session_id,S042_02015,S042_02015,10,8,0.8
warehouse_measurement:session:s042_02016:434e8cd46784,session,warehouse_measurement,S042_02016,synnetqos,session_id,S042_02016,S042_02016,10,6,0.6
warehouse_measurement:session:s042_02017:898db591f9af,session,warehouse_measurement,S042_02017,synnetqos,session_id,S042_02017,S042_02017,10,7,0.7
warehouse_measurement:session:s042_02018:daf0ae60f524,session,warehouse_measurement,S042_02018,synnetqos,session_id,S042_02018,S042_02018,10,3,0.3
warehouse_measurement:session:s042_02019:e4c261a10dbf,session,warehouse_measurement,S042_02019,synnetqos,session_id,S042_02019,S042_02019,10,1,0.1
warehouse_measurement:session:s042_02020:e7b78896c15b,session,warehouse_measurement,S042_02020,synnetqos,session_id,S042_02020,S042_02020,10,1,0.1
warehouse_measurement:session:s042_02021:0dfd213e9950,session,warehouse_measurement,S042_02021,synnetqos,session_id,S042_02021,S042_02021,10,6,0.6
warehouse_measurement:session:s042_02022:d59bae8e90f2,session,warehouse_measurement,S042_02022,synnetqos,session_id,S042_02022,S042_02022,10,2,0.2
warehouse_measurement:session:s042_02023:3860081f7d05,session,warehouse_measurement,S042_02023,synnetqos,session_id,S042_02023,S042_02023,10,3,0.3
warehouse_measurement:session:s042_02024:7deba81732f4,session,warehouse_measurement,S042_02024,synnetqos,session_id,S042_02024,S042_02024,10,9,0.9
warehouse_measurement:session:s042_02025:b25a0a001d62,session,warehouse_measurement,S042_02025,synnetqos,session_id,S042_02025,S042_02025,10,2,0.2
warehouse_measurement:session:s042_02026:d88e6e358d0e,session,warehouse_measurement,S042_02026,synnetqos,session_id,S042_02026,S042_02026,10,1,0.1
warehouse_measurement:session:s042_02027:33162d25134f,session,warehouse_measurement,S042_02027,synnetqos,session_id,S042_02027,S042_02027,10,3,0.3
warehouse_measurement:session:s042_02028:2d7414b763b2,session,warehouse_measurement,S042_02028,synnetqos,session_id,S042_02028,S042_02028,10,0,0.0
warehouse_measurement:session:s042_02029:f749080f8272,session,warehouse_measurement,S042_02029,synnetqos,session_id,S042_02029,S042_02029,10,4,0.4
warehouse_measurement:session:s042_02030:a54ab9a8c85f,session,warehouse_measurement,S042_02030,synnetqos,session_id,S042_02030,S042_02030,10,0,0.0
warehouse_measurement:session:s042_02031:6ff731f7d56c,session,warehouse_measurement,S042_02031,synnetqos,session_id,S042_02031,S042_02031,10,2,0.2
warehouse_measurement:session:s042_02032:ee5eb9bae253,session,warehouse_measurement,S042_02032,synnetqos,session_id,S042_02032,S042_02032,10,1,0.1
warehouse_measurement:session:s042_02033:acf13b9e5be9,session,warehouse_measurement,S042_02033,synnetqos,session_id,S042_02033,S042_02033,10,10,1.0
warehouse_measurement:session:s042_02034:fa617d31a5ec,session,warehouse_measurement,S042_02034,synnetqos,session_id,S042_02034,S042_02034,10,10,1.0
warehouse_measurement:session:s042_02035:48840ebaf0ef,session,warehouse_measurement,S042_02035,synnetqos,session_id,S042_02035,S042_02035,10,1,0.1
warehouse_measurement:session:s042_02036:4e3c01fa0cb7,session,warehouse_measurement,S042_02036,synnetqos,session_id,S042_02036,S042_02036,10,6,0.6
warehouse_measurement:session:s042_02037:21f714d5e0e4,session,warehouse_measurement,S042_02037,synnetqos,session_id,S042_02037,S042_02037,10,7,0.7
warehouse_measurement:session:s042_02038:398e2cb85ac1,session,warehouse_measurement,S042_02038,synnetqos,session_id,S042_02038,S042_02038,10,6,0.6
warehouse_measurement:session:s042_02039:19fda94027fc,session,warehouse_measurement,S042_02039,synnetqos,session_id,S042_02039,S042_02039,10,7,0.7
warehouse_measurement:session:s042_02040:cd1e3a583cd2,session,warehouse_measurement,S042_02040,synnetqos,session_id,S042_02040,S042_02040,10,10,1.0
warehouse_measurement:session:s042_02041:2bceb8948cc9,session,warehouse_measurement,S042_02041,synnetqos,session_id,S042_02041,S042_02041,10,6,0.6
warehouse_measurement:session:s042_02042:27609be8115f,session,warehouse_measurement,S042_02042,synnetqos,session_id,S042_02042,S042_02042,10,7,0.7
warehouse_measurement:session:s042_02043:8a317bb457c7,session,warehouse_measurement,S042_02043,synnetqos,session_id,S042_02043,S042_02043,10,3,0.3
warehouse_measurement:session:s042_02044:d22ddf21f0d1,session,warehouse_measurement,S042_02044,synnetqos,session_id,S042_02044,S042_02044,10,10,1.0
warehouse_measurement:session:s042_02045:233cc1cb412f,session,warehouse_measurement,S042_02045,synnetqos,session_id,S042_02045,S042_02045,10,7,0.7
warehouse_measurement:session:s042_02046:a8cd6db7545d,session,warehouse_measurement,S042_02046,synnetqos,session_id,S042_02046,S042_02046,10,2,0.2
warehouse_measurement:session:s042_02047:424a0a2aec09,session,warehouse_measurement,S042_02047,synnetqos,session_id,S042_02047,S042_02047,10,3,0.3
warehouse_measurement:session:s042_02048:e3832724fbaf,session,warehouse_measurement,S042_02048,synnetqos,session_id,S042_02048,S042_02048,10,10,1.0
warehouse_measurement:session:s042_02049:50b2c7eadc37,session,warehouse_measurement,S042_02049,synnetqos,session_id,S042_02049,S042_02049,10,1,0.1
warehouse_measurement:session:s042_02050:899ad1efc4c5,session,warehouse_measurement,S042_02050,synnetqos,session_id,S042_02050,S042_02050,10,0,0.0
warehouse_measurement:session:s042_02051:99c227f19e4d,session,warehouse_measurement,S042_02051,synnetqos,session_id,S042_02051,S042_02051,10,6,0.6
warehouse_measurement:session:s042_02052:f6486f1e8dd4,session,warehouse_measurement,S042_02052,synnetqos,session_id,S042_02052,S042_02052,10,6,0.6
warehouse_measurement:session:s042_02053:2cdc96130b8d,session,warehouse_measurement,S042_02053,synnetqos,session_id,S042_02053,S042_02053,10,0,0.0
warehouse_measurement:session:s042_02054:969e4776fdb8,session,warehouse_measurement,S042_02054,synnetqos,session_id,S042_02054,S042_02054,10,0,0.0
warehouse_measurement:session:s042_02055:988a002a08a2,session,warehouse_measurement,S042_02055,synnetqos,session_id,S042_02055,S042_02055,10,5,0.5
warehouse_measurement:session:s042_02056:90f54dd1a142,session,warehouse_measurement,S042_02056,synnetqos,session_id,S042_02056,S042_02056,10,3,0.3
warehouse_measurement:session:s042_02057:0eee08d4e242,session,warehouse_measurement,S042_02057,synnetqos,session_id,S042_02057,S042_02057,10,1,0.1
warehouse_measurement:session:s042_02058:3f53e1011382,session,warehouse_measurement,S042_02058,synnetqos,session_id,S042_02058,S042_02058,10,4,0.4
warehouse_measurement:session:s042_02059:aad312a4af26,session,warehouse_measurement,S042_02059,synnetqos,session_id,S042_02059,S042_02059,10,4,0.4
warehouse_measurement:session:s042_02060:a62f2944dcb1,session,warehouse_measurement,S042_02060,synnetqos,session_id,S042_02060,S042_02060,10,2,0.2
warehouse_measurement:session:s042_02061:7613e8688a57,session,warehouse_measurement,S042_02061,synnetqos,session_id,S042_02061,S042_02061,10,10,1.0
warehouse_measurement:session:s042_02062:0d2d34462517,session,warehouse_measurement,S042_02062,synnetqos,session_id,S042_02062,S042_02062,10,5,0.5
warehouse_measurement:session:s042_02063:bd9f77cbe0e6,session,warehouse_measurement,S042_02063,synnetqos,session_id,S042_02063,S042_02063,10,5,0.5
warehouse_measurement:session:s042_02064:5a777230a272,session,warehouse_measurement,S042_02064,synnetqos,session_id,S042_02064,S042_02064,10,7,0.7
warehouse_measurement:session:s042_02065:9d6ad635512c,session,warehouse_measurement,S042_02065,synnetqos,session_id,S042_02065,S042_02065,10,6,0.6
warehouse_measurement:session:s042_02066:64c7ddf98744,session,warehouse_measurement,S042_02066,synnetqos,session_id,S042_02066,S042_02066,10,7,0.7
warehouse_measurement:session:s042_02067:74b9cbedd35b,session,warehouse_measurement,S042_02067,synnetqos,session_id,S042_02067,S042_02067,10,8,0.8
warehouse_measurement:session:s042_02068:7f4f972d6a0b,session,warehouse_measurement,S042_02068,synnetqos,session_id,S042_02068,S042_02068,10,5,0.5
warehouse_measurement:session:s042_02069:673c2f0a5b27,session,warehouse_measurement,S042_02069,synnetqos,session_id,S042_02069,S042_02069,10,0,0.0
warehouse_measurement:session:s042_02070:6fee92ca5ff8,session,warehouse_measurement,S042_02070,synnetqos,session_id,S042_02070,S042_02070,10,0,0.0
warehouse_measurement:session:s042_02071:22afaa5e733f,session,warehouse_measurement,S042_02071,synnetqos,session_id,S042_02071,S042_02071,10,1,0.1
warehouse_measurement:session:s042_02072:1c5101293364,session,warehouse_measurement,S042_02072,synnetqos,session_id,S042_02072,S042_02072,10,6,0.6
warehouse_measurement:session:s042_02073:78d2998374c6,session,warehouse_measurement,S042_02073,synnetqos,session_id,S042_02073,S042_02073,10,9,0.9
warehouse_measurement:session:s042_02074:d171ea95e8c8,session,warehouse_measurement,S042_02074,synnetqos,session_id,S042_02074,S042_02074,10,2,0.2
warehouse_measurement:session:s042_02075:92a7555ca7db,session,warehouse_measurement,S042_02075,synnetqos,session_id,S042_02075,S042_02075,10,2,0.2
warehouse_measurement:session:s042_02076:a3c7ef40d9b7,session,warehouse_measurement,S042_02076,synnetqos,session_id,S042_02076,S042_02076,10,1,0.1
warehouse_measurement:session:s042_02077:9b9b14d4b5e5,session,warehouse_measurement,S042_02077,synnetqos,session_id,S042_02077,S042_02077,10,6,0.6
warehouse_measurement:session:s042_02078:c88ef78bb1a4,session,warehouse_measurement,S042_02078,synnetqos,session_id,S042_02078,S042_02078,10,7,0.7
warehouse_measurement:session:s042_02079:e5ae706a2e41,session,warehouse_measurement,S042_02079,synnetqos,session_id,S042_02079,S042_02079,10,2,0.2
warehouse_measurement:session:s042_02080:54aa094235b9,session,warehouse_measurement,S042_02080,synnetqos,session_id,S042_02080,S042_02080,10,1,0.1
warehouse_measurement:session:s042_02081:4bf20915b18f,session,warehouse_measurement,S042_02081,synnetqos,session_id,S042_02081,S042_02081,10,2,0.2
warehouse_measurement:session:s042_02082:e0134e85b54d,session,warehouse_measurement,S042_02082,synnetqos,session_id,S042_02082,S042_02082,10,10,1.0
warehouse_measurement:session:s042_02083:472ec7a58a34,session,warehouse_measurement,S042_02083,synnetqos,session_id,S042_02083,S042_02083,10,5,0.5
warehouse_measurement:session:s042_02084:31aa15fa1cf0,session,warehouse_measurement,S042_02084,synnetqos,session_id,S042_02084,S042_02084,10,2,0.2
warehouse_measurement:session:s042_02085:2973b661253f,session,warehouse_measurement,S042_02085,synnetqos,session_id,S042_02085,S042_02085,10,6,0.6
warehouse_measurement:session:s042_02086:f89de72cb645,session,warehouse_measurement,S042_02086,synnetqos,session_id,S042_02086,S042_02086,10,8,0.8
warehouse_measurement:session:s042_02087:1940826dd0e6,session,warehouse_measurement,S042_02087,synnetqos,session_id,S042_02087,S042_02087,10,8,0.8
warehouse_measurement:session:s042_02088:43eb304a5328,session,warehouse_measurement,S042_02088,synnetqos,session_id,S042_02088,S042_02088,10,9,0.9
warehouse_measurement:session:s042_02089:8041bbad591a,session,warehouse_measurement,S042_02089,synnetqos,session_id,S042_02089,S042_02089,10,2,0.2
warehouse_measurement:session:s042_02090:26211bbf8929,session,warehouse_measurement,S042_02090,synnetqos,session_id,S042_02090,S042_02090,10,8,0.8
warehouse_measurement:session:s042_02091:bf4eefcecf62,session,warehouse_measurement,S042_02091,synnetqos,session_id,S042_02091,S042_02091,10,7,0.7
warehouse_measurement:session:s042_02092:e12865457e9c,session,warehouse_measurement,S042_02092,synnetqos,session_id,S042_02092,S042_02092,10,8,0.8
warehouse_measurement:session:s042_02093:8d6e7ced654d,session,warehouse_measurement,S042_02093,synnetqos,session_id,S042_02093,S042_02093,10,6,0.6
warehouse_measurement:session:s042_02094:22fe48455cd3,session,warehouse_measurement,S042_02094,synnetqos,session_id,S042_02094,S042_02094,10,10,1.0
warehouse_measurement:session:s042_02095:97cfe7b95cb0,session,warehouse_measurement,S042_02095,synnetqos,session_id,S042_02095,S042_02095,10,10,1.0
warehouse_measurement:session:s042_02096:01c1d96e14b6,session,warehouse_measurement,S042_02096,synnetqos,session_id,S042_02096,S042_02096,10,5,0.5
warehouse_measurement:session:s042_02097:398c2161c69c,session,warehouse_measurement,S042_02097,synnetqos,session_id,S042_02097,S042_02097,10,2,0.2
warehouse_measurement:session:s042_02098:94e509351584,session,warehouse_measurement,S042_02098,synnetqos,session_id,S042_02098,S042_02098,10,3,0.3
warehouse_measurement:session:s042_02099:586affb9f5c3,session,warehouse_measurement,S042_02099,synnetqos,session_id,S042_02099,S042_02099,10,8,0.8
warehouse_measurement:session:s042_02100:8adc09f448fc,session,warehouse_measurement,S042_02100,synnetqos,session_id,S042_02100,S042_02100,10,10,1.0
warehouse_measurement:session:s042_02101:870ceb5d56c0,session,warehouse_measurement,S042_02101,synnetqos,session_id,S042_02101,S042_02101,10,3,0.3
warehouse_measurement:session:s042_02102:a8325d820acc,session,warehouse_measurement,S042_02102,synnetqos,session_id,S042_02102,S042_02102,10,7,0.7
warehouse_measurement:session:s042_02103:016acfec5949,session,warehouse_measurement,S042_02103,synnetqos,session_id,S042_02103,S042_02103,10,9,0.9
warehouse_measurement:session:s042_02104:c79f8d0f3190,session,warehouse_measurement,S042_02104,synnetqos,session_id,S042_02104,S042_02104,10,5,0.5
warehouse_measurement:session:s042_02105:eb8e51c43a37,session,warehouse_measurement,S042_02105,synnetqos,session_id,S042_02105,S042_02105,10,0,0.0
warehouse_measurement:session:s042_02106:ef025466b841,session,warehouse_measurement,S042_02106,synnetqos,session_id,S042_02106,S042_02106,10,10,1.0
warehouse_measurement:session:s042_02107:172db4e310fe,session,warehouse_measurement,S042_02107,synnetqos,session_id,S042_02107,S042_02107,10,2,0.2
warehouse_measurement:session:s042_02108:28a04bd63b39,session,warehouse_measurement,S042_02108,synnetqos,session_id,S042_02108,S042_02108,10,7,0.7
warehouse_measurement:session:s042_02109:942d626c5821,session,warehouse_measurement,S042_02109,synnetqos,session_id,S042_02109,S042_02109,10,9,0.9
warehouse_measurement:session:s042_02110:b9e88abcef57,session,warehouse_measurement,S042_02110,synnetqos,session_id,S042_02110,S042_02110,10,4,0.4
warehouse_measurement:session:s042_02111:50f60df4a487,session,warehouse_measurement,S042_02111,synnetqos,session_id,S042_02111,S042_02111,10,10,1.0
warehouse_measurement:session:s042_02112:f59b8c3df03b,session,warehouse_measurement,S042_02112,synnetqos,session_id,S042_02112,S042_02112,10,9,0.9
warehouse_measurement:session:s042_02113:fabe988c00ab,session,warehouse_measurement,S042_02113,synnetqos,session_id,S042_02113,S042_02113,10,5,0.5
warehouse_measurement:session:s042_02114:222d3eda25ae,session,warehouse_measurement,S042_02114,synnetqos,session_id,S042_02114,S042_02114,10,9,0.9
warehouse_measurement:session:s042_02115:cb6ddaa4281f,session,warehouse_measurement,S042_02115,synnetqos,session_id,S042_02115,S042_02115,10,9,0.9
warehouse_measurement:session:s042_02116:87cf333549b9,session,warehouse_measurement,S042_02116,synnetqos,session_id,S042_02116,S042_02116,10,2,0.2
warehouse_measurement:session:s042_02117:850449cb2db8,session,warehouse_measurement,S042_02117,synnetqos,session_id,S042_02117,S042_02117,10,10,1.0
warehouse_measurement:session:s042_02118:31d71142e8cc,session,warehouse_measurement,S042_02118,synnetqos,session_id,S042_02118,S042_02118,10,10,1.0
warehouse_measurement:session:s042_02119:752469b334d0,session,warehouse_measurement,S042_02119,synnetqos,session_id,S042_02119,S042_02119,10,0,0.0
warehouse_measurement:session:s042_02120:f26760657df4,session,warehouse_measurement,S042_02120,synnetqos,session_id,S042_02120,S042_02120,10,4,0.4
warehouse_measurement:session:s042_02121:ca69d3fba005,session,warehouse_measurement,S042_02121,synnetqos,session_id,S042_02121,S042_02121,10,5,0.5
warehouse_measurement:session:s042_02122:33fed4d2f5e5,session,warehouse_measurement,S042_02122,synnetqos,session_id,S042_02122,S042_02122,10,2,0.2
warehouse_measurement:session:s042_02123:83ccaac873d4,session,warehouse_measurement,S042_02123,synnetqos,session_id,S042_02123,S042_02123,10,4,0.4
warehouse_measurement:session:s042_02124:990b164b17b7,session,warehouse_measurement,S042_02124,synnetqos,session_id,S042_02124,S042_02124,10,8,0.8
warehouse_measurement:session:s042_02125:77e50fcd1159,session,warehouse_measurement,S042_02125,synnetqos,session_id,S042_02125,S042_02125,10,8,0.8
warehouse_measurement:session:s042_02126:85bd035fc3ce,session,warehouse_measurement,S042_02126,synnetqos,session_id,S042_02126,S042_02126,10,3,0.3
warehouse_measurement:session:s042_02127:81865b4ec25e,session,warehouse_measurement,S042_02127,synnetqos,session_id,S042_02127,S042_02127,10,10,1.0
warehouse_measurement:session:s042_02128:4b46cc5f64c2,session,warehouse_measurement,S042_02128,synnetqos,session_id,S042_02128,S042_02128,10,3,0.3
warehouse_measurement:session:s042_02129:abe3be212ff4,session,warehouse_measurement,S042_02129,synnetqos,session_id,S042_02129,S042_02129,10,4,0.4
warehouse_measurement:session:s042_02130:f7875c168712,session,warehouse_measurement,S042_02130,synnetqos,session_id,S042_02130,S042_02130,10,7,0.7
warehouse_measurement:session:s042_02131:a536e5eaad5d,session,warehouse_measurement,S042_02131,synnetqos,session_id,S042_02131,S042_02131,10,2,0.2
warehouse_measurement:session:s042_02132:2f3e73657425,session,warehouse_measurement,S042_02132,synnetqos,session_id,S042_02132,S042_02132,10,7,0.7
warehouse_measurement:session:s042_02133:163f60efcdce,session,warehouse_measurement,S042_02133,synnetqos,session_id,S042_02133,S042_02133,10,10,1.0
warehouse_measurement:session:s042_02134:b8afeb9a0717,session,warehouse_measurement,S042_02134,synnetqos,session_id,S042_02134,S042_02134,10,0,0.0
warehouse_measurement:session:s042_02135:305165ef1f7e,session,warehouse_measurement,S042_02135,synnetqos,session_id,S042_02135,S042_02135,10,7,0.7
warehouse_measurement:session:s042_02136:b9f9aad03835,session,warehouse_measurement,S042_02136,synnetqos,session_id,S042_02136,S042_02136,10,3,0.3
warehouse_measurement:session:s042_02137:998ea32a08e8,session,warehouse_measurement,S042_02137,synnetqos,session_id,S042_02137,S042_02137,10,8,0.8
warehouse_measurement:session:s042_02138:fcbd1b79cf36,session,warehouse_measurement,S042_02138,synnetqos,session_id,S042_02138,S042_02138,10,7,0.7
warehouse_measurement:session:s042_02139:46fb09f87f15,session,warehouse_measurement,S042_02139,synnetqos,session_id,S042_02139,S042_02139,10,3,0.3
warehouse_measurement:session:s042_02140:b1c8f78adf90,session,warehouse_measurement,S042_02140,synnetqos,session_id,S042_02140,S042_02140,10,4,0.4
warehouse_measurement:session:s042_02141:ebd65eaaba83,session,warehouse_measurement,S042_02141,synnetqos,session_id,S042_02141,S042_02141,10,3,0.3
warehouse_measurement:session:s042_02142:8d687222252a,session,warehouse_measurement,S042_02142,synnetqos,session_id,S042_02142,S042_02142,10,4,0.4
warehouse_measurement:session:s042_02143:e9ea5d4700b8,session,warehouse_measurement,S042_02143,synnetqos,session_id,S042_02143,S042_02143,10,5,0.5
warehouse_measurement:session:s042_02144:519c9de4bd8c,session,warehouse_measurement,S042_02144,synnetqos,session_id,S042_02144,S042_02144,10,0,0.0
warehouse_measurement:session:s042_02145:48ca7955f3b8,session,warehouse_measurement,S042_02145,synnetqos,session_id,S042_02145,S042_02145,10,9,0.9
warehouse_measurement:session:s042_02146:85f9de1fd176,session,warehouse_measurement,S042_02146,synnetqos,session_id,S042_02146,S042_02146,10,5,0.5
warehouse_measurement:session:s042_02147:e5675a47bbfe,session,warehouse_measurement,S042_02147,synnetqos,session_id,S042_02147,S042_02147,10,0,0.0
warehouse_measurement:session:s042_02148:91e81172dd3d,session,warehouse_measurement,S042_02148,synnetqos,session_id,S042_02148,S042_02148,10,7,0.7
warehouse_measurement:session:s042_02149:317c91ffa424,session,warehouse_measurement,S042_02149,synnetqos,session_id,S042_02149,S042_02149,10,2,0.2
warehouse_measurement:session:s042_02150:1aa1394ebed7,session,warehouse_measurement,S042_02150,synnetqos,session_id,S042_02150,S042_02150,10,7,0.7
warehouse_measurement:session:s042_02151:8ebebcfcffe8,session,warehouse_measurement,S042_02151,synnetqos,session_id,S042_02151,S042_02151,10,3,0.3
warehouse_measurement:session:s042_02152:1523d47b6c37,session,warehouse_measurement,S042_02152,synnetqos,session_id,S042_02152,S042_02152,10,7,0.7
warehouse_measurement:session:s042_02153:124b88db0ed1,session,warehouse_measurement,S042_02153,synnetqos,session_id,S042_02153,S042_02153,10,1,0.1
warehouse_measurement:session:s042_02154:41ac4fa410f8,session,warehouse_measurement,S042_02154,synnetqos,session_id,S042_02154,S042_02154,10,8,0.8
warehouse_measurement:session:s042_02155:7e8539ce7c80,session,warehouse_measurement,S042_02155,synnetqos,session_id,S042_02155,S042_02155,10,5,0.5
warehouse_measurement:session:s042_02156:7c4f0975a016,session,warehouse_measurement,S042_02156,synnetqos,session_id,S042_02156,S042_02156,10,10,1.0
warehouse_measurement:session:s042_02157:d4535732fa0b,session,warehouse_measurement,S042_02157,synnetqos,session_id,S042_02157,S042_02157,10,5,0.5
warehouse_measurement:session:s042_02158:dcfe046c271c,session,warehouse_measurement,S042_02158,synnetqos,session_id,S042_02158,S042_02158,10,0,0.0
warehouse_measurement:session:s042_02159:d588246b8023,session,warehouse_measurement,S042_02159,synnetqos,session_id,S042_02159,S042_02159,10,8,0.8
warehouse_measurement:session:s042_02160:737e776ed5dd,session,warehouse_measurement,S042_02160,synnetqos,session_id,S042_02160,S042_02160,10,4,0.4
warehouse_measurement:session:s042_02161:f608c0ed8d7c,session,warehouse_measurement,S042_02161,synnetqos,session_id,S042_02161,S042_02161,10,3,0.3
warehouse_measurement:session:s042_02162:a6aef1467026,session,warehouse_measurement,S042_02162,synnetqos,session_id,S042_02162,S042_02162,10,9,0.9
warehouse_measurement:session:s042_02163:a397f41dc925,session,warehouse_measurement,S042_02163,synnetqos,session_id,S042_02163,S042_02163,10,3,0.3
warehouse_measurement:session:s042_02164:e2be871bc7af,session,warehouse_measurement,S042_02164,synnetqos,session_id,S042_02164,S042_02164,10,5,0.5
warehouse_measurement:session:s042_02165:536b3820238e,session,warehouse_measurement,S042_02165,synnetqos,session_id,S042_02165,S042_02165,10,1,0.1
warehouse_measurement:session:s042_02166:3a449268d297,session,warehouse_measurement,S042_02166,synnetqos,session_id,S042_02166,S042_02166,10,7,0.7
warehouse_measurement:session:s042_02167:07cc3a40e807,session,warehouse_measurement,S042_02167,synnetqos,session_id,S042_02167,S042_02167,10,4,0.4
warehouse_measurement:session:s042_02168:bd94c6d32122,session,warehouse_measurement,S042_02168,synnetqos,session_id,S042_02168,S042_02168,10,6,0.6
warehouse_measurement:session:s042_02169:e92d72dd2861,session,warehouse_measurement,S042_02169,synnetqos,session_id,S042_02169,S042_02169,10,1,0.1
warehouse_measurement:session:s042_02170:08c67285b2c9,session,warehouse_measurement,S042_02170,synnetqos,session_id,S042_02170,S042_02170,10,9,0.9
warehouse_measurement:session:s042_02171:e6f5e9e972a0,session,warehouse_measurement,S042_02171,synnetqos,session_id,S042_02171,S042_02171,10,10,1.0
warehouse_measurement:session:s042_02172:50d2b595a68a,session,warehouse_measurement,S042_02172,synnetqos,session_id,S042_02172,S042_02172,10,2,0.2
warehouse_measurement:session:s042_02173:e419777056a3,session,warehouse_measurement,S042_02173,synnetqos,session_id,S042_02173,S042_02173,10,3,0.3
warehouse_measurement:session:s042_02174:7cbcd8283ec1,session,warehouse_measurement,S042_02174,synnetqos,session_id,S042_02174,S042_02174,10,7,0.7
warehouse_measurement:session:s042_02175:fa153c4e3db6,session,warehouse_measurement,S042_02175,synnetqos,session_id,S042_02175,S042_02175,10,9,0.9
warehouse_measurement:session:s042_02176:5d5aa75d2688,session,warehouse_measurement,S042_02176,synnetqos,session_id,S042_02176,S042_02176,10,4,0.4
warehouse_measurement:session:s042_02177:fde1e86c4be4,session,warehouse_measurement,S042_02177,synnetqos,session_id,S042_02177,S042_02177,10,6,0.6
warehouse_measurement:session:s042_02178:4a52dcc8e1ff,session,warehouse_measurement,S042_02178,synnetqos,session_id,S042_02178,S042_02178,10,4,0.4
warehouse_measurement:session:s042_02179:00566c8fe9a0,session,warehouse_measurement,S042_02179,synnetqos,session_id,S042_02179,S042_02179,10,8,0.8
warehouse_measurement:session:s042_02180:f2a6d3d7761b,session,warehouse_measurement,S042_02180,synnetqos,session_id,S042_02180,S042_02180,10,4,0.4
warehouse_measurement:session:s042_02181:d49bc05bbade,session,warehouse_measurement,S042_02181,synnetqos,session_id,S042_02181,S042_02181,10,10,1.0
warehouse_measurement:session:s042_02182:f2366050a994,session,warehouse_measurement,S042_02182,synnetqos,session_id,S042_02182,S042_02182,10,10,1.0
warehouse_measurement:session:s042_02183:e39a03bd0d54,session,warehouse_measurement,S042_02183,synnetqos,session_id,S042_02183,S042_02183,10,0,0.0
warehouse_measurement:session:s042_02184:fda880af1b98,session,warehouse_measurement,S042_02184,synnetqos,session_id,S042_02184,S042_02184,10,9,0.9
warehouse_measurement:session:s042_02185:b3338e79f3f5,session,warehouse_measurement,S042_02185,synnetqos,session_id,S042_02185,S042_02185,10,5,0.5
warehouse_measurement:session:s042_02186:ff285ec475c9,session,warehouse_measurement,S042_02186,synnetqos,session_id,S042_02186,S042_02186,10,6,0.6
warehouse_measurement:session:s042_02187:fc668eea9de6,session,warehouse_measurement,S042_02187,synnetqos,session_id,S042_02187,S042_02187,10,7,0.7
warehouse_measurement:session:s042_02188:3f4bef0f8103,session,warehouse_measurement,S042_02188,synnetqos,session_id,S042_02188,S042_02188,10,6,0.6
warehouse_measurement:session:s042_02189:11322153db65,session,warehouse_measurement,S042_02189,synnetqos,session_id,S042_02189,S042_02189,10,2,0.2
warehouse_measurement:session:s042_02190:5e274978e3c4,session,warehouse_measurement,S042_02190,synnetqos,session_id,S042_02190,S042_02190,10,4,0.4
warehouse_measurement:session:s042_02191:5c207b438606,session,warehouse_measurement,S042_02191,synnetqos,session_id,S042_02191,S042_02191,10,4,0.4
warehouse_measurement:session:s042_02192:562735417102,session,warehouse_measurement,S042_02192,synnetqos,session_id,S042_02192,S042_02192,10,7,0.7
warehouse_measurement:session:s042_02193:2a3ba1e728f9,session,warehouse_measurement,S042_02193,synnetqos,session_id,S042_02193,S042_02193,10,10,1.0
warehouse_measurement:session:s042_02194:404d9c6ba3ab,session,warehouse_measurement,S042_02194,synnetqos,session_id,S042_02194,S042_02194,10,1,0.1
warehouse_measurement:session:s042_02195:e2c86ab5c97c,session,warehouse_measurement,S042_02195,synnetqos,session_id,S042_02195,S042_02195,10,5,0.5
warehouse_measurement:session:s042_02196:749f4eed173e,session,warehouse_measurement,S042_02196,synnetqos,session_id,S042_02196,S042_02196,10,0,0.0
warehouse_measurement:session:s042_02197:6f2820b3524e,session,warehouse_measurement,S042_02197,synnetqos,session_id,S042_02197,S042_02197,10,1,0.1
warehouse_measurement:session:s042_02198:16908d1e8cc7,session,warehouse_measurement,S042_02198,synnetqos,session_id,S042_02198,S042_02198,10,3,0.3
warehouse_measurement:session:s042_02199:7bda4f2aa8df,session,warehouse_measurement,S042_02199,synnetqos,session_id,S042_02199,S042_02199,10,3,0.3
warehouse_measurement:session:s042_02200:4cf4ed3348e1,session,warehouse_measurement,S042_02200,synnetqos,session_id,S042_02200,S042_02200,10,1,0.1
warehouse_measurement:session:s042_02201:b32c152fa775,session,warehouse_measurement,S042_02201,synnetqos,session_id,S042_02201,S042_02201,10,0,0.0
warehouse_measurement:session:s042_02202:b9b9438f8ae3,session,warehouse_measurement,S042_02202,synnetqos,session_id,S042_02202,S042_02202,10,8,0.8
warehouse_measurement:session:s042_02203:d72fc4025784,session,warehouse_measurement,S042_02203,synnetqos,session_id,S042_02203,S042_02203,10,1,0.1
warehouse_measurement:session:s042_02204:2f610419750d,session,warehouse_measurement,S042_02204,synnetqos,session_id,S042_02204,S042_02204,10,0,0.0
warehouse_measurement:session:s042_02205:7d33ea51ca0c,session,warehouse_measurement,S042_02205,synnetqos,session_id,S042_02205,S042_02205,10,10,1.0
warehouse_measurement:session:s042_02206:38b0627d99c3,session,warehouse_measurement,S042_02206,synnetqos,session_id,S042_02206,S042_02206,10,10,1.0
warehouse_measurement:session:s042_02207:2173963f4a30,session,warehouse_measurement,S042_02207,synnetqos,session_id,S042_02207,S042_02207,10,1,0.1
warehouse_measurement:session:s042_02208:f3b8757d8ad2,session,warehouse_measurement,S042_02208,synnetqos,session_id,S042_02208,S042_02208,10,2,0.2
warehouse_measurement:session:s042_02209:8016a0a95660,session,warehouse_measurement,S042_02209,synnetqos,session_id,S042_02209,S042_02209,10,0,0.0
warehouse_measurement:session:s042_02210:f5ac1a2e770a,session,warehouse_measurement,S042_02210,synnetqos,session_id,S042_02210,S042_02210,10,8,0.8
warehouse_measurement:session:s042_02211:f190478726ae,session,warehouse_measurement,S042_02211,synnetqos,session_id,S042_02211,S042_02211,10,5,0.5
warehouse_measurement:session:s042_02212:7a67de9bf137,session,warehouse_measurement,S042_02212,synnetqos,session_id,S042_02212,S042_02212,10,2,0.2
warehouse_measurement:session:s042_02213:7896eb3ea8ff,session,warehouse_measurement,S042_02213,synnetqos,session_id,S042_02213,S042_02213,10,6,0.6
warehouse_measurement:session:s042_02214:5828182e6400,session,warehouse_measurement,S042_02214,synnetqos,session_id,S042_02214,S042_02214,10,9,0.9
warehouse_measurement:session:s042_02215:0ee5e2f8f07d,session,warehouse_measurement,S042_02215,synnetqos,session_id,S042_02215,S042_02215,10,8,0.8
warehouse_measurement:session:s042_02216:e7b786a31fbb,session,warehouse_measurement,S042_02216,synnetqos,session_id,S042_02216,S042_02216,10,4,0.4
warehouse_measurement:session:s042_02217:8a5cb266e90f,session,warehouse_measurement,S042_02217,synnetqos,session_id,S042_02217,S042_02217,10,4,0.4
warehouse_measurement:session:s042_02218:dcab938302e5,session,warehouse_measurement,S042_02218,synnetqos,session_id,S042_02218,S042_02218,10,7,0.7
warehouse_measurement:session:s042_02219:f3469ed7bda6,session,warehouse_measurement,S042_02219,synnetqos,session_id,S042_02219,S042_02219,10,6,0.6
warehouse_measurement:session:s042_02220:cf29233d279b,session,warehouse_measurement,S042_02220,synnetqos,session_id,S042_02220,S042_02220,10,10,1.0
warehouse_measurement:session:s042_02221:abc21b116b01,session,warehouse_measurement,S042_02221,synnetqos,session_id,S042_02221,S042_02221,10,6,0.6
warehouse_measurement:session:s042_02222:8c8c94cd2c65,session,warehouse_measurement,S042_02222,synnetqos,session_id,S042_02222,S042_02222,10,1,0.1
warehouse_measurement:session:s042_02223:2be2ab7636f6,session,warehouse_measurement,S042_02223,synnetqos,session_id,S042_02223,S042_02223,10,0,0.0
warehouse_measurement:session:s042_02224:cc2a83e27cf9,session,warehouse_measurement,S042_02224,synnetqos,session_id,S042_02224,S042_02224,10,6,0.6
warehouse_measurement:session:s042_02225:f2b6020eb49c,session,warehouse_measurement,S042_02225,synnetqos,session_id,S042_02225,S042_02225,10,5,0.5
warehouse_measurement:session:s042_02226:b00afaeb4c6d,session,warehouse_measurement,S042_02226,synnetqos,session_id,S042_02226,S042_02226,10,10,1.0
warehouse_measurement:session:s042_02227:dd8686255c2e,session,warehouse_measurement,S042_02227,synnetqos,session_id,S042_02227,S042_02227,10,9,0.9
warehouse_measurement:session:s042_02228:51487828fd79,session,warehouse_measurement,S042_02228,synnetqos,session_id,S042_02228,S042_02228,10,6,0.6
warehouse_measurement:session:s042_02229:a1d0afb5806c,session,warehouse_measurement,S042_02229,synnetqos,session_id,S042_02229,S042_02229,10,2,0.2
warehouse_measurement:session:s042_02230:870a49bc148f,session,warehouse_measurement,S042_02230,synnetqos,session_id,S042_02230,S042_02230,10,10,1.0
warehouse_measurement:session:s042_02231:d6c5543dfed4,session,warehouse_measurement,S042_02231,synnetqos,session_id,S042_02231,S042_02231,10,0,0.0
warehouse_measurement:session:s042_02232:e742e32837da,session,warehouse_measurement,S042_02232,synnetqos,session_id,S042_02232,S042_02232,10,10,1.0
warehouse_measurement:session:s042_02233:50e14c639bdf,session,warehouse_measurement,S042_02233,synnetqos,session_id,S042_02233,S042_02233,10,10,1.0
warehouse_measurement:session:s042_02234:c95b5e4d1f53,session,warehouse_measurement,S042_02234,synnetqos,session_id,S042_02234,S042_02234,10,10,1.0
warehouse_measurement:session:s042_02235:8e882fc2567d,session,warehouse_measurement,S042_02235,synnetqos,session_id,S042_02235,S042_02235,10,5,0.5
warehouse_measurement:session:s042_02236:06e0d9e65abd,session,warehouse_measurement,S042_02236,synnetqos,session_id,S042_02236,S042_02236,10,6,0.6
warehouse_measurement:session:s042_02237:2cf333632552,session,warehouse_measurement,S042_02237,synnetqos,session_id,S042_02237,S042_02237,10,1,0.1
warehouse_measurement:session:s042_02238:c51f11763e44,session,warehouse_measurement,S042_02238,synnetqos,session_id,S042_02238,S042_02238,10,9,0.9
warehouse_measurement:session:s042_02239:23e1140d7599,session,warehouse_measurement,S042_02239,synnetqos,session_id,S042_02239,S042_02239,10,4,0.4
warehouse_measurement:session:s042_02240:2310d9e9d79e,session,warehouse_measurement,S042_02240,synnetqos,session_id,S042_02240,S042_02240,10,2,0.2
warehouse_measurement:session:s042_02241:9c5c1ae39930,session,warehouse_measurement,S042_02241,synnetqos,session_id,S042_02241,S042_02241,10,9,0.9
warehouse_measurement:session:s042_02242:a135d8c95935,session,warehouse_measurement,S042_02242,synnetqos,session_id,S042_02242,S042_02242,10,10,1.0
warehouse_measurement:session:s042_02243:6060839a649d,session,warehouse_measurement,S042_02243,synnetqos,session_id,S042_02243,S042_02243,10,6,0.6
warehouse_measurement:session:s042_02244:819ecba41458,session,warehouse_measurement,S042_02244,synnetqos,session_id,S042_02244,S042_02244,10,4,0.4
warehouse_measurement:session:s042_02245:306087619a47,session,warehouse_measurement,S042_02245,synnetqos,session_id,S042_02245,S042_02245,10,5,0.5
warehouse_measurement:session:s042_02246:593d11317d86,session,warehouse_measurement,S042_02246,synnetqos,session_id,S042_02246,S042_02246,10,9,0.9
warehouse_measurement:session:s042_02247:589173397a13,session,warehouse_measurement,S042_02247,synnetqos,session_id,S042_02247,S042_02247,10,2,0.2
warehouse_measurement:session:s042_02248:50d5c95ab5c2,session,warehouse_measurement,S042_02248,synnetqos,session_id,S042_02248,S042_02248,10,0,0.0
warehouse_measurement:session:s042_02249:140c0b6077dd,session,warehouse_measurement,S042_02249,synnetqos,session_id,S042_02249,S042_02249,10,3,0.3
warehouse_measurement:session:s042_02250:d18718590712,session,warehouse_measurement,S042_02250,synnetqos,session_id,S042_02250,S042_02250,10,10,1.0
warehouse_measurement:session:s042_02251:76b042f8c682,session,warehouse_measurement,S042_02251,synnetqos,session_id,S042_02251,S042_02251,10,6,0.6
warehouse_measurement:session:s042_02252:7f6a98b6c3a6,session,warehouse_measurement,S042_02252,synnetqos,session_id,S042_02252,S042_02252,10,7,0.7
warehouse_measurement:session:s042_02253:cb7079709feb,session,warehouse_measurement,S042_02253,synnetqos,session_id,S042_02253,S042_02253,10,2,0.2
warehouse_measurement:session:s042_02254:6c02aafc7f24,session,warehouse_measurement,S042_02254,synnetqos,session_id,S042_02254,S042_02254,10,3,0.3
warehouse_measurement:session:s042_02255:76fc29f02d97,session,warehouse_measurement,S042_02255,synnetqos,session_id,S042_02255,S042_02255,10,0,0.0
warehouse_measurement:session:s042_02256:750148274022,session,warehouse_measurement,S042_02256,synnetqos,session_id,S042_02256,S042_02256,10,10,1.0
warehouse_measurement:session:s042_02257:eb384fd87861,session,warehouse_measurement,S042_02257,synnetqos,session_id,S042_02257,S042_02257,10,6,0.6
warehouse_measurement:session:s042_02258:c6ccacce889f,session,warehouse_measurement,S042_02258,synnetqos,session_id,S042_02258,S042_02258,10,8,0.8
warehouse_measurement:session:s042_02259:7e0ccfcd00b5,session,warehouse_measurement,S042_02259,synnetqos,session_id,S042_02259,S042_02259,10,7,0.7
warehouse_measurement:session:s042_02260:4267ccb8c964,session,warehouse_measurement,S042_02260,synnetqos,session_id,S042_02260,S042_02260,10,8,0.8
warehouse_measurement:session:s042_02261:dda9a6cf4942,session,warehouse_measurement,S042_02261,synnetqos,session_id,S042_02261,S042_02261,10,6,0.6
warehouse_measurement:session:s042_02262:d6f965f332e6,session,warehouse_measurement,S042_02262,synnetqos,session_id,S042_02262,S042_02262,10,5,0.5
warehouse_measurement:session:s042_02263:c32b187e18c5,session,warehouse_measurement,S042_02263,synnetqos,session_id,S042_02263,S042_02263,10,5,0.5
warehouse_measurement:session:s042_02264:632b34fca8e2,session,warehouse_measurement,S042_02264,synnetqos,session_id,S042_02264,S042_02264,10,9,0.9
warehouse_measurement:session:s042_02265:53fcc462e2fd,session,warehouse_measurement,S042_02265,synnetqos,session_id,S042_02265,S042_02265,10,10,1.0
warehouse_measurement:session:s042_02266:4bf722de916e,session,warehouse_measurement,S042_02266,synnetqos,session_id,S042_02266,S042_02266,10,2,0.2
warehouse_measurement:session:s042_02267:d74cee80e689,session,warehouse_measurement,S042_02267,synnetqos,session_id,S042_02267,S042_02267,10,10,1.0
warehouse_measurement:session:s042_02268:8e3513b6d02f,session,warehouse_measurement,S042_02268,synnetqos,session_id,S042_02268,S042_02268,10,10,1.0
warehouse_measurement:session:s042_02269:d334d4f4f745,session,warehouse_measurement,S042_02269,synnetqos,session_id,S042_02269,S042_02269,10,8,0.8
warehouse_measurement:session:s042_02270:7932af8f5741,session,warehouse_measurement,S042_02270,synnetqos,session_id,S042_02270,S042_02270,10,3,0.3
warehouse_measurement:session:s042_02271:d0d360794789,session,warehouse_measurement,S042_02271,synnetqos,session_id,S042_02271,S042_02271,10,5,0.5
warehouse_measurement:session:s042_02272:ea819a374bb3,session,warehouse_measurement,S042_02272,synnetqos,session_id,S042_02272,S042_02272,10,10,1.0
warehouse_measurement:session:s042_02273:7e77e593c1e4,session,warehouse_measurement,S042_02273,synnetqos,session_id,S042_02273,S042_02273,10,4,0.4
warehouse_measurement:session:s042_02274:d0817b54b2d9,session,warehouse_measurement,S042_02274,synnetqos,session_id,S042_02274,S042_02274,10,4,0.4
warehouse_measurement:session:s042_02275:92408373af61,session,warehouse_measurement,S042_02275,synnetqos,session_id,S042_02275,S042_02275,10,8,0.8
warehouse_measurement:session:s042_02276:79b43954b650,session,warehouse_measurement,S042_02276,synnetqos,session_id,S042_02276,S042_02276,10,0,0.0
warehouse_measurement:session:s042_02277:4dc89cf7d8dc,session,warehouse_measurement,S042_02277,synnetqos,session_id,S042_02277,S042_02277,10,7,0.7
warehouse_measurement:session:s042_02278:55ab146366e9,session,warehouse_measurement,S042_02278,synnetqos,session_id,S042_02278,S042_02278,10,8,0.8
warehouse_measurement:session:s042_02279:5e9cafcb49b7,session,warehouse_measurement,S042_02279,synnetqos,session_id,S042_02279,S042_02279,10,2,0.2
warehouse_measurement:session:s042_02280:4180fa7a462b,session,warehouse_measurement,S042_02280,synnetqos,session_id,S042_02280,S042_02280,10,0,0.0
warehouse_measurement:session:s042_02281:723564da878b,session,warehouse_measurement,S042_02281,synnetqos,session_id,S042_02281,S042_02281,10,7,0.7
warehouse_measurement:session:s042_02282:6127acdadc8b,session,warehouse_measurement,S042_02282,synnetqos,session_id,S042_02282,S042_02282,10,5,0.5
warehouse_measurement:session:s042_02283:ccca6f8cf1ce,session,warehouse_measurement,S042_02283,synnetqos,session_id,S042_02283,S042_02283,10,7,0.7
warehouse_measurement:session:s042_02284:24af027312bf,session,warehouse_measurement,S042_02284,synnetqos,session_id,S042_02284,S042_02284,10,9,0.9
warehouse_measurement:session:s042_02285:f64ee8e7095d,session,warehouse_measurement,S042_02285,synnetqos,session_id,S042_02285,S042_02285,10,0,0.0
warehouse_measurement:session:s042_02286:a85a7b38775b,session,warehouse_measurement,S042_02286,synnetqos,session_id,S042_02286,S042_02286,10,3,0.3
warehouse_measurement:session:s042_02287:411aea8d75a7,session,warehouse_measurement,S042_02287,synnetqos,session_id,S042_02287,S042_02287,10,8,0.8
warehouse_measurement:session:s042_02288:ff4af1b57d73,session,warehouse_measurement,S042_02288,synnetqos,session_id,S042_02288,S042_02288,10,9,0.9
warehouse_measurement:session:s042_02289:d050e8923f47,session,warehouse_measurement,S042_02289,synnetqos,session_id,S042_02289,S042_02289,10,3,0.3
warehouse_measurement:session:s042_02290:983e6b7bff50,session,warehouse_measurement,S042_02290,synnetqos,session_id,S042_02290,S042_02290,10,2,0.2
warehouse_measurement:session:s042_02291:58c609e1b861,session,warehouse_measurement,S042_02291,synnetqos,session_id,S042_02291,S042_02291,10,4,0.4
warehouse_measurement:session:s042_02292:fba15a87f692,session,warehouse_measurement,S042_02292,synnetqos,session_id,S042_02292,S042_02292,10,3,0.3
warehouse_measurement:session:s042_02293:4a4098dcde71,session,warehouse_measurement,S042_02293,synnetqos,session_id,S042_02293,S042_02293,10,5,0.5
warehouse_measurement:session:s042_02294:155f3a43d366,session,warehouse_measurement,S042_02294,synnetqos,session_id,S042_02294,S042_02294,10,7,0.7
warehouse_measurement:session:s042_02295:92e6fcc9b86c,session,warehouse_measurement,S042_02295,synnetqos,session_id,S042_02295,S042_02295,10,8,0.8
warehouse_measurement:session:s042_02296:55e6c3906f9e,session,warehouse_measurement,S042_02296,synnetqos,session_id,S042_02296,S042_02296,10,3,0.3
warehouse_measurement:session:s042_02297:b9ca732950d2,session,warehouse_measurement,S042_02297,synnetqos,session_id,S042_02297,S042_02297,10,2,0.2
warehouse_measurement:session:s042_02298:2082d9e33524,session,warehouse_measurement,S042_02298,synnetqos,session_id,S042_02298,S042_02298,10,8,0.8
warehouse_measurement:session:s042_02299:6d304172a1d5,session,warehouse_measurement,S042_02299,synnetqos,session_id,S042_02299,S042_02299,10,8,0.8
warehouse_measurement:session:s042_02300:726d73e8018b,session,warehouse_measurement,S042_02300,synnetqos,session_id,S042_02300,S042_02300,10,8,0.8
warehouse_measurement:session:s042_02301:61da440a9afe,session,warehouse_measurement,S042_02301,synnetqos,session_id,S042_02301,S042_02301,10,10,1.0
warehouse_measurement:session:s042_02302:0b13e58d04d2,session,warehouse_measurement,S042_02302,synnetqos,session_id,S042_02302,S042_02302,10,5,0.5
warehouse_measurement:session:s042_02303:b71b36b59eef,session,warehouse_measurement,S042_02303,synnetqos,session_id,S042_02303,S042_02303,10,8,0.8
warehouse_measurement:session:s042_02304:0bf71d9ec14d,session,warehouse_measurement,S042_02304,synnetqos,session_id,S042_02304,S042_02304,10,6,0.6
warehouse_measurement:session:s042_02305:64a098f36892,session,warehouse_measurement,S042_02305,synnetqos,session_id,S042_02305,S042_02305,10,5,0.5
warehouse_measurement:session:s042_02306:9af49ddcee7a,session,warehouse_measurement,S042_02306,synnetqos,session_id,S042_02306,S042_02306,10,0,0.0
warehouse_measurement:session:s042_02307:fe2dceea0790,session,warehouse_measurement,S042_02307,synnetqos,session_id,S042_02307,S042_02307,10,5,0.5
warehouse_measurement:session:s042_02308:f751e5770a82,session,warehouse_measurement,S042_02308,synnetqos,session_id,S042_02308,S042_02308,10,8,0.8
warehouse_measurement:session:s042_02309:d8c64273fa7e,session,warehouse_measurement,S042_02309,synnetqos,session_id,S042_02309,S042_02309,10,6,0.6
warehouse_measurement:session:s042_02310:2b885885e501,session,warehouse_measurement,S042_02310,synnetqos,session_id,S042_02310,S042_02310,10,0,0.0
warehouse_measurement:session:s042_02311:707aa0049b53,session,warehouse_measurement,S042_02311,synnetqos,session_id,S042_02311,S042_02311,10,6,0.6
warehouse_measurement:session:s042_02312:c647acffabc8,session,warehouse_measurement,S042_02312,synnetqos,session_id,S042_02312,S042_02312,10,10,1.0
warehouse_measurement:session:s042_02313:79e57d5d6701,session,warehouse_measurement,S042_02313,synnetqos,session_id,S042_02313,S042_02313,10,3,0.3
warehouse_measurement:session:s042_02314:5823e46eb5e6,session,warehouse_measurement,S042_02314,synnetqos,session_id,S042_02314,S042_02314,10,7,0.7
warehouse_measurement:session:s042_02315:e693648bb6cc,session,warehouse_measurement,S042_02315,synnetqos,session_id,S042_02315,S042_02315,10,1,0.1
warehouse_measurement:session:s042_02316:6260b444b6c1,session,warehouse_measurement,S042_02316,synnetqos,session_id,S042_02316,S042_02316,10,7,0.7
warehouse_measurement:session:s042_02317:1c5c80a7a1b5,session,warehouse_measurement,S042_02317,synnetqos,session_id,S042_02317,S042_02317,10,8,0.8
warehouse_measurement:session:s042_02318:9742fe4ff466,session,warehouse_measurement,S042_02318,synnetqos,session_id,S042_02318,S042_02318,10,2,0.2
warehouse_measurement:session:s042_02319:6f02dd91cd71,session,warehouse_measurement,S042_02319,synnetqos,session_id,S042_02319,S042_02319,10,10,1.0
warehouse_measurement:session:s042_02320:7ff57419c2e7,session,warehouse_measurement,S042_02320,synnetqos,session_id,S042_02320,S042_02320,10,9,0.9
warehouse_measurement:session:s042_02321:9da8d7e2c5f5,session,warehouse_measurement,S042_02321,synnetqos,session_id,S042_02321,S042_02321,10,1,0.1
warehouse_measurement:session:s042_02322:aade3ca2bb64,session,warehouse_measurement,S042_02322,synnetqos,session_id,S042_02322,S042_02322,10,1,0.1
warehouse_measurement:session:s042_02323:58f9de7346ea,session,warehouse_measurement,S042_02323,synnetqos,session_id,S042_02323,S042_02323,10,3,0.3
warehouse_measurement:session:s042_02324:464f9a1be3e3,session,warehouse_measurement,S042_02324,synnetqos,session_id,S042_02324,S042_02324,10,9,0.9
warehouse_measurement:session:s042_02325:d23989eaa6df,session,warehouse_measurement,S042_02325,synnetqos,session_id,S042_02325,S042_02325,10,6,0.6
warehouse_measurement:session:s042_02326:4b9cccd5194d,session,warehouse_measurement,S042_02326,synnetqos,session_id,S042_02326,S042_02326,10,5,0.5
warehouse_measurement:session:s042_02327:6e53e89b2644,session,warehouse_measurement,S042_02327,synnetqos,session_id,S042_02327,S042_02327,10,2,0.2
warehouse_measurement:session:s042_02328:47415616d2c5,session,warehouse_measurement,S042_02328,synnetqos,session_id,S042_02328,S042_02328,10,2,0.2
warehouse_measurement:session:s042_02329:970ddc472f58,session,warehouse_measurement,S042_02329,synnetqos,session_id,S042_02329,S042_02329,10,7,0.7
warehouse_measurement:session:s042_02330:d2ea46a62e6c,session,warehouse_measurement,S042_02330,synnetqos,session_id,S042_02330,S042_02330,10,9,0.9
warehouse_measurement:session:s042_02331:7af91d49d62e,session,warehouse_measurement,S042_02331,synnetqos,session_id,S042_02331,S042_02331,10,1,0.1
warehouse_measurement:session:s042_02332:198164c92b42,session,warehouse_measurement,S042_02332,synnetqos,session_id,S042_02332,S042_02332,10,0,0.0
warehouse_measurement:session:s042_02333:c3fa9cd75135,session,warehouse_measurement,S042_02333,synnetqos,session_id,S042_02333,S042_02333,10,10,1.0
warehouse_measurement:session:s042_02334:aa959890c03d,session,warehouse_measurement,S042_02334,synnetqos,session_id,S042_02334,S042_02334,10,4,0.4
warehouse_measurement:session:s042_02335:4f6aaa518455,session,warehouse_measurement,S042_02335,synnetqos,session_id,S042_02335,S042_02335,10,10,1.0
warehouse_measurement:session:s042_02336:c1b08fa4ecaa,session,warehouse_measurement,S042_02336,synnetqos,session_id,S042_02336,S042_02336,10,9,0.9
warehouse_measurement:session:s042_02337:3072a6edfde7,session,warehouse_measurement,S042_02337,synnetqos,session_id,S042_02337,S042_02337,10,8,0.8
warehouse_measurement:session:s042_02338:300f3509c42f,session,warehouse_measurement,S042_02338,synnetqos,session_id,S042_02338,S042_02338,10,1,0.1
warehouse_measurement:session:s042_02339:a25f8a06c879,session,warehouse_measurement,S042_02339,synnetqos,session_id,S042_02339,S042_02339,10,0,0.0
warehouse_measurement:session:s042_02340:4500747f2feb,session,warehouse_measurement,S042_02340,synnetqos,session_id,S042_02340,S042_02340,10,4,0.4
warehouse_measurement:session:s042_02341:ea2703f669d6,session,warehouse_measurement,S042_02341,synnetqos,session_id,S042_02341,S042_02341,10,3,0.3
warehouse_measurement:session:s042_02342:69db9d27ef03,session,warehouse_measurement,S042_02342,synnetqos,session_id,S042_02342,S042_02342,10,6,0.6
warehouse_measurement:session:s042_02343:92fca0a41d05,session,warehouse_measurement,S042_02343,synnetqos,session_id,S042_02343,S042_02343,10,4,0.4
warehouse_measurement:session:s042_02344:6e8900974f91,session,warehouse_measurement,S042_02344,synnetqos,session_id,S042_02344,S042_02344,10,1,0.1
warehouse_measurement:session:s042_02345:fa23d8d530f8,session,warehouse_measurement,S042_02345,synnetqos,session_id,S042_02345,S042_02345,10,9,0.9
warehouse_measurement:session:s042_02346:bd4fca3f2f58,session,warehouse_measurement,S042_02346,synnetqos,session_id,S042_02346,S042_02346,10,5,0.5
warehouse_measurement:session:s042_02347:081702b13fd0,session,warehouse_measurement,S042_02347,synnetqos,session_id,S042_02347,S042_02347,10,5,0.5
warehouse_measurement:session:s042_02348:6343083df272,session,warehouse_measurement,S042_02348,synnetqos,session_id,S042_02348,S042_02348,10,2,0.2
warehouse_measurement:session:s042_02349:c1815a709b22,session,warehouse_measurement,S042_02349,synnetqos,session_id,S042_02349,S042_02349,10,3,0.3
warehouse_measurement:session:s042_02350:ca3d11c7c918,session,warehouse_measurement,S042_02350,synnetqos,session_id,S042_02350,S042_02350,10,3,0.3
warehouse_measurement:session:s042_02351:6dd04ab1d0b2,session,warehouse_measurement,S042_02351,synnetqos,session_id,S042_02351,S042_02351,10,2,0.2
warehouse_measurement:session:s042_02352:e8dbcb2e71d8,session,warehouse_measurement,S042_02352,synnetqos,session_id,S042_02352,S042_02352,10,9,0.9
warehouse_measurement:session:s042_02353:3f25fd2bfc0a,session,warehouse_measurement,S042_02353,synnetqos,session_id,S042_02353,S042_02353,10,10,1.0
warehouse_measurement:session:s042_02354:6119c13c855e,session,warehouse_measurement,S042_02354,synnetqos,session_id,S042_02354,S042_02354,10,10,1.0
warehouse_measurement:session:s042_02355:1a8a2b47e44c,session,warehouse_measurement,S042_02355,synnetqos,session_id,S042_02355,S042_02355,10,3,0.3
warehouse_measurement:session:s042_02356:8641fe19e873,session,warehouse_measurement,S042_02356,synnetqos,session_id,S042_02356,S042_02356,10,8,0.8
warehouse_measurement:session:s042_02357:3479ccbd4eeb,session,warehouse_measurement,S042_02357,synnetqos,session_id,S042_02357,S042_02357,10,9,0.9
warehouse_measurement:session:s042_02358:49d01d1ff066,session,warehouse_measurement,S042_02358,synnetqos,session_id,S042_02358,S042_02358,10,1,0.1
warehouse_measurement:session:s042_02359:bd9efa7d3495,session,warehouse_measurement,S042_02359,synnetqos,session_id,S042_02359,S042_02359,10,2,0.2
warehouse_measurement:session:s042_02360:efb1a924ab31,session,warehouse_measurement,S042_02360,synnetqos,session_id,S042_02360,S042_02360,10,0,0.0
warehouse_measurement:session:s042_02361:2446d5294500,session,warehouse_measurement,S042_02361,synnetqos,session_id,S042_02361,S042_02361,10,6,0.6
warehouse_measurement:session:s042_02362:f156b3d5dac9,session,warehouse_measurement,S042_02362,synnetqos,session_id,S042_02362,S042_02362,10,7,0.7
warehouse_measurement:session:s042_02363:9e17c3554944,session,warehouse_measurement,S042_02363,synnetqos,session_id,S042_02363,S042_02363,10,0,0.0
warehouse_measurement:session:s042_02364:e50e789f08cd,session,warehouse_measurement,S042_02364,synnetqos,session_id,S042_02364,S042_02364,10,1,0.1
warehouse_measurement:session:s042_02365:ce4fa9a2b4b8,session,warehouse_measurement,S042_02365,synnetqos,session_id,S042_02365,S042_02365,10,5,0.5
warehouse_measurement:session:s042_02366:5cfb467d86b3,session,warehouse_measurement,S042_02366,synnetqos,session_id,S042_02366,S042_02366,10,10,1.0
warehouse_measurement:session:s042_02367:e90cff7fd212,session,warehouse_measurement,S042_02367,synnetqos,session_id,S042_02367,S042_02367,10,2,0.2
warehouse_measurement:session:s042_02368:3b5df91b1e66,session,warehouse_measurement,S042_02368,synnetqos,session_id,S042_02368,S042_02368,10,6,0.6
warehouse_measurement:session:s042_02369:e40a7b2df587,session,warehouse_measurement,S042_02369,synnetqos,session_id,S042_02369,S042_02369,10,10,1.0
warehouse_measurement:session:s042_02370:0c1c784bcde6,session,warehouse_measurement,S042_02370,synnetqos,session_id,S042_02370,S042_02370,10,5,0.5
warehouse_measurement:session:s042_02371:9730a3a1ddf8,session,warehouse_measurement,S042_02371,synnetqos,session_id,S042_02371,S042_02371,10,8,0.8
warehouse_measurement:session:s042_02372:e41dfb32b940,session,warehouse_measurement,S042_02372,synnetqos,session_id,S042_02372,S042_02372,10,7,0.7
warehouse_measurement:session:s042_02373:e0ff0a6205a6,session,warehouse_measurement,S042_02373,synnetqos,session_id,S042_02373,S042_02373,10,1,0.1
warehouse_measurement:session:s042_02374:4b70171ad5a9,session,warehouse_measurement,S042_02374,synnetqos,session_id,S042_02374,S042_02374,10,4,0.4
warehouse_measurement:session:s042_02375:d86e80c1d26c,session,warehouse_measurement,S042_02375,synnetqos,session_id,S042_02375,S042_02375,10,10,1.0
warehouse_measurement:session:s042_02376:72e1ee1f5be3,session,warehouse_measurement,S042_02376,synnetqos,session_id,S042_02376,S042_02376,10,10,1.0
warehouse_measurement:session:s042_02377:d55a3c5b952d,session,warehouse_measurement,S042_02377,synnetqos,session_id,S042_02377,S042_02377,10,10,1.0
warehouse_measurement:session:s042_02378:ed72e407afea,session,warehouse_measurement,S042_02378,synnetqos,session_id,S042_02378,S042_02378,10,0,0.0
warehouse_measurement:session:s042_02379:3fecd890a11e,session,warehouse_measurement,S042_02379,synnetqos,session_id,S042_02379,S042_02379,10,1,0.1
warehouse_measurement:session:s042_02380:dbd5589504fc,session,warehouse_measurement,S042_02380,synnetqos,session_id,S042_02380,S042_02380,10,6,0.6
warehouse_measurement:session:s042_02381:84ec99ec8290,session,warehouse_measurement,S042_02381,synnetqos,session_id,S042_02381,S042_02381,10,10,1.0
warehouse_measurement:session:s042_02382:be4dc82a9271,session,warehouse_measurement,S042_02382,synnetqos,session_id,S042_02382,S042_02382,10,8,0.8
warehouse_measurement:session:s042_02383:624cbf872be5,session,warehouse_measurement,S042_02383,synnetqos,session_id,S042_02383,S042_02383,10,7,0.7
warehouse_measurement:session:s042_02384:467cae0e7c0f,session,warehouse_measurement,S042_02384,synnetqos,session_id,S042_02384,S042_02384,10,6,0.6
warehouse_measurement:session:s042_02385:edb42047fb35,session,warehouse_measurement,S042_02385,synnetqos,session_id,S042_02385,S042_02385,10,10,1.0
warehouse_measurement:session:s042_02386:76d4546a0f77,session,warehouse_measurement,S042_02386,synnetqos,session_id,S042_02386,S042_02386,10,3,0.3
warehouse_measurement:session:s042_02387:e2bc36555787,session,warehouse_measurement,S042_02387,synnetqos,session_id,S042_02387,S042_02387,10,8,0.8
warehouse_measurement:session:s042_02388:9aedf90b6825,session,warehouse_measurement,S042_02388,synnetqos,session_id,S042_02388,S042_02388,10,2,0.2
warehouse_measurement:session:s042_02389:46a0d7cc415c,session,warehouse_measurement,S042_02389,synnetqos,session_id,S042_02389,S042_02389,10,5,0.5
warehouse_measurement:session:s042_02390:346088e4c87e,session,warehouse_measurement,S042_02390,synnetqos,session_id,S042_02390,S042_02390,10,10,1.0
warehouse_measurement:session:s042_02391:1d9e57c287ba,session,warehouse_measurement,S042_02391,synnetqos,session_id,S042_02391,S042_02391,10,0,0.0
warehouse_measurement:session:s042_02392:b733a978a0f8,session,warehouse_measurement,S042_02392,synnetqos,session_id,S042_02392,S042_02392,10,1,0.1
warehouse_measurement:session:s042_02393:02ca1c5d11c4,session,warehouse_measurement,S042_02393,synnetqos,session_id,S042_02393,S042_02393,10,8,0.8
warehouse_measurement:session:s042_02394:eee1d8e6e704,session,warehouse_measurement,S042_02394,synnetqos,session_id,S042_02394,S042_02394,10,9,0.9
warehouse_measurement:session:s042_02395:9a6b440a66eb,session,warehouse_measurement,S042_02395,synnetqos,session_id,S042_02395,S042_02395,10,1,0.1
warehouse_measurement:session:s042_02396:11819ac03e68,session,warehouse_measurement,S042_02396,synnetqos,session_id,S042_02396,S042_02396,10,10,1.0
warehouse_measurement:session:s042_02397:6268b168cc1f,session,warehouse_measurement,S042_02397,synnetqos,session_id,S042_02397,S042_02397,10,9,0.9
warehouse_measurement:session:s042_02398:653839d4fdbd,session,warehouse_measurement,S042_02398,synnetqos,session_id,S042_02398,S042_02398,10,8,0.8
warehouse_measurement:session:s042_02399:0aeaef8595d0,session,warehouse_measurement,S042_02399,synnetqos,session_id,S042_02399,S042_02399,10,10,1.0
warehouse_measurement:session:s042_02400:ab282cb8a951,session,warehouse_measurement,S042_02400,synnetqos,session_id,S042_02400,S042_02400,10,10,1.0
warehouse_measurement:session:s042_02401:2a55a5b65d3e,session,warehouse_measurement,S042_02401,synnetqos,session_id,S042_02401,S042_02401,10,0,0.0
warehouse_measurement:session:s042_02402:6e4a6a147985,session,warehouse_measurement,S042_02402,synnetqos,session_id,S042_02402,S042_02402,10,6,0.6
warehouse_measurement:session:s042_02403:2a45f914a7b8,session,warehouse_measurement,S042_02403,synnetqos,session_id,S042_02403,S042_02403,10,10,1.0
warehouse_measurement:session:s042_02404:8c46e2d9e7de,session,warehouse_measurement,S042_02404,synnetqos,session_id,S042_02404,S042_02404,10,10,1.0
warehouse_measurement:session:s042_02405:b531f1571ed3,session,warehouse_measurement,S042_02405,synnetqos,session_id,S042_02405,S042_02405,10,3,0.3
warehouse_measurement:session:s042_02406:1fa9fb75cfe9,session,warehouse_measurement,S042_02406,synnetqos,session_id,S042_02406,S042_02406,10,5,0.5
warehouse_measurement:session:s042_02407:9b219e4e72cb,session,warehouse_measurement,S042_02407,synnetqos,session_id,S042_02407,S042_02407,10,5,0.5
warehouse_measurement:session:s042_02408:fb1fa81e74b7,session,warehouse_measurement,S042_02408,synnetqos,session_id,S042_02408,S042_02408,10,0,0.0
warehouse_measurement:session:s042_02409:0c884a51c108,session,warehouse_measurement,S042_02409,synnetqos,session_id,S042_02409,S042_02409,10,4,0.4
warehouse_measurement:session:s042_02410:00d9fbb56c56,session,warehouse_measurement,S042_02410,synnetqos,session_id,S042_02410,S042_02410,10,5,0.5
warehouse_measurement:session:s042_02411:b7eff37cdd6c,session,warehouse_measurement,S042_02411,synnetqos,session_id,S042_02411,S042_02411,10,10,1.0
warehouse_measurement:session:s042_02412:247f2bba13da,session,warehouse_measurement,S042_02412,synnetqos,session_id,S042_02412,S042_02412,10,4,0.4
warehouse_measurement:session:s042_02413:72f786efc472,session,warehouse_measurement,S042_02413,synnetqos,session_id,S042_02413,S042_02413,10,0,0.0
warehouse_measurement:session:s042_02414:fc95b4185070,session,warehouse_measurement,S042_02414,synnetqos,session_id,S042_02414,S042_02414,10,6,0.6
warehouse_measurement:session:s042_02415:c99a9a75e53e,session,warehouse_measurement,S042_02415,synnetqos,session_id,S042_02415,S042_02415,10,1,0.1
warehouse_measurement:session:s042_02416:7b5045370c06,session,warehouse_measurement,S042_02416,synnetqos,session_id,S042_02416,S042_02416,10,2,0.2
warehouse_measurement:session:s042_02417:12d56f60e84c,session,warehouse_measurement,S042_02417,synnetqos,session_id,S042_02417,S042_02417,10,1,0.1
warehouse_measurement:session:s042_02418:928f1edfdbab,session,warehouse_measurement,S042_02418,synnetqos,session_id,S042_02418,S042_02418,10,3,0.3
warehouse_measurement:session:s042_02419:fccdddfc4497,session,warehouse_measurement,S042_02419,synnetqos,session_id,S042_02419,S042_02419,10,0,0.0
warehouse_measurement:session:s042_02420:484e95214d04,session,warehouse_measurement,S042_02420,synnetqos,session_id,S042_02420,S042_02420,10,1,0.1
warehouse_measurement:session:s042_02421:3efff1cd8a5a,session,warehouse_measurement,S042_02421,synnetqos,session_id,S042_02421,S042_02421,10,10,1.0
warehouse_measurement:session:s042_02422:c8d09714e1c8,session,warehouse_measurement,S042_02422,synnetqos,session_id,S042_02422,S042_02422,10,2,0.2
warehouse_measurement:session:s042_02423:010e5202ce2e,session,warehouse_measurement,S042_02423,synnetqos,session_id,S042_02423,S042_02423,10,3,0.3
warehouse_measurement:session:s042_02424:d718f0e7649b,session,warehouse_measurement,S042_02424,synnetqos,session_id,S042_02424,S042_02424,10,9,0.9
warehouse_measurement:session:s042_02425:f2e208be7142,session,warehouse_measurement,S042_02425,synnetqos,session_id,S042_02425,S042_02425,10,10,1.0
warehouse_measurement:session:s042_02426:03159e07a577,session,warehouse_measurement,S042_02426,synnetqos,session_id,S042_02426,S042_02426,10,1,0.1
warehouse_measurement:session:s042_02427:732be6ed0cae,session,warehouse_measurement,S042_02427,synnetqos,session_id,S042_02427,S042_02427,10,8,0.8
warehouse_measurement:session:s042_02428:1840ba4c6218,session,warehouse_measurement,S042_02428,synnetqos,session_id,S042_02428,S042_02428,10,8,0.8
warehouse_measurement:session:s042_02429:ed5f20b999c9,session,warehouse_measurement,S042_02429,synnetqos,session_id,S042_02429,S042_02429,10,6,0.6
warehouse_measurement:session:s042_02430:62928ad3fca0,session,warehouse_measurement,S042_02430,synnetqos,session_id,S042_02430,S042_02430,10,7,0.7
warehouse_measurement:session:s042_02431:8a2b6359293b,session,warehouse_measurement,S042_02431,synnetqos,session_id,S042_02431,S042_02431,10,9,0.9
warehouse_measurement:session:s042_02432:da566f8234c2,session,warehouse_measurement,S042_02432,synnetqos,session_id,S042_02432,S042_02432,10,8,0.8
warehouse_measurement:session:s042_02433:9c69263cd314,session,warehouse_measurement,S042_02433,synnetqos,session_id,S042_02433,S042_02433,10,5,0.5
warehouse_measurement:session:s042_02434:ae75c54f78f7,session,warehouse_measurement,S042_02434,synnetqos,session_id,S042_02434,S042_02434,10,10,1.0
warehouse_measurement:session:s042_02435:57e885349bb1,session,warehouse_measurement,S042_02435,synnetqos,session_id,S042_02435,S042_02435,10,10,1.0
warehouse_measurement:session:s042_02436:117e8e0dbbb5,session,warehouse_measurement,S042_02436,synnetqos,session_id,S042_02436,S042_02436,10,2,0.2
warehouse_measurement:session:s042_02437:ba801241251a,session,warehouse_measurement,S042_02437,synnetqos,session_id,S042_02437,S042_02437,10,3,0.3
warehouse_measurement:session:s042_02438:a45984a246d8,session,warehouse_measurement,S042_02438,synnetqos,session_id,S042_02438,S042_02438,10,8,0.8
warehouse_measurement:session:s042_02439:d845b75f5a56,session,warehouse_measurement,S042_02439,synnetqos,session_id,S042_02439,S042_02439,10,7,0.7
warehouse_measurement:session:s042_02440:d3dab0b70412,session,warehouse_measurement,S042_02440,synnetqos,session_id,S042_02440,S042_02440,10,3,0.3
warehouse_measurement:session:s042_02441:72e1e7c1d195,session,warehouse_measurement,S042_02441,synnetqos,session_id,S042_02441,S042_02441,10,3,0.3
warehouse_measurement:session:s042_02442:4bcfbb007491,session,warehouse_measurement,S042_02442,synnetqos,session_id,S042_02442,S042_02442,10,6,0.6
warehouse_measurement:session:s042_02443:ee9d8cea69b7,session,warehouse_measurement,S042_02443,synnetqos,session_id,S042_02443,S042_02443,10,2,0.2
warehouse_measurement:session:s042_02444:2f8fa1fae089,session,warehouse_measurement,S042_02444,synnetqos,session_id,S042_02444,S042_02444,10,4,0.4
warehouse_measurement:session:s042_02445:d57c24a24f20,session,warehouse_measurement,S042_02445,synnetqos,session_id,S042_02445,S042_02445,10,10,1.0
warehouse_measurement:session:s042_02446:793fa413d2e3,session,warehouse_measurement,S042_02446,synnetqos,session_id,S042_02446,S042_02446,10,9,0.9
warehouse_measurement:session:s042_02447:841a5a312787,session,warehouse_measurement,S042_02447,synnetqos,session_id,S042_02447,S042_02447,10,2,0.2
warehouse_measurement:session:s042_02448:2bdcd4bbf554,session,warehouse_measurement,S042_02448,synnetqos,session_id,S042_02448,S042_02448,10,9,0.9
warehouse_measurement:session:s042_02449:1726fda78da6,session,warehouse_measurement,S042_02449,synnetqos,session_id,S042_02449,S042_02449,10,4,0.4
warehouse_measurement:session:s042_02450:fc5757adc142,session,warehouse_measurement,S042_02450,synnetqos,session_id,S042_02450,S042_02450,10,3,0.3
warehouse_measurement:session:s042_02451:525e7b5dcac5,session,warehouse_measurement,S042_02451,synnetqos,session_id,S042_02451,S042_02451,10,0,0.0
warehouse_measurement:session:s042_02452:0c1317d0cf56,session,warehouse_measurement,S042_02452,synnetqos,session_id,S042_02452,S042_02452,10,1,0.1
warehouse_measurement:session:s042_02453:1a7d6636bee1,session,warehouse_measurement,S042_02453,synnetqos,session_id,S042_02453,S042_02453,10,0,0.0
warehouse_measurement:session:s042_02454:ebb585263aba,session,warehouse_measurement,S042_02454,synnetqos,session_id,S042_02454,S042_02454,10,0,0.0
warehouse_measurement:session:s042_02455:57e438916fc9,session,warehouse_measurement,S042_02455,synnetqos,session_id,S042_02455,S042_02455,10,5,0.5
warehouse_measurement:session:s042_02456:8dd6272d50d1,session,warehouse_measurement,S042_02456,synnetqos,session_id,S042_02456,S042_02456,10,1,0.1
warehouse_measurement:session:s042_02457:64faf866dd2e,session,warehouse_measurement,S042_02457,synnetqos,session_id,S042_02457,S042_02457,10,7,0.7
warehouse_measurement:session:s042_02458:f1edf6a077fb,session,warehouse_measurement,S042_02458,synnetqos,session_id,S042_02458,S042_02458,10,7,0.7
warehouse_measurement:session:s042_02459:7315c92c1887,session,warehouse_measurement,S042_02459,synnetqos,session_id,S042_02459,S042_02459,10,8,0.8
warehouse_measurement:session:s042_02460:6fd5434da80f,session,warehouse_measurement,S042_02460,synnetqos,session_id,S042_02460,S042_02460,10,9,0.9
warehouse_measurement:session:s042_02461:0c7e913503cf,session,warehouse_measurement,S042_02461,synnetqos,session_id,S042_02461,S042_02461,10,5,0.5
warehouse_measurement:session:s042_02462:fd78d7d47849,session,warehouse_measurement,S042_02462,synnetqos,session_id,S042_02462,S042_02462,10,1,0.1
warehouse_measurement:session:s042_02463:b3954e31b21d,session,warehouse_measurement,S042_02463,synnetqos,session_id,S042_02463,S042_02463,10,7,0.7
warehouse_measurement:session:s042_02464:d20367d2cb70,session,warehouse_measurement,S042_02464,synnetqos,session_id,S042_02464,S042_02464,10,6,0.6
warehouse_measurement:session:s042_02465:bcf6ba43f9f7,session,warehouse_measurement,S042_02465,synnetqos,session_id,S042_02465,S042_02465,10,4,0.4
warehouse_measurement:session:s042_02466:f86618df44ce,session,warehouse_measurement,S042_02466,synnetqos,session_id,S042_02466,S042_02466,10,10,1.0
warehouse_measurement:session:s042_02467:2f2a5b86b394,session,warehouse_measurement,S042_02467,synnetqos,session_id,S042_02467,S042_02467,10,9,0.9
warehouse_measurement:session:s042_02468:a1e7f12c5fdd,session,warehouse_measurement,S042_02468,synnetqos,session_id,S042_02468,S042_02468,10,1,0.1
warehouse_measurement:session:s042_02469:dc332d11ec0b,session,warehouse_measurement,S042_02469,synnetqos,session_id,S042_02469,S042_02469,10,3,0.3
warehouse_measurement:session:s042_02470:09158be168d9,session,warehouse_measurement,S042_02470,synnetqos,session_id,S042_02470,S042_02470,10,10,1.0
warehouse_measurement:session:s042_02471:68c0143527c4,session,warehouse_measurement,S042_02471,synnetqos,session_id,S042_02471,S042_02471,10,7,0.7
warehouse_measurement:session:s042_02472:68b7f3e07c69,session,warehouse_measurement,S042_02472,synnetqos,session_id,S042_02472,S042_02472,10,7,0.7
warehouse_measurement:session:s042_02473:1359d0c09f55,session,warehouse_measurement,S042_02473,synnetqos,session_id,S042_02473,S042_02473,10,9,0.9
warehouse_measurement:session:s042_02474:cb6da179d8b2,session,warehouse_measurement,S042_02474,synnetqos,session_id,S042_02474,S042_02474,10,3,0.3
warehouse_measurement:session:s042_02475:952c3c49fffe,session,warehouse_measurement,S042_02475,synnetqos,session_id,S042_02475,S042_02475,10,9,0.9
warehouse_measurement:session:s042_02476:bcaf4d796d3d,session,warehouse_measurement,S042_02476,synnetqos,session_id,S042_02476,S042_02476,10,1,0.1
warehouse_measurement:session:s042_02477:9f5b78beb249,session,warehouse_measurement,S042_02477,synnetqos,session_id,S042_02477,S042_02477,10,2,0.2
warehouse_measurement:session:s042_02478:0e0268c90cec,session,warehouse_measurement,S042_02478,synnetqos,session_id,S042_02478,S042_02478,10,3,0.3
warehouse_measurement:session:s042_02479:afb56df205ae,session,warehouse_measurement,S042_02479,synnetqos,session_id,S042_02479,S042_02479,10,4,0.4
warehouse_measurement:session:s042_02480:f6febfadbd16,session,warehouse_measurement,S042_02480,synnetqos,session_id,S042_02480,S042_02480,10,6,0.6
warehouse_measurement:session:s042_02481:29ef155e27d2,session,warehouse_measurement,S042_02481,synnetqos,session_id,S042_02481,S042_02481,10,4,0.4
warehouse_measurement:session:s042_02482:2af878be353b,session,warehouse_measurement,S042_02482,synnetqos,session_id,S042_02482,S042_02482,10,8,0.8
warehouse_measurement:session:s042_02483:1b1664c7c05a,session,warehouse_measurement,S042_02483,synnetqos,session_id,S042_02483,S042_02483,10,7,0.7
warehouse_measurement:session:s042_02484:9dab594c284d,session,warehouse_measurement,S042_02484,synnetqos,session_id,S042_02484,S042_02484,10,5,0.5
warehouse_measurement:session:s042_02485:90326a56144f,session,warehouse_measurement,S042_02485,synnetqos,session_id,S042_02485,S042_02485,10,4,0.4
warehouse_measurement:session:s042_02486:b53a5b4b4647,session,warehouse_measurement,S042_02486,synnetqos,session_id,S042_02486,S042_02486,10,0,0.0
warehouse_measurement:session:s042_02487:55b3e4e6155e,session,warehouse_measurement,S042_02487,synnetqos,session_id,S042_02487,S042_02487,10,6,0.6
warehouse_measurement:session:s042_02488:57ea45c9d53a,session,warehouse_measurement,S042_02488,synnetqos,session_id,S042_02488,S042_02488,10,10,1.0
warehouse_measurement:session:s042_02489:b76b1e68ee55,session,warehouse_measurement,S042_02489,synnetqos,session_id,S042_02489,S042_02489,10,8,0.8
warehouse_measurement:session:s042_02490:9651bc80e133,session,warehouse_measurement,S042_02490,synnetqos,session_id,S042_02490,S042_02490,10,1,0.1
warehouse_measurement:session:s042_02491:8f6e9907a4e1,session,warehouse_measurement,S042_02491,synnetqos,session_id,S042_02491,S042_02491,10,3,0.3
warehouse_measurement:session:s042_02492:10be70e73140,session,warehouse_measurement,S042_02492,synnetqos,session_id,S042_02492,S042_02492,10,4,0.4
warehouse_measurement:session:s042_02493:f9e87793d279,session,warehouse_measurement,S042_02493,synnetqos,session_id,S042_02493,S042_02493,10,4,0.4
warehouse_measurement:session:s042_02494:c7e400251f9e,session,warehouse_measurement,S042_02494,synnetqos,session_id,S042_02494,S042_02494,10,8,0.8
warehouse_measurement:session:s042_02495:34c516a5a749,session,warehouse_measurement,S042_02495,synnetqos,session_id,S042_02495,S042_02495,10,7,0.7
warehouse_measurement:session:s042_02496:0f707e4c01b4,session,warehouse_measurement,S042_02496,synnetqos,session_id,S042_02496,S042_02496,10,10,1.0
warehouse_measurement:session:s042_02497:a9e7430f11db,session,warehouse_measurement,S042_02497,synnetqos,session_id,S042_02497,S042_02497,10,4,0.4
warehouse_measurement:session:s042_02498:6f1c999aa2b6,session,warehouse_measurement,S042_02498,synnetqos,session_id,S042_02498,S042_02498,10,0,0.0
warehouse_measurement:session:s042_02499:27dc265c9fbf,session,warehouse_measurement,S042_02499,synnetqos,session_id,S042_02499,S042_02499,10,6,0.6
warehouse_measurement:session:s042_02500:ed9141592384,session,warehouse_measurement,S042_02500,synnetqos,session_id,S042_02500,S042_02500,10,1,0.1
warehouse_measurement:session:s042_02501:eae50b41117b,session,warehouse_measurement,S042_02501,synnetqos,session_id,S042_02501,S042_02501,10,9,0.9
warehouse_measurement:session:s042_02502:aa4da04684c2,session,warehouse_measurement,S042_02502,synnetqos,session_id,S042_02502,S042_02502,10,0,0.0
warehouse_measurement:session:s042_02503:d35cae39e23a,session,warehouse_measurement,S042_02503,synnetqos,session_id,S042_02503,S042_02503,10,2,0.2
warehouse_measurement:session:s042_02504:b29eada53fba,session,warehouse_measurement,S042_02504,synnetqos,session_id,S042_02504,S042_02504,10,2,0.2
warehouse_measurement:session:s042_02505:5ec34a0a26cf,session,warehouse_measurement,S042_02505,synnetqos,session_id,S042_02505,S042_02505,10,9,0.9
warehouse_measurement:session:s042_02506:2e784791be44,session,warehouse_measurement,S042_02506,synnetqos,session_id,S042_02506,S042_02506,10,7,0.7
warehouse_measurement:session:s042_02507:9d5563f34434,session,warehouse_measurement,S042_02507,synnetqos,session_id,S042_02507,S042_02507,10,1,0.1
warehouse_measurement:session:s042_02508:138a1052e8b4,session,warehouse_measurement,S042_02508,synnetqos,session_id,S042_02508,S042_02508,10,10,1.0
warehouse_measurement:session:s042_02509:f46951786f1f,session,warehouse_measurement,S042_02509,synnetqos,session_id,S042_02509,S042_02509,10,10,1.0
warehouse_measurement:session:s042_02510:500b740350e8,session,warehouse_measurement,S042_02510,synnetqos,session_id,S042_02510,S042_02510,10,3,0.3
warehouse_measurement:session:s042_02511:429727fceb97,session,warehouse_measurement,S042_02511,synnetqos,session_id,S042_02511,S042_02511,10,4,0.4
warehouse_measurement:session:s042_02512:55210809cfea,session,warehouse_measurement,S042_02512,synnetqos,session_id,S042_02512,S042_02512,10,0,0.0
warehouse_measurement:session:s042_02513:fa4c19fe67c4,session,warehouse_measurement,S042_02513,synnetqos,session_id,S042_02513,S042_02513,10,10,1.0
warehouse_measurement:session:s042_02514:c78f13297479,session,warehouse_measurement,S042_02514,synnetqos,session_id,S042_02514,S042_02514,10,7,0.7
warehouse_measurement:session:s042_02515:750152a3c3fc,session,warehouse_measurement,S042_02515,synnetqos,session_id,S042_02515,S042_02515,10,0,0.0
warehouse_measurement:session:s042_02516:05184a0f8f69,session,warehouse_measurement,S042_02516,synnetqos,session_id,S042_02516,S042_02516,10,6,0.6
warehouse_measurement:session:s042_02517:01093e7fd69c,session,warehouse_measurement,S042_02517,synnetqos,session_id,S042_02517,S042_02517,10,0,0.0
warehouse_measurement:session:s042_02518:0e3044495a92,session,warehouse_measurement,S042_02518,synnetqos,session_id,S042_02518,S042_02518,10,9,0.9
warehouse_measurement:session:s042_02519:8b37275edc2c,session,warehouse_measurement,S042_02519,synnetqos,session_id,S042_02519,S042_02519,10,1,0.1
warehouse_measurement:session:s042_02520:855fc53e4f7c,session,warehouse_measurement,S042_02520,synnetqos,session_id,S042_02520,S042_02520,10,1,0.1
warehouse_measurement:session:s042_02521:011b79f9c014,session,warehouse_measurement,S042_02521,synnetqos,session_id,S042_02521,S042_02521,10,4,0.4
warehouse_measurement:session:s042_02522:b96b7b07f1a7,session,warehouse_measurement,S042_02522,synnetqos,session_id,S042_02522,S042_02522,10,0,0.0
warehouse_measurement:session:s042_02523:4d3b3f9266df,session,warehouse_measurement,S042_02523,synnetqos,session_id,S042_02523,S042_02523,10,10,1.0
warehouse_measurement:session:s042_02524:03cf067b1aa9,session,warehouse_measurement,S042_02524,synnetqos,session_id,S042_02524,S042_02524,10,2,0.2
warehouse_measurement:session:s042_02525:fa1548ec6662,session,warehouse_measurement,S042_02525,synnetqos,session_id,S042_02525,S042_02525,10,5,0.5
warehouse_measurement:session:s042_02526:3f11e702dd55,session,warehouse_measurement,S042_02526,synnetqos,session_id,S042_02526,S042_02526,10,3,0.3
warehouse_measurement:session:s042_02527:077761962580,session,warehouse_measurement,S042_02527,synnetqos,session_id,S042_02527,S042_02527,10,3,0.3
warehouse_measurement:session:s042_02528:685b28386680,session,warehouse_measurement,S042_02528,synnetqos,session_id,S042_02528,S042_02528,10,3,0.3
warehouse_measurement:session:s042_02529:3277db1b3de6,session,warehouse_measurement,S042_02529,synnetqos,session_id,S042_02529,S042_02529,10,9,0.9
warehouse_measurement:session:s042_02530:048986e4b823,session,warehouse_measurement,S042_02530,synnetqos,session_id,S042_02530,S042_02530,10,8,0.8
warehouse_measurement:session:s042_02531:f3354c283b46,session,warehouse_measurement,S042_02531,synnetqos,session_id,S042_02531,S042_02531,10,3,0.3
warehouse_measurement:session:s042_02532:1d766709c25a,session,warehouse_measurement,S042_02532,synnetqos,session_id,S042_02532,S042_02532,10,9,0.9
warehouse_measurement:session:s042_02533:be38ef251374,session,warehouse_measurement,S042_02533,synnetqos,session_id,S042_02533,S042_02533,10,2,0.2
warehouse_measurement:session:s042_02534:452e3aad8b25,session,warehouse_measurement,S042_02534,synnetqos,session_id,S042_02534,S042_02534,10,10,1.0
warehouse_measurement:session:s042_02535:d2f5e6650e80,session,warehouse_measurement,S042_02535,synnetqos,session_id,S042_02535,S042_02535,10,8,0.8
warehouse_measurement:session:s042_02536:d0eff77f6c31,session,warehouse_measurement,S042_02536,synnetqos,session_id,S042_02536,S042_02536,10,10,1.0
warehouse_measurement:session:s042_02537:2f799cc7ad45,session,warehouse_measurement,S042_02537,synnetqos,session_id,S042_02537,S042_02537,10,10,1.0
warehouse_measurement:session:s042_02538:d908ac7a5b1f,session,warehouse_measurement,S042_02538,synnetqos,session_id,S042_02538,S042_02538,10,1,0.1
warehouse_measurement:session:s042_02539:c037a9c2d2a3,session,warehouse_measurement,S042_02539,synnetqos,session_id,S042_02539,S042_02539,10,10,1.0
warehouse_measurement:session:s042_02540:d4799f810d06,session,warehouse_measurement,S042_02540,synnetqos,session_id,S042_02540,S042_02540,10,10,1.0
warehouse_measurement:session:s042_02541:2cc9165f9106,session,warehouse_measurement,S042_02541,synnetqos,session_id,S042_02541,S042_02541,10,2,0.2
warehouse_measurement:session:s042_02542:8df83b1a390b,session,warehouse_measurement,S042_02542,synnetqos,session_id,S042_02542,S042_02542,10,10,1.0
warehouse_measurement:session:s042_02543:034762273dee,session,warehouse_measurement,S042_02543,synnetqos,session_id,S042_02543,S042_02543,10,4,0.4
warehouse_measurement:session:s042_02544:99f4571bae9d,session,warehouse_measurement,S042_02544,synnetqos,session_id,S042_02544,S042_02544,10,10,1.0
warehouse_measurement:session:s042_02545:b12a9f830c81,session,warehouse_measurement,S042_02545,synnetqos,session_id,S042_02545,S042_02545,10,4,0.4
warehouse_measurement:session:s042_02546:cf485d015b01,session,warehouse_measurement,S042_02546,synnetqos,session_id,S042_02546,S042_02546,10,2,0.2
warehouse_measurement:session:s042_02547:a872dc69e6d2,session,warehouse_measurement,S042_02547,synnetqos,session_id,S042_02547,S042_02547,10,3,0.3
warehouse_measurement:session:s042_02548:e8435e460352,session,warehouse_measurement,S042_02548,synnetqos,session_id,S042_02548,S042_02548,10,7,0.7
warehouse_measurement:session:s042_02549:7a80bf4fa69b,session,warehouse_measurement,S042_02549,synnetqos,session_id,S042_02549,S042_02549,10,4,0.4
warehouse_measurement:session:s042_02550:a49765282295,session,warehouse_measurement,S042_02550,synnetqos,session_id,S042_02550,S042_02550,10,10,1.0
warehouse_measurement:session:s042_02551:44081fba03bf,session,warehouse_measurement,S042_02551,synnetqos,session_id,S042_02551,S042_02551,10,1,0.1
warehouse_measurement:session:s042_02552:ec497d1b475a,session,warehouse_measurement,S042_02552,synnetqos,session_id,S042_02552,S042_02552,10,10,1.0
warehouse_measurement:session:s042_02553:2d352002155b,session,warehouse_measurement,S042_02553,synnetqos,session_id,S042_02553,S042_02553,10,6,0.6
warehouse_measurement:session:s042_02554:d4d2ad2e2aff,session,warehouse_measurement,S042_02554,synnetqos,session_id,S042_02554,S042_02554,10,3,0.3
warehouse_measurement:session:s042_02555:ca5fdd0f24ac,session,warehouse_measurement,S042_02555,synnetqos,session_id,S042_02555,S042_02555,10,1,0.1
warehouse_measurement:session:s042_02556:dc030e2b9c85,session,warehouse_measurement,S042_02556,synnetqos,session_id,S042_02556,S042_02556,10,1,0.1
warehouse_measurement:session:s042_02557:23ddfa65fcb4,session,warehouse_measurement,S042_02557,synnetqos,session_id,S042_02557,S042_02557,10,10,1.0
warehouse_measurement:session:s042_02558:80ce737be59b,session,warehouse_measurement,S042_02558,synnetqos,session_id,S042_02558,S042_02558,10,3,0.3
warehouse_measurement:session:s042_02559:3f91abbb69a6,session,warehouse_measurement,S042_02559,synnetqos,session_id,S042_02559,S042_02559,10,7,0.7
warehouse_measurement:session:s042_02560:19ce94539544,session,warehouse_measurement,S042_02560,synnetqos,session_id,S042_02560,S042_02560,10,3,0.3
warehouse_measurement:session:s042_02561:f660d6efc175,session,warehouse_measurement,S042_02561,synnetqos,session_id,S042_02561,S042_02561,10,5,0.5
warehouse_measurement:session:s042_02562:318eb04d1a2b,session,warehouse_measurement,S042_02562,synnetqos,session_id,S042_02562,S042_02562,10,9,0.9
warehouse_measurement:session:s042_02563:d2f339f8b2c6,session,warehouse_measurement,S042_02563,synnetqos,session_id,S042_02563,S042_02563,10,9,0.9
warehouse_measurement:session:s042_02564:c2890a60329c,session,warehouse_measurement,S042_02564,synnetqos,session_id,S042_02564,S042_02564,10,2,0.2
warehouse_measurement:session:s042_02565:81592470070d,session,warehouse_measurement,S042_02565,synnetqos,session_id,S042_02565,S042_02565,10,0,0.0
warehouse_measurement:session:s042_02566:03d1659bcb48,session,warehouse_measurement,S042_02566,synnetqos,session_id,S042_02566,S042_02566,10,2,0.2
warehouse_measurement:session:s042_02567:24e6c5a83f9f,session,warehouse_measurement,S042_02567,synnetqos,session_id,S042_02567,S042_02567,10,0,0.0
warehouse_measurement:session:s042_02568:9dabbe8894a0,session,warehouse_measurement,S042_02568,synnetqos,session_id,S042_02568,S042_02568,10,2,0.2
warehouse_measurement:session:s042_02569:9f08d3f0d1a5,session,warehouse_measurement,S042_02569,synnetqos,session_id,S042_02569,S042_02569,10,2,0.2
warehouse_measurement:session:s042_02570:e3373cfb74b8,session,warehouse_measurement,S042_02570,synnetqos,session_id,S042_02570,S042_02570,10,0,0.0
warehouse_measurement:session:s042_02571:ac91ded178a5,session,warehouse_measurement,S042_02571,synnetqos,session_id,S042_02571,S042_02571,10,7,0.7
warehouse_measurement:session:s042_02572:cdce56f8d237,session,warehouse_measurement,S042_02572,synnetqos,session_id,S042_02572,S042_02572,10,5,0.5
warehouse_measurement:session:s042_02573:1db238ac3435,session,warehouse_measurement,S042_02573,synnetqos,session_id,S042_02573,S042_02573,10,5,0.5
warehouse_measurement:session:s042_02574:94ac97975abd,session,warehouse_measurement,S042_02574,synnetqos,session_id,S042_02574,S042_02574,10,9,0.9
warehouse_measurement:session:s042_02575:acff3b66b7d9,session,warehouse_measurement,S042_02575,synnetqos,session_id,S042_02575,S042_02575,10,1,0.1
warehouse_measurement:session:s042_02576:eb336647dc61,session,warehouse_measurement,S042_02576,synnetqos,session_id,S042_02576,S042_02576,10,7,0.7
warehouse_measurement:session:s042_02577:7b54eeaf81c5,session,warehouse_measurement,S042_02577,synnetqos,session_id,S042_02577,S042_02577,10,0,0.0
warehouse_measurement:session:s042_02578:0d4f9f421518,session,warehouse_measurement,S042_02578,synnetqos,session_id,S042_02578,S042_02578,10,2,0.2
warehouse_measurement:session:s042_02579:9cf1de41f320,session,warehouse_measurement,S042_02579,synnetqos,session_id,S042_02579,S042_02579,10,10,1.0
warehouse_measurement:session:s042_02580:2718566a8c01,session,warehouse_measurement,S042_02580,synnetqos,session_id,S042_02580,S042_02580,10,10,1.0
warehouse_measurement:session:s042_02581:bb36282a5e52,session,warehouse_measurement,S042_02581,synnetqos,session_id,S042_02581,S042_02581,10,7,0.7
warehouse_measurement:session:s042_02582:3ecfb923f683,session,warehouse_measurement,S042_02582,synnetqos,session_id,S042_02582,S042_02582,10,4,0.4
warehouse_measurement:session:s042_02583:dece1f5bb715,session,warehouse_measurement,S042_02583,synnetqos,session_id,S042_02583,S042_02583,10,5,0.5
warehouse_measurement:session:s042_02584:85d95db6033f,session,warehouse_measurement,S042_02584,synnetqos,session_id,S042_02584,S042_02584,10,6,0.6
warehouse_measurement:session:s042_02585:53def19f85a2,session,warehouse_measurement,S042_02585,synnetqos,session_id,S042_02585,S042_02585,10,5,0.5
warehouse_measurement:session:s042_02586:fcbf368ae94c,session,warehouse_measurement,S042_02586,synnetqos,session_id,S042_02586,S042_02586,10,8,0.8
warehouse_measurement:session:s042_02587:c44fba923da1,session,warehouse_measurement,S042_02587,synnetqos,session_id,S042_02587,S042_02587,10,8,0.8
warehouse_measurement:session:s042_02588:13ed8ce76475,session,warehouse_measurement,S042_02588,synnetqos,session_id,S042_02588,S042_02588,10,0,0.0
warehouse_measurement:session:s042_02589:b40ed981b4d8,session,warehouse_measurement,S042_02589,synnetqos,session_id,S042_02589,S042_02589,10,10,1.0
warehouse_measurement:session:s042_02590:79c275bacbfe,session,warehouse_measurement,S042_02590,synnetqos,session_id,S042_02590,S042_02590,10,0,0.0
warehouse_measurement:session:s042_02591:73661c9e84e4,session,warehouse_measurement,S042_02591,synnetqos,session_id,S042_02591,S042_02591,10,1,0.1
warehouse_measurement:session:s042_02592:bb2d8b51c680,session,warehouse_measurement,S042_02592,synnetqos,session_id,S042_02592,S042_02592,10,8,0.8
warehouse_measurement:session:s042_02593:d99c0594fa2b,session,warehouse_measurement,S042_02593,synnetqos,session_id,S042_02593,S042_02593,10,9,0.9
warehouse_measurement:session:s042_02594:3a5fa7d2de50,session,warehouse_measurement,S042_02594,synnetqos,session_id,S042_02594,S042_02594,10,5,0.5
warehouse_measurement:session:s042_02595:c8dde4fbfa0d,session,warehouse_measurement,S042_02595,synnetqos,session_id,S042_02595,S042_02595,10,1,0.1
warehouse_measurement:session:s042_02596:12bcfd62f696,session,warehouse_measurement,S042_02596,synnetqos,session_id,S042_02596,S042_02596,10,9,0.9
warehouse_measurement:session:s042_02597:684c870933d3,session,warehouse_measurement,S042_02597,synnetqos,session_id,S042_02597,S042_02597,10,7,0.7
warehouse_measurement:session:s042_02598:b83a2605b57f,session,warehouse_measurement,S042_02598,synnetqos,session_id,S042_02598,S042_02598,10,6,0.6
warehouse_measurement:session:s042_02599:65c4ec1738b0,session,warehouse_measurement,S042_02599,synnetqos,session_id,S042_02599,S042_02599,10,2,0.2
warehouse_measurement:session:s042_02600:ce4540263b3c,session,warehouse_measurement,S042_02600,synnetqos,session_id,S042_02600,S042_02600,10,0,0.0
warehouse_measurement:session:s042_02601:ddec1473ae9d,session,warehouse_measurement,S042_02601,synnetqos,session_id,S042_02601,S042_02601,10,3,0.3
warehouse_measurement:session:s042_02602:1a2d293eaa65,session,warehouse_measurement,S042_02602,synnetqos,session_id,S042_02602,S042_02602,10,10,1.0
warehouse_measurement:session:s042_02603:9041f16d9472,session,warehouse_measurement,S042_02603,synnetqos,session_id,S042_02603,S042_02603,10,2,0.2
warehouse_measurement:session:s042_02604:d6c7f6e5f765,session,warehouse_measurement,S042_02604,synnetqos,session_id,S042_02604,S042_02604,10,1,0.1
warehouse_measurement:session:s042_02605:3dc505cb5498,session,warehouse_measurement,S042_02605,synnetqos,session_id,S042_02605,S042_02605,10,9,0.9
warehouse_measurement:session:s042_02606:f1573abbe00b,session,warehouse_measurement,S042_02606,synnetqos,session_id,S042_02606,S042_02606,10,0,0.0
warehouse_measurement:session:s042_02607:4352db671411,session,warehouse_measurement,S042_02607,synnetqos,session_id,S042_02607,S042_02607,10,8,0.8
warehouse_measurement:session:s042_02608:eadbd2c61103,session,warehouse_measurement,S042_02608,synnetqos,session_id,S042_02608,S042_02608,10,7,0.7
warehouse_measurement:session:s042_02609:8d9bc45b2ca6,session,warehouse_measurement,S042_02609,synnetqos,session_id,S042_02609,S042_02609,10,6,0.6
warehouse_measurement:session:s042_02610:aa1a407280c8,session,warehouse_measurement,S042_02610,synnetqos,session_id,S042_02610,S042_02610,10,10,1.0
warehouse_measurement:session:s042_02611:8c8f197a1325,session,warehouse_measurement,S042_02611,synnetqos,session_id,S042_02611,S042_02611,10,9,0.9
warehouse_measurement:session:s042_02612:47b9f2360cd4,session,warehouse_measurement,S042_02612,synnetqos,session_id,S042_02612,S042_02612,10,1,0.1
warehouse_measurement:session:s042_02613:9326727d6536,session,warehouse_measurement,S042_02613,synnetqos,session_id,S042_02613,S042_02613,10,8,0.8
warehouse_measurement:session:s042_02614:7ac562f34bd8,session,warehouse_measurement,S042_02614,synnetqos,session_id,S042_02614,S042_02614,10,8,0.8
warehouse_measurement:session:s042_02615:58e05df6b568,session,warehouse_measurement,S042_02615,synnetqos,session_id,S042_02615,S042_02615,10,6,0.6
warehouse_measurement:session:s042_02616:bca22797c263,session,warehouse_measurement,S042_02616,synnetqos,session_id,S042_02616,S042_02616,10,3,0.3
warehouse_measurement:session:s042_02617:0502813e6b8f,session,warehouse_measurement,S042_02617,synnetqos,session_id,S042_02617,S042_02617,10,9,0.9
warehouse_measurement:session:s042_02618:f75a26434032,session,warehouse_measurement,S042_02618,synnetqos,session_id,S042_02618,S042_02618,10,9,0.9
warehouse_measurement:session:s042_02619:e03d485967cf,session,warehouse_measurement,S042_02619,synnetqos,session_id,S042_02619,S042_02619,10,1,0.1
warehouse_measurement:session:s042_02620:50a154495b9b,session,warehouse_measurement,S042_02620,synnetqos,session_id,S042_02620,S042_02620,10,1,0.1
warehouse_measurement:session:s042_02621:248f7210e96c,session,warehouse_measurement,S042_02621,synnetqos,session_id,S042_02621,S042_02621,10,10,1.0
warehouse_measurement:session:s042_02622:fb9dc22b86ad,session,warehouse_measurement,S042_02622,synnetqos,session_id,S042_02622,S042_02622,10,10,1.0
warehouse_measurement:session:s042_02623:097e46e10cde,session,warehouse_measurement,S042_02623,synnetqos,session_id,S042_02623,S042_02623,10,7,0.7
warehouse_measurement:session:s042_02624:fe3157d347dc,session,warehouse_measurement,S042_02624,synnetqos,session_id,S042_02624,S042_02624,10,0,0.0
warehouse_measurement:session:s042_02625:75210e8ab18b,session,warehouse_measurement,S042_02625,synnetqos,session_id,S042_02625,S042_02625,10,8,0.8
warehouse_measurement:session:s042_02626:57a3c6debd1a,session,warehouse_measurement,S042_02626,synnetqos,session_id,S042_02626,S042_02626,10,9,0.9
warehouse_measurement:session:s042_02627:408e657fab90,session,warehouse_measurement,S042_02627,synnetqos,session_id,S042_02627,S042_02627,10,7,0.7
warehouse_measurement:session:s042_02628:614c2a1addb2,session,warehouse_measurement,S042_02628,synnetqos,session_id,S042_02628,S042_02628,10,6,0.6
warehouse_measurement:session:s042_02629:8520ddc9c614,session,warehouse_measurement,S042_02629,synnetqos,session_id,S042_02629,S042_02629,10,3,0.3
warehouse_measurement:session:s042_02630:2b1e54880595,session,warehouse_measurement,S042_02630,synnetqos,session_id,S042_02630,S042_02630,10,0,0.0
warehouse_measurement:session:s042_02631:75b01a20e34c,session,warehouse_measurement,S042_02631,synnetqos,session_id,S042_02631,S042_02631,10,7,0.7
warehouse_measurement:session:s042_02632:41c7695eba45,session,warehouse_measurement,S042_02632,synnetqos,session_id,S042_02632,S042_02632,10,10,1.0
warehouse_measurement:session:s042_02633:cec8c68e770c,session,warehouse_measurement,S042_02633,synnetqos,session_id,S042_02633,S042_02633,10,8,0.8
warehouse_measurement:session:s042_02634:e7814fe962ec,session,warehouse_measurement,S042_02634,synnetqos,session_id,S042_02634,S042_02634,10,3,0.3
warehouse_measurement:session:s042_02635:b06ac8d76912,session,warehouse_measurement,S042_02635,synnetqos,session_id,S042_02635,S042_02635,10,9,0.9
warehouse_measurement:session:s042_02636:1d9790aaac1c,session,warehouse_measurement,S042_02636,synnetqos,session_id,S042_02636,S042_02636,10,4,0.4
warehouse_measurement:session:s042_02637:1e769ed3fa70,session,warehouse_measurement,S042_02637,synnetqos,session_id,S042_02637,S042_02637,10,10,1.0
warehouse_measurement:session:s042_02638:5a036f21af20,session,warehouse_measurement,S042_02638,synnetqos,session_id,S042_02638,S042_02638,10,10,1.0
warehouse_measurement:session:s042_02639:9a03f318bbaa,session,warehouse_measurement,S042_02639,synnetqos,session_id,S042_02639,S042_02639,10,1,0.1
warehouse_measurement:session:s042_02640:42d0da9c368f,session,warehouse_measurement,S042_02640,synnetqos,session_id,S042_02640,S042_02640,10,3,0.3
warehouse_measurement:session:s042_02641:40d33217c7d6,session,warehouse_measurement,S042_02641,synnetqos,session_id,S042_02641,S042_02641,10,6,0.6
warehouse_measurement:session:s042_02642:9741ae8a8202,session,warehouse_measurement,S042_02642,synnetqos,session_id,S042_02642,S042_02642,10,1,0.1
warehouse_measurement:session:s042_02643:cffea37be172,session,warehouse_measurement,S042_02643,synnetqos,session_id,S042_02643,S042_02643,10,9,0.9
warehouse_measurement:session:s042_02644:c017fa4f2605,session,warehouse_measurement,S042_02644,synnetqos,session_id,S042_02644,S042_02644,10,10,1.0
warehouse_measurement:session:s042_02645:937977361243,session,warehouse_measurement,S042_02645,synnetqos,session_id,S042_02645,S042_02645,10,4,0.4
warehouse_measurement:session:s042_02646:c6278810293f,session,warehouse_measurement,S042_02646,synnetqos,session_id,S042_02646,S042_02646,10,7,0.7
warehouse_measurement:session:s042_02647:11308bf9b25b,session,warehouse_measurement,S042_02647,synnetqos,session_id,S042_02647,S042_02647,10,0,0.0
warehouse_measurement:session:s042_02648:b9e49f6e9196,session,warehouse_measurement,S042_02648,synnetqos,session_id,S042_02648,S042_02648,10,6,0.6
warehouse_measurement:session:s042_02649:faca72e6501c,session,warehouse_measurement,S042_02649,synnetqos,session_id,S042_02649,S042_02649,10,8,0.8
warehouse_measurement:session:s042_02650:a3fd819af981,session,warehouse_measurement,S042_02650,synnetqos,session_id,S042_02650,S042_02650,10,10,1.0
warehouse_measurement:session:s042_02651:fcd452c46d12,session,warehouse_measurement,S042_02651,synnetqos,session_id,S042_02651,S042_02651,10,5,0.5
warehouse_measurement:session:s042_02652:81a1d976c885,session,warehouse_measurement,S042_02652,synnetqos,session_id,S042_02652,S042_02652,10,1,0.1
warehouse_measurement:session:s042_02653:798220fc1720,session,warehouse_measurement,S042_02653,synnetqos,session_id,S042_02653,S042_02653,10,5,0.5
warehouse_measurement:session:s042_02654:850261fb6b89,session,warehouse_measurement,S042_02654,synnetqos,session_id,S042_02654,S042_02654,10,10,1.0
warehouse_measurement:session:s042_02655:8a628ea2d906,session,warehouse_measurement,S042_02655,synnetqos,session_id,S042_02655,S042_02655,10,0,0.0
warehouse_measurement:session:s042_02656:79516ea6aaf1,session,warehouse_measurement,S042_02656,synnetqos,session_id,S042_02656,S042_02656,10,5,0.5
warehouse_measurement:session:s042_02657:56d897e582b4,session,warehouse_measurement,S042_02657,synnetqos,session_id,S042_02657,S042_02657,10,7,0.7
warehouse_measurement:session:s042_02658:f2948f5a8529,session,warehouse_measurement,S042_02658,synnetqos,session_id,S042_02658,S042_02658,10,4,0.4
warehouse_measurement:session:s042_02659:b26dad8431ce,session,warehouse_measurement,S042_02659,synnetqos,session_id,S042_02659,S042_02659,10,10,1.0
warehouse_measurement:session:s042_02660:1bfad5aa729e,session,warehouse_measurement,S042_02660,synnetqos,session_id,S042_02660,S042_02660,10,3,0.3
warehouse_measurement:session:s042_02661:2bc62d002000,session,warehouse_measurement,S042_02661,synnetqos,session_id,S042_02661,S042_02661,10,1,0.1
warehouse_measurement:session:s042_02662:f80bc33bbf9b,session,warehouse_measurement,S042_02662,synnetqos,session_id,S042_02662,S042_02662,10,9,0.9
warehouse_measurement:session:s042_02663:e09d5f44cd9d,session,warehouse_measurement,S042_02663,synnetqos,session_id,S042_02663,S042_02663,10,0,0.0
warehouse_measurement:session:s042_02664:1b98a4bd6a3d,session,warehouse_measurement,S042_02664,synnetqos,session_id,S042_02664,S042_02664,10,4,0.4
warehouse_measurement:session:s042_02665:441aad5fc5ed,session,warehouse_measurement,S042_02665,synnetqos,session_id,S042_02665,S042_02665,10,7,0.7
warehouse_measurement:session:s042_02666:b7032773bc33,session,warehouse_measurement,S042_02666,synnetqos,session_id,S042_02666,S042_02666,10,6,0.6
warehouse_measurement:session:s042_02667:3a04d374afed,session,warehouse_measurement,S042_02667,synnetqos,session_id,S042_02667,S042_02667,10,0,0.0
warehouse_measurement:session:s042_02668:518a0c0f8289,session,warehouse_measurement,S042_02668,synnetqos,session_id,S042_02668,S042_02668,10,3,0.3
warehouse_measurement:session:s042_02669:a86aedc7188e,session,warehouse_measurement,S042_02669,synnetqos,session_id,S042_02669,S042_02669,10,7,0.7
warehouse_measurement:session:s042_02670:979b38f7874b,session,warehouse_measurement,S042_02670,synnetqos,session_id,S042_02670,S042_02670,10,2,0.2
warehouse_measurement:session:s042_02671:cc21aba60742,session,warehouse_measurement,S042_02671,synnetqos,session_id,S042_02671,S042_02671,10,4,0.4
warehouse_measurement:session:s042_02672:922305cdcbb2,session,warehouse_measurement,S042_02672,synnetqos,session_id,S042_02672,S042_02672,10,1,0.1
warehouse_measurement:session:s042_02673:e17f45dc55dc,session,warehouse_measurement,S042_02673,synnetqos,session_id,S042_02673,S042_02673,10,10,1.0
warehouse_measurement:session:s042_02674:16ca9b24619d,session,warehouse_measurement,S042_02674,synnetqos,session_id,S042_02674,S042_02674,10,5,0.5
warehouse_measurement:session:s042_02675:b0e6045207a3,session,warehouse_measurement,S042_02675,synnetqos,session_id,S042_02675,S042_02675,10,1,0.1
warehouse_measurement:session:s042_02676:e5dcb4875955,session,warehouse_measurement,S042_02676,synnetqos,session_id,S042_02676,S042_02676,10,8,0.8
warehouse_measurement:session:s042_02677:3f1fe3b79bb5,session,warehouse_measurement,S042_02677,synnetqos,session_id,S042_02677,S042_02677,10,9,0.9
warehouse_measurement:session:s042_02678:c3f3e7c5d9b8,session,warehouse_measurement,S042_02678,synnetqos,session_id,S042_02678,S042_02678,10,8,0.8
warehouse_measurement:session:s042_02679:8fe27284501d,session,warehouse_measurement,S042_02679,synnetqos,session_id,S042_02679,S042_02679,10,4,0.4
warehouse_measurement:session:s042_02680:146cf2216dfc,session,warehouse_measurement,S042_02680,synnetqos,session_id,S042_02680,S042_02680,10,4,0.4
warehouse_measurement:session:s042_02681:b01ed075d889,session,warehouse_measurement,S042_02681,synnetqos,session_id,S042_02681,S042_02681,10,10,1.0
warehouse_measurement:session:s042_02682:d5c27630613f,session,warehouse_measurement,S042_02682,synnetqos,session_id,S042_02682,S042_02682,10,6,0.6
warehouse_measurement:session:s042_02683:39e129f2355e,session,warehouse_measurement,S042_02683,synnetqos,session_id,S042_02683,S042_02683,10,9,0.9
warehouse_measurement:session:s042_02684:35bc115dfe14,session,warehouse_measurement,S042_02684,synnetqos,session_id,S042_02684,S042_02684,10,7,0.7
warehouse_measurement:session:s042_02685:58bc961946cf,session,warehouse_measurement,S042_02685,synnetqos,session_id,S042_02685,S042_02685,10,10,1.0
warehouse_measurement:session:s042_02686:e7f9444679f2,session,warehouse_measurement,S042_02686,synnetqos,session_id,S042_02686,S042_02686,10,10,1.0
warehouse_measurement:session:s042_02687:42f4760a4847,session,warehouse_measurement,S042_02687,synnetqos,session_id,S042_02687,S042_02687,10,4,0.4
warehouse_measurement:session:s042_02688:5ce23684d124,session,warehouse_measurement,S042_02688,synnetqos,session_id,S042_02688,S042_02688,10,2,0.2
warehouse_measurement:session:s042_02689:520053af2ca4,session,warehouse_measurement,S042_02689,synnetqos,session_id,S042_02689,S042_02689,10,0,0.0
warehouse_measurement:session:s042_02690:91efa30fa427,session,warehouse_measurement,S042_02690,synnetqos,session_id,S042_02690,S042_02690,10,3,0.3
warehouse_measurement:session:s042_02691:f32d46b942a5,session,warehouse_measurement,S042_02691,synnetqos,session_id,S042_02691,S042_02691,10,8,0.8
warehouse_measurement:session:s042_02692:ec85f2b4d8d4,session,warehouse_measurement,S042_02692,synnetqos,session_id,S042_02692,S042_02692,10,9,0.9
warehouse_measurement:session:s042_02693:01da4410d2bc,session,warehouse_measurement,S042_02693,synnetqos,session_id,S042_02693,S042_02693,10,5,0.5
warehouse_measurement:session:s042_02694:fcb61a5257f7,session,warehouse_measurement,S042_02694,synnetqos,session_id,S042_02694,S042_02694,10,10,1.0
warehouse_measurement:session:s042_02695:e5d597cc925e,session,warehouse_measurement,S042_02695,synnetqos,session_id,S042_02695,S042_02695,10,6,0.6
warehouse_measurement:session:s042_02696:f3305ad0f7f3,session,warehouse_measurement,S042_02696,synnetqos,session_id,S042_02696,S042_02696,10,4,0.4
warehouse_measurement:session:s042_02697:8192700bb583,session,warehouse_measurement,S042_02697,synnetqos,session_id,S042_02697,S042_02697,10,7,0.7
warehouse_measurement:session:s042_02698:dc10d37fb15b,session,warehouse_measurement,S042_02698,synnetqos,session_id,S042_02698,S042_02698,10,8,0.8
warehouse_measurement:session:s042_02699:206d9fc96108,session,warehouse_measurement,S042_02699,synnetqos,session_id,S042_02699,S042_02699,10,3,0.3
warehouse_measurement:session:s042_02700:08bcdcd601bc,session,warehouse_measurement,S042_02700,synnetqos,session_id,S042_02700,S042_02700,10,6,0.6
warehouse_measurement:session:s042_02701:82335537f53c,session,warehouse_measurement,S042_02701,synnetqos,session_id,S042_02701,S042_02701,10,4,0.4
warehouse_measurement:session:s042_02702:958d943a525e,session,warehouse_measurement,S042_02702,synnetqos,session_id,S042_02702,S042_02702,10,0,0.0
warehouse_measurement:session:s042_02703:cd16ddda4af0,session,warehouse_measurement,S042_02703,synnetqos,session_id,S042_02703,S042_02703,10,3,0.3
warehouse_measurement:session:s042_02704:31f5681b4570,session,warehouse_measurement,S042_02704,synnetqos,session_id,S042_02704,S042_02704,10,9,0.9
warehouse_measurement:session:s042_02705:f50491bce761,session,warehouse_measurement,S042_02705,synnetqos,session_id,S042_02705,S042_02705,10,6,0.6
warehouse_measurement:session:s042_02706:7302d8cd5a02,session,warehouse_measurement,S042_02706,synnetqos,session_id,S042_02706,S042_02706,10,1,0.1
warehouse_measurement:session:s042_02707:3e76f39cf4f4,session,warehouse_measurement,S042_02707,synnetqos,session_id,S042_02707,S042_02707,10,8,0.8
warehouse_measurement:session:s042_02708:070d298604c0,session,warehouse_measurement,S042_02708,synnetqos,session_id,S042_02708,S042_02708,10,4,0.4
warehouse_measurement:session:s042_02709:88bc54186a7b,session,warehouse_measurement,S042_02709,synnetqos,session_id,S042_02709,S042_02709,10,4,0.4
warehouse_measurement:session:s042_02710:e6832d80def9,session,warehouse_measurement,S042_02710,synnetqos,session_id,S042_02710,S042_02710,10,10,1.0
warehouse_measurement:session:s042_02711:5e97a4992ddb,session,warehouse_measurement,S042_02711,synnetqos,session_id,S042_02711,S042_02711,10,7,0.7
warehouse_measurement:session:s042_02712:4d81cc8718d4,session,warehouse_measurement,S042_02712,synnetqos,session_id,S042_02712,S042_02712,10,10,1.0
warehouse_measurement:session:s042_02713:a1e066c1183c,session,warehouse_measurement,S042_02713,synnetqos,session_id,S042_02713,S042_02713,10,0,0.0
warehouse_measurement:session:s042_02714:bc4df2b981ff,session,warehouse_measurement,S042_02714,synnetqos,session_id,S042_02714,S042_02714,10,2,0.2
warehouse_measurement:session:s042_02715:d6b000eb6915,session,warehouse_measurement,S042_02715,synnetqos,session_id,S042_02715,S042_02715,10,8,0.8
warehouse_measurement:session:s042_02716:89da1cfe7d93,session,warehouse_measurement,S042_02716,synnetqos,session_id,S042_02716,S042_02716,10,1,0.1
warehouse_measurement:session:s042_02717:7d2f428024ae,session,warehouse_measurement,S042_02717,synnetqos,session_id,S042_02717,S042_02717,10,5,0.5
warehouse_measurement:session:s042_02718:f492b1407ede,session,warehouse_measurement,S042_02718,synnetqos,session_id,S042_02718,S042_02718,10,5,0.5
warehouse_measurement:session:s042_02719:e50da85fd473,session,warehouse_measurement,S042_02719,synnetqos,session_id,S042_02719,S042_02719,10,1,0.1
warehouse_measurement:session:s042_02720:52bbee956e18,session,warehouse_measurement,S042_02720,synnetqos,session_id,S042_02720,S042_02720,10,4,0.4
warehouse_measurement:session:s042_02721:cb32a67088a1,session,warehouse_measurement,S042_02721,synnetqos,session_id,S042_02721,S042_02721,10,0,0.0
warehouse_measurement:session:s042_02722:181317882ecd,session,warehouse_measurement,S042_02722,synnetqos,session_id,S042_02722,S042_02722,10,0,0.0
warehouse_measurement:session:s042_02723:177d83664dcd,session,warehouse_measurement,S042_02723,synnetqos,session_id,S042_02723,S042_02723,10,7,0.7
warehouse_measurement:session:s042_02724:a07743d4743a,session,warehouse_measurement,S042_02724,synnetqos,session_id,S042_02724,S042_02724,10,10,1.0
warehouse_measurement:session:s042_02725:872440546f10,session,warehouse_measurement,S042_02725,synnetqos,session_id,S042_02725,S042_02725,10,0,0.0
warehouse_measurement:session:s042_02726:b4561ec01e3d,session,warehouse_measurement,S042_02726,synnetqos,session_id,S042_02726,S042_02726,10,10,1.0
warehouse_measurement:session:s042_02727:ab4b178d7f8e,session,warehouse_measurement,S042_02727,synnetqos,session_id,S042_02727,S042_02727,10,1,0.1
warehouse_measurement:session:s042_02728:15cbe8cd10f3,session,warehouse_measurement,S042_02728,synnetqos,session_id,S042_02728,S042_02728,10,1,0.1
warehouse_measurement:session:s042_02729:58dfe06aec3c,session,warehouse_measurement,S042_02729,synnetqos,session_id,S042_02729,S042_02729,10,6,0.6
warehouse_measurement:session:s042_02730:56e79853e2fd,session,warehouse_measurement,S042_02730,synnetqos,session_id,S042_02730,S042_02730,10,9,0.9
warehouse_measurement:session:s042_02731:8a36e46f4916,session,warehouse_measurement,S042_02731,synnetqos,session_id,S042_02731,S042_02731,10,4,0.4
warehouse_measurement:session:s042_02732:9357987dbe06,session,warehouse_measurement,S042_02732,synnetqos,session_id,S042_02732,S042_02732,10,2,0.2
warehouse_measurement:session:s042_02733:b82870bf97d8,session,warehouse_measurement,S042_02733,synnetqos,session_id,S042_02733,S042_02733,10,0,0.0
warehouse_measurement:session:s042_02734:e7db253595c6,session,warehouse_measurement,S042_02734,synnetqos,session_id,S042_02734,S042_02734,10,6,0.6
warehouse_measurement:session:s042_02735:26b28bc0e893,session,warehouse_measurement,S042_02735,synnetqos,session_id,S042_02735,S042_02735,10,9,0.9
warehouse_measurement:session:s042_02736:4493fab52a69,session,warehouse_measurement,S042_02736,synnetqos,session_id,S042_02736,S042_02736,10,10,1.0
warehouse_measurement:session:s042_02737:fe2f878a9880,session,warehouse_measurement,S042_02737,synnetqos,session_id,S042_02737,S042_02737,10,6,0.6
warehouse_measurement:session:s042_02738:bd37648db99d,session,warehouse_measurement,S042_02738,synnetqos,session_id,S042_02738,S042_02738,10,2,0.2
warehouse_measurement:session:s042_02739:348438be2ec1,session,warehouse_measurement,S042_02739,synnetqos,session_id,S042_02739,S042_02739,10,4,0.4
warehouse_measurement:session:s042_02740:c79dff84c138,session,warehouse_measurement,S042_02740,synnetqos,session_id,S042_02740,S042_02740,10,10,1.0
warehouse_measurement:session:s042_02741:2415c0374294,session,warehouse_measurement,S042_02741,synnetqos,session_id,S042_02741,S042_02741,10,1,0.1
warehouse_measurement:session:s042_02742:74ed71de8f96,session,warehouse_measurement,S042_02742,synnetqos,session_id,S042_02742,S042_02742,10,6,0.6
warehouse_measurement:session:s042_02743:2eacf49eb0d2,session,warehouse_measurement,S042_02743,synnetqos,session_id,S042_02743,S042_02743,10,8,0.8
warehouse_measurement:session:s042_02744:203e4d53eb8a,session,warehouse_measurement,S042_02744,synnetqos,session_id,S042_02744,S042_02744,10,9,0.9
warehouse_measurement:session:s042_02745:dbf23499d536,session,warehouse_measurement,S042_02745,synnetqos,session_id,S042_02745,S042_02745,10,5,0.5
warehouse_measurement:session:s042_02746:f38d3356bfda,session,warehouse_measurement,S042_02746,synnetqos,session_id,S042_02746,S042_02746,10,9,0.9
warehouse_measurement:session:s042_02747:c6bf2fc111f1,session,warehouse_measurement,S042_02747,synnetqos,session_id,S042_02747,S042_02747,10,9,0.9
warehouse_measurement:session:s042_02748:7d9437d53afb,session,warehouse_measurement,S042_02748,synnetqos,session_id,S042_02748,S042_02748,10,8,0.8
warehouse_measurement:session:s042_02749:4ed74c519f7c,session,warehouse_measurement,S042_02749,synnetqos,session_id,S042_02749,S042_02749,10,8,0.8
warehouse_measurement:session:s042_02750:e4aff1bc8bb2,session,warehouse_measurement,S042_02750,synnetqos,session_id,S042_02750,S042_02750,10,4,0.4
warehouse_measurement:session:s042_02751:54326b0a05ce,session,warehouse_measurement,S042_02751,synnetqos,session_id,S042_02751,S042_02751,10,0,0.0
warehouse_measurement:session:s042_02752:2bc8b1e6fd76,session,warehouse_measurement,S042_02752,synnetqos,session_id,S042_02752,S042_02752,10,3,0.3
warehouse_measurement:session:s042_02753:0bca2d77efa3,session,warehouse_measurement,S042_02753,synnetqos,session_id,S042_02753,S042_02753,10,5,0.5
warehouse_measurement:session:s042_02754:bbf75b7afdc8,session,warehouse_measurement,S042_02754,synnetqos,session_id,S042_02754,S042_02754,10,1,0.1
warehouse_measurement:session:s042_02755:688d61247ff1,session,warehouse_measurement,S042_02755,synnetqos,session_id,S042_02755,S042_02755,10,9,0.9
warehouse_measurement:session:s042_02756:68d955194a0d,session,warehouse_measurement,S042_02756,synnetqos,session_id,S042_02756,S042_02756,10,5,0.5
warehouse_measurement:session:s042_02757:6f3fb73475af,session,warehouse_measurement,S042_02757,synnetqos,session_id,S042_02757,S042_02757,10,9,0.9
warehouse_measurement:session:s042_02758:2b9771407f62,session,warehouse_measurement,S042_02758,synnetqos,session_id,S042_02758,S042_02758,10,9,0.9
warehouse_measurement:session:s042_02759:eec77c006f10,session,warehouse_measurement,S042_02759,synnetqos,session_id,S042_02759,S042_02759,10,10,1.0
warehouse_measurement:session:s042_02760:c2cc9500cbbd,session,warehouse_measurement,S042_02760,synnetqos,session_id,S042_02760,S042_02760,10,8,0.8
warehouse_measurement:session:s042_02761:cfe94a627c0b,session,warehouse_measurement,S042_02761,synnetqos,session_id,S042_02761,S042_02761,10,8,0.8
warehouse_measurement:session:s042_02762:3be83006e93f,session,warehouse_measurement,S042_02762,synnetqos,session_id,S042_02762,S042_02762,10,5,0.5
warehouse_measurement:session:s042_02763:0f016be92fa7,session,warehouse_measurement,S042_02763,synnetqos,session_id,S042_02763,S042_02763,10,2,0.2
warehouse_measurement:session:s042_02764:3bdf922ecf54,session,warehouse_measurement,S042_02764,synnetqos,session_id,S042_02764,S042_02764,10,1,0.1
warehouse_measurement:session:s042_02765:88fab73558d1,session,warehouse_measurement,S042_02765,synnetqos,session_id,S042_02765,S042_02765,10,3,0.3
warehouse_measurement:session:s042_02766:1d11f8ec247f,session,warehouse_measurement,S042_02766,synnetqos,session_id,S042_02766,S042_02766,10,5,0.5
warehouse_measurement:session:s042_02767:bb9914dfd15d,session,warehouse_measurement,S042_02767,synnetqos,session_id,S042_02767,S042_02767,10,5,0.5
warehouse_measurement:session:s042_02768:c793edb58c92,session,warehouse_measurement,S042_02768,synnetqos,session_id,S042_02768,S042_02768,10,6,0.6
warehouse_measurement:session:s042_02769:e2c87acba5c7,session,warehouse_measurement,S042_02769,synnetqos,session_id,S042_02769,S042_02769,10,6,0.6
warehouse_measurement:session:s042_02770:d5d5fd0b9854,session,warehouse_measurement,S042_02770,synnetqos,session_id,S042_02770,S042_02770,10,10,1.0
warehouse_measurement:session:s042_02771:c95824f6db16,session,warehouse_measurement,S042_02771,synnetqos,session_id,S042_02771,S042_02771,10,3,0.3
warehouse_measurement:session:s042_02772:54b1338d7be3,session,warehouse_measurement,S042_02772,synnetqos,session_id,S042_02772,S042_02772,10,2,0.2
warehouse_measurement:session:s042_02773:e999abd78bc8,session,warehouse_measurement,S042_02773,synnetqos,session_id,S042_02773,S042_02773,10,1,0.1
warehouse_measurement:session:s042_02774:3277cc34ffa5,session,warehouse_measurement,S042_02774,synnetqos,session_id,S042_02774,S042_02774,10,7,0.7
warehouse_measurement:session:s042_02775:809b85a216dc,session,warehouse_measurement,S042_02775,synnetqos,session_id,S042_02775,S042_02775,10,2,0.2
warehouse_measurement:session:s042_02776:6ab765077377,session,warehouse_measurement,S042_02776,synnetqos,session_id,S042_02776,S042_02776,10,6,0.6
warehouse_measurement:session:s042_02777:7b46a819081e,session,warehouse_measurement,S042_02777,synnetqos,session_id,S042_02777,S042_02777,10,6,0.6
warehouse_measurement:session:s042_02778:53eb049a9199,session,warehouse_measurement,S042_02778,synnetqos,session_id,S042_02778,S042_02778,10,9,0.9
warehouse_measurement:session:s042_02779:57791bd04885,session,warehouse_measurement,S042_02779,synnetqos,session_id,S042_02779,S042_02779,10,5,0.5
warehouse_measurement:session:s042_02780:7686e5fde6c7,session,warehouse_measurement,S042_02780,synnetqos,session_id,S042_02780,S042_02780,10,10,1.0
warehouse_measurement:session:s042_02781:f1fe82cfd208,session,warehouse_measurement,S042_02781,synnetqos,session_id,S042_02781,S042_02781,10,8,0.8
warehouse_measurement:session:s042_02782:1c2f61d7b9d9,session,warehouse_measurement,S042_02782,synnetqos,session_id,S042_02782,S042_02782,10,2,0.2
warehouse_measurement:session:s042_02783:9d1ebdd25719,session,warehouse_measurement,S042_02783,synnetqos,session_id,S042_02783,S042_02783,10,6,0.6
warehouse_measurement:session:s042_02784:9bf5152aede8,session,warehouse_measurement,S042_02784,synnetqos,session_id,S042_02784,S042_02784,10,3,0.3
warehouse_measurement:session:s042_02785:b1547d10c171,session,warehouse_measurement,S042_02785,synnetqos,session_id,S042_02785,S042_02785,10,10,1.0
warehouse_measurement:session:s042_02786:35533524bdaf,session,warehouse_measurement,S042_02786,synnetqos,session_id,S042_02786,S042_02786,10,10,1.0
warehouse_measurement:session:s042_02787:9586f4ee5c81,session,warehouse_measurement,S042_02787,synnetqos,session_id,S042_02787,S042_02787,10,2,0.2
warehouse_measurement:session:s042_02788:8f6462896d7b,session,warehouse_measurement,S042_02788,synnetqos,session_id,S042_02788,S042_02788,10,6,0.6
warehouse_measurement:session:s042_02789:fcaa82ccd1de,session,warehouse_measurement,S042_02789,synnetqos,session_id,S042_02789,S042_02789,10,1,0.1
warehouse_measurement:session:s042_02790:eacbcac32099,session,warehouse_measurement,S042_02790,synnetqos,session_id,S042_02790,S042_02790,10,2,0.2
warehouse_measurement:session:s042_02791:3a242eeec4a7,session,warehouse_measurement,S042_02791,synnetqos,session_id,S042_02791,S042_02791,10,1,0.1
warehouse_measurement:session:s042_02792:2fe36fc09683,session,warehouse_measurement,S042_02792,synnetqos,session_id,S042_02792,S042_02792,10,1,0.1
warehouse_measurement:session:s042_02793:7220a646c7d6,session,warehouse_measurement,S042_02793,synnetqos,session_id,S042_02793,S042_02793,10,6,0.6
warehouse_measurement:session:s042_02794:fb40ef505b35,session,warehouse_measurement,S042_02794,synnetqos,session_id,S042_02794,S042_02794,10,3,0.3
warehouse_measurement:session:s042_02795:bbf63149cb6d,session,warehouse_measurement,S042_02795,synnetqos,session_id,S042_02795,S042_02795,10,9,0.9
warehouse_measurement:session:s042_02796:46961b8b446a,session,warehouse_measurement,S042_02796,synnetqos,session_id,S042_02796,S042_02796,10,2,0.2
warehouse_measurement:session:s042_02797:4239a38fa353,session,warehouse_measurement,S042_02797,synnetqos,session_id,S042_02797,S042_02797,10,6,0.6
warehouse_measurement:session:s042_02798:f7c4cd9066ab,session,warehouse_measurement,S042_02798,synnetqos,session_id,S042_02798,S042_02798,10,7,0.7
warehouse_measurement:session:s042_02799:8784bc66c9b4,session,warehouse_measurement,S042_02799,synnetqos,session_id,S042_02799,S042_02799,10,7,0.7
warehouse_measurement:session:s042_02800:f7a22769fb90,session,warehouse_measurement,S042_02800,synnetqos,session_id,S042_02800,S042_02800,10,8,0.8
warehouse_measurement:session:s042_02801:2ab912d24d7b,session,warehouse_measurement,S042_02801,synnetqos,session_id,S042_02801,S042_02801,10,10,1.0
warehouse_measurement:session:s042_02802:b15d567d5235,session,warehouse_measurement,S042_02802,synnetqos,session_id,S042_02802,S042_02802,10,4,0.4
warehouse_measurement:session:s042_02803:be1a63d86f43,session,warehouse_measurement,S042_02803,synnetqos,session_id,S042_02803,S042_02803,10,5,0.5
warehouse_measurement:session:s042_02804:6a6e11dcb1d5,session,warehouse_measurement,S042_02804,synnetqos,session_id,S042_02804,S042_02804,10,5,0.5
warehouse_measurement:session:s042_02805:20964e40a4dc,session,warehouse_measurement,S042_02805,synnetqos,session_id,S042_02805,S042_02805,10,4,0.4
warehouse_measurement:session:s042_02806:62ed279f72c0,session,warehouse_measurement,S042_02806,synnetqos,session_id,S042_02806,S042_02806,10,0,0.0
warehouse_measurement:session:s042_02807:f9954fbd7afb,session,warehouse_measurement,S042_02807,synnetqos,session_id,S042_02807,S042_02807,10,6,0.6
warehouse_measurement:session:s042_02808:8af5a3c0218d,session,warehouse_measurement,S042_02808,synnetqos,session_id,S042_02808,S042_02808,10,2,0.2
warehouse_measurement:session:s042_02809:6037d627bc3f,session,warehouse_measurement,S042_02809,synnetqos,session_id,S042_02809,S042_02809,10,3,0.3
warehouse_measurement:session:s042_02810:640fb265c442,session,warehouse_measurement,S042_02810,synnetqos,session_id,S042_02810,S042_02810,10,7,0.7
warehouse_measurement:session:s042_02811:44ad49f37b53,session,warehouse_measurement,S042_02811,synnetqos,session_id,S042_02811,S042_02811,10,1,0.1
warehouse_measurement:session:s042_02812:8d1ff07736b5,session,warehouse_measurement,S042_02812,synnetqos,session_id,S042_02812,S042_02812,10,9,0.9
warehouse_measurement:session:s042_02813:f99f655b06f3,session,warehouse_measurement,S042_02813,synnetqos,session_id,S042_02813,S042_02813,10,2,0.2
warehouse_measurement:session:s042_02814:e43978287c79,session,warehouse_measurement,S042_02814,synnetqos,session_id,S042_02814,S042_02814,10,8,0.8
warehouse_measurement:session:s042_02815:4881e2b1c911,session,warehouse_measurement,S042_02815,synnetqos,session_id,S042_02815,S042_02815,10,6,0.6
warehouse_measurement:session:s042_02816:750750d9b29b,session,warehouse_measurement,S042_02816,synnetqos,session_id,S042_02816,S042_02816,10,3,0.3
warehouse_measurement:session:s042_02817:7b45fc92ba0c,session,warehouse_measurement,S042_02817,synnetqos,session_id,S042_02817,S042_02817,10,1,0.1
warehouse_measurement:session:s042_02818:45c08f305496,session,warehouse_measurement,S042_02818,synnetqos,session_id,S042_02818,S042_02818,10,0,0.0
warehouse_measurement:session:s042_02819:f5e989f8819c,session,warehouse_measurement,S042_02819,synnetqos,session_id,S042_02819,S042_02819,10,1,0.1
warehouse_measurement:session:s042_02820:c94aa64e3246,session,warehouse_measurement,S042_02820,synnetqos,session_id,S042_02820,S042_02820,10,8,0.8
warehouse_measurement:session:s042_02821:b697465bb76e,session,warehouse_measurement,S042_02821,synnetqos,session_id,S042_02821,S042_02821,10,10,1.0
warehouse_measurement:session:s042_02822:67af62253a05,session,warehouse_measurement,S042_02822,synnetqos,session_id,S042_02822,S042_02822,10,4,0.4
warehouse_measurement:session:s042_02823:5c0177cb21a0,session,warehouse_measurement,S042_02823,synnetqos,session_id,S042_02823,S042_02823,10,10,1.0
warehouse_measurement:session:s042_02824:95f69685c1dd,session,warehouse_measurement,S042_02824,synnetqos,session_id,S042_02824,S042_02824,10,8,0.8
warehouse_measurement:session:s042_02825:728982dc2047,session,warehouse_measurement,S042_02825,synnetqos,session_id,S042_02825,S042_02825,10,1,0.1
warehouse_measurement:session:s042_02826:3858ba5a2ca2,session,warehouse_measurement,S042_02826,synnetqos,session_id,S042_02826,S042_02826,10,10,1.0
warehouse_measurement:session:s042_02827:704d05860930,session,warehouse_measurement,S042_02827,synnetqos,session_id,S042_02827,S042_02827,10,0,0.0
warehouse_measurement:session:s042_02828:4613f582c5ca,session,warehouse_measurement,S042_02828,synnetqos,session_id,S042_02828,S042_02828,10,2,0.2
warehouse_measurement:session:s042_02829:1357f1308eda,session,warehouse_measurement,S042_02829,synnetqos,session_id,S042_02829,S042_02829,10,8,0.8
warehouse_measurement:session:s042_02830:9304566a2602,session,warehouse_measurement,S042_02830,synnetqos,session_id,S042_02830,S042_02830,10,9,0.9
warehouse_measurement:session:s042_02831:bb7ff70abc8d,session,warehouse_measurement,S042_02831,synnetqos,session_id,S042_02831,S042_02831,10,0,0.0
warehouse_measurement:session:s042_02832:e4421053bc70,session,warehouse_measurement,S042_02832,synnetqos,session_id,S042_02832,S042_02832,10,9,0.9
warehouse_measurement:session:s042_02833:d215c1a6324c,session,warehouse_measurement,S042_02833,synnetqos,session_id,S042_02833,S042_02833,10,0,0.0
warehouse_measurement:session:s042_02834:2dcd1404d529,session,warehouse_measurement,S042_02834,synnetqos,session_id,S042_02834,S042_02834,10,6,0.6
warehouse_measurement:session:s042_02835:98fafdfee8eb,session,warehouse_measurement,S042_02835,synnetqos,session_id,S042_02835,S042_02835,10,3,0.3
warehouse_measurement:session:s042_02836:17dd22001f34,session,warehouse_measurement,S042_02836,synnetqos,session_id,S042_02836,S042_02836,10,8,0.8
warehouse_measurement:session:s042_02837:1007a359c61b,session,warehouse_measurement,S042_02837,synnetqos,session_id,S042_02837,S042_02837,10,1,0.1
warehouse_measurement:session:s042_02838:61b0cdca0587,session,warehouse_measurement,S042_02838,synnetqos,session_id,S042_02838,S042_02838,10,5,0.5
warehouse_measurement:session:s042_02839:2eb72b306a08,session,warehouse_measurement,S042_02839,synnetqos,session_id,S042_02839,S042_02839,10,1,0.1
warehouse_measurement:session:s042_02840:7acc061c9ef6,session,warehouse_measurement,S042_02840,synnetqos,session_id,S042_02840,S042_02840,10,7,0.7
warehouse_measurement:session:s042_02841:b95356a8cc52,session,warehouse_measurement,S042_02841,synnetqos,session_id,S042_02841,S042_02841,10,2,0.2
warehouse_measurement:session:s042_02842:3808f45fa5e8,session,warehouse_measurement,S042_02842,synnetqos,session_id,S042_02842,S042_02842,10,9,0.9
warehouse_measurement:session:s042_02843:dc9ebcb4c6d2,session,warehouse_measurement,S042_02843,synnetqos,session_id,S042_02843,S042_02843,10,4,0.4
warehouse_measurement:session:s042_02844:46d5cb2815ba,session,warehouse_measurement,S042_02844,synnetqos,session_id,S042_02844,S042_02844,10,8,0.8
warehouse_measurement:session:s042_02845:6eb37fc1f38f,session,warehouse_measurement,S042_02845,synnetqos,session_id,S042_02845,S042_02845,10,4,0.4
warehouse_measurement:session:s042_02846:341c223591ed,session,warehouse_measurement,S042_02846,synnetqos,session_id,S042_02846,S042_02846,10,3,0.3
warehouse_measurement:session:s042_02847:bca90faf1256,session,warehouse_measurement,S042_02847,synnetqos,session_id,S042_02847,S042_02847,10,5,0.5
warehouse_measurement:session:s042_02848:6764523ccd39,session,warehouse_measurement,S042_02848,synnetqos,session_id,S042_02848,S042_02848,10,0,0.0
warehouse_measurement:session:s042_02849:21d5550a9dcd,session,warehouse_measurement,S042_02849,synnetqos,session_id,S042_02849,S042_02849,10,7,0.7
warehouse_measurement:session:s042_02850:06079f239ade,session,warehouse_measurement,S042_02850,synnetqos,session_id,S042_02850,S042_02850,10,4,0.4
warehouse_measurement:session:s042_02851:0ce60ddc5e76,session,warehouse_measurement,S042_02851,synnetqos,session_id,S042_02851,S042_02851,10,10,1.0
warehouse_measurement:session:s042_02852:a2e4b2219025,session,warehouse_measurement,S042_02852,synnetqos,session_id,S042_02852,S042_02852,10,6,0.6
warehouse_measurement:session:s042_02853:d5f5624404ec,session,warehouse_measurement,S042_02853,synnetqos,session_id,S042_02853,S042_02853,10,0,0.0
warehouse_measurement:session:s042_02854:ad20556d9adb,session,warehouse_measurement,S042_02854,synnetqos,session_id,S042_02854,S042_02854,10,4,0.4
warehouse_measurement:session:s042_02855:79629664c663,session,warehouse_measurement,S042_02855,synnetqos,session_id,S042_02855,S042_02855,10,5,0.5
warehouse_measurement:session:s042_02856:29a2eaa6ba67,session,warehouse_measurement,S042_02856,synnetqos,session_id,S042_02856,S042_02856,10,7,0.7
warehouse_measurement:session:s042_02857:4cff29561c07,session,warehouse_measurement,S042_02857,synnetqos,session_id,S042_02857,S042_02857,10,4,0.4
warehouse_measurement:session:s042_02858:072b32fc9435,session,warehouse_measurement,S042_02858,synnetqos,session_id,S042_02858,S042_02858,10,5,0.5
warehouse_measurement:session:s042_02859:47743c0a3e2f,session,warehouse_measurement,S042_02859,synnetqos,session_id,S042_02859,S042_02859,10,7,0.7
warehouse_measurement:session:s042_02860:e2faaab889ef,session,warehouse_measurement,S042_02860,synnetqos,session_id,S042_02860,S042_02860,10,0,0.0
warehouse_measurement:session:s042_02861:559e0a2730ce,session,warehouse_measurement,S042_02861,synnetqos,session_id,S042_02861,S042_02861,10,3,0.3
warehouse_measurement:session:s042_02862:9dc49acf98ee,session,warehouse_measurement,S042_02862,synnetqos,session_id,S042_02862,S042_02862,10,3,0.3
warehouse_measurement:session:s042_02863:622047910ad3,session,warehouse_measurement,S042_02863,synnetqos,session_id,S042_02863,S042_02863,10,9,0.9
warehouse_measurement:session:s042_02864:0b9e49ada92a,session,warehouse_measurement,S042_02864,synnetqos,session_id,S042_02864,S042_02864,10,8,0.8
warehouse_measurement:session:s042_02865:34f4eeeeb9fb,session,warehouse_measurement,S042_02865,synnetqos,session_id,S042_02865,S042_02865,10,2,0.2
warehouse_measurement:session:s042_02866:1bbc181bd400,session,warehouse_measurement,S042_02866,synnetqos,session_id,S042_02866,S042_02866,10,5,0.5
warehouse_measurement:session:s042_02867:f1358ad522db,session,warehouse_measurement,S042_02867,synnetqos,session_id,S042_02867,S042_02867,10,3,0.3
warehouse_measurement:session:s042_02868:84da42890291,session,warehouse_measurement,S042_02868,synnetqos,session_id,S042_02868,S042_02868,10,0,0.0
warehouse_measurement:session:s042_02869:c5ff965be335,session,warehouse_measurement,S042_02869,synnetqos,session_id,S042_02869,S042_02869,10,10,1.0
warehouse_measurement:session:s042_02870:85f305c74400,session,warehouse_measurement,S042_02870,synnetqos,session_id,S042_02870,S042_02870,10,2,0.2
warehouse_measurement:session:s042_02871:36c2e9dcbb78,session,warehouse_measurement,S042_02871,synnetqos,session_id,S042_02871,S042_02871,10,1,0.1
warehouse_measurement:session:s042_02872:ddb4443af914,session,warehouse_measurement,S042_02872,synnetqos,session_id,S042_02872,S042_02872,10,9,0.9
warehouse_measurement:session:s042_02873:a89eb073acf0,session,warehouse_measurement,S042_02873,synnetqos,session_id,S042_02873,S042_02873,10,2,0.2
warehouse_measurement:session:s042_02874:4885ffcb4100,session,warehouse_measurement,S042_02874,synnetqos,session_id,S042_02874,S042_02874,10,10,1.0
warehouse_measurement:session:s042_02875:7dbca6164fff,session,warehouse_measurement,S042_02875,synnetqos,session_id,S042_02875,S042_02875,10,7,0.7
warehouse_measurement:session:s042_02876:865237adfc3f,session,warehouse_measurement,S042_02876,synnetqos,session_id,S042_02876,S042_02876,10,1,0.1
warehouse_measurement:session:s042_02877:83a94dd39ebe,session,warehouse_measurement,S042_02877,synnetqos,session_id,S042_02877,S042_02877,10,4,0.4
warehouse_measurement:session:s042_02878:9963e01ff388,session,warehouse_measurement,S042_02878,synnetqos,session_id,S042_02878,S042_02878,10,6,0.6
warehouse_measurement:session:s042_02879:df7677e01376,session,warehouse_measurement,S042_02879,synnetqos,session_id,S042_02879,S042_02879,10,5,0.5
warehouse_measurement:session:s042_02880:20dadbf3a229,session,warehouse_measurement,S042_02880,synnetqos,session_id,S042_02880,S042_02880,10,1,0.1
warehouse_measurement:session:s042_02881:987f901dddc9,session,warehouse_measurement,S042_02881,synnetqos,session_id,S042_02881,S042_02881,10,5,0.5
warehouse_measurement:session:s042_02882:a6dae6b7f237,session,warehouse_measurement,S042_02882,synnetqos,session_id,S042_02882,S042_02882,10,0,0.0
warehouse_measurement:session:s042_02883:59712965a446,session,warehouse_measurement,S042_02883,synnetqos,session_id,S042_02883,S042_02883,10,1,0.1
warehouse_measurement:session:s042_02884:03fe053d0c84,session,warehouse_measurement,S042_02884,synnetqos,session_id,S042_02884,S042_02884,10,3,0.3
warehouse_measurement:session:s042_02885:c6d5b999fa4a,session,warehouse_measurement,S042_02885,synnetqos,session_id,S042_02885,S042_02885,10,2,0.2
warehouse_measurement:session:s042_02886:899138876036,session,warehouse_measurement,S042_02886,synnetqos,session_id,S042_02886,S042_02886,10,5,0.5
warehouse_measurement:session:s042_02887:65e74e54b4d1,session,warehouse_measurement,S042_02887,synnetqos,session_id,S042_02887,S042_02887,10,6,0.6
warehouse_measurement:session:s042_02888:d71915df181e,session,warehouse_measurement,S042_02888,synnetqos,session_id,S042_02888,S042_02888,10,8,0.8
warehouse_measurement:session:s042_02889:0b6481f7f1b3,session,warehouse_measurement,S042_02889,synnetqos,session_id,S042_02889,S042_02889,10,1,0.1
warehouse_measurement:session:s042_02890:29bf6a77b1b2,session,warehouse_measurement,S042_02890,synnetqos,session_id,S042_02890,S042_02890,10,5,0.5
warehouse_measurement:session:s042_02891:57d01373ed4f,session,warehouse_measurement,S042_02891,synnetqos,session_id,S042_02891,S042_02891,10,9,0.9
warehouse_measurement:session:s042_02892:67a28d009012,session,warehouse_measurement,S042_02892,synnetqos,session_id,S042_02892,S042_02892,10,8,0.8
warehouse_measurement:session:s042_02893:0cb2e8691a80,session,warehouse_measurement,S042_02893,synnetqos,session_id,S042_02893,S042_02893,10,4,0.4
warehouse_measurement:session:s042_02894:c677e6edb2d8,session,warehouse_measurement,S042_02894,synnetqos,session_id,S042_02894,S042_02894,10,6,0.6
warehouse_measurement:session:s042_02895:f699612bd226,session,warehouse_measurement,S042_02895,synnetqos,session_id,S042_02895,S042_02895,10,1,0.1
warehouse_measurement:session:s042_02896:a49f0ceaba7d,session,warehouse_measurement,S042_02896,synnetqos,session_id,S042_02896,S042_02896,10,10,1.0
warehouse_measurement:session:s042_02897:00cf29e86871,session,warehouse_measurement,S042_02897,synnetqos,session_id,S042_02897,S042_02897,10,10,1.0
warehouse_measurement:session:s042_02898:120af4d8d337,session,warehouse_measurement,S042_02898,synnetqos,session_id,S042_02898,S042_02898,10,1,0.1
warehouse_measurement:session:s042_02899:aa6ffb808ba8,session,warehouse_measurement,S042_02899,synnetqos,session_id,S042_02899,S042_02899,10,1,0.1
warehouse_measurement:session:s042_02900:8a300c50df48,session,warehouse_measurement,S042_02900,synnetqos,session_id,S042_02900,S042_02900,10,6,0.6
warehouse_measurement:session:s042_02901:fbac8ce2a9e1,session,warehouse_measurement,S042_02901,synnetqos,session_id,S042_02901,S042_02901,10,2,0.2
warehouse_measurement:session:s042_02902:23b4dc93ed5e,session,warehouse_measurement,S042_02902,synnetqos,session_id,S042_02902,S042_02902,10,7,0.7
warehouse_measurement:session:s042_02903:b3a25cb7f0bf,session,warehouse_measurement,S042_02903,synnetqos,session_id,S042_02903,S042_02903,10,1,0.1
warehouse_measurement:session:s042_02904:4b27a16f9419,session,warehouse_measurement,S042_02904,synnetqos,session_id,S042_02904,S042_02904,10,4,0.4
warehouse_measurement:session:s042_02905:caee54cf8b38,session,warehouse_measurement,S042_02905,synnetqos,session_id,S042_02905,S042_02905,10,10,1.0
warehouse_measurement:session:s042_02906:bc69e4dc01c7,session,warehouse_measurement,S042_02906,synnetqos,session_id,S042_02906,S042_02906,10,3,0.3
warehouse_measurement:session:s042_02907:06ccd0ba8b98,session,warehouse_measurement,S042_02907,synnetqos,session_id,S042_02907,S042_02907,10,9,0.9
warehouse_measurement:session:s042_02908:3a9dc5a9d008,session,warehouse_measurement,S042_02908,synnetqos,session_id,S042_02908,S042_02908,10,7,0.7
warehouse_measurement:session:s042_02909:5070f01408b9,session,warehouse_measurement,S042_02909,synnetqos,session_id,S042_02909,S042_02909,10,9,0.9
warehouse_measurement:session:s042_02910:de0b2b96541a,session,warehouse_measurement,S042_02910,synnetqos,session_id,S042_02910,S042_02910,10,7,0.7
warehouse_measurement:session:s042_02911:884b3ffb04ec,session,warehouse_measurement,S042_02911,synnetqos,session_id,S042_02911,S042_02911,10,5,0.5
warehouse_measurement:session:s042_02912:ed9c815bd9b1,session,warehouse_measurement,S042_02912,synnetqos,session_id,S042_02912,S042_02912,10,10,1.0
warehouse_measurement:session:s042_02913:4bd239e3bfd2,session,warehouse_measurement,S042_02913,synnetqos,session_id,S042_02913,S042_02913,10,10,1.0
warehouse_measurement:session:s042_02914:dc241fb46818,session,warehouse_measurement,S042_02914,synnetqos,session_id,S042_02914,S042_02914,10,10,1.0
warehouse_measurement:session:s042_02915:46ffec4212fc,session,warehouse_measurement,S042_02915,synnetqos,session_id,S042_02915,S042_02915,10,5,0.5
warehouse_measurement:session:s042_02916:586d82e130db,session,warehouse_measurement,S042_02916,synnetqos,session_id,S042_02916,S042_02916,10,0,0.0
warehouse_measurement:session:s042_02917:5d873d497452,session,warehouse_measurement,S042_02917,synnetqos,session_id,S042_02917,S042_02917,10,3,0.3
warehouse_measurement:session:s042_02918:c3202e3a1ca8,session,warehouse_measurement,S042_02918,synnetqos,session_id,S042_02918,S042_02918,10,7,0.7
warehouse_measurement:session:s042_02919:2d095f90de81,session,warehouse_measurement,S042_02919,synnetqos,session_id,S042_02919,S042_02919,10,10,1.0
warehouse_measurement:session:s042_02920:6c8d46d4f818,session,warehouse_measurement,S042_02920,synnetqos,session_id,S042_02920,S042_02920,10,2,0.2
warehouse_measurement:session:s042_02921:56a6d8abfbb7,session,warehouse_measurement,S042_02921,synnetqos,session_id,S042_02921,S042_02921,10,4,0.4
warehouse_measurement:session:s042_02922:e20a40ffa9d9,session,warehouse_measurement,S042_02922,synnetqos,session_id,S042_02922,S042_02922,10,0,0.0
warehouse_measurement:session:s042_02923:073397c3173c,session,warehouse_measurement,S042_02923,synnetqos,session_id,S042_02923,S042_02923,10,8,0.8
warehouse_measurement:session:s042_02924:1ae0c8e71ceb,session,warehouse_measurement,S042_02924,synnetqos,session_id,S042_02924,S042_02924,10,8,0.8
warehouse_measurement:session:s042_02925:fda04b5426b0,session,warehouse_measurement,S042_02925,synnetqos,session_id,S042_02925,S042_02925,10,9,0.9
warehouse_measurement:session:s042_02926:99f7a267bedf,session,warehouse_measurement,S042_02926,synnetqos,session_id,S042_02926,S042_02926,10,6,0.6
warehouse_measurement:session:s042_02927:5b50160f6d51,session,warehouse_measurement,S042_02927,synnetqos,session_id,S042_02927,S042_02927,10,10,1.0
warehouse_measurement:session:s042_02928:0ec2a32812e4,session,warehouse_measurement,S042_02928,synnetqos,session_id,S042_02928,S042_02928,10,2,0.2
warehouse_measurement:session:s042_02929:1b0614c10a00,session,warehouse_measurement,S042_02929,synnetqos,session_id,S042_02929,S042_02929,10,8,0.8
warehouse_measurement:session:s042_02930:96d0be16cffc,session,warehouse_measurement,S042_02930,synnetqos,session_id,S042_02930,S042_02930,10,3,0.3
warehouse_measurement:session:s042_02931:134e0291f521,session,warehouse_measurement,S042_02931,synnetqos,session_id,S042_02931,S042_02931,10,0,0.0
warehouse_measurement:session:s042_02932:18ff9d8c8813,session,warehouse_measurement,S042_02932,synnetqos,session_id,S042_02932,S042_02932,10,2,0.2
warehouse_measurement:session:s042_02933:cba1f9f8378f,session,warehouse_measurement,S042_02933,synnetqos,session_id,S042_02933,S042_02933,10,0,0.0
warehouse_measurement:session:s042_02934:1a1cac526f07,session,warehouse_measurement,S042_02934,synnetqos,session_id,S042_02934,S042_02934,10,4,0.4
warehouse_measurement:session:s042_02935:c8f396b3cb36,session,warehouse_measurement,S042_02935,synnetqos,session_id,S042_02935,S042_02935,10,0,0.0
warehouse_measurement:session:s042_02936:56dc58801f14,session,warehouse_measurement,S042_02936,synnetqos,session_id,S042_02936,S042_02936,10,10,1.0
warehouse_measurement:session:s042_02937:442447079493,session,warehouse_measurement,S042_02937,synnetqos,session_id,S042_02937,S042_02937,10,2,0.2
warehouse_measurement:session:s042_02938:d8ccaf8021bc,session,warehouse_measurement,S042_02938,synnetqos,session_id,S042_02938,S042_02938,10,10,1.0
warehouse_measurement:session:s042_02939:77401eadf75e,session,warehouse_measurement,S042_02939,synnetqos,session_id,S042_02939,S042_02939,10,2,0.2
warehouse_measurement:session:s042_02940:1cec39f61bc5,session,warehouse_measurement,S042_02940,synnetqos,session_id,S042_02940,S042_02940,10,0,0.0
warehouse_measurement:session:s042_02941:a57ed34c4631,session,warehouse_measurement,S042_02941,synnetqos,session_id,S042_02941,S042_02941,10,1,0.1
warehouse_measurement:session:s042_02942:18f77e52f7ad,session,warehouse_measurement,S042_02942,synnetqos,session_id,S042_02942,S042_02942,10,10,1.0
warehouse_measurement:session:s042_02943:0d2817c4e70b,session,warehouse_measurement,S042_02943,synnetqos,session_id,S042_02943,S042_02943,10,10,1.0
warehouse_measurement:session:s042_02944:76539dba5cfc,session,warehouse_measurement,S042_02944,synnetqos,session_id,S042_02944,S042_02944,10,6,0.6
warehouse_measurement:session:s042_02945:affe60392b85,session,warehouse_measurement,S042_02945,synnetqos,session_id,S042_02945,S042_02945,10,1,0.1
warehouse_measurement:session:s042_02946:7aea0d3eaa59,session,warehouse_measurement,S042_02946,synnetqos,session_id,S042_02946,S042_02946,10,2,0.2
warehouse_measurement:session:s042_02947:7b9fc96b4a99,session,warehouse_measurement,S042_02947,synnetqos,session_id,S042_02947,S042_02947,10,10,1.0
warehouse_measurement:session:s042_02948:679e8e926c6d,session,warehouse_measurement,S042_02948,synnetqos,session_id,S042_02948,S042_02948,10,6,0.6
warehouse_measurement:session:s042_02949:86701e16ad31,session,warehouse_measurement,S042_02949,synnetqos,session_id,S042_02949,S042_02949,10,6,0.6
warehouse_measurement:session:s042_02950:40423b197cec,session,warehouse_measurement,S042_02950,synnetqos,session_id,S042_02950,S042_02950,10,3,0.3
warehouse_measurement:session:s042_02951:6510fdd3fc0a,session,warehouse_measurement,S042_02951,synnetqos,session_id,S042_02951,S042_02951,10,2,0.2
warehouse_measurement:session:s042_02952:a7a5de36905b,session,warehouse_measurement,S042_02952,synnetqos,session_id,S042_02952,S042_02952,10,9,0.9
warehouse_measurement:session:s042_02953:924ac3d19166,session,warehouse_measurement,S042_02953,synnetqos,session_id,S042_02953,S042_02953,10,1,0.1
warehouse_measurement:session:s042_02954:fcf7bb1254f3,session,warehouse_measurement,S042_02954,synnetqos,session_id,S042_02954,S042_02954,10,7,0.7
warehouse_measurement:session:s042_02955:290f6fa276a7,session,warehouse_measurement,S042_02955,synnetqos,session_id,S042_02955,S042_02955,10,9,0.9
warehouse_measurement:session:s042_02956:e703e9a903ca,session,warehouse_measurement,S042_02956,synnetqos,session_id,S042_02956,S042_02956,10,1,0.1
warehouse_measurement:session:s042_02957:6fa1182fd6a7,session,warehouse_measurement,S042_02957,synnetqos,session_id,S042_02957,S042_02957,10,10,1.0
warehouse_measurement:session:s042_02958:51afc3275e34,session,warehouse_measurement,S042_02958,synnetqos,session_id,S042_02958,S042_02958,10,8,0.8
warehouse_measurement:session:s042_02959:cf18e1dc8390,session,warehouse_measurement,S042_02959,synnetqos,session_id,S042_02959,S042_02959,10,6,0.6
warehouse_measurement:session:s042_02960:d5aef867ab17,session,warehouse_measurement,S042_02960,synnetqos,session_id,S042_02960,S042_02960,10,3,0.3
warehouse_measurement:session:s042_02961:b7288fc29c85,session,warehouse_measurement,S042_02961,synnetqos,session_id,S042_02961,S042_02961,10,1,0.1
warehouse_measurement:session:s042_02962:776e19f10a2a,session,warehouse_measurement,S042_02962,synnetqos,session_id,S042_02962,S042_02962,10,3,0.3
warehouse_measurement:session:s042_02963:d50248d167bc,session,warehouse_measurement,S042_02963,synnetqos,session_id,S042_02963,S042_02963,10,2,0.2
warehouse_measurement:session:s042_02964:007a05a28176,session,warehouse_measurement,S042_02964,synnetqos,session_id,S042_02964,S042_02964,10,4,0.4
warehouse_measurement:session:s042_02965:c97eef87a59d,session,warehouse_measurement,S042_02965,synnetqos,session_id,S042_02965,S042_02965,10,9,0.9
warehouse_measurement:session:s042_02966:7238304d12ee,session,warehouse_measurement,S042_02966,synnetqos,session_id,S042_02966,S042_02966,10,5,0.5
warehouse_measurement:session:s042_02967:78bae88d5c1f,session,warehouse_measurement,S042_02967,synnetqos,session_id,S042_02967,S042_02967,10,8,0.8
warehouse_measurement:session:s042_02968:df20c6f7c0c7,session,warehouse_measurement,S042_02968,synnetqos,session_id,S042_02968,S042_02968,10,8,0.8
warehouse_measurement:session:s042_02969:0716bb5a6672,session,warehouse_measurement,S042_02969,synnetqos,session_id,S042_02969,S042_02969,10,4,0.4
warehouse_measurement:session:s042_02970:4baf2cb296a3,session,warehouse_measurement,S042_02970,synnetqos,session_id,S042_02970,S042_02970,10,3,0.3
warehouse_measurement:session:s042_02971:76f6f8c62cb5,session,warehouse_measurement,S042_02971,synnetqos,session_id,S042_02971,S042_02971,10,10,1.0
warehouse_measurement:session:s042_02972:b421edb3cf86,session,warehouse_measurement,S042_02972,synnetqos,session_id,S042_02972,S042_02972,10,8,0.8
warehouse_measurement:session:s042_02973:1e0f3d79a968,session,warehouse_measurement,S042_02973,synnetqos,session_id,S042_02973,S042_02973,10,0,0.0
warehouse_measurement:session:s042_02974:fe5a7bec6162,session,warehouse_measurement,S042_02974,synnetqos,session_id,S042_02974,S042_02974,10,10,1.0
warehouse_measurement:session:s042_02975:3b10a218ddf2,session,warehouse_measurement,S042_02975,synnetqos,session_id,S042_02975,S042_02975,10,3,0.3
warehouse_measurement:session:s042_02976:5849e575b1c6,session,warehouse_measurement,S042_02976,synnetqos,session_id,S042_02976,S042_02976,10,4,0.4
warehouse_measurement:session:s042_02977:e18f0b1d73f7,session,warehouse_measurement,S042_02977,synnetqos,session_id,S042_02977,S042_02977,10,8,0.8
warehouse_measurement:session:s042_02978:30523cab19bc,session,warehouse_measurement,S042_02978,synnetqos,session_id,S042_02978,S042_02978,10,9,0.9
warehouse_measurement:session:s042_02979:ef7e0408e1c4,session,warehouse_measurement,S042_02979,synnetqos,session_id,S042_02979,S042_02979,10,9,0.9
warehouse_measurement:session:s042_02980:f1e1db1197d2,session,warehouse_measurement,S042_02980,synnetqos,session_id,S042_02980,S042_02980,10,1,0.1
warehouse_measurement:session:s042_02981:960007548fca,session,warehouse_measurement,S042_02981,synnetqos,session_id,S042_02981,S042_02981,10,4,0.4
warehouse_measurement:session:s042_02982:4979bfa7a103,session,warehouse_measurement,S042_02982,synnetqos,session_id,S042_02982,S042_02982,10,10,1.0
warehouse_measurement:session:s042_02983:66b17219c31a,session,warehouse_measurement,S042_02983,synnetqos,session_id,S042_02983,S042_02983,10,3,0.3
warehouse_measurement:session:s042_02984:865ad7970006,session,warehouse_measurement,S042_02984,synnetqos,session_id,S042_02984,S042_02984,10,2,0.2
warehouse_measurement:session:s042_02985:855aefe06d3f,session,warehouse_measurement,S042_02985,synnetqos,session_id,S042_02985,S042_02985,10,8,0.8
warehouse_measurement:session:s042_02986:2d794b80ed02,session,warehouse_measurement,S042_02986,synnetqos,session_id,S042_02986,S042_02986,10,2,0.2
warehouse_measurement:session:s042_02987:8ff67ada40a1,session,warehouse_measurement,S042_02987,synnetqos,session_id,S042_02987,S042_02987,10,1,0.1
warehouse_measurement:session:s042_02988:633606278b3e,session,warehouse_measurement,S042_02988,synnetqos,session_id,S042_02988,S042_02988,10,4,0.4
warehouse_measurement:session:s042_02989:7ec56573ee65,session,warehouse_measurement,S042_02989,synnetqos,session_id,S042_02989,S042_02989,10,1,0.1
warehouse_measurement:session:s042_02990:05589b9d115f,session,warehouse_measurement,S042_02990,synnetqos,session_id,S042_02990,S042_02990,10,9,0.9
warehouse_measurement:session:s042_02991:c04d30609d9d,session,warehouse_measurement,S042_02991,synnetqos,session_id,S042_02991,S042_02991,10,7,0.7
warehouse_measurement:session:s042_02992:c27167b7a920,session,warehouse_measurement,S042_02992,synnetqos,session_id,S042_02992,S042_02992,10,10,1.0
warehouse_measurement:session:s042_02993:6aae8cace65a,session,warehouse_measurement,S042_02993,synnetqos,session_id,S042_02993,S042_02993,10,6,0.6
warehouse_measurement:session:s042_02994:a8bdd65202e1,session,warehouse_measurement,S042_02994,synnetqos,session_id,S042_02994,S042_02994,10,1,0.1
warehouse_measurement:session:s042_02995:fcad43c7d68f,session,warehouse_measurement,S042_02995,synnetqos,session_id,S042_02995,S042_02995,10,0,0.0
warehouse_measurement:session:s042_02996:c0b51bde054c,session,warehouse_measurement,S042_02996,synnetqos,session_id,S042_02996,S042_02996,10,10,1.0
warehouse_measurement:session:s042_02997:bf06e0ba7d34,session,warehouse_measurement,S042_02997,synnetqos,session_id,S042_02997,S042_02997,10,4,0.4
warehouse_measurement:session:s042_02998:82d946cb355c,session,warehouse_measurement,S042_02998,synnetqos,session_id,S042_02998,S042_02998,10,4,0.4
warehouse_measurement:session:s042_02999:d60b1b9b5573,session,warehouse_measurement,S042_02999,synnetqos,session_id,S042_02999,S042_02999,10,4,0.4
warehouse_measurement:session:s042_03000:1e7431810a1f,session,warehouse_measurement,S042_03000,synnetqos,session_id,S042_03000,S042_03000,10,4,0.4
warehouse_measurement:session:s042_03001:752856386ac8,session,warehouse_measurement,S042_03001,synnetqos,session_id,S042_03001,S042_03001,10,6,0.6
warehouse_measurement:session:s042_03002:2de9feac3d28,session,warehouse_measurement,S042_03002,synnetqos,session_id,S042_03002,S042_03002,10,3,0.3
warehouse_measurement:session:s042_03003:c20d578e9deb,session,warehouse_measurement,S042_03003,synnetqos,session_id,S042_03003,S042_03003,10,10,1.0
warehouse_measurement:session:s042_03004:7cf049d52946,session,warehouse_measurement,S042_03004,synnetqos,session_id,S042_03004,S042_03004,10,0,0.0
warehouse_measurement:session:s042_03005:bec51a3d02fc,session,warehouse_measurement,S042_03005,synnetqos,session_id,S042_03005,S042_03005,10,5,0.5
warehouse_measurement:session:s042_03006:79eb60c71eee,session,warehouse_measurement,S042_03006,synnetqos,session_id,S042_03006,S042_03006,10,2,0.2
warehouse_measurement:session:s042_03007:7ac927fe07d5,session,warehouse_measurement,S042_03007,synnetqos,session_id,S042_03007,S042_03007,10,6,0.6
warehouse_measurement:session:s042_03008:d9f467ef30a9,session,warehouse_measurement,S042_03008,synnetqos,session_id,S042_03008,S042_03008,10,2,0.2
warehouse_measurement:session:s042_03009:3a694fe3d2ba,session,warehouse_measurement,S042_03009,synnetqos,session_id,S042_03009,S042_03009,10,10,1.0
warehouse_measurement:session:s042_03010:b72608387871,session,warehouse_measurement,S042_03010,synnetqos,session_id,S042_03010,S042_03010,10,10,1.0
warehouse_measurement:session:s042_03011:fe1ebbf89ef8,session,warehouse_measurement,S042_03011,synnetqos,session_id,S042_03011,S042_03011,10,5,0.5
warehouse_measurement:session:s042_03012:3cb650efa6ab,session,warehouse_measurement,S042_03012,synnetqos,session_id,S042_03012,S042_03012,10,1,0.1
warehouse_measurement:session:s042_03013:19a2724d7667,session,warehouse_measurement,S042_03013,synnetqos,session_id,S042_03013,S042_03013,10,7,0.7
warehouse_measurement:session:s042_03014:5742369058f3,session,warehouse_measurement,S042_03014,synnetqos,session_id,S042_03014,S042_03014,10,10,1.0
warehouse_measurement:session:s042_03015:96da89a7fcff,session,warehouse_measurement,S042_03015,synnetqos,session_id,S042_03015,S042_03015,10,0,0.0
warehouse_measurement:session:s042_03016:baf4fc6cbbee,session,warehouse_measurement,S042_03016,synnetqos,session_id,S042_03016,S042_03016,10,6,0.6
warehouse_measurement:session:s042_03017:1372764d117f,session,warehouse_measurement,S042_03017,synnetqos,session_id,S042_03017,S042_03017,10,10,1.0
warehouse_measurement:session:s042_03018:f17e3616e95f,session,warehouse_measurement,S042_03018,synnetqos,session_id,S042_03018,S042_03018,10,10,1.0
warehouse_measurement:session:s042_03019:f20f45973a6f,session,warehouse_measurement,S042_03019,synnetqos,session_id,S042_03019,S042_03019,10,8,0.8
warehouse_measurement:session:s042_03020:c6b72fe07ffa,session,warehouse_measurement,S042_03020,synnetqos,session_id,S042_03020,S042_03020,10,3,0.3
warehouse_measurement:session:s042_03021:94f230d70598,session,warehouse_measurement,S042_03021,synnetqos,session_id,S042_03021,S042_03021,10,2,0.2
warehouse_measurement:session:s042_03022:f04c99088618,session,warehouse_measurement,S042_03022,synnetqos,session_id,S042_03022,S042_03022,10,6,0.6
warehouse_measurement:session:s042_03023:fada5b5f6d96,session,warehouse_measurement,S042_03023,synnetqos,session_id,S042_03023,S042_03023,10,3,0.3
warehouse_measurement:session:s042_03024:29ee4d0d2f5d,session,warehouse_measurement,S042_03024,synnetqos,session_id,S042_03024,S042_03024,10,9,0.9
warehouse_measurement:session:s042_03025:1fe9ef9e3125,session,warehouse_measurement,S042_03025,synnetqos,session_id,S042_03025,S042_03025,10,5,0.5
warehouse_measurement:session:s042_03026:94e15426e80f,session,warehouse_measurement,S042_03026,synnetqos,session_id,S042_03026,S042_03026,10,4,0.4
warehouse_measurement:session:s042_03027:2d547c0a0ed0,session,warehouse_measurement,S042_03027,synnetqos,session_id,S042_03027,S042_03027,10,9,0.9
warehouse_measurement:session:s042_03028:0b051e20a12e,session,warehouse_measurement,S042_03028,synnetqos,session_id,S042_03028,S042_03028,10,1,0.1
warehouse_measurement:session:s042_03029:dc70a90442dd,session,warehouse_measurement,S042_03029,synnetqos,session_id,S042_03029,S042_03029,10,4,0.4
warehouse_measurement:session:s042_03030:12804b4f862c,session,warehouse_measurement,S042_03030,synnetqos,session_id,S042_03030,S042_03030,10,1,0.1
warehouse_measurement:session:s042_03031:53a4c6f8d522,session,warehouse_measurement,S042_03031,synnetqos,session_id,S042_03031,S042_03031,10,4,0.4
warehouse_measurement:session:s042_03032:07301838eada,session,warehouse_measurement,S042_03032,synnetqos,session_id,S042_03032,S042_03032,10,1,0.1
warehouse_measurement:session:s042_03033:dac9cbf15b79,session,warehouse_measurement,S042_03033,synnetqos,session_id,S042_03033,S042_03033,10,1,0.1
warehouse_measurement:session:s042_03034:46c87d70f041,session,warehouse_measurement,S042_03034,synnetqos,session_id,S042_03034,S042_03034,10,0,0.0
warehouse_measurement:session:s042_03035:6de63ec7408c,session,warehouse_measurement,S042_03035,synnetqos,session_id,S042_03035,S042_03035,10,10,1.0
warehouse_measurement:session:s042_03036:790bd5fe11fa,session,warehouse_measurement,S042_03036,synnetqos,session_id,S042_03036,S042_03036,10,3,0.3
warehouse_measurement:session:s042_03037:ac0efde5e52e,session,warehouse_measurement,S042_03037,synnetqos,session_id,S042_03037,S042_03037,10,3,0.3
warehouse_measurement:session:s042_03038:ff84c5546354,session,warehouse_measurement,S042_03038,synnetqos,session_id,S042_03038,S042_03038,10,3,0.3
warehouse_measurement:session:s042_03039:40719ab311fc,session,warehouse_measurement,S042_03039,synnetqos,session_id,S042_03039,S042_03039,10,4,0.4
warehouse_measurement:session:s042_03040:74338b080118,session,warehouse_measurement,S042_03040,synnetqos,session_id,S042_03040,S042_03040,10,10,1.0
warehouse_measurement:session:s042_03041:d5c1091c1ff3,session,warehouse_measurement,S042_03041,synnetqos,session_id,S042_03041,S042_03041,10,0,0.0
warehouse_measurement:session:s042_03042:c3ad70e372a8,session,warehouse_measurement,S042_03042,synnetqos,session_id,S042_03042,S042_03042,10,8,0.8
warehouse_measurement:session:s042_03043:91550402e71e,session,warehouse_measurement,S042_03043,synnetqos,session_id,S042_03043,S042_03043,10,0,0.0
warehouse_measurement:session:s042_03044:a5c2fda485e0,session,warehouse_measurement,S042_03044,synnetqos,session_id,S042_03044,S042_03044,10,7,0.7
warehouse_measurement:session:s042_03045:ba916c53e3f8,session,warehouse_measurement,S042_03045,synnetqos,session_id,S042_03045,S042_03045,10,10,1.0
warehouse_measurement:session:s042_03046:93230b851ded,session,warehouse_measurement,S042_03046,synnetqos,session_id,S042_03046,S042_03046,10,4,0.4
warehouse_measurement:session:s042_03047:2a67425994a2,session,warehouse_measurement,S042_03047,synnetqos,session_id,S042_03047,S042_03047,10,0,0.0
warehouse_measurement:session:s042_03048:77453a539e4d,session,warehouse_measurement,S042_03048,synnetqos,session_id,S042_03048,S042_03048,10,6,0.6
warehouse_measurement:session:s042_03049:00d34aab6cf7,session,warehouse_measurement,S042_03049,synnetqos,session_id,S042_03049,S042_03049,10,7,0.7
warehouse_measurement:session:s042_03050:42560d08fbc1,session,warehouse_measurement,S042_03050,synnetqos,session_id,S042_03050,S042_03050,10,8,0.8
warehouse_measurement:session:s042_03051:4cd49bd9a8e9,session,warehouse_measurement,S042_03051,synnetqos,session_id,S042_03051,S042_03051,10,5,0.5
warehouse_measurement:session:s042_03052:99075f99877c,session,warehouse_measurement,S042_03052,synnetqos,session_id,S042_03052,S042_03052,10,10,1.0
warehouse_measurement:session:s042_03053:989dc9de6ca5,session,warehouse_measurement,S042_03053,synnetqos,session_id,S042_03053,S042_03053,10,10,1.0
warehouse_measurement:session:s042_03054:c3a193ef0f73,session,warehouse_measurement,S042_03054,synnetqos,session_id,S042_03054,S042_03054,10,9,0.9
warehouse_measurement:session:s042_03055:eb4ea3146dd4,session,warehouse_measurement,S042_03055,synnetqos,session_id,S042_03055,S042_03055,10,4,0.4
warehouse_measurement:session:s042_03056:43419e6c6e21,session,warehouse_measurement,S042_03056,synnetqos,session_id,S042_03056,S042_03056,10,4,0.4
warehouse_measurement:session:s042_03057:4768a0653428,session,warehouse_measurement,S042_03057,synnetqos,session_id,S042_03057,S042_03057,10,5,0.5
warehouse_measurement:session:s042_03058:42d35b81c0a3,session,warehouse_measurement,S042_03058,synnetqos,session_id,S042_03058,S042_03058,10,10,1.0
warehouse_measurement:session:s042_03059:15874959f730,session,warehouse_measurement,S042_03059,synnetqos,session_id,S042_03059,S042_03059,10,5,0.5
warehouse_measurement:session:s042_03060:234a78855477,session,warehouse_measurement,S042_03060,synnetqos,session_id,S042_03060,S042_03060,10,1,0.1
warehouse_measurement:session:s042_03061:615ec8a47cc9,session,warehouse_measurement,S042_03061,synnetqos,session_id,S042_03061,S042_03061,10,7,0.7
warehouse_measurement:session:s042_03062:68c7991e61a9,session,warehouse_measurement,S042_03062,synnetqos,session_id,S042_03062,S042_03062,10,3,0.3
warehouse_measurement:session:s042_03063:0d69b54739d4,session,warehouse_measurement,S042_03063,synnetqos,session_id,S042_03063,S042_03063,10,10,1.0
warehouse_measurement:session:s042_03064:a20b7d4dffd6,session,warehouse_measurement,S042_03064,synnetqos,session_id,S042_03064,S042_03064,10,8,0.8
warehouse_measurement:session:s042_03065:fd4cb4f49217,session,warehouse_measurement,S042_03065,synnetqos,session_id,S042_03065,S042_03065,10,9,0.9
warehouse_measurement:session:s042_03066:124b10cfe3d0,session,warehouse_measurement,S042_03066,synnetqos,session_id,S042_03066,S042_03066,10,6,0.6
warehouse_measurement:session:s042_03067:a9870196fdbb,session,warehouse_measurement,S042_03067,synnetqos,session_id,S042_03067,S042_03067,10,10,1.0
warehouse_measurement:session:s042_03068:cbdfea5bdb58,session,warehouse_measurement,S042_03068,synnetqos,session_id,S042_03068,S042_03068,10,7,0.7
warehouse_measurement:session:s042_03069:11b9bb31c0ec,session,warehouse_measurement,S042_03069,synnetqos,session_id,S042_03069,S042_03069,10,2,0.2
warehouse_measurement:session:s042_03070:d965b63b1bb3,session,warehouse_measurement,S042_03070,synnetqos,session_id,S042_03070,S042_03070,10,10,1.0
warehouse_measurement:session:s042_03071:67bc011726c8,session,warehouse_measurement,S042_03071,synnetqos,session_id,S042_03071,S042_03071,10,5,0.5
warehouse_measurement:session:s042_03072:cc0f4320f701,session,warehouse_measurement,S042_03072,synnetqos,session_id,S042_03072,S042_03072,10,2,0.2
warehouse_measurement:session:s042_03073:198b38f9d5d5,session,warehouse_measurement,S042_03073,synnetqos,session_id,S042_03073,S042_03073,10,5,0.5
warehouse_measurement:session:s042_03074:205e2a074748,session,warehouse_measurement,S042_03074,synnetqos,session_id,S042_03074,S042_03074,10,10,1.0
warehouse_measurement:session:s042_03075:c569fddbeb20,session,warehouse_measurement,S042_03075,synnetqos,session_id,S042_03075,S042_03075,10,1,0.1
warehouse_measurement:session:s042_03076:5204c17421a7,session,warehouse_measurement,S042_03076,synnetqos,session_id,S042_03076,S042_03076,10,6,0.6
warehouse_measurement:session:s042_03077:7660590b4875,session,warehouse_measurement,S042_03077,synnetqos,session_id,S042_03077,S042_03077,10,0,0.0
warehouse_measurement:session:s042_03078:c999ab0fbe27,session,warehouse_measurement,S042_03078,synnetqos,session_id,S042_03078,S042_03078,10,10,1.0
warehouse_measurement:session:s042_03079:ae215d43d763,session,warehouse_measurement,S042_03079,synnetqos,session_id,S042_03079,S042_03079,10,5,0.5
warehouse_measurement:session:s042_03080:60551479ba1d,session,warehouse_measurement,S042_03080,synnetqos,session_id,S042_03080,S042_03080,10,0,0.0
warehouse_measurement:session:s042_03081:59c452e0c545,session,warehouse_measurement,S042_03081,synnetqos,session_id,S042_03081,S042_03081,10,0,0.0
warehouse_measurement:session:s042_03082:79c96f026cd3,session,warehouse_measurement,S042_03082,synnetqos,session_id,S042_03082,S042_03082,10,10,1.0
warehouse_measurement:session:s042_03083:484ab3afad12,session,warehouse_measurement,S042_03083,synnetqos,session_id,S042_03083,S042_03083,10,3,0.3
warehouse_measurement:session:s042_03084:3c240e412955,session,warehouse_measurement,S042_03084,synnetqos,session_id,S042_03084,S042_03084,10,8,0.8
warehouse_measurement:session:s042_03085:ad0e353993f7,session,warehouse_measurement,S042_03085,synnetqos,session_id,S042_03085,S042_03085,10,8,0.8
warehouse_measurement:session:s042_03086:40a14da718d0,session,warehouse_measurement,S042_03086,synnetqos,session_id,S042_03086,S042_03086,10,2,0.2
warehouse_measurement:session:s042_03087:89deb982a35f,session,warehouse_measurement,S042_03087,synnetqos,session_id,S042_03087,S042_03087,10,9,0.9
warehouse_measurement:session:s042_03088:ffc46a846d6d,session,warehouse_measurement,S042_03088,synnetqos,session_id,S042_03088,S042_03088,10,0,0.0
warehouse_measurement:session:s042_03089:197e65ea1796,session,warehouse_measurement,S042_03089,synnetqos,session_id,S042_03089,S042_03089,10,7,0.7
warehouse_measurement:session:s042_03090:b0046cda3074,session,warehouse_measurement,S042_03090,synnetqos,session_id,S042_03090,S042_03090,10,6,0.6
warehouse_measurement:session:s042_03091:9ce61cffd992,session,warehouse_measurement,S042_03091,synnetqos,session_id,S042_03091,S042_03091,10,9,0.9
warehouse_measurement:session:s042_03092:6784a9455b6a,session,warehouse_measurement,S042_03092,synnetqos,session_id,S042_03092,S042_03092,10,6,0.6
warehouse_measurement:session:s042_03093:b723cb816084,session,warehouse_measurement,S042_03093,synnetqos,session_id,S042_03093,S042_03093,10,10,1.0
warehouse_measurement:session:s042_03094:de3214051aa4,session,warehouse_measurement,S042_03094,synnetqos,session_id,S042_03094,S042_03094,10,1,0.1
warehouse_measurement:session:s042_03095:a437cb91c1cb,session,warehouse_measurement,S042_03095,synnetqos,session_id,S042_03095,S042_03095,10,5,0.5
warehouse_measurement:session:s042_03096:bab29d1a82a2,session,warehouse_measurement,S042_03096,synnetqos,session_id,S042_03096,S042_03096,10,5,0.5
warehouse_measurement:session:s042_03097:e8be37074cf0,session,warehouse_measurement,S042_03097,synnetqos,session_id,S042_03097,S042_03097,10,1,0.1
warehouse_measurement:session:s042_03098:536778c0af40,session,warehouse_measurement,S042_03098,synnetqos,session_id,S042_03098,S042_03098,10,1,0.1
warehouse_measurement:session:s042_03099:a83c2c4c6669,session,warehouse_measurement,S042_03099,synnetqos,session_id,S042_03099,S042_03099,10,4,0.4
warehouse_measurement:session:s042_03100:6c57af296242,session,warehouse_measurement,S042_03100,synnetqos,session_id,S042_03100,S042_03100,10,9,0.9
warehouse_measurement:session:s042_03101:b7216fa74adc,session,warehouse_measurement,S042_03101,synnetqos,session_id,S042_03101,S042_03101,10,4,0.4
warehouse_measurement:session:s042_03102:05fab93dab0f,session,warehouse_measurement,S042_03102,synnetqos,session_id,S042_03102,S042_03102,10,10,1.0
warehouse_measurement:session:s042_03103:0a74fc21367d,session,warehouse_measurement,S042_03103,synnetqos,session_id,S042_03103,S042_03103,10,1,0.1
warehouse_measurement:session:s042_03104:8a61b1189b08,session,warehouse_measurement,S042_03104,synnetqos,session_id,S042_03104,S042_03104,10,8,0.8
warehouse_measurement:session:s042_03105:fae3ebcd3c8b,session,warehouse_measurement,S042_03105,synnetqos,session_id,S042_03105,S042_03105,10,0,0.0
warehouse_measurement:session:s042_03106:b7535a10b2a7,session,warehouse_measurement,S042_03106,synnetqos,session_id,S042_03106,S042_03106,10,7,0.7
warehouse_measurement:session:s042_03107:02acfde33bcb,session,warehouse_measurement,S042_03107,synnetqos,session_id,S042_03107,S042_03107,10,10,1.0
warehouse_measurement:session:s042_03108:b584d09d4f4c,session,warehouse_measurement,S042_03108,synnetqos,session_id,S042_03108,S042_03108,10,6,0.6
warehouse_measurement:session:s042_03109:b6163e0c58d1,session,warehouse_measurement,S042_03109,synnetqos,session_id,S042_03109,S042_03109,10,10,1.0
warehouse_measurement:session:s042_03110:b042eb077f93,session,warehouse_measurement,S042_03110,synnetqos,session_id,S042_03110,S042_03110,10,3,0.3
warehouse_measurement:session:s042_03111:dbc6c2622e52,session,warehouse_measurement,S042_03111,synnetqos,session_id,S042_03111,S042_03111,10,6,0.6
warehouse_measurement:session:s042_03112:dcfa8cf9f492,session,warehouse_measurement,S042_03112,synnetqos,session_id,S042_03112,S042_03112,10,6,0.6
warehouse_measurement:session:s042_03113:b562db611107,session,warehouse_measurement,S042_03113,synnetqos,session_id,S042_03113,S042_03113,10,1,0.1
warehouse_measurement:session:s042_03114:bfa7db41eb47,session,warehouse_measurement,S042_03114,synnetqos,session_id,S042_03114,S042_03114,10,5,0.5
warehouse_measurement:session:s042_03115:b0221758a593,session,warehouse_measurement,S042_03115,synnetqos,session_id,S042_03115,S042_03115,10,10,1.0
warehouse_measurement:session:s042_03116:14f6071ee97a,session,warehouse_measurement,S042_03116,synnetqos,session_id,S042_03116,S042_03116,10,10,1.0
warehouse_measurement:session:s042_03117:37e1e268a4a0,session,warehouse_measurement,S042_03117,synnetqos,session_id,S042_03117,S042_03117,10,9,0.9
warehouse_measurement:session:s042_03118:36d4e7e7d29d,session,warehouse_measurement,S042_03118,synnetqos,session_id,S042_03118,S042_03118,10,2,0.2
warehouse_measurement:session:s042_03119:ff71abebc059,session,warehouse_measurement,S042_03119,synnetqos,session_id,S042_03119,S042_03119,10,1,0.1
warehouse_measurement:session:s042_03120:46196b477313,session,warehouse_measurement,S042_03120,synnetqos,session_id,S042_03120,S042_03120,10,4,0.4
warehouse_measurement:session:s042_03121:52c375eb4690,session,warehouse_measurement,S042_03121,synnetqos,session_id,S042_03121,S042_03121,10,7,0.7
warehouse_measurement:session:s042_03122:4efbdb9a1770,session,warehouse_measurement,S042_03122,synnetqos,session_id,S042_03122,S042_03122,10,7,0.7
warehouse_measurement:session:s042_03123:49f08effe340,session,warehouse_measurement,S042_03123,synnetqos,session_id,S042_03123,S042_03123,10,9,0.9
warehouse_measurement:session:s042_03124:dddb0807b0b5,session,warehouse_measurement,S042_03124,synnetqos,session_id,S042_03124,S042_03124,10,0,0.0
warehouse_measurement:session:s042_03125:22044c971090,session,warehouse_measurement,S042_03125,synnetqos,session_id,S042_03125,S042_03125,10,0,0.0
warehouse_measurement:session:s042_03126:96dba9629707,session,warehouse_measurement,S042_03126,synnetqos,session_id,S042_03126,S042_03126,10,7,0.7
warehouse_measurement:session:s042_03127:4518ac2da69e,session,warehouse_measurement,S042_03127,synnetqos,session_id,S042_03127,S042_03127,10,6,0.6
warehouse_measurement:session:s042_03128:826b7a702561,session,warehouse_measurement,S042_03128,synnetqos,session_id,S042_03128,S042_03128,10,6,0.6
warehouse_measurement:session:s042_03129:9990f9bae97e,session,warehouse_measurement,S042_03129,synnetqos,session_id,S042_03129,S042_03129,10,10,1.0
warehouse_measurement:session:s042_03130:b9de7b413d5f,session,warehouse_measurement,S042_03130,synnetqos,session_id,S042_03130,S042_03130,10,1,0.1
warehouse_measurement:session:s042_03131:0e7e99b40435,session,warehouse_measurement,S042_03131,synnetqos,session_id,S042_03131,S042_03131,10,9,0.9
warehouse_measurement:session:s042_03132:85763f5a32f7,session,warehouse_measurement,S042_03132,synnetqos,session_id,S042_03132,S042_03132,10,4,0.4
warehouse_measurement:session:s042_03133:b94e51dacc65,session,warehouse_measurement,S042_03133,synnetqos,session_id,S042_03133,S042_03133,10,3,0.3
warehouse_measurement:session:s042_03134:809fc163adc8,session,warehouse_measurement,S042_03134,synnetqos,session_id,S042_03134,S042_03134,10,1,0.1
warehouse_measurement:session:s042_03135:5a77f3970518,session,warehouse_measurement,S042_03135,synnetqos,session_id,S042_03135,S042_03135,10,5,0.5
warehouse_measurement:session:s042_03136:68a1cf5d19b8,session,warehouse_measurement,S042_03136,synnetqos,session_id,S042_03136,S042_03136,10,5,0.5
warehouse_measurement:session:s042_03137:70a0a37b26d6,session,warehouse_measurement,S042_03137,synnetqos,session_id,S042_03137,S042_03137,10,1,0.1
warehouse_measurement:session:s042_03138:37b6dd621dd1,session,warehouse_measurement,S042_03138,synnetqos,session_id,S042_03138,S042_03138,10,10,1.0
warehouse_measurement:session:s042_03139:ba8837625cd0,session,warehouse_measurement,S042_03139,synnetqos,session_id,S042_03139,S042_03139,10,4,0.4
warehouse_measurement:session:s042_03140:332f1d70de39,session,warehouse_measurement,S042_03140,synnetqos,session_id,S042_03140,S042_03140,10,8,0.8
warehouse_measurement:session:s042_03141:a95ad2e6fd9a,session,warehouse_measurement,S042_03141,synnetqos,session_id,S042_03141,S042_03141,10,0,0.0
warehouse_measurement:session:s042_03142:db3c944c96f8,session,warehouse_measurement,S042_03142,synnetqos,session_id,S042_03142,S042_03142,10,1,0.1
warehouse_measurement:session:s042_03143:3a6a80709133,session,warehouse_measurement,S042_03143,synnetqos,session_id,S042_03143,S042_03143,10,10,1.0
warehouse_measurement:session:s042_03144:1848b4c4a7d5,session,warehouse_measurement,S042_03144,synnetqos,session_id,S042_03144,S042_03144,10,2,0.2
warehouse_measurement:session:s042_03145:00e231ed6b29,session,warehouse_measurement,S042_03145,synnetqos,session_id,S042_03145,S042_03145,10,6,0.6
warehouse_measurement:session:s042_03146:e7277606fb41,session,warehouse_measurement,S042_03146,synnetqos,session_id,S042_03146,S042_03146,10,10,1.0
warehouse_measurement:session:s042_03147:20b48f734e7e,session,warehouse_measurement,S042_03147,synnetqos,session_id,S042_03147,S042_03147,10,1,0.1
warehouse_measurement:session:s042_03148:14b8934d3584,session,warehouse_measurement,S042_03148,synnetqos,session_id,S042_03148,S042_03148,10,10,1.0
warehouse_measurement:session:s042_03149:4e8a8b422639,session,warehouse_measurement,S042_03149,synnetqos,session_id,S042_03149,S042_03149,10,5,0.5
warehouse_measurement:session:s042_03150:3fa3dad0c5f5,session,warehouse_measurement,S042_03150,synnetqos,session_id,S042_03150,S042_03150,10,5,0.5
warehouse_measurement:session:s042_03151:63a0fde3248c,session,warehouse_measurement,S042_03151,synnetqos,session_id,S042_03151,S042_03151,10,6,0.6
warehouse_measurement:session:s042_03152:ee0bfc7e7125,session,warehouse_measurement,S042_03152,synnetqos,session_id,S042_03152,S042_03152,10,9,0.9
warehouse_measurement:session:s042_03153:740c6cb0a9fb,session,warehouse_measurement,S042_03153,synnetqos,session_id,S042_03153,S042_03153,10,1,0.1
warehouse_measurement:session:s042_03154:a79a35a20b65,session,warehouse_measurement,S042_03154,synnetqos,session_id,S042_03154,S042_03154,10,2,0.2
warehouse_measurement:session:s042_03155:4c0e08f9e883,session,warehouse_measurement,S042_03155,synnetqos,session_id,S042_03155,S042_03155,10,1,0.1
warehouse_measurement:session:s042_03156:f62fb5035176,session,warehouse_measurement,S042_03156,synnetqos,session_id,S042_03156,S042_03156,10,7,0.7
warehouse_measurement:session:s042_03157:17b25f333ae0,session,warehouse_measurement,S042_03157,synnetqos,session_id,S042_03157,S042_03157,10,7,0.7
warehouse_measurement:session:s042_03158:973f5b528c75,session,warehouse_measurement,S042_03158,synnetqos,session_id,S042_03158,S042_03158,10,0,0.0
warehouse_measurement:session:s042_03159:4b6773cafb82,session,warehouse_measurement,S042_03159,synnetqos,session_id,S042_03159,S042_03159,10,1,0.1
warehouse_measurement:session:s042_03160:9ddcc6840ae5,session,warehouse_measurement,S042_03160,synnetqos,session_id,S042_03160,S042_03160,10,1,0.1
warehouse_measurement:session:s042_03161:caa2bd5e519c,session,warehouse_measurement,S042_03161,synnetqos,session_id,S042_03161,S042_03161,10,6,0.6
warehouse_measurement:session:s042_03162:c47b64be8561,session,warehouse_measurement,S042_03162,synnetqos,session_id,S042_03162,S042_03162,10,4,0.4
warehouse_measurement:session:s042_03163:8f39295c08a6,session,warehouse_measurement,S042_03163,synnetqos,session_id,S042_03163,S042_03163,10,6,0.6
warehouse_measurement:session:s042_03164:66a0d5a34226,session,warehouse_measurement,S042_03164,synnetqos,session_id,S042_03164,S042_03164,10,6,0.6
warehouse_measurement:session:s042_03165:6a34bfbe4718,session,warehouse_measurement,S042_03165,synnetqos,session_id,S042_03165,S042_03165,10,8,0.8
warehouse_measurement:session:s042_03166:6d0e43595ee2,session,warehouse_measurement,S042_03166,synnetqos,session_id,S042_03166,S042_03166,10,7,0.7
warehouse_measurement:session:s042_03167:cc746c60cf2e,session,warehouse_measurement,S042_03167,synnetqos,session_id,S042_03167,S042_03167,10,3,0.3
warehouse_measurement:session:s042_03168:8f84e8792dc8,session,warehouse_measurement,S042_03168,synnetqos,session_id,S042_03168,S042_03168,10,10,1.0
warehouse_measurement:session:s042_03169:79dc3a7ad537,session,warehouse_measurement,S042_03169,synnetqos,session_id,S042_03169,S042_03169,10,8,0.8
warehouse_measurement:session:s042_03170:7d3e533419c3,session,warehouse_measurement,S042_03170,synnetqos,session_id,S042_03170,S042_03170,10,2,0.2
warehouse_measurement:session:s042_03171:fe4cc7c258b1,session,warehouse_measurement,S042_03171,synnetqos,session_id,S042_03171,S042_03171,10,0,0.0
warehouse_measurement:session:s042_03172:3c24af4a98d4,session,warehouse_measurement,S042_03172,synnetqos,session_id,S042_03172,S042_03172,10,8,0.8
warehouse_measurement:session:s042_03173:b7b341145838,session,warehouse_measurement,S042_03173,synnetqos,session_id,S042_03173,S042_03173,10,0,0.0
warehouse_measurement:session:s042_03174:1d5e5537cdca,session,warehouse_measurement,S042_03174,synnetqos,session_id,S042_03174,S042_03174,10,3,0.3
warehouse_measurement:session:s042_03175:143bb488922e,session,warehouse_measurement,S042_03175,synnetqos,session_id,S042_03175,S042_03175,10,10,1.0
warehouse_measurement:session:s042_03176:c4c9dd15c9d1,session,warehouse_measurement,S042_03176,synnetqos,session_id,S042_03176,S042_03176,10,3,0.3
warehouse_measurement:session:s042_03177:a18790b586f4,session,warehouse_measurement,S042_03177,synnetqos,session_id,S042_03177,S042_03177,10,1,0.1
warehouse_measurement:session:s042_03178:637568e478f6,session,warehouse_measurement,S042_03178,synnetqos,session_id,S042_03178,S042_03178,10,9,0.9
warehouse_measurement:session:s042_03179:be155d782764,session,warehouse_measurement,S042_03179,synnetqos,session_id,S042_03179,S042_03179,10,6,0.6
warehouse_measurement:session:s042_03180:78df25a419fc,session,warehouse_measurement,S042_03180,synnetqos,session_id,S042_03180,S042_03180,10,1,0.1
warehouse_measurement:session:s042_03181:3082f4d12435,session,warehouse_measurement,S042_03181,synnetqos,session_id,S042_03181,S042_03181,10,2,0.2
warehouse_measurement:session:s042_03182:7ff7ad8d53fb,session,warehouse_measurement,S042_03182,synnetqos,session_id,S042_03182,S042_03182,10,0,0.0
warehouse_measurement:session:s042_03183:70aa97dd9cf0,session,warehouse_measurement,S042_03183,synnetqos,session_id,S042_03183,S042_03183,10,8,0.8
warehouse_measurement:session:s042_03184:2b358ceb45b1,session,warehouse_measurement,S042_03184,synnetqos,session_id,S042_03184,S042_03184,10,10,1.0
warehouse_measurement:session:s042_03185:84452ba5a9ae,session,warehouse_measurement,S042_03185,synnetqos,session_id,S042_03185,S042_03185,10,9,0.9
warehouse_measurement:session:s042_03186:32177b1151de,session,warehouse_measurement,S042_03186,synnetqos,session_id,S042_03186,S042_03186,10,3,0.3
warehouse_measurement:session:s042_03187:8260a759b07e,session,warehouse_measurement,S042_03187,synnetqos,session_id,S042_03187,S042_03187,10,4,0.4
warehouse_measurement:session:s042_03188:909eadd4124e,session,warehouse_measurement,S042_03188,synnetqos,session_id,S042_03188,S042_03188,10,6,0.6
warehouse_measurement:session:s042_03189:7f64b280d90a,session,warehouse_measurement,S042_03189,synnetqos,session_id,S042_03189,S042_03189,10,9,0.9
warehouse_measurement:session:s042_03190:ac9088a5072e,session,warehouse_measurement,S042_03190,synnetqos,session_id,S042_03190,S042_03190,10,3,0.3
warehouse_measurement:session:s042_03191:4818f26c7462,session,warehouse_measurement,S042_03191,synnetqos,session_id,S042_03191,S042_03191,10,10,1.0
warehouse_measurement:session:s042_03192:e2f464bdcb7a,session,warehouse_measurement,S042_03192,synnetqos,session_id,S042_03192,S042_03192,10,9,0.9
warehouse_measurement:session:s042_03193:eec16b69d680,session,warehouse_measurement,S042_03193,synnetqos,session_id,S042_03193,S042_03193,10,6,0.6
warehouse_measurement:session:s042_03194:4e5ebec6e085,session,warehouse_measurement,S042_03194,synnetqos,session_id,S042_03194,S042_03194,10,8,0.8
warehouse_measurement:session:s042_03195:0d03245173df,session,warehouse_measurement,S042_03195,synnetqos,session_id,S042_03195,S042_03195,10,5,0.5
warehouse_measurement:session:s042_03196:41960b586f47,session,warehouse_measurement,S042_03196,synnetqos,session_id,S042_03196,S042_03196,10,1,0.1
warehouse_measurement:session:s042_03197:deb2095cb40a,session,warehouse_measurement,S042_03197,synnetqos,session_id,S042_03197,S042_03197,10,9,0.9
warehouse_measurement:session:s042_03198:ed2b0c5ae295,session,warehouse_measurement,S042_03198,synnetqos,session_id,S042_03198,S042_03198,10,1,0.1
warehouse_measurement:session:s042_03199:4ca206005bdf,session,warehouse_measurement,S042_03199,synnetqos,session_id,S042_03199,S042_03199,10,10,1.0
warehouse_measurement:session:s042_03200:08519324d96c,session,warehouse_measurement,S042_03200,synnetqos,session_id,S042_03200,S042_03200,10,10,1.0
warehouse_measurement:session:s042_03201:f4e483ce9bde,session,warehouse_measurement,S042_03201,synnetqos,session_id,S042_03201,S042_03201,10,2,0.2
warehouse_measurement:session:s042_03202:350fce175997,session,warehouse_measurement,S042_03202,synnetqos,session_id,S042_03202,S042_03202,10,1,0.1
warehouse_measurement:session:s042_03203:39860f76b979,session,warehouse_measurement,S042_03203,synnetqos,session_id,S042_03203,S042_03203,10,10,1.0
warehouse_measurement:session:s042_03204:dd1b24be048d,session,warehouse_measurement,S042_03204,synnetqos,session_id,S042_03204,S042_03204,10,8,0.8
warehouse_measurement:session:s042_03205:ce9af1c83d84,session,warehouse_measurement,S042_03205,synnetqos,session_id,S042_03205,S042_03205,10,1,0.1
warehouse_measurement:session:s042_03206:cc209a472a50,session,warehouse_measurement,S042_03206,synnetqos,session_id,S042_03206,S042_03206,10,0,0.0
warehouse_measurement:session:s042_03207:b7b6c13220c5,session,warehouse_measurement,S042_03207,synnetqos,session_id,S042_03207,S042_03207,10,0,0.0
warehouse_measurement:session:s042_03208:9c10dc8bc8f7,session,warehouse_measurement,S042_03208,synnetqos,session_id,S042_03208,S042_03208,10,1,0.1
warehouse_measurement:session:s042_03209:d0cd810a169e,session,warehouse_measurement,S042_03209,synnetqos,session_id,S042_03209,S042_03209,10,9,0.9
warehouse_measurement:session:s042_03210:229115269e08,session,warehouse_measurement,S042_03210,synnetqos,session_id,S042_03210,S042_03210,10,4,0.4
warehouse_measurement:session:s042_03211:9921cf1e7580,session,warehouse_measurement,S042_03211,synnetqos,session_id,S042_03211,S042_03211,10,1,0.1
warehouse_measurement:session:s042_03212:3d566d3db0de,session,warehouse_measurement,S042_03212,synnetqos,session_id,S042_03212,S042_03212,10,6,0.6
warehouse_measurement:session:s042_03213:1ccfe330dfbe,session,warehouse_measurement,S042_03213,synnetqos,session_id,S042_03213,S042_03213,10,9,0.9
warehouse_measurement:session:s042_03214:447b8b5ece52,session,warehouse_measurement,S042_03214,synnetqos,session_id,S042_03214,S042_03214,10,3,0.3
warehouse_measurement:session:s042_03215:199055e4f06a,session,warehouse_measurement,S042_03215,synnetqos,session_id,S042_03215,S042_03215,10,10,1.0
warehouse_measurement:session:s042_03216:9cad2889f072,session,warehouse_measurement,S042_03216,synnetqos,session_id,S042_03216,S042_03216,10,4,0.4
warehouse_measurement:session:s042_03217:8db774da353a,session,warehouse_measurement,S042_03217,synnetqos,session_id,S042_03217,S042_03217,10,1,0.1
warehouse_measurement:session:s042_03218:b2269b176bb6,session,warehouse_measurement,S042_03218,synnetqos,session_id,S042_03218,S042_03218,10,9,0.9
warehouse_measurement:session:s042_03219:b7c50c7d7482,session,warehouse_measurement,S042_03219,synnetqos,session_id,S042_03219,S042_03219,10,6,0.6
warehouse_measurement:session:s042_03220:202c762f93ac,session,warehouse_measurement,S042_03220,synnetqos,session_id,S042_03220,S042_03220,10,3,0.3
warehouse_measurement:session:s042_03221:eda9a107c34b,session,warehouse_measurement,S042_03221,synnetqos,session_id,S042_03221,S042_03221,10,8,0.8
warehouse_measurement:session:s042_03222:5763d24e7988,session,warehouse_measurement,S042_03222,synnetqos,session_id,S042_03222,S042_03222,10,6,0.6
warehouse_measurement:session:s042_03223:77a4d97f3344,session,warehouse_measurement,S042_03223,synnetqos,session_id,S042_03223,S042_03223,10,8,0.8
warehouse_measurement:session:s042_03224:3319ed934cff,session,warehouse_measurement,S042_03224,synnetqos,session_id,S042_03224,S042_03224,10,7,0.7
warehouse_measurement:session:s042_03225:5fb4f4b5e571,session,warehouse_measurement,S042_03225,synnetqos,session_id,S042_03225,S042_03225,10,8,0.8
warehouse_measurement:session:s042_03226:62068cbc03a2,session,warehouse_measurement,S042_03226,synnetqos,session_id,S042_03226,S042_03226,10,2,0.2
warehouse_measurement:session:s042_03227:9bf6a8e0bf60,session,warehouse_measurement,S042_03227,synnetqos,session_id,S042_03227,S042_03227,10,8,0.8
warehouse_measurement:session:s042_03228:dbcb4a57dcbd,session,warehouse_measurement,S042_03228,synnetqos,session_id,S042_03228,S042_03228,10,8,0.8
warehouse_measurement:session:s042_03229:15033b92ab54,session,warehouse_measurement,S042_03229,synnetqos,session_id,S042_03229,S042_03229,10,8,0.8
warehouse_measurement:session:s042_03230:4f915c5875d5,session,warehouse_measurement,S042_03230,synnetqos,session_id,S042_03230,S042_03230,10,5,0.5
warehouse_measurement:session:s042_03231:62cce9f05640,session,warehouse_measurement,S042_03231,synnetqos,session_id,S042_03231,S042_03231,10,4,0.4
warehouse_measurement:session:s042_03232:f4bec3ce03bc,session,warehouse_measurement,S042_03232,synnetqos,session_id,S042_03232,S042_03232,10,3,0.3
warehouse_measurement:session:s042_03233:69664f949367,session,warehouse_measurement,S042_03233,synnetqos,session_id,S042_03233,S042_03233,10,0,0.0
warehouse_measurement:session:s042_03234:a8eebd503ece,session,warehouse_measurement,S042_03234,synnetqos,session_id,S042_03234,S042_03234,10,4,0.4
warehouse_measurement:session:s042_03235:1e1bbec01025,session,warehouse_measurement,S042_03235,synnetqos,session_id,S042_03235,S042_03235,10,5,0.5
warehouse_measurement:session:s042_03236:9b4c0f18ef66,session,warehouse_measurement,S042_03236,synnetqos,session_id,S042_03236,S042_03236,10,10,1.0
warehouse_measurement:session:s042_03237:22e6cf8887e4,session,warehouse_measurement,S042_03237,synnetqos,session_id,S042_03237,S042_03237,10,0,0.0
warehouse_measurement:session:s042_03238:ecc10902b399,session,warehouse_measurement,S042_03238,synnetqos,session_id,S042_03238,S042_03238,10,2,0.2
warehouse_measurement:session:s042_03239:728a9c4ba4c0,session,warehouse_measurement,S042_03239,synnetqos,session_id,S042_03239,S042_03239,10,0,0.0
warehouse_measurement:session:s042_03240:a773b24b5060,session,warehouse_measurement,S042_03240,synnetqos,session_id,S042_03240,S042_03240,10,7,0.7
warehouse_measurement:session:s042_03241:5b235b7e289d,session,warehouse_measurement,S042_03241,synnetqos,session_id,S042_03241,S042_03241,10,5,0.5
warehouse_measurement:session:s042_03242:37dfa4d9aafc,session,warehouse_measurement,S042_03242,synnetqos,session_id,S042_03242,S042_03242,10,3,0.3
warehouse_measurement:session:s042_03243:0e371d69d4e8,session,warehouse_measurement,S042_03243,synnetqos,session_id,S042_03243,S042_03243,10,1,0.1
warehouse_measurement:session:s042_03244:2a72ff587e19,session,warehouse_measurement,S042_03244,synnetqos,session_id,S042_03244,S042_03244,10,0,0.0
warehouse_measurement:session:s042_03245:68a6036b0d6d,session,warehouse_measurement,S042_03245,synnetqos,session_id,S042_03245,S042_03245,10,0,0.0
warehouse_measurement:session:s042_03246:c91376db6b26,session,warehouse_measurement,S042_03246,synnetqos,session_id,S042_03246,S042_03246,10,10,1.0
warehouse_measurement:session:s042_03247:b76418b5fdfc,session,warehouse_measurement,S042_03247,synnetqos,session_id,S042_03247,S042_03247,10,1,0.1
warehouse_measurement:session:s042_03248:ad12addf87e1,session,warehouse_measurement,S042_03248,synnetqos,session_id,S042_03248,S042_03248,10,7,0.7
warehouse_measurement:session:s042_03249:422a09ccecca,session,warehouse_measurement,S042_03249,synnetqos,session_id,S042_03249,S042_03249,10,10,1.0
warehouse_measurement:session:s042_03250:3bd0da607246,session,warehouse_measurement,S042_03250,synnetqos,session_id,S042_03250,S042_03250,10,9,0.9
warehouse_measurement:session:s042_03251:a0d4c766342a,session,warehouse_measurement,S042_03251,synnetqos,session_id,S042_03251,S042_03251,10,9,0.9
warehouse_measurement:session:s042_03252:09d7ce61e8ab,session,warehouse_measurement,S042_03252,synnetqos,session_id,S042_03252,S042_03252,10,4,0.4
warehouse_measurement:session:s042_03253:ec64e5b96080,session,warehouse_measurement,S042_03253,synnetqos,session_id,S042_03253,S042_03253,10,1,0.1
warehouse_measurement:session:s042_03254:0eac480005ff,session,warehouse_measurement,S042_03254,synnetqos,session_id,S042_03254,S042_03254,10,3,0.3
warehouse_measurement:session:s042_03255:38e754ca4e47,session,warehouse_measurement,S042_03255,synnetqos,session_id,S042_03255,S042_03255,10,3,0.3
warehouse_measurement:session:s042_03256:3abcd51d58db,session,warehouse_measurement,S042_03256,synnetqos,session_id,S042_03256,S042_03256,10,8,0.8
warehouse_measurement:session:s042_03257:c30ef9216a21,session,warehouse_measurement,S042_03257,synnetqos,session_id,S042_03257,S042_03257,10,7,0.7
warehouse_measurement:session:s042_03258:429fdf090906,session,warehouse_measurement,S042_03258,synnetqos,session_id,S042_03258,S042_03258,10,10,1.0
warehouse_measurement:session:s042_03259:3d4998edf109,session,warehouse_measurement,S042_03259,synnetqos,session_id,S042_03259,S042_03259,10,9,0.9
warehouse_measurement:session:s042_03260:913e23112e04,session,warehouse_measurement,S042_03260,synnetqos,session_id,S042_03260,S042_03260,10,8,0.8
warehouse_measurement:session:s042_03261:cc4bd2f96cab,session,warehouse_measurement,S042_03261,synnetqos,session_id,S042_03261,S042_03261,10,3,0.3
warehouse_measurement:session:s042_03262:1d576691068c,session,warehouse_measurement,S042_03262,synnetqos,session_id,S042_03262,S042_03262,10,2,0.2
warehouse_measurement:session:s042_03263:e03c5ecd36b3,session,warehouse_measurement,S042_03263,synnetqos,session_id,S042_03263,S042_03263,10,0,0.0
warehouse_measurement:session:s042_03264:26a28a643eaa,session,warehouse_measurement,S042_03264,synnetqos,session_id,S042_03264,S042_03264,10,8,0.8
warehouse_measurement:session:s042_03265:e99270c56ec7,session,warehouse_measurement,S042_03265,synnetqos,session_id,S042_03265,S042_03265,10,6,0.6
warehouse_measurement:session:s042_03266:47fcb1401e96,session,warehouse_measurement,S042_03266,synnetqos,session_id,S042_03266,S042_03266,10,10,1.0
warehouse_measurement:session:s042_03267:a71688d08880,session,warehouse_measurement,S042_03267,synnetqos,session_id,S042_03267,S042_03267,10,9,0.9
warehouse_measurement:session:s042_03268:ac152936152b,session,warehouse_measurement,S042_03268,synnetqos,session_id,S042_03268,S042_03268,10,4,0.4
warehouse_measurement:session:s042_03269:7d7c648ab074,session,warehouse_measurement,S042_03269,synnetqos,session_id,S042_03269,S042_03269,10,10,1.0
warehouse_measurement:session:s042_03270:e4e91694aacc,session,warehouse_measurement,S042_03270,synnetqos,session_id,S042_03270,S042_03270,10,3,0.3
warehouse_measurement:session:s042_03271:5746025933b2,session,warehouse_measurement,S042_03271,synnetqos,session_id,S042_03271,S042_03271,10,2,0.2
warehouse_measurement:session:s042_03272:b1ab89189093,session,warehouse_measurement,S042_03272,synnetqos,session_id,S042_03272,S042_03272,10,10,1.0
warehouse_measurement:session:s042_03273:cf25aa6d5b2a,session,warehouse_measurement,S042_03273,synnetqos,session_id,S042_03273,S042_03273,10,4,0.4
warehouse_measurement:session:s042_03274:0be48f59d8d8,session,warehouse_measurement,S042_03274,synnetqos,session_id,S042_03274,S042_03274,10,4,0.4
warehouse_measurement:session:s042_03275:99db581db1a3,session,warehouse_measurement,S042_03275,synnetqos,session_id,S042_03275,S042_03275,10,9,0.9
warehouse_measurement:session:s042_03276:aeeacfbe5992,session,warehouse_measurement,S042_03276,synnetqos,session_id,S042_03276,S042_03276,10,0,0.0
warehouse_measurement:session:s042_03277:4cd86ca3ab0a,session,warehouse_measurement,S042_03277,synnetqos,session_id,S042_03277,S042_03277,10,10,1.0
warehouse_measurement:session:s042_03278:c5e360c45165,session,warehouse_measurement,S042_03278,synnetqos,session_id,S042_03278,S042_03278,10,8,0.8
warehouse_measurement:session:s042_03279:33327845f0d5,session,warehouse_measurement,S042_03279,synnetqos,session_id,S042_03279,S042_03279,10,0,0.0
warehouse_measurement:session:s042_03280:cc1eb84158a1,session,warehouse_measurement,S042_03280,synnetqos,session_id,S042_03280,S042_03280,10,7,0.7
warehouse_measurement:session:s042_03281:1af79cdcce0f,session,warehouse_measurement,S042_03281,synnetqos,session_id,S042_03281,S042_03281,10,4,0.4
warehouse_measurement:session:s042_03282:b0848144d5eb,session,warehouse_measurement,S042_03282,synnetqos,session_id,S042_03282,S042_03282,10,10,1.0
warehouse_measurement:session:s042_03283:771af13ece3b,session,warehouse_measurement,S042_03283,synnetqos,session_id,S042_03283,S042_03283,10,9,0.9
warehouse_measurement:session:s042_03284:4ebc406fddaa,session,warehouse_measurement,S042_03284,synnetqos,session_id,S042_03284,S042_03284,10,7,0.7
warehouse_measurement:session:s042_03285:693b0152be9e,session,warehouse_measurement,S042_03285,synnetqos,session_id,S042_03285,S042_03285,10,2,0.2
warehouse_measurement:session:s042_03286:be3c046b55e4,session,warehouse_measurement,S042_03286,synnetqos,session_id,S042_03286,S042_03286,10,6,0.6
warehouse_measurement:session:s042_03287:54c8c025bd90,session,warehouse_measurement,S042_03287,synnetqos,session_id,S042_03287,S042_03287,10,2,0.2
warehouse_measurement:session:s042_03288:a39bfd13b19d,session,warehouse_measurement,S042_03288,synnetqos,session_id,S042_03288,S042_03288,10,8,0.8
warehouse_measurement:session:s042_03289:66b0aff5628b,session,warehouse_measurement,S042_03289,synnetqos,session_id,S042_03289,S042_03289,10,2,0.2
warehouse_measurement:session:s042_03290:8c411a822019,session,warehouse_measurement,S042_03290,synnetqos,session_id,S042_03290,S042_03290,10,8,0.8
warehouse_measurement:session:s042_03291:0d24679ee00a,session,warehouse_measurement,S042_03291,synnetqos,session_id,S042_03291,S042_03291,10,0,0.0
warehouse_measurement:session:s042_03292:9a1a299ef854,session,warehouse_measurement,S042_03292,synnetqos,session_id,S042_03292,S042_03292,10,3,0.3
warehouse_measurement:session:s042_03293:e9b485e3cea5,session,warehouse_measurement,S042_03293,synnetqos,session_id,S042_03293,S042_03293,10,5,0.5
warehouse_measurement:session:s042_03294:8bb283a5e160,session,warehouse_measurement,S042_03294,synnetqos,session_id,S042_03294,S042_03294,10,6,0.6
warehouse_measurement:session:s042_03295:a7439d316811,session,warehouse_measurement,S042_03295,synnetqos,session_id,S042_03295,S042_03295,10,8,0.8
warehouse_measurement:session:s042_03296:ec5c7ba05813,session,warehouse_measurement,S042_03296,synnetqos,session_id,S042_03296,S042_03296,10,8,0.8
warehouse_measurement:session:s042_03297:2cf654256a28,session,warehouse_measurement,S042_03297,synnetqos,session_id,S042_03297,S042_03297,10,4,0.4
warehouse_measurement:session:s042_03298:d2c2667e0ce0,session,warehouse_measurement,S042_03298,synnetqos,session_id,S042_03298,S042_03298,10,6,0.6
warehouse_measurement:session:s042_03299:666aa3cf4ad0,session,warehouse_measurement,S042_03299,synnetqos,session_id,S042_03299,S042_03299,10,2,0.2
warehouse_measurement:session:s042_03300:24f1500b21fe,session,warehouse_measurement,S042_03300,synnetqos,session_id,S042_03300,S042_03300,10,5,0.5
warehouse_measurement:session:s042_03301:cd10b2bbe265,session,warehouse_measurement,S042_03301,synnetqos,session_id,S042_03301,S042_03301,10,6,0.6
warehouse_measurement:session:s042_03302:dedfded60e04,session,warehouse_measurement,S042_03302,synnetqos,session_id,S042_03302,S042_03302,10,9,0.9
warehouse_measurement:session:s042_03303:fe94d5de3f9b,session,warehouse_measurement,S042_03303,synnetqos,session_id,S042_03303,S042_03303,10,6,0.6
warehouse_measurement:session:s042_03304:24c97983ef9f,session,warehouse_measurement,S042_03304,synnetqos,session_id,S042_03304,S042_03304,10,10,1.0
warehouse_measurement:session:s042_03305:537b1b04ef4c,session,warehouse_measurement,S042_03305,synnetqos,session_id,S042_03305,S042_03305,10,7,0.7
warehouse_measurement:session:s042_03306:a5843a84fd75,session,warehouse_measurement,S042_03306,synnetqos,session_id,S042_03306,S042_03306,10,2,0.2
warehouse_measurement:session:s042_03307:f7ea1eb6a409,session,warehouse_measurement,S042_03307,synnetqos,session_id,S042_03307,S042_03307,10,6,0.6
warehouse_measurement:session:s042_03308:fa37479f7e41,session,warehouse_measurement,S042_03308,synnetqos,session_id,S042_03308,S042_03308,10,1,0.1
warehouse_measurement:session:s042_03309:152cdea111f3,session,warehouse_measurement,S042_03309,synnetqos,session_id,S042_03309,S042_03309,10,6,0.6
warehouse_measurement:session:s042_03310:60aef0917c20,session,warehouse_measurement,S042_03310,synnetqos,session_id,S042_03310,S042_03310,10,0,0.0
warehouse_measurement:session:s042_03311:d26a98a19021,session,warehouse_measurement,S042_03311,synnetqos,session_id,S042_03311,S042_03311,10,1,0.1
warehouse_measurement:session:s042_03312:8e24c90483e0,session,warehouse_measurement,S042_03312,synnetqos,session_id,S042_03312,S042_03312,10,4,0.4
warehouse_measurement:session:s042_03313:0c8d397cb05c,session,warehouse_measurement,S042_03313,synnetqos,session_id,S042_03313,S042_03313,10,0,0.0
warehouse_measurement:session:s042_03314:fd6dea54e6ca,session,warehouse_measurement,S042_03314,synnetqos,session_id,S042_03314,S042_03314,10,10,1.0
warehouse_measurement:session:s042_03315:94ad058267f1,session,warehouse_measurement,S042_03315,synnetqos,session_id,S042_03315,S042_03315,10,6,0.6
warehouse_measurement:session:s042_03316:7759ff5db762,session,warehouse_measurement,S042_03316,synnetqos,session_id,S042_03316,S042_03316,10,1,0.1
warehouse_measurement:session:s042_03317:a7203095cd9d,session,warehouse_measurement,S042_03317,synnetqos,session_id,S042_03317,S042_03317,10,3,0.3
warehouse_measurement:session:s042_03318:cbc253ae41a0,session,warehouse_measurement,S042_03318,synnetqos,session_id,S042_03318,S042_03318,10,0,0.0
warehouse_measurement:session:s042_03319:b547034cf0ab,session,warehouse_measurement,S042_03319,synnetqos,session_id,S042_03319,S042_03319,10,1,0.1
warehouse_measurement:session:s042_03320:99fe87e78439,session,warehouse_measurement,S042_03320,synnetqos,session_id,S042_03320,S042_03320,10,2,0.2
warehouse_measurement:session:s042_03321:4d01e8bbcddf,session,warehouse_measurement,S042_03321,synnetqos,session_id,S042_03321,S042_03321,10,9,0.9
warehouse_measurement:session:s042_03322:cd47a31e9b74,session,warehouse_measurement,S042_03322,synnetqos,session_id,S042_03322,S042_03322,10,3,0.3
warehouse_measurement:session:s042_03323:3a8875191917,session,warehouse_measurement,S042_03323,synnetqos,session_id,S042_03323,S042_03323,10,1,0.1
warehouse_measurement:session:s042_03324:8fecd0a31e55,session,warehouse_measurement,S042_03324,synnetqos,session_id,S042_03324,S042_03324,10,2,0.2
warehouse_measurement:session:s042_03325:93e90850b882,session,warehouse_measurement,S042_03325,synnetqos,session_id,S042_03325,S042_03325,10,8,0.8
warehouse_measurement:session:s042_03326:db56222fc6c0,session,warehouse_measurement,S042_03326,synnetqos,session_id,S042_03326,S042_03326,10,4,0.4
warehouse_measurement:session:s042_03327:224d193953fc,session,warehouse_measurement,S042_03327,synnetqos,session_id,S042_03327,S042_03327,10,5,0.5
warehouse_measurement:session:s042_03328:0d07fc601fb6,session,warehouse_measurement,S042_03328,synnetqos,session_id,S042_03328,S042_03328,10,1,0.1
warehouse_measurement:session:s042_03329:17d3f77e7768,session,warehouse_measurement,S042_03329,synnetqos,session_id,S042_03329,S042_03329,10,1,0.1
warehouse_measurement:session:s042_03330:d08d23fb29bb,session,warehouse_measurement,S042_03330,synnetqos,session_id,S042_03330,S042_03330,10,9,0.9
warehouse_measurement:session:s042_03331:bbb8386a3628,session,warehouse_measurement,S042_03331,synnetqos,session_id,S042_03331,S042_03331,10,9,0.9
warehouse_measurement:session:s042_03332:f6a60cce4cb4,session,warehouse_measurement,S042_03332,synnetqos,session_id,S042_03332,S042_03332,10,2,0.2
warehouse_measurement:session:s042_03333:2922d7cccc67,session,warehouse_measurement,S042_03333,synnetqos,session_id,S042_03333,S042_03333,10,0,0.0
warehouse_measurement:session:s042_03334:9ab92656adbb,session,warehouse_measurement,S042_03334,synnetqos,session_id,S042_03334,S042_03334,10,8,0.8
warehouse_measurement:session:s042_03335:085ef4d4c28f,session,warehouse_measurement,S042_03335,synnetqos,session_id,S042_03335,S042_03335,10,8,0.8
warehouse_measurement:session:s042_03336:7c2b85e27886,session,warehouse_measurement,S042_03336,synnetqos,session_id,S042_03336,S042_03336,10,6,0.6
warehouse_measurement:session:s042_03337:001e6c390b0f,session,warehouse_measurement,S042_03337,synnetqos,session_id,S042_03337,S042_03337,10,4,0.4
warehouse_measurement:session:s042_03338:a6b46849a5a2,session,warehouse_measurement,S042_03338,synnetqos,session_id,S042_03338,S042_03338,10,2,0.2
warehouse_measurement:session:s042_03339:b762ce2c4007,session,warehouse_measurement,S042_03339,synnetqos,session_id,S042_03339,S042_03339,10,10,1.0
warehouse_measurement:session:s042_03340:498eae56b21b,session,warehouse_measurement,S042_03340,synnetqos,session_id,S042_03340,S042_03340,10,1,0.1
warehouse_measurement:session:s042_03341:e8b08287885b,session,warehouse_measurement,S042_03341,synnetqos,session_id,S042_03341,S042_03341,10,9,0.9
warehouse_measurement:session:s042_03342:cbd47806f50d,session,warehouse_measurement,S042_03342,synnetqos,session_id,S042_03342,S042_03342,10,8,0.8
warehouse_measurement:session:s042_03343:991ff7a67b8a,session,warehouse_measurement,S042_03343,synnetqos,session_id,S042_03343,S042_03343,10,9,0.9
warehouse_measurement:session:s042_03344:d7f92d60d62b,session,warehouse_measurement,S042_03344,synnetqos,session_id,S042_03344,S042_03344,10,1,0.1
warehouse_measurement:session:s042_03345:df138ab5f5c5,session,warehouse_measurement,S042_03345,synnetqos,session_id,S042_03345,S042_03345,10,6,0.6
warehouse_measurement:session:s042_03346:6d02f269fa0b,session,warehouse_measurement,S042_03346,synnetqos,session_id,S042_03346,S042_03346,10,2,0.2
warehouse_measurement:session:s042_03347:14c8bcc135c1,session,warehouse_measurement,S042_03347,synnetqos,session_id,S042_03347,S042_03347,10,0,0.0
warehouse_measurement:session:s042_03348:faca895c0481,session,warehouse_measurement,S042_03348,synnetqos,session_id,S042_03348,S042_03348,10,3,0.3
warehouse_measurement:session:s042_03349:6bbb76340eab,session,warehouse_measurement,S042_03349,synnetqos,session_id,S042_03349,S042_03349,10,4,0.4
warehouse_measurement:session:s042_03350:e7f0b30c8d72,session,warehouse_measurement,S042_03350,synnetqos,session_id,S042_03350,S042_03350,10,2,0.2
warehouse_measurement:session:s042_03351:73a694638704,session,warehouse_measurement,S042_03351,synnetqos,session_id,S042_03351,S042_03351,10,3,0.3
warehouse_measurement:session:s042_03352:d17584dc95fe,session,warehouse_measurement,S042_03352,synnetqos,session_id,S042_03352,S042_03352,10,4,0.4
warehouse_measurement:session:s042_03353:5005d5f358b3,session,warehouse_measurement,S042_03353,synnetqos,session_id,S042_03353,S042_03353,10,3,0.3
warehouse_measurement:session:s042_03354:b84ed0d7fc5b,session,warehouse_measurement,S042_03354,synnetqos,session_id,S042_03354,S042_03354,10,7,0.7
warehouse_measurement:session:s042_03355:f8ac6f4f83d2,session,warehouse_measurement,S042_03355,synnetqos,session_id,S042_03355,S042_03355,10,10,1.0
warehouse_measurement:session:s042_03356:07c0d8c5c059,session,warehouse_measurement,S042_03356,synnetqos,session_id,S042_03356,S042_03356,10,6,0.6
warehouse_measurement:session:s042_03357:4a29a5929016,session,warehouse_measurement,S042_03357,synnetqos,session_id,S042_03357,S042_03357,10,3,0.3
warehouse_measurement:session:s042_03358:e2c4052fe4ef,session,warehouse_measurement,S042_03358,synnetqos,session_id,S042_03358,S042_03358,10,3,0.3
warehouse_measurement:session:s042_03359:07119f692a33,session,warehouse_measurement,S042_03359,synnetqos,session_id,S042_03359,S042_03359,10,10,1.0
warehouse_measurement:session:s042_03360:78faa8bbd634,session,warehouse_measurement,S042_03360,synnetqos,session_id,S042_03360,S042_03360,10,8,0.8
warehouse_measurement:session:s042_03361:7309324d5de0,session,warehouse_measurement,S042_03361,synnetqos,session_id,S042_03361,S042_03361,10,9,0.9
warehouse_measurement:session:s042_03362:695df013bfb8,session,warehouse_measurement,S042_03362,synnetqos,session_id,S042_03362,S042_03362,10,0,0.0
warehouse_measurement:session:s042_03363:c0f1acc77b68,session,warehouse_measurement,S042_03363,synnetqos,session_id,S042_03363,S042_03363,10,0,0.0
warehouse_measurement:session:s042_03364:7d45bd647d77,session,warehouse_measurement,S042_03364,synnetqos,session_id,S042_03364,S042_03364,10,9,0.9
warehouse_measurement:session:s042_03365:cd0b7b45dd27,session,warehouse_measurement,S042_03365,synnetqos,session_id,S042_03365,S042_03365,10,2,0.2
warehouse_measurement:session:s042_03366:d5741aeb5971,session,warehouse_measurement,S042_03366,synnetqos,session_id,S042_03366,S042_03366,10,4,0.4
warehouse_measurement:session:s042_03367:6ae60442c6a9,session,warehouse_measurement,S042_03367,synnetqos,session_id,S042_03367,S042_03367,10,4,0.4
warehouse_measurement:session:s042_03368:0b82098be1a4,session,warehouse_measurement,S042_03368,synnetqos,session_id,S042_03368,S042_03368,10,5,0.5
warehouse_measurement:session:s042_03369:c94c4b1b9f8e,session,warehouse_measurement,S042_03369,synnetqos,session_id,S042_03369,S042_03369,10,1,0.1
warehouse_measurement:session:s042_03370:5fd3073a69f2,session,warehouse_measurement,S042_03370,synnetqos,session_id,S042_03370,S042_03370,10,10,1.0
warehouse_measurement:session:s042_03371:752b78fe631b,session,warehouse_measurement,S042_03371,synnetqos,session_id,S042_03371,S042_03371,10,7,0.7
warehouse_measurement:session:s042_03372:990613f3940f,session,warehouse_measurement,S042_03372,synnetqos,session_id,S042_03372,S042_03372,10,0,0.0
warehouse_measurement:session:s042_03373:4c559617f852,session,warehouse_measurement,S042_03373,synnetqos,session_id,S042_03373,S042_03373,10,6,0.6
warehouse_measurement:session:s042_03374:a5c71b49c0d5,session,warehouse_measurement,S042_03374,synnetqos,session_id,S042_03374,S042_03374,10,9,0.9
warehouse_measurement:session:s042_03375:6c16426048c7,session,warehouse_measurement,S042_03375,synnetqos,session_id,S042_03375,S042_03375,10,9,0.9
warehouse_measurement:session:s042_03376:a6fabb66cc10,session,warehouse_measurement,S042_03376,synnetqos,session_id,S042_03376,S042_03376,10,0,0.0
warehouse_measurement:session:s042_03377:78e12ca01edd,session,warehouse_measurement,S042_03377,synnetqos,session_id,S042_03377,S042_03377,10,9,0.9
warehouse_measurement:session:s042_03378:03b16263f09b,session,warehouse_measurement,S042_03378,synnetqos,session_id,S042_03378,S042_03378,10,6,0.6
warehouse_measurement:session:s042_03379:ac1ec85f53c2,session,warehouse_measurement,S042_03379,synnetqos,session_id,S042_03379,S042_03379,10,6,0.6
warehouse_measurement:session:s042_03380:55d61ebb120a,session,warehouse_measurement,S042_03380,synnetqos,session_id,S042_03380,S042_03380,10,3,0.3
warehouse_measurement:session:s042_03381:731436cd6867,session,warehouse_measurement,S042_03381,synnetqos,session_id,S042_03381,S042_03381,10,5,0.5
warehouse_measurement:session:s042_03382:70f6b59787be,session,warehouse_measurement,S042_03382,synnetqos,session_id,S042_03382,S042_03382,10,9,0.9
warehouse_measurement:session:s042_03383:4acc3f86f89c,session,warehouse_measurement,S042_03383,synnetqos,session_id,S042_03383,S042_03383,10,5,0.5
warehouse_measurement:session:s042_03384:206c85beacd2,session,warehouse_measurement,S042_03384,synnetqos,session_id,S042_03384,S042_03384,10,9,0.9
warehouse_measurement:session:s042_03385:b11fb9a2bb8d,session,warehouse_measurement,S042_03385,synnetqos,session_id,S042_03385,S042_03385,10,8,0.8
warehouse_measurement:session:s042_03386:a70ebbc7f331,session,warehouse_measurement,S042_03386,synnetqos,session_id,S042_03386,S042_03386,10,4,0.4
warehouse_measurement:session:s042_03387:06099bdad70d,session,warehouse_measurement,S042_03387,synnetqos,session_id,S042_03387,S042_03387,10,2,0.2
warehouse_measurement:session:s042_03388:0c116b072fab,session,warehouse_measurement,S042_03388,synnetqos,session_id,S042_03388,S042_03388,10,7,0.7
warehouse_measurement:session:s042_03389:2b01896cfd11,session,warehouse_measurement,S042_03389,synnetqos,session_id,S042_03389,S042_03389,10,3,0.3
warehouse_measurement:session:s042_03390:95adefa797cf,session,warehouse_measurement,S042_03390,synnetqos,session_id,S042_03390,S042_03390,10,1,0.1
warehouse_measurement:session:s042_03391:c2f5af7fcaa8,session,warehouse_measurement,S042_03391,synnetqos,session_id,S042_03391,S042_03391,10,3,0.3
warehouse_measurement:session:s042_03392:e8897fd14a15,session,warehouse_measurement,S042_03392,synnetqos,session_id,S042_03392,S042_03392,10,8,0.8
warehouse_measurement:session:s042_03393:bae76e861e8f,session,warehouse_measurement,S042_03393,synnetqos,session_id,S042_03393,S042_03393,10,7,0.7
warehouse_measurement:session:s042_03394:bf5f37ef49b9,session,warehouse_measurement,S042_03394,synnetqos,session_id,S042_03394,S042_03394,10,2,0.2
warehouse_measurement:session:s042_03395:d1d9270c9592,session,warehouse_measurement,S042_03395,synnetqos,session_id,S042_03395,S042_03395,10,2,0.2
warehouse_measurement:session:s042_03396:c3727148d9c0,session,warehouse_measurement,S042_03396,synnetqos,session_id,S042_03396,S042_03396,10,7,0.7
warehouse_measurement:session:s042_03397:ac4569b476c9,session,warehouse_measurement,S042_03397,synnetqos,session_id,S042_03397,S042_03397,10,4,0.4
warehouse_measurement:session:s042_03398:4a656fedf517,session,warehouse_measurement,S042_03398,synnetqos,session_id,S042_03398,S042_03398,10,4,0.4
warehouse_measurement:session:s042_03399:8261480043b9,session,warehouse_measurement,S042_03399,synnetqos,session_id,S042_03399,S042_03399,10,8,0.8
warehouse_measurement:session:s042_03400:a94c9d2c133b,session,warehouse_measurement,S042_03400,synnetqos,session_id,S042_03400,S042_03400,10,2,0.2
warehouse_measurement:session:s042_03401:d2732a977428,session,warehouse_measurement,S042_03401,synnetqos,session_id,S042_03401,S042_03401,10,1,0.1
warehouse_measurement:session:s042_03402:3d9fb2d6bdff,session,warehouse_measurement,S042_03402,synnetqos,session_id,S042_03402,S042_03402,10,7,0.7
warehouse_measurement:session:s042_03403:7dff1ba0c6ca,session,warehouse_measurement,S042_03403,synnetqos,session_id,S042_03403,S042_03403,10,4,0.4
warehouse_measurement:session:s042_03404:aaf6b6780c8e,session,warehouse_measurement,S042_03404,synnetqos,session_id,S042_03404,S042_03404,10,6,0.6
warehouse_measurement:session:s042_03405:64c9343067ca,session,warehouse_measurement,S042_03405,synnetqos,session_id,S042_03405,S042_03405,10,10,1.0
warehouse_measurement:session:s042_03406:991933a06980,session,warehouse_measurement,S042_03406,synnetqos,session_id,S042_03406,S042_03406,10,10,1.0
warehouse_measurement:session:s042_03407:63103906c498,session,warehouse_measurement,S042_03407,synnetqos,session_id,S042_03407,S042_03407,10,6,0.6
warehouse_measurement:session:s042_03408:59895cced175,session,warehouse_measurement,S042_03408,synnetqos,session_id,S042_03408,S042_03408,10,3,0.3
warehouse_measurement:session:s042_03409:5d2612098522,session,warehouse_measurement,S042_03409,synnetqos,session_id,S042_03409,S042_03409,10,6,0.6
warehouse_measurement:session:s042_03410:741448944319,session,warehouse_measurement,S042_03410,synnetqos,session_id,S042_03410,S042_03410,10,10,1.0
warehouse_measurement:session:s042_03411:f37139bba4ea,session,warehouse_measurement,S042_03411,synnetqos,session_id,S042_03411,S042_03411,10,2,0.2
warehouse_measurement:session:s042_03412:dd498790d8bd,session,warehouse_measurement,S042_03412,synnetqos,session_id,S042_03412,S042_03412,10,10,1.0
warehouse_measurement:session:s042_03413:221629f47e64,session,warehouse_measurement,S042_03413,synnetqos,session_id,S042_03413,S042_03413,10,8,0.8
warehouse_measurement:session:s042_03414:94f456be8cd5,session,warehouse_measurement,S042_03414,synnetqos,session_id,S042_03414,S042_03414,10,2,0.2
warehouse_measurement:session:s042_03415:44d1aec3d012,session,warehouse_measurement,S042_03415,synnetqos,session_id,S042_03415,S042_03415,10,10,1.0
warehouse_measurement:session:s042_03416:0bcbbc697c4d,session,warehouse_measurement,S042_03416,synnetqos,session_id,S042_03416,S042_03416,10,2,0.2
warehouse_measurement:session:s042_03417:967c0d189ebe,session,warehouse_measurement,S042_03417,synnetqos,session_id,S042_03417,S042_03417,10,1,0.1
warehouse_measurement:session:s042_03418:6c585095e744,session,warehouse_measurement,S042_03418,synnetqos,session_id,S042_03418,S042_03418,10,5,0.5
warehouse_measurement:session:s042_03419:3527fe210870,session,warehouse_measurement,S042_03419,synnetqos,session_id,S042_03419,S042_03419,10,5,0.5
warehouse_measurement:session:s042_03420:176db50b80da,session,warehouse_measurement,S042_03420,synnetqos,session_id,S042_03420,S042_03420,10,1,0.1
warehouse_measurement:session:s042_03421:3e42e95d8e63,session,warehouse_measurement,S042_03421,synnetqos,session_id,S042_03421,S042_03421,10,8,0.8
warehouse_measurement:session:s042_03422:fd37cea80c24,session,warehouse_measurement,S042_03422,synnetqos,session_id,S042_03422,S042_03422,10,3,0.3
warehouse_measurement:session:s042_03423:c98293cf7d04,session,warehouse_measurement,S042_03423,synnetqos,session_id,S042_03423,S042_03423,10,5,0.5
warehouse_measurement:session:s042_03424:5958f4d2a5fa,session,warehouse_measurement,S042_03424,synnetqos,session_id,S042_03424,S042_03424,10,2,0.2
warehouse_measurement:session:s042_03425:7ea630a61aa9,session,warehouse_measurement,S042_03425,synnetqos,session_id,S042_03425,S042_03425,10,1,0.1
warehouse_measurement:session:s042_03426:fdf9a24b8919,session,warehouse_measurement,S042_03426,synnetqos,session_id,S042_03426,S042_03426,10,5,0.5
warehouse_measurement:session:s042_03427:69f40b319b38,session,warehouse_measurement,S042_03427,synnetqos,session_id,S042_03427,S042_03427,10,6,0.6
warehouse_measurement:session:s042_03428:cfe27ac49c6f,session,warehouse_measurement,S042_03428,synnetqos,session_id,S042_03428,S042_03428,10,1,0.1
warehouse_measurement:session:s042_03429:8ea9d8e31d1e,session,warehouse_measurement,S042_03429,synnetqos,session_id,S042_03429,S042_03429,10,5,0.5
warehouse_measurement:session:s042_03430:d2cafb6ecac3,session,warehouse_measurement,S042_03430,synnetqos,session_id,S042_03430,S042_03430,10,10,1.0
warehouse_measurement:session:s042_03431:a8ca411cf6de,session,warehouse_measurement,S042_03431,synnetqos,session_id,S042_03431,S042_03431,10,8,0.8
warehouse_measurement:session:s042_03432:72eee19289f1,session,warehouse_measurement,S042_03432,synnetqos,session_id,S042_03432,S042_03432,10,7,0.7
warehouse_measurement:session:s042_03433:2f003ffe813d,session,warehouse_measurement,S042_03433,synnetqos,session_id,S042_03433,S042_03433,10,2,0.2
warehouse_measurement:session:s042_03434:7e807cc1f474,session,warehouse_measurement,S042_03434,synnetqos,session_id,S042_03434,S042_03434,10,7,0.7
warehouse_measurement:session:s042_03435:7b8aedddaa2b,session,warehouse_measurement,S042_03435,synnetqos,session_id,S042_03435,S042_03435,10,3,0.3
warehouse_measurement:session:s042_03436:7e3927527382,session,warehouse_measurement,S042_03436,synnetqos,session_id,S042_03436,S042_03436,10,10,1.0
warehouse_measurement:session:s042_03437:d195db6a7bb0,session,warehouse_measurement,S042_03437,synnetqos,session_id,S042_03437,S042_03437,10,9,0.9
warehouse_measurement:session:s042_03438:0d7494a8d687,session,warehouse_measurement,S042_03438,synnetqos,session_id,S042_03438,S042_03438,10,6,0.6
warehouse_measurement:session:s042_03439:68f0e469b720,session,warehouse_measurement,S042_03439,synnetqos,session_id,S042_03439,S042_03439,10,2,0.2
warehouse_measurement:session:s042_03440:371f785639f9,session,warehouse_measurement,S042_03440,synnetqos,session_id,S042_03440,S042_03440,10,7,0.7
warehouse_measurement:session:s042_03441:037f7914ab0e,session,warehouse_measurement,S042_03441,synnetqos,session_id,S042_03441,S042_03441,10,9,0.9
warehouse_measurement:session:s042_03442:c71be8e92d82,session,warehouse_measurement,S042_03442,synnetqos,session_id,S042_03442,S042_03442,10,1,0.1
warehouse_measurement:session:s042_03443:ad83bfd62b77,session,warehouse_measurement,S042_03443,synnetqos,session_id,S042_03443,S042_03443,10,7,0.7
warehouse_measurement:session:s042_03444:e1a54f42cdfc,session,warehouse_measurement,S042_03444,synnetqos,session_id,S042_03444,S042_03444,10,3,0.3
warehouse_measurement:session:s042_03445:9b2321ee555d,session,warehouse_measurement,S042_03445,synnetqos,session_id,S042_03445,S042_03445,10,5,0.5
warehouse_measurement:session:s042_03446:9e52973de786,session,warehouse_measurement,S042_03446,synnetqos,session_id,S042_03446,S042_03446,10,9,0.9
warehouse_measurement:session:s042_03447:5cb68e98c85f,session,warehouse_measurement,S042_03447,synnetqos,session_id,S042_03447,S042_03447,10,9,0.9
warehouse_measurement:session:s042_03448:4c44b470ca75,session,warehouse_measurement,S042_03448,synnetqos,session_id,S042_03448,S042_03448,10,2,0.2
warehouse_measurement:session:s042_03449:5571c612e5f2,session,warehouse_measurement,S042_03449,synnetqos,session_id,S042_03449,S042_03449,10,5,0.5
warehouse_measurement:session:s042_03450:371bd988a2af,session,warehouse_measurement,S042_03450,synnetqos,session_id,S042_03450,S042_03450,10,0,0.0
warehouse_measurement:session:s042_03451:fa28b258e919,session,warehouse_measurement,S042_03451,synnetqos,session_id,S042_03451,S042_03451,10,5,0.5
warehouse_measurement:session:s042_03452:011015201869,session,warehouse_measurement,S042_03452,synnetqos,session_id,S042_03452,S042_03452,10,8,0.8
warehouse_measurement:session:s042_03453:170bed9d45e1,session,warehouse_measurement,S042_03453,synnetqos,session_id,S042_03453,S042_03453,10,7,0.7
warehouse_measurement:session:s042_03454:01a7dfe6e238,session,warehouse_measurement,S042_03454,synnetqos,session_id,S042_03454,S042_03454,10,5,0.5
warehouse_measurement:session:s042_03455:10542d074c2d,session,warehouse_measurement,S042_03455,synnetqos,session_id,S042_03455,S042_03455,10,2,0.2
warehouse_measurement:session:s042_03456:5dbb9fa255b4,session,warehouse_measurement,S042_03456,synnetqos,session_id,S042_03456,S042_03456,10,6,0.6
warehouse_measurement:session:s042_03457:e066550f6084,session,warehouse_measurement,S042_03457,synnetqos,session_id,S042_03457,S042_03457,10,3,0.3
warehouse_measurement:session:s042_03458:95c7c3639d0e,session,warehouse_measurement,S042_03458,synnetqos,session_id,S042_03458,S042_03458,10,6,0.6
warehouse_measurement:session:s042_03459:c41a2d2b5450,session,warehouse_measurement,S042_03459,synnetqos,session_id,S042_03459,S042_03459,10,10,1.0
warehouse_measurement:session:s042_03460:d1eb9a49a1e3,session,warehouse_measurement,S042_03460,synnetqos,session_id,S042_03460,S042_03460,10,3,0.3
warehouse_measurement:session:s042_03461:639ea7c019eb,session,warehouse_measurement,S042_03461,synnetqos,session_id,S042_03461,S042_03461,10,10,1.0
warehouse_measurement:session:s042_03462:843773386319,session,warehouse_measurement,S042_03462,synnetqos,session_id,S042_03462,S042_03462,10,2,0.2
warehouse_measurement:session:s042_03463:7881788b0683,session,warehouse_measurement,S042_03463,synnetqos,session_id,S042_03463,S042_03463,10,3,0.3
warehouse_measurement:session:s042_03464:24c623d252c8,session,warehouse_measurement,S042_03464,synnetqos,session_id,S042_03464,S042_03464,10,1,0.1
warehouse_measurement:session:s042_03465:a2c33e79163c,session,warehouse_measurement,S042_03465,synnetqos,session_id,S042_03465,S042_03465,10,3,0.3
warehouse_measurement:session:s042_03466:ef69d86be4a6,session,warehouse_measurement,S042_03466,synnetqos,session_id,S042_03466,S042_03466,10,8,0.8
warehouse_measurement:session:s042_03467:307f69b5e68f,session,warehouse_measurement,S042_03467,synnetqos,session_id,S042_03467,S042_03467,10,2,0.2
warehouse_measurement:session:s042_03468:23deae8e867b,session,warehouse_measurement,S042_03468,synnetqos,session_id,S042_03468,S042_03468,10,1,0.1
warehouse_measurement:session:s042_03469:aee5c25cdc60,session,warehouse_measurement,S042_03469,synnetqos,session_id,S042_03469,S042_03469,10,7,0.7
warehouse_measurement:session:s042_03470:53b349f684c8,session,warehouse_measurement,S042_03470,synnetqos,session_id,S042_03470,S042_03470,10,10,1.0
warehouse_measurement:session:s042_03471:2411cc167318,session,warehouse_measurement,S042_03471,synnetqos,session_id,S042_03471,S042_03471,10,2,0.2
warehouse_measurement:session:s042_03472:fb2ce7aab682,session,warehouse_measurement,S042_03472,synnetqos,session_id,S042_03472,S042_03472,10,8,0.8
warehouse_measurement:session:s042_03473:19a60f673fa3,session,warehouse_measurement,S042_03473,synnetqos,session_id,S042_03473,S042_03473,10,10,1.0
warehouse_measurement:session:s042_03474:b3ec606b4988,session,warehouse_measurement,S042_03474,synnetqos,session_id,S042_03474,S042_03474,10,1,0.1
warehouse_measurement:session:s042_03475:e21a6b1a3830,session,warehouse_measurement,S042_03475,synnetqos,session_id,S042_03475,S042_03475,10,8,0.8
warehouse_measurement:session:s042_03476:a0e0d6b74b0c,session,warehouse_measurement,S042_03476,synnetqos,session_id,S042_03476,S042_03476,10,8,0.8
warehouse_measurement:session:s042_03477:5cfd41a4741c,session,warehouse_measurement,S042_03477,synnetqos,session_id,S042_03477,S042_03477,10,5,0.5
warehouse_measurement:session:s042_03478:121c15eed896,session,warehouse_measurement,S042_03478,synnetqos,session_id,S042_03478,S042_03478,10,6,0.6
warehouse_measurement:session:s042_03479:e9825c41b1d8,session,warehouse_measurement,S042_03479,synnetqos,session_id,S042_03479,S042_03479,10,2,0.2
warehouse_measurement:session:s042_03480:e76f28e4312b,session,warehouse_measurement,S042_03480,synnetqos,session_id,S042_03480,S042_03480,10,3,0.3
warehouse_measurement:session:s042_03481:a2406ed2ec6e,session,warehouse_measurement,S042_03481,synnetqos,session_id,S042_03481,S042_03481,10,0,0.0
warehouse_measurement:session:s042_03482:e794dce09742,session,warehouse_measurement,S042_03482,synnetqos,session_id,S042_03482,S042_03482,10,9,0.9
warehouse_measurement:session:s042_03483:4504414c1e80,session,warehouse_measurement,S042_03483,synnetqos,session_id,S042_03483,S042_03483,10,7,0.7
warehouse_measurement:session:s042_03484:8569660f97f3,session,warehouse_measurement,S042_03484,synnetqos,session_id,S042_03484,S042_03484,10,5,0.5
warehouse_measurement:session:s042_03485:864d5e41e27e,session,warehouse_measurement,S042_03485,synnetqos,session_id,S042_03485,S042_03485,10,10,1.0
warehouse_measurement:session:s042_03486:96da15599863,session,warehouse_measurement,S042_03486,synnetqos,session_id,S042_03486,S042_03486,10,8,0.8
warehouse_measurement:session:s042_03487:a449270ce5b5,session,warehouse_measurement,S042_03487,synnetqos,session_id,S042_03487,S042_03487,10,10,1.0
warehouse_measurement:session:s042_03488:f081868b90db,session,warehouse_measurement,S042_03488,synnetqos,session_id,S042_03488,S042_03488,10,4,0.4
warehouse_measurement:session:s042_03489:c5387a082e98,session,warehouse_measurement,S042_03489,synnetqos,session_id,S042_03489,S042_03489,10,3,0.3
warehouse_measurement:session:s042_03490:e91b16b9f019,session,warehouse_measurement,S042_03490,synnetqos,session_id,S042_03490,S042_03490,10,4,0.4
warehouse_measurement:session:s042_03491:ad2e919804b4,session,warehouse_measurement,S042_03491,synnetqos,session_id,S042_03491,S042_03491,10,9,0.9
warehouse_measurement:session:s042_03492:23adcc9a8f6f,session,warehouse_measurement,S042_03492,synnetqos,session_id,S042_03492,S042_03492,10,7,0.7
warehouse_measurement:session:s042_03493:9c26261a1b38,session,warehouse_measurement,S042_03493,synnetqos,session_id,S042_03493,S042_03493,10,1,0.1
warehouse_measurement:session:s042_03494:295b13cd8e35,session,warehouse_measurement,S042_03494,synnetqos,session_id,S042_03494,S042_03494,10,6,0.6
warehouse_measurement:session:s042_03495:99d1ac3ec156,session,warehouse_measurement,S042_03495,synnetqos,session_id,S042_03495,S042_03495,10,2,0.2
warehouse_measurement:session:s042_03496:f7148cd0bbcc,session,warehouse_measurement,S042_03496,synnetqos,session_id,S042_03496,S042_03496,10,2,0.2
warehouse_measurement:session:s042_03497:36301fb44742,session,warehouse_measurement,S042_03497,synnetqos,session_id,S042_03497,S042_03497,10,0,0.0
warehouse_measurement:session:s042_03498:2db8e1e1e622,session,warehouse_measurement,S042_03498,synnetqos,session_id,S042_03498,S042_03498,10,1,0.1
warehouse_measurement:session:s042_03499:3d75076c9766,session,warehouse_measurement,S042_03499,synnetqos,session_id,S042_03499,S042_03499,10,2,0.2
warehouse_measurement:session:s042_03500:25c6c1f75ade,session,warehouse_measurement,S042_03500,synnetqos,session_id,S042_03500,S042_03500,10,9,0.9
warehouse_measurement:session:s042_03501:e03e8e11f5d8,session,warehouse_measurement,S042_03501,synnetqos,session_id,S042_03501,S042_03501,10,0,0.0
warehouse_measurement:session:s042_03502:d682adc6e39c,session,warehouse_measurement,S042_03502,synnetqos,session_id,S042_03502,S042_03502,10,2,0.2
warehouse_measurement:session:s042_03503:5528fe8dc735,session,warehouse_measurement,S042_03503,synnetqos,session_id,S042_03503,S042_03503,10,5,0.5
warehouse_measurement:session:s042_03504:59c996d8ab51,session,warehouse_measurement,S042_03504,synnetqos,session_id,S042_03504,S042_03504,10,4,0.4
warehouse_measurement:session:s042_03505:d3dbf2d18adb,session,warehouse_measurement,S042_03505,synnetqos,session_id,S042_03505,S042_03505,10,2,0.2
warehouse_measurement:session:s042_03506:d99f61215239,session,warehouse_measurement,S042_03506,synnetqos,session_id,S042_03506,S042_03506,10,9,0.9
warehouse_measurement:session:s042_03507:a96436f91adc,session,warehouse_measurement,S042_03507,synnetqos,session_id,S042_03507,S042_03507,10,2,0.2
warehouse_measurement:session:s042_03508:d5a018ddf2b9,session,warehouse_measurement,S042_03508,synnetqos,session_id,S042_03508,S042_03508,10,0,0.0
warehouse_measurement:session:s042_03509:4fd9b50f12e5,session,warehouse_measurement,S042_03509,synnetqos,session_id,S042_03509,S042_03509,10,1,0.1
warehouse_measurement:session:s042_03510:31d437cfd024,session,warehouse_measurement,S042_03510,synnetqos,session_id,S042_03510,S042_03510,10,5,0.5
warehouse_measurement:session:s042_03511:08e992e168b5,session,warehouse_measurement,S042_03511,synnetqos,session_id,S042_03511,S042_03511,10,0,0.0
warehouse_measurement:session:s042_03512:3282fcb23bea,session,warehouse_measurement,S042_03512,synnetqos,session_id,S042_03512,S042_03512,10,3,0.3
warehouse_measurement:session:s042_03513:a800d7893d56,session,warehouse_measurement,S042_03513,synnetqos,session_id,S042_03513,S042_03513,10,10,1.0
warehouse_measurement:session:s042_03514:3a282c1347af,session,warehouse_measurement,S042_03514,synnetqos,session_id,S042_03514,S042_03514,10,1,0.1
warehouse_measurement:session:s042_03515:29ed9fbb43af,session,warehouse_measurement,S042_03515,synnetqos,session_id,S042_03515,S042_03515,10,2,0.2
warehouse_measurement:session:s042_03516:1bfe4cc91d18,session,warehouse_measurement,S042_03516,synnetqos,session_id,S042_03516,S042_03516,10,7,0.7
warehouse_measurement:session:s042_03517:51b2d0079d19,session,warehouse_measurement,S042_03517,synnetqos,session_id,S042_03517,S042_03517,10,6,0.6
warehouse_measurement:session:s042_03518:4e7491dd0d33,session,warehouse_measurement,S042_03518,synnetqos,session_id,S042_03518,S042_03518,10,6,0.6
warehouse_measurement:session:s042_03519:405244dfe6ac,session,warehouse_measurement,S042_03519,synnetqos,session_id,S042_03519,S042_03519,10,1,0.1
warehouse_measurement:session:s042_03520:a0b8e22789b0,session,warehouse_measurement,S042_03520,synnetqos,session_id,S042_03520,S042_03520,10,7,0.7
warehouse_measurement:session:s042_03521:4ebc7837e0f1,session,warehouse_measurement,S042_03521,synnetqos,session_id,S042_03521,S042_03521,10,6,0.6
warehouse_measurement:session:s042_03522:64f65e8ec9a3,session,warehouse_measurement,S042_03522,synnetqos,session_id,S042_03522,S042_03522,10,8,0.8
warehouse_measurement:session:s042_03523:b6110bd6972a,session,warehouse_measurement,S042_03523,synnetqos,session_id,S042_03523,S042_03523,10,6,0.6
warehouse_measurement:session:s042_03524:9cd330c0d6fb,session,warehouse_measurement,S042_03524,synnetqos,session_id,S042_03524,S042_03524,10,4,0.4
warehouse_measurement:session:s042_03525:4ae8b4ae003b,session,warehouse_measurement,S042_03525,synnetqos,session_id,S042_03525,S042_03525,10,6,0.6
warehouse_measurement:session:s042_03526:466bbd4530ea,session,warehouse_measurement,S042_03526,synnetqos,session_id,S042_03526,S042_03526,10,7,0.7
warehouse_measurement:session:s042_03527:76ed4efffc63,session,warehouse_measurement,S042_03527,synnetqos,session_id,S042_03527,S042_03527,10,10,1.0
warehouse_measurement:session:s042_03528:19241756ce79,session,warehouse_measurement,S042_03528,synnetqos,session_id,S042_03528,S042_03528,10,4,0.4
warehouse_measurement:session:s042_03529:0fb738d969d9,session,warehouse_measurement,S042_03529,synnetqos,session_id,S042_03529,S042_03529,10,4,0.4
warehouse_measurement:session:s042_03530:b407df21c207,session,warehouse_measurement,S042_03530,synnetqos,session_id,S042_03530,S042_03530,10,6,0.6
warehouse_measurement:session:s042_03531:4f3ace0b059c,session,warehouse_measurement,S042_03531,synnetqos,session_id,S042_03531,S042_03531,10,2,0.2
warehouse_measurement:session:s042_03532:cbd9676d72d5,session,warehouse_measurement,S042_03532,synnetqos,session_id,S042_03532,S042_03532,10,10,1.0
warehouse_measurement:session:s042_03533:99bd39ab710f,session,warehouse_measurement,S042_03533,synnetqos,session_id,S042_03533,S042_03533,10,3,0.3
warehouse_measurement:session:s042_03534:2fe76fcb0229,session,warehouse_measurement,S042_03534,synnetqos,session_id,S042_03534,S042_03534,10,1,0.1
warehouse_measurement:session:s042_03535:7809ea677eec,session,warehouse_measurement,S042_03535,synnetqos,session_id,S042_03535,S042_03535,10,8,0.8
warehouse_measurement:session:s042_03536:dda4ad3a1219,session,warehouse_measurement,S042_03536,synnetqos,session_id,S042_03536,S042_03536,10,8,0.8
warehouse_measurement:session:s042_03537:3e388d353539,session,warehouse_measurement,S042_03537,synnetqos,session_id,S042_03537,S042_03537,10,4,0.4
warehouse_measurement:session:s042_03538:ac7159c41df0,session,warehouse_measurement,S042_03538,synnetqos,session_id,S042_03538,S042_03538,10,10,1.0
warehouse_measurement:session:s042_03539:32500d342df1,session,warehouse_measurement,S042_03539,synnetqos,session_id,S042_03539,S042_03539,10,4,0.4
warehouse_measurement:session:s042_03540:8392bf89e9e0,session,warehouse_measurement,S042_03540,synnetqos,session_id,S042_03540,S042_03540,10,10,1.0
warehouse_measurement:session:s042_03541:794e43b998b5,session,warehouse_measurement,S042_03541,synnetqos,session_id,S042_03541,S042_03541,10,0,0.0
warehouse_measurement:session:s042_03542:651ace47d333,session,warehouse_measurement,S042_03542,synnetqos,session_id,S042_03542,S042_03542,10,5,0.5
warehouse_measurement:session:s042_03543:903612d413f3,session,warehouse_measurement,S042_03543,synnetqos,session_id,S042_03543,S042_03543,10,4,0.4
warehouse_measurement:session:s042_03544:e7777dfb0855,session,warehouse_measurement,S042_03544,synnetqos,session_id,S042_03544,S042_03544,10,3,0.3
warehouse_measurement:session:s042_03545:353d77a023b7,session,warehouse_measurement,S042_03545,synnetqos,session_id,S042_03545,S042_03545,10,1,0.1
warehouse_measurement:session:s042_03546:f73490ce385d,session,warehouse_measurement,S042_03546,synnetqos,session_id,S042_03546,S042_03546,10,0,0.0
warehouse_measurement:session:s042_03547:14ff6f2a8fb9,session,warehouse_measurement,S042_03547,synnetqos,session_id,S042_03547,S042_03547,10,8,0.8
warehouse_measurement:session:s042_03548:576688d76973,session,warehouse_measurement,S042_03548,synnetqos,session_id,S042_03548,S042_03548,10,4,0.4
warehouse_measurement:session:s042_03549:c8dcb6a66feb,session,warehouse_measurement,S042_03549,synnetqos,session_id,S042_03549,S042_03549,10,7,0.7
warehouse_measurement:session:s042_03550:f817cb88f2e4,session,warehouse_measurement,S042_03550,synnetqos,session_id,S042_03550,S042_03550,10,1,0.1
warehouse_measurement:session:s042_03551:1e9de0a31ea8,session,warehouse_measurement,S042_03551,synnetqos,session_id,S042_03551,S042_03551,10,9,0.9
warehouse_measurement:session:s042_03552:730501e84e20,session,warehouse_measurement,S042_03552,synnetqos,session_id,S042_03552,S042_03552,10,0,0.0
warehouse_measurement:session:s042_03553:cd1d3d54418d,session,warehouse_measurement,S042_03553,synnetqos,session_id,S042_03553,S042_03553,10,4,0.4
warehouse_measurement:session:s042_03554:8ce7f80df406,session,warehouse_measurement,S042_03554,synnetqos,session_id,S042_03554,S042_03554,10,2,0.2
warehouse_measurement:session:s042_03555:85a38f3879a6,session,warehouse_measurement,S042_03555,synnetqos,session_id,S042_03555,S042_03555,10,1,0.1
warehouse_measurement:session:s042_03556:45f994c5397e,session,warehouse_measurement,S042_03556,synnetqos,session_id,S042_03556,S042_03556,10,7,0.7
warehouse_measurement:session:s042_03557:b10c2836acb0,session,warehouse_measurement,S042_03557,synnetqos,session_id,S042_03557,S042_03557,10,7,0.7
warehouse_measurement:session:s042_03558:004ac164608a,session,warehouse_measurement,S042_03558,synnetqos,session_id,S042_03558,S042_03558,10,3,0.3
warehouse_measurement:session:s042_03559:c3f5f2784e91,session,warehouse_measurement,S042_03559,synnetqos,session_id,S042_03559,S042_03559,10,8,0.8
warehouse_measurement:session:s042_03560:c89cd05d12bf,session,warehouse_measurement,S042_03560,synnetqos,session_id,S042_03560,S042_03560,10,1,0.1
warehouse_measurement:session:s042_03561:e2857b874003,session,warehouse_measurement,S042_03561,synnetqos,session_id,S042_03561,S042_03561,10,3,0.3
warehouse_measurement:session:s042_03562:b781ffd11d14,session,warehouse_measurement,S042_03562,synnetqos,session_id,S042_03562,S042_03562,10,3,0.3
warehouse_measurement:session:s042_03563:381a58329ef3,session,warehouse_measurement,S042_03563,synnetqos,session_id,S042_03563,S042_03563,10,3,0.3
warehouse_measurement:session:s042_03564:78160d775836,session,warehouse_measurement,S042_03564,synnetqos,session_id,S042_03564,S042_03564,10,9,0.9
warehouse_measurement:session:s042_03565:3ad80bf5eda4,session,warehouse_measurement,S042_03565,synnetqos,session_id,S042_03565,S042_03565,10,4,0.4
warehouse_measurement:session:s042_03566:89104f2d2c8e,session,warehouse_measurement,S042_03566,synnetqos,session_id,S042_03566,S042_03566,10,0,0.0
warehouse_measurement:session:s042_03567:08295695a743,session,warehouse_measurement,S042_03567,synnetqos,session_id,S042_03567,S042_03567,10,2,0.2
warehouse_measurement:session:s042_03568:9bdf24cc7812,session,warehouse_measurement,S042_03568,synnetqos,session_id,S042_03568,S042_03568,10,0,0.0
warehouse_measurement:session:s042_03569:c5c28604ae1d,session,warehouse_measurement,S042_03569,synnetqos,session_id,S042_03569,S042_03569,10,8,0.8
warehouse_measurement:session:s042_03570:31f7de432989,session,warehouse_measurement,S042_03570,synnetqos,session_id,S042_03570,S042_03570,10,5,0.5
warehouse_measurement:session:s042_03571:f550d2135130,session,warehouse_measurement,S042_03571,synnetqos,session_id,S042_03571,S042_03571,10,6,0.6
warehouse_measurement:session:s042_03572:a4adf2d623a2,session,warehouse_measurement,S042_03572,synnetqos,session_id,S042_03572,S042_03572,10,10,1.0
warehouse_measurement:session:s042_03573:930a88284749,session,warehouse_measurement,S042_03573,synnetqos,session_id,S042_03573,S042_03573,10,6,0.6
warehouse_measurement:session:s042_03574:82090f8b0b8a,session,warehouse_measurement,S042_03574,synnetqos,session_id,S042_03574,S042_03574,10,3,0.3
warehouse_measurement:session:s042_03575:eb5dc2e6096d,session,warehouse_measurement,S042_03575,synnetqos,session_id,S042_03575,S042_03575,10,0,0.0
warehouse_measurement:session:s042_03576:817856682d25,session,warehouse_measurement,S042_03576,synnetqos,session_id,S042_03576,S042_03576,10,7,0.7
warehouse_measurement:session:s042_03577:f9343913d929,session,warehouse_measurement,S042_03577,synnetqos,session_id,S042_03577,S042_03577,10,6,0.6
warehouse_measurement:session:s042_03578:c13f6b55a9de,session,warehouse_measurement,S042_03578,synnetqos,session_id,S042_03578,S042_03578,10,2,0.2
warehouse_measurement:session:s042_03579:12aced4ed9b5,session,warehouse_measurement,S042_03579,synnetqos,session_id,S042_03579,S042_03579,10,9,0.9
warehouse_measurement:session:s042_03580:1b602414cb21,session,warehouse_measurement,S042_03580,synnetqos,session_id,S042_03580,S042_03580,10,1,0.1
warehouse_measurement:session:s042_03581:185f76f789b7,session,warehouse_measurement,S042_03581,synnetqos,session_id,S042_03581,S042_03581,10,10,1.0
warehouse_measurement:session:s042_03582:230f969b07fd,session,warehouse_measurement,S042_03582,synnetqos,session_id,S042_03582,S042_03582,10,10,1.0
warehouse_measurement:session:s042_03583:621abaf23e46,session,warehouse_measurement,S042_03583,synnetqos,session_id,S042_03583,S042_03583,10,8,0.8
warehouse_measurement:session:s042_03584:171daf6a5ad6,session,warehouse_measurement,S042_03584,synnetqos,session_id,S042_03584,S042_03584,10,4,0.4
warehouse_measurement:session:s042_03585:215928fa2931,session,warehouse_measurement,S042_03585,synnetqos,session_id,S042_03585,S042_03585,10,4,0.4
warehouse_measurement:session:s042_03586:94b76603dcfd,session,warehouse_measurement,S042_03586,synnetqos,session_id,S042_03586,S042_03586,10,10,1.0
warehouse_measurement:session:s042_03587:6978214738a8,session,warehouse_measurement,S042_03587,synnetqos,session_id,S042_03587,S042_03587,10,8,0.8
warehouse_measurement:session:s042_03588:f66942a80814,session,warehouse_measurement,S042_03588,synnetqos,session_id,S042_03588,S042_03588,10,2,0.2
warehouse_measurement:session:s042_03589:d47cf4db60d8,session,warehouse_measurement,S042_03589,synnetqos,session_id,S042_03589,S042_03589,10,4,0.4
warehouse_measurement:session:s042_03590:b0cf338cf6f0,session,warehouse_measurement,S042_03590,synnetqos,session_id,S042_03590,S042_03590,10,1,0.1
warehouse_measurement:session:s042_03591:d84766028def,session,warehouse_measurement,S042_03591,synnetqos,session_id,S042_03591,S042_03591,10,1,0.1
warehouse_measurement:session:s042_03592:39dbfd8023eb,session,warehouse_measurement,S042_03592,synnetqos,session_id,S042_03592,S042_03592,10,10,1.0
warehouse_measurement:session:s042_03593:fb1384729cbb,session,warehouse_measurement,S042_03593,synnetqos,session_id,S042_03593,S042_03593,10,9,0.9
warehouse_measurement:session:s042_03594:b9e894113fb0,session,warehouse_measurement,S042_03594,synnetqos,session_id,S042_03594,S042_03594,10,10,1.0
warehouse_measurement:session:s042_03595:12c0df4aba5c,session,warehouse_measurement,S042_03595,synnetqos,session_id,S042_03595,S042_03595,10,8,0.8
warehouse_measurement:session:s042_03596:5a850a101a54,session,warehouse_measurement,S042_03596,synnetqos,session_id,S042_03596,S042_03596,10,10,1.0
warehouse_measurement:session:s042_03597:a14450bec5da,session,warehouse_measurement,S042_03597,synnetqos,session_id,S042_03597,S042_03597,10,7,0.7
warehouse_measurement:session:s042_03598:f7caa07561d5,session,warehouse_measurement,S042_03598,synnetqos,session_id,S042_03598,S042_03598,10,10,1.0
warehouse_measurement:session:s042_03599:48155e2e0492,session,warehouse_measurement,S042_03599,synnetqos,session_id,S042_03599,S042_03599,10,8,0.8
warehouse_measurement:session:s042_03600:f31a26693c63,session,warehouse_measurement,S042_03600,synnetqos,session_id,S042_03600,S042_03600,10,7,0.7
warehouse_measurement:session:s042_03601:2946d7cd908c,session,warehouse_measurement,S042_03601,synnetqos,session_id,S042_03601,S042_03601,10,4,0.4
warehouse_measurement:session:s042_03602:fe0921a97c90,session,warehouse_measurement,S042_03602,synnetqos,session_id,S042_03602,S042_03602,10,1,0.1
warehouse_measurement:session:s042_03603:c6ea4ddce4b0,session,warehouse_measurement,S042_03603,synnetqos,session_id,S042_03603,S042_03603,10,7,0.7
warehouse_measurement:session:s042_03604:27a554f31aa4,session,warehouse_measurement,S042_03604,synnetqos,session_id,S042_03604,S042_03604,10,10,1.0
warehouse_measurement:session:s042_03605:62b7c2a448e0,session,warehouse_measurement,S042_03605,synnetqos,session_id,S042_03605,S042_03605,10,4,0.4
warehouse_measurement:session:s042_03606:e52a2c34adb9,session,warehouse_measurement,S042_03606,synnetqos,session_id,S042_03606,S042_03606,10,1,0.1
warehouse_measurement:session:s042_03607:65fee2611785,session,warehouse_measurement,S042_03607,synnetqos,session_id,S042_03607,S042_03607,10,8,0.8
warehouse_measurement:session:s042_03608:d86a76a40a26,session,warehouse_measurement,S042_03608,synnetqos,session_id,S042_03608,S042_03608,10,1,0.1
warehouse_measurement:session:s042_03609:4388df0f45b8,session,warehouse_measurement,S042_03609,synnetqos,session_id,S042_03609,S042_03609,10,10,1.0
warehouse_measurement:session:s042_03610:0fc56e95987a,session,warehouse_measurement,S042_03610,synnetqos,session_id,S042_03610,S042_03610,10,6,0.6
warehouse_measurement:session:s042_03611:9d28db7fab29,session,warehouse_measurement,S042_03611,synnetqos,session_id,S042_03611,S042_03611,10,1,0.1
warehouse_measurement:session:s042_03612:9dfb426e3f38,session,warehouse_measurement,S042_03612,synnetqos,session_id,S042_03612,S042_03612,10,2,0.2
warehouse_measurement:session:s042_03613:0d729853512b,session,warehouse_measurement,S042_03613,synnetqos,session_id,S042_03613,S042_03613,10,10,1.0
warehouse_measurement:session:s042_03614:5356dfdced67,session,warehouse_measurement,S042_03614,synnetqos,session_id,S042_03614,S042_03614,10,6,0.6
warehouse_measurement:session:s042_03615:2aa955f5ebaa,session,warehouse_measurement,S042_03615,synnetqos,session_id,S042_03615,S042_03615,10,3,0.3
warehouse_measurement:session:s042_03616:13d97f6e577e,session,warehouse_measurement,S042_03616,synnetqos,session_id,S042_03616,S042_03616,10,7,0.7
warehouse_measurement:session:s042_03617:1e13da292793,session,warehouse_measurement,S042_03617,synnetqos,session_id,S042_03617,S042_03617,10,1,0.1
warehouse_measurement:session:s042_03618:76a1d48bde0d,session,warehouse_measurement,S042_03618,synnetqos,session_id,S042_03618,S042_03618,10,9,0.9
warehouse_measurement:session:s042_03619:b32c0255ebe2,session,warehouse_measurement,S042_03619,synnetqos,session_id,S042_03619,S042_03619,10,0,0.0
warehouse_measurement:session:s042_03620:67d06a90c14a,session,warehouse_measurement,S042_03620,synnetqos,session_id,S042_03620,S042_03620,10,4,0.4
warehouse_measurement:session:s042_03621:e0298fe36271,session,warehouse_measurement,S042_03621,synnetqos,session_id,S042_03621,S042_03621,10,0,0.0
warehouse_measurement:session:s042_03622:c059afafebd7,session,warehouse_measurement,S042_03622,synnetqos,session_id,S042_03622,S042_03622,10,2,0.2
warehouse_measurement:session:s042_03623:cef7b14fb26d,session,warehouse_measurement,S042_03623,synnetqos,session_id,S042_03623,S042_03623,10,5,0.5
warehouse_measurement:session:s042_03624:c1f1efad82fb,session,warehouse_measurement,S042_03624,synnetqos,session_id,S042_03624,S042_03624,10,10,1.0
warehouse_measurement:session:s042_03625:0299360b270a,session,warehouse_measurement,S042_03625,synnetqos,session_id,S042_03625,S042_03625,10,3,0.3
warehouse_measurement:session:s042_03626:5ee4f480e8e8,session,warehouse_measurement,S042_03626,synnetqos,session_id,S042_03626,S042_03626,10,0,0.0
warehouse_measurement:session:s042_03627:9048140643f4,session,warehouse_measurement,S042_03627,synnetqos,session_id,S042_03627,S042_03627,10,1,0.1
warehouse_measurement:session:s042_03628:9782ba676e79,session,warehouse_measurement,S042_03628,synnetqos,session_id,S042_03628,S042_03628,10,8,0.8
warehouse_measurement:session:s042_03629:efc0aacf4ba4,session,warehouse_measurement,S042_03629,synnetqos,session_id,S042_03629,S042_03629,10,4,0.4
warehouse_measurement:session:s042_03630:084c02275735,session,warehouse_measurement,S042_03630,synnetqos,session_id,S042_03630,S042_03630,10,1,0.1
warehouse_measurement:session:s042_03631:80f755ad1085,session,warehouse_measurement,S042_03631,synnetqos,session_id,S042_03631,S042_03631,10,6,0.6
warehouse_measurement:session:s042_03632:6c999a6bf466,session,warehouse_measurement,S042_03632,synnetqos,session_id,S042_03632,S042_03632,10,1,0.1
warehouse_measurement:session:s042_03633:18f27a0a49e8,session,warehouse_measurement,S042_03633,synnetqos,session_id,S042_03633,S042_03633,10,5,0.5
warehouse_measurement:session:s042_03634:f08f022b9688,session,warehouse_measurement,S042_03634,synnetqos,session_id,S042_03634,S042_03634,10,3,0.3
warehouse_measurement:session:s042_03635:c7adc8a2ff4d,session,warehouse_measurement,S042_03635,synnetqos,session_id,S042_03635,S042_03635,10,2,0.2
warehouse_measurement:session:s042_03636:7da5f3e3e5ee,session,warehouse_measurement,S042_03636,synnetqos,session_id,S042_03636,S042_03636,10,3,0.3
warehouse_measurement:session:s042_03637:764d9e640d08,session,warehouse_measurement,S042_03637,synnetqos,session_id,S042_03637,S042_03637,10,0,0.0
warehouse_measurement:session:s042_03638:f59f5c3d8f5c,session,warehouse_measurement,S042_03638,synnetqos,session_id,S042_03638,S042_03638,10,2,0.2
warehouse_measurement:session:s042_03639:4a56eb584aa3,session,warehouse_measurement,S042_03639,synnetqos,session_id,S042_03639,S042_03639,10,3,0.3
warehouse_measurement:session:s042_03640:ad601ac0ce10,session,warehouse_measurement,S042_03640,synnetqos,session_id,S042_03640,S042_03640,10,7,0.7
warehouse_measurement:session:s042_03641:9c6c5441a5e5,session,warehouse_measurement,S042_03641,synnetqos,session_id,S042_03641,S042_03641,10,3,0.3
warehouse_measurement:session:s042_03642:ced827762aba,session,warehouse_measurement,S042_03642,synnetqos,session_id,S042_03642,S042_03642,10,10,1.0
warehouse_measurement:session:s042_03643:0af1a9e7287c,session,warehouse_measurement,S042_03643,synnetqos,session_id,S042_03643,S042_03643,10,9,0.9
warehouse_measurement:session:s042_03644:543cab341487,session,warehouse_measurement,S042_03644,synnetqos,session_id,S042_03644,S042_03644,10,5,0.5
warehouse_measurement:session:s042_03645:f410b208d895,session,warehouse_measurement,S042_03645,synnetqos,session_id,S042_03645,S042_03645,10,9,0.9
warehouse_measurement:session:s042_03646:bab47b784a3d,session,warehouse_measurement,S042_03646,synnetqos,session_id,S042_03646,S042_03646,10,4,0.4
warehouse_measurement:session:s042_03647:142dc706e9ce,session,warehouse_measurement,S042_03647,synnetqos,session_id,S042_03647,S042_03647,10,9,0.9
warehouse_measurement:session:s042_03648:07c42ecde7c1,session,warehouse_measurement,S042_03648,synnetqos,session_id,S042_03648,S042_03648,10,1,0.1
warehouse_measurement:session:s042_03649:cfa060e08c92,session,warehouse_measurement,S042_03649,synnetqos,session_id,S042_03649,S042_03649,10,7,0.7
warehouse_measurement:session:s042_03650:7cceb8ea88d3,session,warehouse_measurement,S042_03650,synnetqos,session_id,S042_03650,S042_03650,10,10,1.0
warehouse_measurement:session:s042_03651:828be490328c,session,warehouse_measurement,S042_03651,synnetqos,session_id,S042_03651,S042_03651,10,4,0.4
warehouse_measurement:session:s042_03652:2bfc16a83577,session,warehouse_measurement,S042_03652,synnetqos,session_id,S042_03652,S042_03652,10,4,0.4
warehouse_measurement:session:s042_03653:eb88284b0a50,session,warehouse_measurement,S042_03653,synnetqos,session_id,S042_03653,S042_03653,10,8,0.8
warehouse_measurement:session:s042_03654:f9c5b02b06d8,session,warehouse_measurement,S042_03654,synnetqos,session_id,S042_03654,S042_03654,10,10,1.0
warehouse_measurement:session:s042_03655:29227b0e1bd0,session,warehouse_measurement,S042_03655,synnetqos,session_id,S042_03655,S042_03655,10,2,0.2
warehouse_measurement:session:s042_03656:922cab2e804d,session,warehouse_measurement,S042_03656,synnetqos,session_id,S042_03656,S042_03656,10,3,0.3
warehouse_measurement:session:s042_03657:5ca20547ff81,session,warehouse_measurement,S042_03657,synnetqos,session_id,S042_03657,S042_03657,10,7,0.7
warehouse_measurement:session:s042_03658:d67ac7e6431c,session,warehouse_measurement,S042_03658,synnetqos,session_id,S042_03658,S042_03658,10,9,0.9
warehouse_measurement:session:s042_03659:4fa90cfc15df,session,warehouse_measurement,S042_03659,synnetqos,session_id,S042_03659,S042_03659,10,9,0.9
warehouse_measurement:session:s042_03660:21e1fc6f29e9,session,warehouse_measurement,S042_03660,synnetqos,session_id,S042_03660,S042_03660,10,7,0.7
warehouse_measurement:session:s042_03661:13718e5a6bf6,session,warehouse_measurement,S042_03661,synnetqos,session_id,S042_03661,S042_03661,10,1,0.1
warehouse_measurement:session:s042_03662:595d9a77138f,session,warehouse_measurement,S042_03662,synnetqos,session_id,S042_03662,S042_03662,10,7,0.7
warehouse_measurement:session:s042_03663:23c181673da4,session,warehouse_measurement,S042_03663,synnetqos,session_id,S042_03663,S042_03663,10,1,0.1
warehouse_measurement:session:s042_03664:fb78a6ceb946,session,warehouse_measurement,S042_03664,synnetqos,session_id,S042_03664,S042_03664,10,7,0.7
warehouse_measurement:session:s042_03665:cf23c2419cc0,session,warehouse_measurement,S042_03665,synnetqos,session_id,S042_03665,S042_03665,10,5,0.5
warehouse_measurement:session:s042_03666:dd23507ad605,session,warehouse_measurement,S042_03666,synnetqos,session_id,S042_03666,S042_03666,10,8,0.8
warehouse_measurement:session:s042_03667:5153f9885e86,session,warehouse_measurement,S042_03667,synnetqos,session_id,S042_03667,S042_03667,10,6,0.6
warehouse_measurement:session:s042_03668:efadbdd71308,session,warehouse_measurement,S042_03668,synnetqos,session_id,S042_03668,S042_03668,10,5,0.5
warehouse_measurement:session:s042_03669:ce7503893ecf,session,warehouse_measurement,S042_03669,synnetqos,session_id,S042_03669,S042_03669,10,9,0.9
warehouse_measurement:session:s042_03670:1c2eb7efc2a7,session,warehouse_measurement,S042_03670,synnetqos,session_id,S042_03670,S042_03670,10,4,0.4
warehouse_measurement:session:s042_03671:b33fbe6efb69,session,warehouse_measurement,S042_03671,synnetqos,session_id,S042_03671,S042_03671,10,9,0.9
warehouse_measurement:session:s042_03672:dfb905c0b688,session,warehouse_measurement,S042_03672,synnetqos,session_id,S042_03672,S042_03672,10,8,0.8
warehouse_measurement:session:s042_03673:b90bc42a51cd,session,warehouse_measurement,S042_03673,synnetqos,session_id,S042_03673,S042_03673,10,6,0.6
warehouse_measurement:session:s042_03674:9015d3e5f4e6,session,warehouse_measurement,S042_03674,synnetqos,session_id,S042_03674,S042_03674,10,7,0.7
warehouse_measurement:session:s042_03675:91fb80e0a801,session,warehouse_measurement,S042_03675,synnetqos,session_id,S042_03675,S042_03675,10,10,1.0
warehouse_measurement:session:s042_03676:a7e20d43878d,session,warehouse_measurement,S042_03676,synnetqos,session_id,S042_03676,S042_03676,10,1,0.1
warehouse_measurement:session:s042_03677:95efb3b3d06f,session,warehouse_measurement,S042_03677,synnetqos,session_id,S042_03677,S042_03677,10,10,1.0
warehouse_measurement:session:s042_03678:921cd7b50cf9,session,warehouse_measurement,S042_03678,synnetqos,session_id,S042_03678,S042_03678,10,1,0.1
warehouse_measurement:session:s042_03679:f4d56f0851e0,session,warehouse_measurement,S042_03679,synnetqos,session_id,S042_03679,S042_03679,10,6,0.6
warehouse_measurement:session:s042_03680:f34ff8b52f4f,session,warehouse_measurement,S042_03680,synnetqos,session_id,S042_03680,S042_03680,10,8,0.8
warehouse_measurement:session:s042_03681:e20c9d661cf3,session,warehouse_measurement,S042_03681,synnetqos,session_id,S042_03681,S042_03681,10,0,0.0
warehouse_measurement:session:s042_03682:2b8661c30b93,session,warehouse_measurement,S042_03682,synnetqos,session_id,S042_03682,S042_03682,10,5,0.5
warehouse_measurement:session:s042_03683:ea150d18a87a,session,warehouse_measurement,S042_03683,synnetqos,session_id,S042_03683,S042_03683,10,6,0.6
warehouse_measurement:session:s042_03684:d7ac494a455c,session,warehouse_measurement,S042_03684,synnetqos,session_id,S042_03684,S042_03684,10,4,0.4
warehouse_measurement:session:s042_03685:b4d47c314b98,session,warehouse_measurement,S042_03685,synnetqos,session_id,S042_03685,S042_03685,10,2,0.2
warehouse_measurement:session:s042_03686:65a275a43409,session,warehouse_measurement,S042_03686,synnetqos,session_id,S042_03686,S042_03686,10,8,0.8
warehouse_measurement:session:s042_03687:d30ca79dd868,session,warehouse_measurement,S042_03687,synnetqos,session_id,S042_03687,S042_03687,10,0,0.0
warehouse_measurement:session:s042_03688:dd3261956ce0,session,warehouse_measurement,S042_03688,synnetqos,session_id,S042_03688,S042_03688,10,4,0.4
warehouse_measurement:session:s042_03689:e3caa46ac776,session,warehouse_measurement,S042_03689,synnetqos,session_id,S042_03689,S042_03689,10,8,0.8
warehouse_measurement:session:s042_03690:35a0231b3fed,session,warehouse_measurement,S042_03690,synnetqos,session_id,S042_03690,S042_03690,10,2,0.2
warehouse_measurement:session:s042_03691:298311f3a0c3,session,warehouse_measurement,S042_03691,synnetqos,session_id,S042_03691,S042_03691,10,1,0.1
warehouse_measurement:session:s042_03692:75ad882eb29f,session,warehouse_measurement,S042_03692,synnetqos,session_id,S042_03692,S042_03692,10,3,0.3
warehouse_measurement:session:s042_03693:5b2d41245228,session,warehouse_measurement,S042_03693,synnetqos,session_id,S042_03693,S042_03693,10,9,0.9
warehouse_measurement:session:s042_03694:df283503bfe1,session,warehouse_measurement,S042_03694,synnetqos,session_id,S042_03694,S042_03694,10,6,0.6
warehouse_measurement:session:s042_03695:ee2104d93516,session,warehouse_measurement,S042_03695,synnetqos,session_id,S042_03695,S042_03695,10,6,0.6
warehouse_measurement:session:s042_03696:4de8797544bc,session,warehouse_measurement,S042_03696,synnetqos,session_id,S042_03696,S042_03696,10,10,1.0
warehouse_measurement:session:s042_03697:b48326acf348,session,warehouse_measurement,S042_03697,synnetqos,session_id,S042_03697,S042_03697,10,9,0.9
warehouse_measurement:session:s042_03698:e98b2caf78bf,session,warehouse_measurement,S042_03698,synnetqos,session_id,S042_03698,S042_03698,10,7,0.7
warehouse_measurement:session:s042_03699:443e048b2e73,session,warehouse_measurement,S042_03699,synnetqos,session_id,S042_03699,S042_03699,10,9,0.9
warehouse_measurement:session:s042_03700:75b7137a9e5d,session,warehouse_measurement,S042_03700,synnetqos,session_id,S042_03700,S042_03700,10,2,0.2
warehouse_measurement:session:s042_03701:7420c1603980,session,warehouse_measurement,S042_03701,synnetqos,session_id,S042_03701,S042_03701,10,3,0.3
warehouse_measurement:session:s042_03702:13a6f298f63a,session,warehouse_measurement,S042_03702,synnetqos,session_id,S042_03702,S042_03702,10,7,0.7
warehouse_measurement:session:s042_03703:00b429b86de4,session,warehouse_measurement,S042_03703,synnetqos,session_id,S042_03703,S042_03703,10,2,0.2
warehouse_measurement:session:s042_03704:8a277ab95e0e,session,warehouse_measurement,S042_03704,synnetqos,session_id,S042_03704,S042_03704,10,7,0.7
warehouse_measurement:session:s042_03705:57fedd84c3d6,session,warehouse_measurement,S042_03705,synnetqos,session_id,S042_03705,S042_03705,10,10,1.0
warehouse_measurement:session:s042_03706:aa0d5a2912b6,session,warehouse_measurement,S042_03706,synnetqos,session_id,S042_03706,S042_03706,10,10,1.0
warehouse_measurement:session:s042_03707:a41c560ab09b,session,warehouse_measurement,S042_03707,synnetqos,session_id,S042_03707,S042_03707,10,4,0.4
warehouse_measurement:session:s042_03708:4736a1dc6820,session,warehouse_measurement,S042_03708,synnetqos,session_id,S042_03708,S042_03708,10,1,0.1
warehouse_measurement:session:s042_03709:39e55931e5a6,session,warehouse_measurement,S042_03709,synnetqos,session_id,S042_03709,S042_03709,10,9,0.9
warehouse_measurement:session:s042_03710:801effe57e65,session,warehouse_measurement,S042_03710,synnetqos,session_id,S042_03710,S042_03710,10,6,0.6
warehouse_measurement:session:s042_03711:f3d82fbb3acf,session,warehouse_measurement,S042_03711,synnetqos,session_id,S042_03711,S042_03711,10,0,0.0
warehouse_measurement:session:s042_03712:007c887e52a1,session,warehouse_measurement,S042_03712,synnetqos,session_id,S042_03712,S042_03712,10,1,0.1
warehouse_measurement:session:s042_03713:80e58917ac92,session,warehouse_measurement,S042_03713,synnetqos,session_id,S042_03713,S042_03713,10,5,0.5
warehouse_measurement:session:s042_03714:5b15f515d618,session,warehouse_measurement,S042_03714,synnetqos,session_id,S042_03714,S042_03714,10,4,0.4
warehouse_measurement:session:s042_03715:129cfc38dca2,session,warehouse_measurement,S042_03715,synnetqos,session_id,S042_03715,S042_03715,10,4,0.4
warehouse_measurement:session:s042_03716:94d1b8295264,session,warehouse_measurement,S042_03716,synnetqos,session_id,S042_03716,S042_03716,10,7,0.7
warehouse_measurement:session:s042_03717:a4e341ade0c8,session,warehouse_measurement,S042_03717,synnetqos,session_id,S042_03717,S042_03717,10,4,0.4
warehouse_measurement:session:s042_03718:03cec82142d8,session,warehouse_measurement,S042_03718,synnetqos,session_id,S042_03718,S042_03718,10,1,0.1
warehouse_measurement:session:s042_03719:a367353a3e4b,session,warehouse_measurement,S042_03719,synnetqos,session_id,S042_03719,S042_03719,10,3,0.3
warehouse_measurement:session:s042_03720:c197feaaec8a,session,warehouse_measurement,S042_03720,synnetqos,session_id,S042_03720,S042_03720,10,0,0.0
warehouse_measurement:session:s042_03721:d220e729a2e1,session,warehouse_measurement,S042_03721,synnetqos,session_id,S042_03721,S042_03721,10,4,0.4
warehouse_measurement:session:s042_03722:626111cf2903,session,warehouse_measurement,S042_03722,synnetqos,session_id,S042_03722,S042_03722,10,3,0.3
warehouse_measurement:session:s042_03723:e44782bb48d8,session,warehouse_measurement,S042_03723,synnetqos,session_id,S042_03723,S042_03723,10,3,0.3
warehouse_measurement:session:s042_03724:a6f2fde939ba,session,warehouse_measurement,S042_03724,synnetqos,session_id,S042_03724,S042_03724,10,10,1.0
warehouse_measurement:session:s042_03725:b92a12f0aef2,session,warehouse_measurement,S042_03725,synnetqos,session_id,S042_03725,S042_03725,10,6,0.6
warehouse_measurement:session:s042_03726:648878a07f64,session,warehouse_measurement,S042_03726,synnetqos,session_id,S042_03726,S042_03726,10,8,0.8
warehouse_measurement:session:s042_03727:29d72796928a,session,warehouse_measurement,S042_03727,synnetqos,session_id,S042_03727,S042_03727,10,4,0.4
warehouse_measurement:session:s042_03728:38b8bdafa6c1,session,warehouse_measurement,S042_03728,synnetqos,session_id,S042_03728,S042_03728,10,10,1.0
warehouse_measurement:session:s042_03729:6bbb7086df85,session,warehouse_measurement,S042_03729,synnetqos,session_id,S042_03729,S042_03729,10,7,0.7
warehouse_measurement:session:s042_03730:cfa89a7c2c24,session,warehouse_measurement,S042_03730,synnetqos,session_id,S042_03730,S042_03730,10,4,0.4
warehouse_measurement:session:s042_03731:61f2d68034e1,session,warehouse_measurement,S042_03731,synnetqos,session_id,S042_03731,S042_03731,10,6,0.6
warehouse_measurement:session:s042_03732:201f569aa953,session,warehouse_measurement,S042_03732,synnetqos,session_id,S042_03732,S042_03732,10,1,0.1
warehouse_measurement:session:s042_03733:808568401f50,session,warehouse_measurement,S042_03733,synnetqos,session_id,S042_03733,S042_03733,10,0,0.0
warehouse_measurement:session:s042_03734:1acd19b51c71,session,warehouse_measurement,S042_03734,synnetqos,session_id,S042_03734,S042_03734,10,3,0.3
warehouse_measurement:session:s042_03735:51a33da6290e,session,warehouse_measurement,S042_03735,synnetqos,session_id,S042_03735,S042_03735,10,3,0.3
warehouse_measurement:session:s042_03736:598787ba0ab4,session,warehouse_measurement,S042_03736,synnetqos,session_id,S042_03736,S042_03736,10,7,0.7
warehouse_measurement:session:s042_03737:f3d3acab04d4,session,warehouse_measurement,S042_03737,synnetqos,session_id,S042_03737,S042_03737,10,10,1.0
warehouse_measurement:session:s042_03738:b1869e4a8909,session,warehouse_measurement,S042_03738,synnetqos,session_id,S042_03738,S042_03738,10,3,0.3
warehouse_measurement:session:s042_03739:2b06729b4823,session,warehouse_measurement,S042_03739,synnetqos,session_id,S042_03739,S042_03739,10,5,0.5
warehouse_measurement:session:s042_03740:702d92ebbc78,session,warehouse_measurement,S042_03740,synnetqos,session_id,S042_03740,S042_03740,10,1,0.1
warehouse_measurement:session:s042_03741:43a7d3bb390b,session,warehouse_measurement,S042_03741,synnetqos,session_id,S042_03741,S042_03741,10,2,0.2
warehouse_measurement:session:s042_03742:bc960d2929eb,session,warehouse_measurement,S042_03742,synnetqos,session_id,S042_03742,S042_03742,10,0,0.0
warehouse_measurement:session:s042_03743:0b2d1331ec33,session,warehouse_measurement,S042_03743,synnetqos,session_id,S042_03743,S042_03743,10,9,0.9
warehouse_measurement:session:s042_03744:e633f07022d4,session,warehouse_measurement,S042_03744,synnetqos,session_id,S042_03744,S042_03744,10,0,0.0
warehouse_measurement:session:s042_03745:cca7b89da30b,session,warehouse_measurement,S042_03745,synnetqos,session_id,S042_03745,S042_03745,10,8,0.8
warehouse_measurement:session:s042_03746:68d810d6bb14,session,warehouse_measurement,S042_03746,synnetqos,session_id,S042_03746,S042_03746,10,8,0.8
warehouse_measurement:session:s042_03747:1bb5c0b64e8b,session,warehouse_measurement,S042_03747,synnetqos,session_id,S042_03747,S042_03747,10,9,0.9
warehouse_measurement:session:s042_03748:2db248a8900d,session,warehouse_measurement,S042_03748,synnetqos,session_id,S042_03748,S042_03748,10,7,0.7
warehouse_measurement:session:s042_03749:528835e4f165,session,warehouse_measurement,S042_03749,synnetqos,session_id,S042_03749,S042_03749,10,9,0.9
warehouse_measurement:session:s042_03750:0e4fea1d22fb,session,warehouse_measurement,S042_03750,synnetqos,session_id,S042_03750,S042_03750,10,4,0.4
warehouse_measurement:session:s042_03751:cef30808c520,session,warehouse_measurement,S042_03751,synnetqos,session_id,S042_03751,S042_03751,10,10,1.0
warehouse_measurement:session:s042_03752:a58e88c2f8ed,session,warehouse_measurement,S042_03752,synnetqos,session_id,S042_03752,S042_03752,10,10,1.0
warehouse_measurement:session:s042_03753:9ddcda18072f,session,warehouse_measurement,S042_03753,synnetqos,session_id,S042_03753,S042_03753,10,9,0.9
warehouse_measurement:session:s042_03754:3ec7d4141f1d,session,warehouse_measurement,S042_03754,synnetqos,session_id,S042_03754,S042_03754,10,3,0.3
warehouse_measurement:session:s042_03755:a1591e6e31fd,session,warehouse_measurement,S042_03755,synnetqos,session_id,S042_03755,S042_03755,10,7,0.7
warehouse_measurement:session:s042_03756:3c8ecf9663fd,session,warehouse_measurement,S042_03756,synnetqos,session_id,S042_03756,S042_03756,10,9,0.9
warehouse_measurement:session:s042_03757:808fc3e5e109,session,warehouse_measurement,S042_03757,synnetqos,session_id,S042_03757,S042_03757,10,9,0.9
warehouse_measurement:session:s042_03758:7827017762b4,session,warehouse_measurement,S042_03758,synnetqos,session_id,S042_03758,S042_03758,10,1,0.1
warehouse_measurement:session:s042_03759:09d3f1f4af23,session,warehouse_measurement,S042_03759,synnetqos,session_id,S042_03759,S042_03759,10,5,0.5
warehouse_measurement:session:s042_03760:a7d87ffc24b2,session,warehouse_measurement,S042_03760,synnetqos,session_id,S042_03760,S042_03760,10,6,0.6
warehouse_measurement:session:s042_03761:a561874f21da,session,warehouse_measurement,S042_03761,synnetqos,session_id,S042_03761,S042_03761,10,3,0.3
warehouse_measurement:session:s042_03762:c2d933744fd6,session,warehouse_measurement,S042_03762,synnetqos,session_id,S042_03762,S042_03762,10,5,0.5
warehouse_measurement:session:s042_03763:50ffafec7956,session,warehouse_measurement,S042_03763,synnetqos,session_id,S042_03763,S042_03763,10,0,0.0
warehouse_measurement:session:s042_03764:ac8122e0331a,session,warehouse_measurement,S042_03764,synnetqos,session_id,S042_03764,S042_03764,10,2,0.2
warehouse_measurement:session:s042_03765:83f3ec237355,session,warehouse_measurement,S042_03765,synnetqos,session_id,S042_03765,S042_03765,10,2,0.2
warehouse_measurement:session:s042_03766:fc152ad24f6e,session,warehouse_measurement,S042_03766,synnetqos,session_id,S042_03766,S042_03766,10,2,0.2
warehouse_measurement:session:s042_03767:16259a9bc35d,session,warehouse_measurement,S042_03767,synnetqos,session_id,S042_03767,S042_03767,10,6,0.6
warehouse_measurement:session:s042_03768:3f89e63e14a6,session,warehouse_measurement,S042_03768,synnetqos,session_id,S042_03768,S042_03768,10,3,0.3
warehouse_measurement:session:s042_03769:6bdd75ba9c47,session,warehouse_measurement,S042_03769,synnetqos,session_id,S042_03769,S042_03769,10,10,1.0
warehouse_measurement:session:s042_03770:53d2e5e71d2c,session,warehouse_measurement,S042_03770,synnetqos,session_id,S042_03770,S042_03770,10,9,0.9
warehouse_measurement:session:s042_03771:31c04cac7ae4,session,warehouse_measurement,S042_03771,synnetqos,session_id,S042_03771,S042_03771,10,10,1.0
warehouse_measurement:session:s042_03772:417cb6bc5001,session,warehouse_measurement,S042_03772,synnetqos,session_id,S042_03772,S042_03772,10,1,0.1
warehouse_measurement:session:s042_03773:2c39c65d39db,session,warehouse_measurement,S042_03773,synnetqos,session_id,S042_03773,S042_03773,10,3,0.3
warehouse_measurement:session:s042_03774:9c520f0a1b7a,session,warehouse_measurement,S042_03774,synnetqos,session_id,S042_03774,S042_03774,10,10,1.0
warehouse_measurement:session:s042_03775:19f47826c1e4,session,warehouse_measurement,S042_03775,synnetqos,session_id,S042_03775,S042_03775,10,8,0.8
warehouse_measurement:session:s042_03776:be9f13f3576c,session,warehouse_measurement,S042_03776,synnetqos,session_id,S042_03776,S042_03776,10,3,0.3
warehouse_measurement:session:s042_03777:f3f3d337f738,session,warehouse_measurement,S042_03777,synnetqos,session_id,S042_03777,S042_03777,10,0,0.0
warehouse_measurement:session:s042_03778:3a2ca36fd669,session,warehouse_measurement,S042_03778,synnetqos,session_id,S042_03778,S042_03778,10,0,0.0
warehouse_measurement:session:s042_03779:365e0aa35f98,session,warehouse_measurement,S042_03779,synnetqos,session_id,S042_03779,S042_03779,10,4,0.4
warehouse_measurement:session:s042_03780:9dc6aa9a714f,session,warehouse_measurement,S042_03780,synnetqos,session_id,S042_03780,S042_03780,10,3,0.3
warehouse_measurement:session:s042_03781:94927e5843fb,session,warehouse_measurement,S042_03781,synnetqos,session_id,S042_03781,S042_03781,10,4,0.4
warehouse_measurement:session:s042_03782:6da6bc997dcb,session,warehouse_measurement,S042_03782,synnetqos,session_id,S042_03782,S042_03782,10,5,0.5
warehouse_measurement:session:s042_03783:0c0f03c88390,session,warehouse_measurement,S042_03783,synnetqos,session_id,S042_03783,S042_03783,10,8,0.8
warehouse_measurement:session:s042_03784:58a5f3aad32d,session,warehouse_measurement,S042_03784,synnetqos,session_id,S042_03784,S042_03784,10,5,0.5
warehouse_measurement:session:s042_03785:f9ffd49edd39,session,warehouse_measurement,S042_03785,synnetqos,session_id,S042_03785,S042_03785,10,0,0.0
warehouse_measurement:session:s042_03786:1b153dda0fa4,session,warehouse_measurement,S042_03786,synnetqos,session_id,S042_03786,S042_03786,10,1,0.1
warehouse_measurement:session:s042_03787:982d450eb317,session,warehouse_measurement,S042_03787,synnetqos,session_id,S042_03787,S042_03787,10,0,0.0
warehouse_measurement:session:s042_03788:373f75ece393,session,warehouse_measurement,S042_03788,synnetqos,session_id,S042_03788,S042_03788,10,3,0.3
warehouse_measurement:session:s042_03789:5506c5acd1b6,session,warehouse_measurement,S042_03789,synnetqos,session_id,S042_03789,S042_03789,10,4,0.4
warehouse_measurement:session:s042_03790:234eb4594756,session,warehouse_measurement,S042_03790,synnetqos,session_id,S042_03790,S042_03790,10,3,0.3
warehouse_measurement:session:s042_03791:325d5d715596,session,warehouse_measurement,S042_03791,synnetqos,session_id,S042_03791,S042_03791,10,8,0.8
warehouse_measurement:session:s042_03792:829b53a7031b,session,warehouse_measurement,S042_03792,synnetqos,session_id,S042_03792,S042_03792,10,6,0.6
warehouse_measurement:session:s042_03793:06174e74b429,session,warehouse_measurement,S042_03793,synnetqos,session_id,S042_03793,S042_03793,10,4,0.4
warehouse_measurement:session:s042_03794:f74292d1e615,session,warehouse_measurement,S042_03794,synnetqos,session_id,S042_03794,S042_03794,10,7,0.7
warehouse_measurement:session:s042_03795:97a5d97368e9,session,warehouse_measurement,S042_03795,synnetqos,session_id,S042_03795,S042_03795,10,5,0.5
warehouse_measurement:session:s042_03796:752995e3bfbc,session,warehouse_measurement,S042_03796,synnetqos,session_id,S042_03796,S042_03796,10,8,0.8
warehouse_measurement:session:s042_03797:ac9fb103d642,session,warehouse_measurement,S042_03797,synnetqos,session_id,S042_03797,S042_03797,10,4,0.4
warehouse_measurement:session:s042_03798:e7a3ecc4339d,session,warehouse_measurement,S042_03798,synnetqos,session_id,S042_03798,S042_03798,10,7,0.7
warehouse_measurement:session:s042_03799:9b1f22f0e288,session,warehouse_measurement,S042_03799,synnetqos,session_id,S042_03799,S042_03799,10,0,0.0
warehouse_measurement:session:s042_03800:9f31e045242c,session,warehouse_measurement,S042_03800,synnetqos,session_id,S042_03800,S042_03800,10,4,0.4
warehouse_measurement:session:s042_03801:6a9c3f5c69a6,session,warehouse_measurement,S042_03801,synnetqos,session_id,S042_03801,S042_03801,10,6,0.6
warehouse_measurement:session:s042_03802:a5d3cd4f33a7,session,warehouse_measurement,S042_03802,synnetqos,session_id,S042_03802,S042_03802,10,4,0.4
warehouse_measurement:session:s042_03803:fa9858090bbb,session,warehouse_measurement,S042_03803,synnetqos,session_id,S042_03803,S042_03803,10,10,1.0
warehouse_measurement:session:s042_03804:329786a66815,session,warehouse_measurement,S042_03804,synnetqos,session_id,S042_03804,S042_03804,10,5,0.5
warehouse_measurement:session:s042_03805:9aa0a826045c,session,warehouse_measurement,S042_03805,synnetqos,session_id,S042_03805,S042_03805,10,7,0.7
warehouse_measurement:session:s042_03806:ea50ea0dc23c,session,warehouse_measurement,S042_03806,synnetqos,session_id,S042_03806,S042_03806,10,6,0.6
warehouse_measurement:session:s042_03807:f238f5714ddb,session,warehouse_measurement,S042_03807,synnetqos,session_id,S042_03807,S042_03807,10,10,1.0
warehouse_measurement:session:s042_03808:7a03a7c95f17,session,warehouse_measurement,S042_03808,synnetqos,session_id,S042_03808,S042_03808,10,0,0.0
warehouse_measurement:session:s042_03809:957101726a3f,session,warehouse_measurement,S042_03809,synnetqos,session_id,S042_03809,S042_03809,10,3,0.3
warehouse_measurement:session:s042_03810:10f7df0160eb,session,warehouse_measurement,S042_03810,synnetqos,session_id,S042_03810,S042_03810,10,9,0.9
warehouse_measurement:session:s042_03811:25ca30b9ccfc,session,warehouse_measurement,S042_03811,synnetqos,session_id,S042_03811,S042_03811,10,0,0.0
warehouse_measurement:session:s042_03812:a99bf8913fef,session,warehouse_measurement,S042_03812,synnetqos,session_id,S042_03812,S042_03812,10,10,1.0
warehouse_measurement:session:s042_03813:d065547a7206,session,warehouse_measurement,S042_03813,synnetqos,session_id,S042_03813,S042_03813,10,10,1.0
warehouse_measurement:session:s042_03814:6ae20aa43557,session,warehouse_measurement,S042_03814,synnetqos,session_id,S042_03814,S042_03814,10,7,0.7
warehouse_measurement:session:s042_03815:0b91f4f9aa8d,session,warehouse_measurement,S042_03815,synnetqos,session_id,S042_03815,S042_03815,10,8,0.8
warehouse_measurement:session:s042_03816:20187a06a21b,session,warehouse_measurement,S042_03816,synnetqos,session_id,S042_03816,S042_03816,10,2,0.2
warehouse_measurement:session:s042_03817:018758faf8e6,session,warehouse_measurement,S042_03817,synnetqos,session_id,S042_03817,S042_03817,10,1,0.1
warehouse_measurement:session:s042_03818:f33ed0f3b138,session,warehouse_measurement,S042_03818,synnetqos,session_id,S042_03818,S042_03818,10,2,0.2
warehouse_measurement:session:s042_03819:438bc9b6c6e6,session,warehouse_measurement,S042_03819,synnetqos,session_id,S042_03819,S042_03819,10,3,0.3
warehouse_measurement:session:s042_03820:7ac878081758,session,warehouse_measurement,S042_03820,synnetqos,session_id,S042_03820,S042_03820,10,1,0.1
warehouse_measurement:session:s042_03821:cc68a202b93c,session,warehouse_measurement,S042_03821,synnetqos,session_id,S042_03821,S042_03821,10,9,0.9
warehouse_measurement:session:s042_03822:f3e92ee7f946,session,warehouse_measurement,S042_03822,synnetqos,session_id,S042_03822,S042_03822,10,8,0.8
warehouse_measurement:session:s042_03823:5c9a5fb4cf48,session,warehouse_measurement,S042_03823,synnetqos,session_id,S042_03823,S042_03823,10,9,0.9
warehouse_measurement:session:s042_03824:d8c116d51a7d,session,warehouse_measurement,S042_03824,synnetqos,session_id,S042_03824,S042_03824,10,9,0.9
warehouse_measurement:session:s042_03825:3cab8c07ca96,session,warehouse_measurement,S042_03825,synnetqos,session_id,S042_03825,S042_03825,10,10,1.0
warehouse_measurement:session:s042_03826:0da8043c4286,session,warehouse_measurement,S042_03826,synnetqos,session_id,S042_03826,S042_03826,10,4,0.4
warehouse_measurement:session:s042_03827:0f518f078db9,session,warehouse_measurement,S042_03827,synnetqos,session_id,S042_03827,S042_03827,10,1,0.1
warehouse_measurement:session:s042_03828:420803f7e456,session,warehouse_measurement,S042_03828,synnetqos,session_id,S042_03828,S042_03828,10,9,0.9
warehouse_measurement:session:s042_03829:caf84d935f51,session,warehouse_measurement,S042_03829,synnetqos,session_id,S042_03829,S042_03829,10,10,1.0
warehouse_measurement:session:s042_03830:a66083bf2cd7,session,warehouse_measurement,S042_03830,synnetqos,session_id,S042_03830,S042_03830,10,10,1.0
warehouse_measurement:session:s042_03831:561caf0b922b,session,warehouse_measurement,S042_03831,synnetqos,session_id,S042_03831,S042_03831,10,2,0.2
warehouse_measurement:session:s042_03832:5af227f08b43,session,warehouse_measurement,S042_03832,synnetqos,session_id,S042_03832,S042_03832,10,2,0.2
warehouse_measurement:session:s042_03833:957c91024203,session,warehouse_measurement,S042_03833,synnetqos,session_id,S042_03833,S042_03833,10,5,0.5
warehouse_measurement:session:s042_03834:2b64873c6846,session,warehouse_measurement,S042_03834,synnetqos,session_id,S042_03834,S042_03834,10,7,0.7
warehouse_measurement:session:s042_03835:8c40abfcb585,session,warehouse_measurement,S042_03835,synnetqos,session_id,S042_03835,S042_03835,10,3,0.3
warehouse_measurement:session:s042_03836:a719da5f74bf,session,warehouse_measurement,S042_03836,synnetqos,session_id,S042_03836,S042_03836,10,0,0.0
warehouse_measurement:session:s042_03837:f7d939de58a9,session,warehouse_measurement,S042_03837,synnetqos,session_id,S042_03837,S042_03837,10,1,0.1
warehouse_measurement:session:s042_03838:70e3984ca62e,session,warehouse_measurement,S042_03838,synnetqos,session_id,S042_03838,S042_03838,10,10,1.0
warehouse_measurement:session:s042_03839:6fe6eda39d30,session,warehouse_measurement,S042_03839,synnetqos,session_id,S042_03839,S042_03839,10,4,0.4
warehouse_measurement:session:s042_03840:57c52d64b606,session,warehouse_measurement,S042_03840,synnetqos,session_id,S042_03840,S042_03840,10,10,1.0
warehouse_measurement:session:s042_03841:7c02cd555ae6,session,warehouse_measurement,S042_03841,synnetqos,session_id,S042_03841,S042_03841,10,9,0.9
warehouse_measurement:session:s042_03842:fafd520806e6,session,warehouse_measurement,S042_03842,synnetqos,session_id,S042_03842,S042_03842,10,1,0.1
warehouse_measurement:session:s042_03843:946fba963333,session,warehouse_measurement,S042_03843,synnetqos,session_id,S042_03843,S042_03843,10,2,0.2
warehouse_measurement:session:s042_03844:6f99b3ce0e09,session,warehouse_measurement,S042_03844,synnetqos,session_id,S042_03844,S042_03844,10,3,0.3
warehouse_measurement:session:s042_03845:3e40bab17625,session,warehouse_measurement,S042_03845,synnetqos,session_id,S042_03845,S042_03845,10,3,0.3
warehouse_measurement:session:s042_03846:d096106ae686,session,warehouse_measurement,S042_03846,synnetqos,session_id,S042_03846,S042_03846,10,7,0.7
warehouse_measurement:session:s042_03847:81b808096b6d,session,warehouse_measurement,S042_03847,synnetqos,session_id,S042_03847,S042_03847,10,10,1.0
warehouse_measurement:session:s042_03848:9d1871ec13ae,session,warehouse_measurement,S042_03848,synnetqos,session_id,S042_03848,S042_03848,10,10,1.0
warehouse_measurement:session:s042_03849:6d1b83c9606b,session,warehouse_measurement,S042_03849,synnetqos,session_id,S042_03849,S042_03849,10,1,0.1
warehouse_measurement:session:s042_03850:bbc2ea70c817,session,warehouse_measurement,S042_03850,synnetqos,session_id,S042_03850,S042_03850,10,10,1.0
warehouse_measurement:session:s042_03851:71c6353b833b,session,warehouse_measurement,S042_03851,synnetqos,session_id,S042_03851,S042_03851,10,5,0.5
warehouse_measurement:session:s042_03852:d6c6121ba6db,session,warehouse_measurement,S042_03852,synnetqos,session_id,S042_03852,S042_03852,10,4,0.4
warehouse_measurement:session:s042_03853:1a0f5424a1c8,session,warehouse_measurement,S042_03853,synnetqos,session_id,S042_03853,S042_03853,10,8,0.8
warehouse_measurement:session:s042_03854:696a58b80a2e,session,warehouse_measurement,S042_03854,synnetqos,session_id,S042_03854,S042_03854,10,8,0.8
warehouse_measurement:session:s042_03855:52da44569229,session,warehouse_measurement,S042_03855,synnetqos,session_id,S042_03855,S042_03855,10,6,0.6
warehouse_measurement:session:s042_03856:8e330bcb0dd7,session,warehouse_measurement,S042_03856,synnetqos,session_id,S042_03856,S042_03856,10,1,0.1
warehouse_measurement:session:s042_03857:ef761d80e344,session,warehouse_measurement,S042_03857,synnetqos,session_id,S042_03857,S042_03857,10,5,0.5
warehouse_measurement:session:s042_03858:3d452e6b5506,session,warehouse_measurement,S042_03858,synnetqos,session_id,S042_03858,S042_03858,10,0,0.0
warehouse_measurement:session:s042_03859:20b08a970032,session,warehouse_measurement,S042_03859,synnetqos,session_id,S042_03859,S042_03859,10,0,0.0
warehouse_measurement:session:s042_03860:ed1f51bee927,session,warehouse_measurement,S042_03860,synnetqos,session_id,S042_03860,S042_03860,10,4,0.4
warehouse_measurement:session:s042_03861:825b088b558e,session,warehouse_measurement,S042_03861,synnetqos,session_id,S042_03861,S042_03861,10,5,0.5
warehouse_measurement:session:s042_03862:d3b4f7374207,session,warehouse_measurement,S042_03862,synnetqos,session_id,S042_03862,S042_03862,10,1,0.1
warehouse_measurement:session:s042_03863:929889e7053e,session,warehouse_measurement,S042_03863,synnetqos,session_id,S042_03863,S042_03863,10,2,0.2
warehouse_measurement:session:s042_03864:1e59d1705456,session,warehouse_measurement,S042_03864,synnetqos,session_id,S042_03864,S042_03864,10,7,0.7
warehouse_measurement:session:s042_03865:e18e9f233acf,session,warehouse_measurement,S042_03865,synnetqos,session_id,S042_03865,S042_03865,10,2,0.2
warehouse_measurement:session:s042_03866:a385f51e1bd4,session,warehouse_measurement,S042_03866,synnetqos,session_id,S042_03866,S042_03866,10,1,0.1
warehouse_measurement:session:s042_03867:785dffa3a7e4,session,warehouse_measurement,S042_03867,synnetqos,session_id,S042_03867,S042_03867,10,5,0.5
warehouse_measurement:session:s042_03868:d94841a12e7f,session,warehouse_measurement,S042_03868,synnetqos,session_id,S042_03868,S042_03868,10,10,1.0
warehouse_measurement:session:s042_03869:4f5f703897a2,session,warehouse_measurement,S042_03869,synnetqos,session_id,S042_03869,S042_03869,10,9,0.9
warehouse_measurement:session:s042_03870:b9572f09fd02,session,warehouse_measurement,S042_03870,synnetqos,session_id,S042_03870,S042_03870,10,6,0.6
warehouse_measurement:session:s042_03871:202083fdadc2,session,warehouse_measurement,S042_03871,synnetqos,session_id,S042_03871,S042_03871,10,3,0.3
warehouse_measurement:session:s042_03872:5129234ea7ee,session,warehouse_measurement,S042_03872,synnetqos,session_id,S042_03872,S042_03872,10,9,0.9
warehouse_measurement:session:s042_03873:c55a831746f1,session,warehouse_measurement,S042_03873,synnetqos,session_id,S042_03873,S042_03873,10,0,0.0
warehouse_measurement:session:s042_03874:74ad7e9b4695,session,warehouse_measurement,S042_03874,synnetqos,session_id,S042_03874,S042_03874,10,0,0.0
warehouse_measurement:session:s042_03875:4fb58aea9b02,session,warehouse_measurement,S042_03875,synnetqos,session_id,S042_03875,S042_03875,10,9,0.9
warehouse_measurement:session:s042_03876:78a4898643b7,session,warehouse_measurement,S042_03876,synnetqos,session_id,S042_03876,S042_03876,10,9,0.9
warehouse_measurement:session:s042_03877:b4cbe0286c7b,session,warehouse_measurement,S042_03877,synnetqos,session_id,S042_03877,S042_03877,10,1,0.1
warehouse_measurement:session:s042_03878:71f1a933ed8c,session,warehouse_measurement,S042_03878,synnetqos,session_id,S042_03878,S042_03878,10,0,0.0
warehouse_measurement:session:s042_03879:d606ff69c359,session,warehouse_measurement,S042_03879,synnetqos,session_id,S042_03879,S042_03879,10,7,0.7
warehouse_measurement:session:s042_03880:dd72b077e6e9,session,warehouse_measurement,S042_03880,synnetqos,session_id,S042_03880,S042_03880,10,1,0.1
warehouse_measurement:session:s042_03881:b53a7529f55d,session,warehouse_measurement,S042_03881,synnetqos,session_id,S042_03881,S042_03881,10,6,0.6
warehouse_measurement:session:s042_03882:0bf5d666446a,session,warehouse_measurement,S042_03882,synnetqos,session_id,S042_03882,S042_03882,10,10,1.0
warehouse_measurement:session:s042_03883:cf18e06844e8,session,warehouse_measurement,S042_03883,synnetqos,session_id,S042_03883,S042_03883,10,1,0.1
warehouse_measurement:session:s042_03884:6c1cc9dd68f6,session,warehouse_measurement,S042_03884,synnetqos,session_id,S042_03884,S042_03884,10,2,0.2
warehouse_measurement:session:s042_03885:ea1292c8dd51,session,warehouse_measurement,S042_03885,synnetqos,session_id,S042_03885,S042_03885,10,2,0.2
warehouse_measurement:session:s042_03886:2657975bc8b5,session,warehouse_measurement,S042_03886,synnetqos,session_id,S042_03886,S042_03886,10,7,0.7
warehouse_measurement:session:s042_03887:0bf18d3bb8f8,session,warehouse_measurement,S042_03887,synnetqos,session_id,S042_03887,S042_03887,10,2,0.2
warehouse_measurement:session:s042_03888:99f087ce00f3,session,warehouse_measurement,S042_03888,synnetqos,session_id,S042_03888,S042_03888,10,5,0.5
warehouse_measurement:session:s042_03889:c8d02fb69a84,session,warehouse_measurement,S042_03889,synnetqos,session_id,S042_03889,S042_03889,10,0,0.0
warehouse_measurement:session:s042_03890:0b63c77f8305,session,warehouse_measurement,S042_03890,synnetqos,session_id,S042_03890,S042_03890,10,5,0.5
warehouse_measurement:session:s042_03891:3f8421d7caf2,session,warehouse_measurement,S042_03891,synnetqos,session_id,S042_03891,S042_03891,10,4,0.4
warehouse_measurement:session:s042_03892:15993ff890b3,session,warehouse_measurement,S042_03892,synnetqos,session_id,S042_03892,S042_03892,10,2,0.2
warehouse_measurement:session:s042_03893:d8738b4051c7,session,warehouse_measurement,S042_03893,synnetqos,session_id,S042_03893,S042_03893,10,8,0.8
warehouse_measurement:session:s042_03894:ca0c7c29cc40,session,warehouse_measurement,S042_03894,synnetqos,session_id,S042_03894,S042_03894,10,10,1.0
warehouse_measurement:session:s042_03895:310586ba9dbb,session,warehouse_measurement,S042_03895,synnetqos,session_id,S042_03895,S042_03895,10,2,0.2
warehouse_measurement:session:s042_03896:2fe6204895fd,session,warehouse_measurement,S042_03896,synnetqos,session_id,S042_03896,S042_03896,10,7,0.7
warehouse_measurement:session:s042_03897:738a4dc4b3e6,session,warehouse_measurement,S042_03897,synnetqos,session_id,S042_03897,S042_03897,10,6,0.6
warehouse_measurement:session:s042_03898:16a521d36029,session,warehouse_measurement,S042_03898,synnetqos,session_id,S042_03898,S042_03898,10,5,0.5
warehouse_measurement:session:s042_03899:b914366497d3,session,warehouse_measurement,S042_03899,synnetqos,session_id,S042_03899,S042_03899,10,6,0.6
warehouse_measurement:session:s042_03900:7f9024c3fd45,session,warehouse_measurement,S042_03900,synnetqos,session_id,S042_03900,S042_03900,10,1,0.1
warehouse_measurement:session:s042_03901:c68e0725959f,session,warehouse_measurement,S042_03901,synnetqos,session_id,S042_03901,S042_03901,10,5,0.5
warehouse_measurement:session:s042_03902:290a2db4bb15,session,warehouse_measurement,S042_03902,synnetqos,session_id,S042_03902,S042_03902,10,2,0.2
warehouse_measurement:session:s042_03903:a21ca8ebbc6e,session,warehouse_measurement,S042_03903,synnetqos,session_id,S042_03903,S042_03903,10,10,1.0
warehouse_measurement:session:s042_03904:5f859a1003ad,session,warehouse_measurement,S042_03904,synnetqos,session_id,S042_03904,S042_03904,10,0,0.0
warehouse_measurement:session:s042_03905:8c19bc8505a6,session,warehouse_measurement,S042_03905,synnetqos,session_id,S042_03905,S042_03905,10,6,0.6
warehouse_measurement:session:s042_03906:d610f66f307e,session,warehouse_measurement,S042_03906,synnetqos,session_id,S042_03906,S042_03906,10,7,0.7
warehouse_measurement:session:s042_03907:17eddfe7bb89,session,warehouse_measurement,S042_03907,synnetqos,session_id,S042_03907,S042_03907,10,6,0.6
warehouse_measurement:session:s042_03908:2159f6149497,session,warehouse_measurement,S042_03908,synnetqos,session_id,S042_03908,S042_03908,10,1,0.1
warehouse_measurement:session:s042_03909:570edb3216d8,session,warehouse_measurement,S042_03909,synnetqos,session_id,S042_03909,S042_03909,10,6,0.6
warehouse_measurement:session:s042_03910:648b740ca8e5,session,warehouse_measurement,S042_03910,synnetqos,session_id,S042_03910,S042_03910,10,8,0.8
warehouse_measurement:session:s042_03911:59ff9524cfe9,session,warehouse_measurement,S042_03911,synnetqos,session_id,S042_03911,S042_03911,10,9,0.9
warehouse_measurement:session:s042_03912:1131815c9778,session,warehouse_measurement,S042_03912,synnetqos,session_id,S042_03912,S042_03912,10,0,0.0
warehouse_measurement:session:s042_03913:d2538185ab56,session,warehouse_measurement,S042_03913,synnetqos,session_id,S042_03913,S042_03913,10,0,0.0
warehouse_measurement:session:s042_03914:aa8858d93e1e,session,warehouse_measurement,S042_03914,synnetqos,session_id,S042_03914,S042_03914,10,2,0.2
warehouse_measurement:session:s042_03915:b23e8b4a965a,session,warehouse_measurement,S042_03915,synnetqos,session_id,S042_03915,S042_03915,10,10,1.0
warehouse_measurement:session:s042_03916:a4aff678cd7f,session,warehouse_measurement,S042_03916,synnetqos,session_id,S042_03916,S042_03916,10,2,0.2
warehouse_measurement:session:s042_03917:e749936daa1d,session,warehouse_measurement,S042_03917,synnetqos,session_id,S042_03917,S042_03917,10,9,0.9
warehouse_measurement:session:s042_03918:22632c38e16a,session,warehouse_measurement,S042_03918,synnetqos,session_id,S042_03918,S042_03918,10,4,0.4
warehouse_measurement:session:s042_03919:a9a7b379a196,session,warehouse_measurement,S042_03919,synnetqos,session_id,S042_03919,S042_03919,10,3,0.3
warehouse_measurement:session:s042_03920:706bff4ad26f,session,warehouse_measurement,S042_03920,synnetqos,session_id,S042_03920,S042_03920,10,2,0.2
warehouse_measurement:session:s042_03921:8a7c0e1a4c86,session,warehouse_measurement,S042_03921,synnetqos,session_id,S042_03921,S042_03921,10,4,0.4
warehouse_measurement:session:s042_03922:f005d987008f,session,warehouse_measurement,S042_03922,synnetqos,session_id,S042_03922,S042_03922,10,5,0.5
warehouse_measurement:session:s042_03923:3061b3f0135f,session,warehouse_measurement,S042_03923,synnetqos,session_id,S042_03923,S042_03923,10,6,0.6
warehouse_measurement:session:s042_03924:3538df961bbe,session,warehouse_measurement,S042_03924,synnetqos,session_id,S042_03924,S042_03924,10,7,0.7
warehouse_measurement:session:s042_03925:c6c38ddd3f93,session,warehouse_measurement,S042_03925,synnetqos,session_id,S042_03925,S042_03925,10,2,0.2
warehouse_measurement:session:s042_03926:001a7be3ab54,session,warehouse_measurement,S042_03926,synnetqos,session_id,S042_03926,S042_03926,10,2,0.2
warehouse_measurement:session:s042_03927:28e80bb47b09,session,warehouse_measurement,S042_03927,synnetqos,session_id,S042_03927,S042_03927,10,1,0.1
warehouse_measurement:session:s042_03928:543e6fe05f8b,session,warehouse_measurement,S042_03928,synnetqos,session_id,S042_03928,S042_03928,10,4,0.4
warehouse_measurement:session:s042_03929:cedcffbb2c5d,session,warehouse_measurement,S042_03929,synnetqos,session_id,S042_03929,S042_03929,10,9,0.9
warehouse_measurement:session:s042_03930:d09a4d1088fe,session,warehouse_measurement,S042_03930,synnetqos,session_id,S042_03930,S042_03930,10,3,0.3
warehouse_measurement:session:s042_03931:4005812afa11,session,warehouse_measurement,S042_03931,synnetqos,session_id,S042_03931,S042_03931,10,10,1.0
warehouse_measurement:session:s042_03932:416e02a4d213,session,warehouse_measurement,S042_03932,synnetqos,session_id,S042_03932,S042_03932,10,7,0.7
warehouse_measurement:session:s042_03933:5b01755dbbaf,session,warehouse_measurement,S042_03933,synnetqos,session_id,S042_03933,S042_03933,10,1,0.1
warehouse_measurement:session:s042_03934:a372ca3d8f7c,session,warehouse_measurement,S042_03934,synnetqos,session_id,S042_03934,S042_03934,10,10,1.0
warehouse_measurement:session:s042_03935:0c3ca233ad1f,session,warehouse_measurement,S042_03935,synnetqos,session_id,S042_03935,S042_03935,10,4,0.4
warehouse_measurement:session:s042_03936:9aa5a8c2402c,session,warehouse_measurement,S042_03936,synnetqos,session_id,S042_03936,S042_03936,10,1,0.1
warehouse_measurement:session:s042_03937:aa692fcc0aad,session,warehouse_measurement,S042_03937,synnetqos,session_id,S042_03937,S042_03937,10,10,1.0
warehouse_measurement:session:s042_03938:e34da08a2a04,session,warehouse_measurement,S042_03938,synnetqos,session_id,S042_03938,S042_03938,10,3,0.3
warehouse_measurement:session:s042_03939:521a59729eeb,session,warehouse_measurement,S042_03939,synnetqos,session_id,S042_03939,S042_03939,10,0,0.0
warehouse_measurement:session:s042_03940:f996d8f92959,session,warehouse_measurement,S042_03940,synnetqos,session_id,S042_03940,S042_03940,10,3,0.3
warehouse_measurement:session:s042_03941:5650959d5ed8,session,warehouse_measurement,S042_03941,synnetqos,session_id,S042_03941,S042_03941,10,0,0.0
warehouse_measurement:session:s042_03942:ed9eff7bb1a9,session,warehouse_measurement,S042_03942,synnetqos,session_id,S042_03942,S042_03942,10,5,0.5
warehouse_measurement:session:s042_03943:9ec8f3d6b800,session,warehouse_measurement,S042_03943,synnetqos,session_id,S042_03943,S042_03943,10,4,0.4
warehouse_measurement:session:s042_03944:14e96ece393b,session,warehouse_measurement,S042_03944,synnetqos,session_id,S042_03944,S042_03944,10,3,0.3
warehouse_measurement:session:s042_03945:de44038aee8f,session,warehouse_measurement,S042_03945,synnetqos,session_id,S042_03945,S042_03945,10,2,0.2
warehouse_measurement:session:s042_03946:13c5328861dc,session,warehouse_measurement,S042_03946,synnetqos,session_id,S042_03946,S042_03946,10,1,0.1
warehouse_measurement:session:s042_03947:ebd1987a3044,session,warehouse_measurement,S042_03947,synnetqos,session_id,S042_03947,S042_03947,10,4,0.4
warehouse_measurement:session:s042_03948:940aea933aed,session,warehouse_measurement,S042_03948,synnetqos,session_id,S042_03948,S042_03948,10,6,0.6
warehouse_measurement:session:s042_03949:7b46d9629ec3,session,warehouse_measurement,S042_03949,synnetqos,session_id,S042_03949,S042_03949,10,7,0.7
warehouse_measurement:session:s042_03950:822a989fbd71,session,warehouse_measurement,S042_03950,synnetqos,session_id,S042_03950,S042_03950,10,3,0.3
warehouse_measurement:session:s042_03951:8f4e2f0d407a,session,warehouse_measurement,S042_03951,synnetqos,session_id,S042_03951,S042_03951,10,8,0.8
warehouse_measurement:session:s042_03952:7db2f038ba0a,session,warehouse_measurement,S042_03952,synnetqos,session_id,S042_03952,S042_03952,10,8,0.8
warehouse_measurement:session:s042_03953:e1ab36321d20,session,warehouse_measurement,S042_03953,synnetqos,session_id,S042_03953,S042_03953,10,10,1.0
warehouse_measurement:session:s042_03954:888d1c60c2d9,session,warehouse_measurement,S042_03954,synnetqos,session_id,S042_03954,S042_03954,10,1,0.1
warehouse_measurement:session:s042_03955:06a039b57ff8,session,warehouse_measurement,S042_03955,synnetqos,session_id,S042_03955,S042_03955,10,10,1.0
warehouse_measurement:session:s042_03956:5e4abf57cbae,session,warehouse_measurement,S042_03956,synnetqos,session_id,S042_03956,S042_03956,10,4,0.4
warehouse_measurement:session:s042_03957:d57ea408951a,session,warehouse_measurement,S042_03957,synnetqos,session_id,S042_03957,S042_03957,10,3,0.3
warehouse_measurement:session:s042_03958:4771407a8bf8,session,warehouse_measurement,S042_03958,synnetqos,session_id,S042_03958,S042_03958,10,6,0.6
warehouse_measurement:session:s042_03959:5461c87c76ac,session,warehouse_measurement,S042_03959,synnetqos,session_id,S042_03959,S042_03959,10,4,0.4
warehouse_measurement:session:s042_03960:03d95da6618b,session,warehouse_measurement,S042_03960,synnetqos,session_id,S042_03960,S042_03960,10,5,0.5
warehouse_measurement:session:s042_03961:dc1aa75b7a03,session,warehouse_measurement,S042_03961,synnetqos,session_id,S042_03961,S042_03961,10,10,1.0
warehouse_measurement:session:s042_03962:0b86e1ce9331,session,warehouse_measurement,S042_03962,synnetqos,session_id,S042_03962,S042_03962,10,1,0.1
warehouse_measurement:session:s042_03963:808858faeefe,session,warehouse_measurement,S042_03963,synnetqos,session_id,S042_03963,S042_03963,10,9,0.9
warehouse_measurement:session:s042_03964:7b80fa46baea,session,warehouse_measurement,S042_03964,synnetqos,session_id,S042_03964,S042_03964,10,0,0.0
warehouse_measurement:session:s042_03965:a7284ecf2746,session,warehouse_measurement,S042_03965,synnetqos,session_id,S042_03965,S042_03965,10,3,0.3
warehouse_measurement:session:s042_03966:8ce30e0d49e5,session,warehouse_measurement,S042_03966,synnetqos,session_id,S042_03966,S042_03966,10,8,0.8
warehouse_measurement:session:s042_03967:e2560f9c0b91,session,warehouse_measurement,S042_03967,synnetqos,session_id,S042_03967,S042_03967,10,1,0.1
warehouse_measurement:session:s042_03968:9bcc7c8b1999,session,warehouse_measurement,S042_03968,synnetqos,session_id,S042_03968,S042_03968,10,7,0.7
warehouse_measurement:session:s042_03969:8d92f4d125ce,session,warehouse_measurement,S042_03969,synnetqos,session_id,S042_03969,S042_03969,10,5,0.5
warehouse_measurement:session:s042_03970:92b18d09c681,session,warehouse_measurement,S042_03970,synnetqos,session_id,S042_03970,S042_03970,10,7,0.7
warehouse_measurement:session:s042_03971:7804f0a509eb,session,warehouse_measurement,S042_03971,synnetqos,session_id,S042_03971,S042_03971,10,10,1.0
warehouse_measurement:session:s042_03972:5090384b5a13,session,warehouse_measurement,S042_03972,synnetqos,session_id,S042_03972,S042_03972,10,10,1.0
warehouse_measurement:session:s042_03973:f42d67a3d86c,session,warehouse_measurement,S042_03973,synnetqos,session_id,S042_03973,S042_03973,10,2,0.2
warehouse_measurement:session:s042_03974:b65a235e0ff1,session,warehouse_measurement,S042_03974,synnetqos,session_id,S042_03974,S042_03974,10,7,0.7
warehouse_measurement:session:s042_03975:4cc0e3d87d67,session,warehouse_measurement,S042_03975,synnetqos,session_id,S042_03975,S042_03975,10,7,0.7
warehouse_measurement:session:s042_03976:6307bfb34f9a,session,warehouse_measurement,S042_03976,synnetqos,session_id,S042_03976,S042_03976,10,1,0.1
warehouse_measurement:session:s042_03977:8b9921c79566,session,warehouse_measurement,S042_03977,synnetqos,session_id,S042_03977,S042_03977,10,5,0.5
warehouse_measurement:session:s042_03978:b033f953329e,session,warehouse_measurement,S042_03978,synnetqos,session_id,S042_03978,S042_03978,10,2,0.2
warehouse_measurement:session:s042_03979:e41ca256263a,session,warehouse_measurement,S042_03979,synnetqos,session_id,S042_03979,S042_03979,10,9,0.9
warehouse_measurement:session:s042_03980:91c7992af64f,session,warehouse_measurement,S042_03980,synnetqos,session_id,S042_03980,S042_03980,10,9,0.9
warehouse_measurement:session:s042_03981:7f16c7fe9408,session,warehouse_measurement,S042_03981,synnetqos,session_id,S042_03981,S042_03981,10,1,0.1
warehouse_measurement:session:s042_03982:d099521d1262,session,warehouse_measurement,S042_03982,synnetqos,session_id,S042_03982,S042_03982,10,1,0.1
warehouse_measurement:session:s042_03983:e1cd3a88a24d,session,warehouse_measurement,S042_03983,synnetqos,session_id,S042_03983,S042_03983,10,4,0.4
warehouse_measurement:session:s042_03984:9e84df1242e4,session,warehouse_measurement,S042_03984,synnetqos,session_id,S042_03984,S042_03984,10,3,0.3
warehouse_measurement:session:s042_03985:00c3c00b5f7e,session,warehouse_measurement,S042_03985,synnetqos,session_id,S042_03985,S042_03985,10,0,0.0
warehouse_measurement:session:s042_03986:9362dd58e07b,session,warehouse_measurement,S042_03986,synnetqos,session_id,S042_03986,S042_03986,10,8,0.8
warehouse_measurement:session:s042_03987:5b63610ee84d,session,warehouse_measurement,S042_03987,synnetqos,session_id,S042_03987,S042_03987,10,2,0.2
warehouse_measurement:session:s042_03988:c431862c3c90,session,warehouse_measurement,S042_03988,synnetqos,session_id,S042_03988,S042_03988,10,4,0.4
warehouse_measurement:session:s042_03989:feec7c606489,session,warehouse_measurement,S042_03989,synnetqos,session_id,S042_03989,S042_03989,10,6,0.6
warehouse_measurement:session:s042_03990:beea3b57e9ae,session,warehouse_measurement,S042_03990,synnetqos,session_id,S042_03990,S042_03990,10,0,0.0
warehouse_measurement:session:s042_03991:a5e549050a40,session,warehouse_measurement,S042_03991,synnetqos,session_id,S042_03991,S042_03991,10,10,1.0
warehouse_measurement:session:s042_03992:6954c3d7e1f6,session,warehouse_measurement,S042_03992,synnetqos,session_id,S042_03992,S042_03992,10,10,1.0
warehouse_measurement:session:s042_03993:2fb05369d189,session,warehouse_measurement,S042_03993,synnetqos,session_id,S042_03993,S042_03993,10,9,0.9
warehouse_measurement:session:s042_03994:3730509008e2,session,warehouse_measurement,S042_03994,synnetqos,session_id,S042_03994,S042_03994,10,9,0.9
warehouse_measurement:session:s042_03995:d9fdc749d773,session,warehouse_measurement,S042_03995,synnetqos,session_id,S042_03995,S042_03995,10,0,0.0
warehouse_measurement:session:s042_03996:60b848f4ff00,session,warehouse_measurement,S042_03996,synnetqos,session_id,S042_03996,S042_03996,10,1,0.1
warehouse_measurement:session:s042_03997:42b4b6b76d80,session,warehouse_measurement,S042_03997,synnetqos,session_id,S042_03997,S042_03997,10,9,0.9
warehouse_measurement:session:s042_03998:dabd6bf8ebe3,session,warehouse_measurement,S042_03998,synnetqos,session_id,S042_03998,S042_03998,10,5,0.5
warehouse_measurement:session:s042_03999:6cb7dce33065,session,warehouse_measurement,S042_03999,synnetqos,session_id,S042_03999,S042_03999,10,1,0.1
warehouse_measurement:session:s042_04000:6fd4220af710,session,warehouse_measurement,S042_04000,synnetqos,session_id,S042_04000,S042_04000,10,0,0.0
warehouse_measurement:session:s042_04001:226f99ece375,session,warehouse_measurement,S042_04001,synnetqos,session_id,S042_04001,S042_04001,10,2,0.2
warehouse_measurement:session:s042_04002:f6e00e0a1843,session,warehouse_measurement,S042_04002,synnetqos,session_id,S042_04002,S042_04002,10,5,0.5
warehouse_measurement:session:s042_04003:06c3c57d8995,session,warehouse_measurement,S042_04003,synnetqos,session_id,S042_04003,S042_04003,10,5,0.5
warehouse_measurement:session:s042_04004:225dbe15b5a1,session,warehouse_measurement,S042_04004,synnetqos,session_id,S042_04004,S042_04004,10,8,0.8
warehouse_measurement:session:s042_04005:70e82136b44a,session,warehouse_measurement,S042_04005,synnetqos,session_id,S042_04005,S042_04005,10,6,0.6
warehouse_measurement:session:s042_04006:e2ed88271cbe,session,warehouse_measurement,S042_04006,synnetqos,session_id,S042_04006,S042_04006,10,9,0.9
warehouse_measurement:session:s042_04007:82c1095281ac,session,warehouse_measurement,S042_04007,synnetqos,session_id,S042_04007,S042_04007,10,7,0.7
warehouse_measurement:session:s042_04008:77ecf69a43d2,session,warehouse_measurement,S042_04008,synnetqos,session_id,S042_04008,S042_04008,10,5,0.5
warehouse_measurement:session:s042_04009:3906f76043bb,session,warehouse_measurement,S042_04009,synnetqos,session_id,S042_04009,S042_04009,10,0,0.0
warehouse_measurement:session:s042_04010:4a318e52dfe9,session,warehouse_measurement,S042_04010,synnetqos,session_id,S042_04010,S042_04010,10,5,0.5
warehouse_measurement:session:s042_04011:cffb1de7bea4,session,warehouse_measurement,S042_04011,synnetqos,session_id,S042_04011,S042_04011,10,3,0.3
warehouse_measurement:session:s042_04012:47259e255a68,session,warehouse_measurement,S042_04012,synnetqos,session_id,S042_04012,S042_04012,10,5,0.5
warehouse_measurement:session:s042_04013:582d3099dc62,session,warehouse_measurement,S042_04013,synnetqos,session_id,S042_04013,S042_04013,10,6,0.6
warehouse_measurement:session:s042_04014:460e2f545639,session,warehouse_measurement,S042_04014,synnetqos,session_id,S042_04014,S042_04014,10,1,0.1
warehouse_measurement:session:s042_04015:e18cd8acc734,session,warehouse_measurement,S042_04015,synnetqos,session_id,S042_04015,S042_04015,10,4,0.4
warehouse_measurement:session:s042_04016:c712fcbe687d,session,warehouse_measurement,S042_04016,synnetqos,session_id,S042_04016,S042_04016,10,4,0.4
warehouse_measurement:session:s042_04017:403d09e2f207,session,warehouse_measurement,S042_04017,synnetqos,session_id,S042_04017,S042_04017,10,0,0.0
warehouse_measurement:session:s042_04018:c6ea1ae5e4ba,session,warehouse_measurement,S042_04018,synnetqos,session_id,S042_04018,S042_04018,10,9,0.9
warehouse_measurement:session:s042_04019:620b261d31e2,session,warehouse_measurement,S042_04019,synnetqos,session_id,S042_04019,S042_04019,10,2,0.2
warehouse_measurement:session:s042_04020:f811e0b07ee9,session,warehouse_measurement,S042_04020,synnetqos,session_id,S042_04020,S042_04020,10,8,0.8
warehouse_measurement:session:s042_04021:2d6fb3b3b191,session,warehouse_measurement,S042_04021,synnetqos,session_id,S042_04021,S042_04021,10,6,0.6
warehouse_measurement:session:s042_04022:c8363c5c1f00,session,warehouse_measurement,S042_04022,synnetqos,session_id,S042_04022,S042_04022,10,10,1.0
warehouse_measurement:session:s042_04023:54de800bc8e5,session,warehouse_measurement,S042_04023,synnetqos,session_id,S042_04023,S042_04023,10,9,0.9
warehouse_measurement:session:s042_04024:e4aa6e37e6dd,session,warehouse_measurement,S042_04024,synnetqos,session_id,S042_04024,S042_04024,10,7,0.7
warehouse_measurement:session:s042_04025:7b7512f9333c,session,warehouse_measurement,S042_04025,synnetqos,session_id,S042_04025,S042_04025,10,5,0.5
warehouse_measurement:session:s042_04026:93d5df271f19,session,warehouse_measurement,S042_04026,synnetqos,session_id,S042_04026,S042_04026,10,4,0.4
warehouse_measurement:session:s042_04027:f819c2f410bf,session,warehouse_measurement,S042_04027,synnetqos,session_id,S042_04027,S042_04027,10,1,0.1
warehouse_measurement:session:s042_04028:26c8e7b5ac1b,session,warehouse_measurement,S042_04028,synnetqos,session_id,S042_04028,S042_04028,10,10,1.0
warehouse_measurement:session:s042_04029:a1cec5db7d86,session,warehouse_measurement,S042_04029,synnetqos,session_id,S042_04029,S042_04029,10,3,0.3
warehouse_measurement:session:s042_04030:7aeb18123350,session,warehouse_measurement,S042_04030,synnetqos,session_id,S042_04030,S042_04030,10,10,1.0
warehouse_measurement:session:s042_04031:192267d7fe2c,session,warehouse_measurement,S042_04031,synnetqos,session_id,S042_04031,S042_04031,10,5,0.5
warehouse_measurement:session:s042_04032:a6b3002cfda9,session,warehouse_measurement,S042_04032,synnetqos,session_id,S042_04032,S042_04032,10,5,0.5
warehouse_measurement:session:s042_04033:5097f6252076,session,warehouse_measurement,S042_04033,synnetqos,session_id,S042_04033,S042_04033,10,0,0.0
warehouse_measurement:session:s042_04034:cae1fc0630b1,session,warehouse_measurement,S042_04034,synnetqos,session_id,S042_04034,S042_04034,10,1,0.1
warehouse_measurement:session:s042_04035:b09fe9a6eb7c,session,warehouse_measurement,S042_04035,synnetqos,session_id,S042_04035,S042_04035,10,2,0.2
warehouse_measurement:session:s042_04036:78a8c1dd9049,session,warehouse_measurement,S042_04036,synnetqos,session_id,S042_04036,S042_04036,10,0,0.0
warehouse_measurement:session:s042_04037:276b9ff85d98,session,warehouse_measurement,S042_04037,synnetqos,session_id,S042_04037,S042_04037,10,3,0.3
warehouse_measurement:session:s042_04038:2a28f2c0d218,session,warehouse_measurement,S042_04038,synnetqos,session_id,S042_04038,S042_04038,10,1,0.1
warehouse_measurement:session:s042_04039:9d45dc88cdb6,session,warehouse_measurement,S042_04039,synnetqos,session_id,S042_04039,S042_04039,10,3,0.3
warehouse_measurement:session:s042_04040:5f8dd93a9712,session,warehouse_measurement,S042_04040,synnetqos,session_id,S042_04040,S042_04040,10,8,0.8
warehouse_measurement:session:s042_04041:3d8765fc05a9,session,warehouse_measurement,S042_04041,synnetqos,session_id,S042_04041,S042_04041,10,9,0.9
warehouse_measurement:session:s042_04042:6ec2efb08287,session,warehouse_measurement,S042_04042,synnetqos,session_id,S042_04042,S042_04042,10,4,0.4
warehouse_measurement:session:s042_04043:9b35a25ea4f7,session,warehouse_measurement,S042_04043,synnetqos,session_id,S042_04043,S042_04043,10,1,0.1
warehouse_measurement:session:s042_04044:666010482475,session,warehouse_measurement,S042_04044,synnetqos,session_id,S042_04044,S042_04044,10,6,0.6
warehouse_measurement:session:s042_04045:1f5cbf0267f0,session,warehouse_measurement,S042_04045,synnetqos,session_id,S042_04045,S042_04045,10,6,0.6
warehouse_measurement:session:s042_04046:bd9f2c8a086c,session,warehouse_measurement,S042_04046,synnetqos,session_id,S042_04046,S042_04046,10,7,0.7
warehouse_measurement:session:s042_04047:742f3125087f,session,warehouse_measurement,S042_04047,synnetqos,session_id,S042_04047,S042_04047,10,6,0.6
warehouse_measurement:session:s042_04048:7431d19559a3,session,warehouse_measurement,S042_04048,synnetqos,session_id,S042_04048,S042_04048,10,10,1.0
warehouse_measurement:session:s042_04049:6abc5bb0f351,session,warehouse_measurement,S042_04049,synnetqos,session_id,S042_04049,S042_04049,10,6,0.6
warehouse_measurement:session:s042_04050:cc1cb340b7f3,session,warehouse_measurement,S042_04050,synnetqos,session_id,S042_04050,S042_04050,10,1,0.1
warehouse_measurement:session:s042_04051:734554966bbf,session,warehouse_measurement,S042_04051,synnetqos,session_id,S042_04051,S042_04051,10,2,0.2
warehouse_measurement:session:s042_04052:b8ae0d7bfb92,session,warehouse_measurement,S042_04052,synnetqos,session_id,S042_04052,S042_04052,10,3,0.3
warehouse_measurement:session:s042_04053:422434901c18,session,warehouse_measurement,S042_04053,synnetqos,session_id,S042_04053,S042_04053,10,9,0.9
warehouse_measurement:session:s042_04054:b21de5df0447,session,warehouse_measurement,S042_04054,synnetqos,session_id,S042_04054,S042_04054,10,0,0.0
warehouse_measurement:session:s042_04055:c1ad3c55dae6,session,warehouse_measurement,S042_04055,synnetqos,session_id,S042_04055,S042_04055,10,8,0.8
warehouse_measurement:session:s042_04056:4d5bfd1661d0,session,warehouse_measurement,S042_04056,synnetqos,session_id,S042_04056,S042_04056,10,4,0.4
warehouse_measurement:session:s042_04057:724258583202,session,warehouse_measurement,S042_04057,synnetqos,session_id,S042_04057,S042_04057,10,4,0.4
warehouse_measurement:session:s042_04058:8c523820515f,session,warehouse_measurement,S042_04058,synnetqos,session_id,S042_04058,S042_04058,10,6,0.6
warehouse_measurement:session:s042_04059:68842dc9cd69,session,warehouse_measurement,S042_04059,synnetqos,session_id,S042_04059,S042_04059,10,6,0.6
warehouse_measurement:session:s042_04060:062571afdd73,session,warehouse_measurement,S042_04060,synnetqos,session_id,S042_04060,S042_04060,10,9,0.9
warehouse_measurement:session:s042_04061:b370d3c023da,session,warehouse_measurement,S042_04061,synnetqos,session_id,S042_04061,S042_04061,10,3,0.3
warehouse_measurement:session:s042_04062:be1bb93c65e7,session,warehouse_measurement,S042_04062,synnetqos,session_id,S042_04062,S042_04062,10,9,0.9
warehouse_measurement:session:s042_04063:7f57fa0097ec,session,warehouse_measurement,S042_04063,synnetqos,session_id,S042_04063,S042_04063,10,8,0.8
warehouse_measurement:session:s042_04064:e03cd103aee1,session,warehouse_measurement,S042_04064,synnetqos,session_id,S042_04064,S042_04064,10,7,0.7
warehouse_measurement:session:s042_04065:f47e7ad9d61a,session,warehouse_measurement,S042_04065,synnetqos,session_id,S042_04065,S042_04065,10,9,0.9
warehouse_measurement:session:s042_04066:f1a254487e8b,session,warehouse_measurement,S042_04066,synnetqos,session_id,S042_04066,S042_04066,10,7,0.7
warehouse_measurement:session:s042_04067:12379fda35d4,session,warehouse_measurement,S042_04067,synnetqos,session_id,S042_04067,S042_04067,10,3,0.3
warehouse_measurement:session:s042_04068:2577d5e0cffc,session,warehouse_measurement,S042_04068,synnetqos,session_id,S042_04068,S042_04068,10,0,0.0
warehouse_measurement:session:s042_04069:e1e3bebd9648,session,warehouse_measurement,S042_04069,synnetqos,session_id,S042_04069,S042_04069,10,4,0.4
warehouse_measurement:session:s042_04070:4b30fe26496c,session,warehouse_measurement,S042_04070,synnetqos,session_id,S042_04070,S042_04070,10,6,0.6
warehouse_measurement:session:s042_04071:b5318991f1d1,session,warehouse_measurement,S042_04071,synnetqos,session_id,S042_04071,S042_04071,10,8,0.8
warehouse_measurement:session:s042_04072:ea79286d6d6e,session,warehouse_measurement,S042_04072,synnetqos,session_id,S042_04072,S042_04072,10,10,1.0
warehouse_measurement:session:s042_04073:2a2034a4291d,session,warehouse_measurement,S042_04073,synnetqos,session_id,S042_04073,S042_04073,10,6,0.6
warehouse_measurement:session:s042_04074:9b615edbae4d,session,warehouse_measurement,S042_04074,synnetqos,session_id,S042_04074,S042_04074,10,8,0.8
warehouse_measurement:session:s042_04075:315249df551e,session,warehouse_measurement,S042_04075,synnetqos,session_id,S042_04075,S042_04075,10,3,0.3
warehouse_measurement:session:s042_04076:c38f32dc95f7,session,warehouse_measurement,S042_04076,synnetqos,session_id,S042_04076,S042_04076,10,10,1.0
warehouse_measurement:session:s042_04077:7cf5b5e1a070,session,warehouse_measurement,S042_04077,synnetqos,session_id,S042_04077,S042_04077,10,0,0.0
warehouse_measurement:session:s042_04078:e3ed952bfd99,session,warehouse_measurement,S042_04078,synnetqos,session_id,S042_04078,S042_04078,10,2,0.2
warehouse_measurement:session:s042_04079:028fe62bf234,session,warehouse_measurement,S042_04079,synnetqos,session_id,S042_04079,S042_04079,10,2,0.2
warehouse_measurement:session:s042_04080:2655fdce89e1,session,warehouse_measurement,S042_04080,synnetqos,session_id,S042_04080,S042_04080,10,2,0.2
warehouse_measurement:session:s042_04081:1f008a193f98,session,warehouse_measurement,S042_04081,synnetqos,session_id,S042_04081,S042_04081,10,2,0.2
warehouse_measurement:session:s042_04082:1ed17357f08a,session,warehouse_measurement,S042_04082,synnetqos,session_id,S042_04082,S042_04082,10,9,0.9
warehouse_measurement:session:s042_04083:cf3b6a0b8c95,session,warehouse_measurement,S042_04083,synnetqos,session_id,S042_04083,S042_04083,10,1,0.1
warehouse_measurement:session:s042_04084:fba319e2bf80,session,warehouse_measurement,S042_04084,synnetqos,session_id,S042_04084,S042_04084,10,7,0.7
warehouse_measurement:session:s042_04085:206ce48aebb4,session,warehouse_measurement,S042_04085,synnetqos,session_id,S042_04085,S042_04085,10,10,1.0
warehouse_measurement:session:s042_04086:d8ce3938f1a1,session,warehouse_measurement,S042_04086,synnetqos,session_id,S042_04086,S042_04086,10,0,0.0
warehouse_measurement:session:s042_04087:37387c1e4079,session,warehouse_measurement,S042_04087,synnetqos,session_id,S042_04087,S042_04087,10,3,0.3
warehouse_measurement:session:s042_04088:4caf86c4a59e,session,warehouse_measurement,S042_04088,synnetqos,session_id,S042_04088,S042_04088,10,10,1.0
warehouse_measurement:session:s042_04089:d5e9b6e8127d,session,warehouse_measurement,S042_04089,synnetqos,session_id,S042_04089,S042_04089,10,2,0.2
warehouse_measurement:session:s042_04090:d7390e0f4654,session,warehouse_measurement,S042_04090,synnetqos,session_id,S042_04090,S042_04090,10,2,0.2
warehouse_measurement:session:s042_04091:5eadf2884a2c,session,warehouse_measurement,S042_04091,synnetqos,session_id,S042_04091,S042_04091,10,9,0.9
warehouse_measurement:session:s042_04092:e1b556a707d9,session,warehouse_measurement,S042_04092,synnetqos,session_id,S042_04092,S042_04092,10,2,0.2
warehouse_measurement:session:s042_04093:68c7adcf20be,session,warehouse_measurement,S042_04093,synnetqos,session_id,S042_04093,S042_04093,10,7,0.7
warehouse_measurement:session:s042_04094:14a8374205bd,session,warehouse_measurement,S042_04094,synnetqos,session_id,S042_04094,S042_04094,10,10,1.0
warehouse_measurement:session:s042_04095:21bb1d66bc82,session,warehouse_measurement,S042_04095,synnetqos,session_id,S042_04095,S042_04095,10,9,0.9
warehouse_measurement:session:s042_04096:b73d2043e515,session,warehouse_measurement,S042_04096,synnetqos,session_id,S042_04096,S042_04096,10,4,0.4
warehouse_measurement:session:s042_04097:bd644cded22e,session,warehouse_measurement,S042_04097,synnetqos,session_id,S042_04097,S042_04097,10,7,0.7
warehouse_measurement:session:s042_04098:6a0ea8a1a387,session,warehouse_measurement,S042_04098,synnetqos,session_id,S042_04098,S042_04098,10,7,0.7
warehouse_measurement:session:s042_04099:ba1c18951d30,session,warehouse_measurement,S042_04099,synnetqos,session_id,S042_04099,S042_04099,10,10,1.0
warehouse_measurement:session:s042_04100:2eb4671a7f09,session,warehouse_measurement,S042_04100,synnetqos,session_id,S042_04100,S042_04100,10,10,1.0
warehouse_measurement:session:s042_04101:d5981c57a254,session,warehouse_measurement,S042_04101,synnetqos,session_id,S042_04101,S042_04101,10,2,0.2
warehouse_measurement:session:s042_04102:8524dbe94042,session,warehouse_measurement,S042_04102,synnetqos,session_id,S042_04102,S042_04102,10,10,1.0
warehouse_measurement:session:s042_04103:ca53df8b618a,session,warehouse_measurement,S042_04103,synnetqos,session_id,S042_04103,S042_04103,10,9,0.9
warehouse_measurement:session:s042_04104:ceae3a6439dc,session,warehouse_measurement,S042_04104,synnetqos,session_id,S042_04104,S042_04104,10,0,0.0
warehouse_measurement:session:s042_04105:b45c0dc6240d,session,warehouse_measurement,S042_04105,synnetqos,session_id,S042_04105,S042_04105,10,0,0.0
warehouse_measurement:session:s042_04106:3b26b7c65346,session,warehouse_measurement,S042_04106,synnetqos,session_id,S042_04106,S042_04106,10,8,0.8
warehouse_measurement:session:s042_04107:3335b97aeced,session,warehouse_measurement,S042_04107,synnetqos,session_id,S042_04107,S042_04107,10,1,0.1
warehouse_measurement:session:s042_04108:3072ba8dacb7,session,warehouse_measurement,S042_04108,synnetqos,session_id,S042_04108,S042_04108,10,8,0.8
warehouse_measurement:session:s042_04109:25d15743143a,session,warehouse_measurement,S042_04109,synnetqos,session_id,S042_04109,S042_04109,10,9,0.9
warehouse_measurement:session:s042_04110:c0cdddaf4f0b,session,warehouse_measurement,S042_04110,synnetqos,session_id,S042_04110,S042_04110,10,2,0.2
warehouse_measurement:session:s042_04111:b67ff82d007b,session,warehouse_measurement,S042_04111,synnetqos,session_id,S042_04111,S042_04111,10,1,0.1
warehouse_measurement:session:s042_04112:9d7ed5a21435,session,warehouse_measurement,S042_04112,synnetqos,session_id,S042_04112,S042_04112,10,1,0.1
warehouse_measurement:session:s042_04113:5c4d0f4df682,session,warehouse_measurement,S042_04113,synnetqos,session_id,S042_04113,S042_04113,10,6,0.6
warehouse_measurement:session:s042_04114:20fa671c9659,session,warehouse_measurement,S042_04114,synnetqos,session_id,S042_04114,S042_04114,10,2,0.2
warehouse_measurement:session:s042_04115:a567c4cb6275,session,warehouse_measurement,S042_04115,synnetqos,session_id,S042_04115,S042_04115,10,0,0.0
warehouse_measurement:session:s042_04116:d376ef4cdf8f,session,warehouse_measurement,S042_04116,synnetqos,session_id,S042_04116,S042_04116,10,0,0.0
warehouse_measurement:session:s042_04117:17e22662d82b,session,warehouse_measurement,S042_04117,synnetqos,session_id,S042_04117,S042_04117,10,0,0.0
warehouse_measurement:session:s042_04118:35e41948f037,session,warehouse_measurement,S042_04118,synnetqos,session_id,S042_04118,S042_04118,10,9,0.9
warehouse_measurement:session:s042_04119:44b5262769b6,session,warehouse_measurement,S042_04119,synnetqos,session_id,S042_04119,S042_04119,10,7,0.7
warehouse_measurement:session:s042_04120:267283f6d219,session,warehouse_measurement,S042_04120,synnetqos,session_id,S042_04120,S042_04120,10,0,0.0
warehouse_measurement:session:s042_04121:9914c5167853,session,warehouse_measurement,S042_04121,synnetqos,session_id,S042_04121,S042_04121,10,3,0.3
warehouse_measurement:session:s042_04122:f442a9f049fe,session,warehouse_measurement,S042_04122,synnetqos,session_id,S042_04122,S042_04122,10,10,1.0
warehouse_measurement:session:s042_04123:3211d52e8659,session,warehouse_measurement,S042_04123,synnetqos,session_id,S042_04123,S042_04123,10,1,0.1
warehouse_measurement:session:s042_04124:647535ec7bdd,session,warehouse_measurement,S042_04124,synnetqos,session_id,S042_04124,S042_04124,10,6,0.6
warehouse_measurement:session:s042_04125:4893a75454ef,session,warehouse_measurement,S042_04125,synnetqos,session_id,S042_04125,S042_04125,10,3,0.3
warehouse_measurement:session:s042_04126:4118cf26725e,session,warehouse_measurement,S042_04126,synnetqos,session_id,S042_04126,S042_04126,10,2,0.2
warehouse_measurement:session:s042_04127:d9ee8490f121,session,warehouse_measurement,S042_04127,synnetqos,session_id,S042_04127,S042_04127,10,1,0.1
warehouse_measurement:session:s042_04128:64cc59039838,session,warehouse_measurement,S042_04128,synnetqos,session_id,S042_04128,S042_04128,10,4,0.4
warehouse_measurement:session:s042_04129:265fd60233de,session,warehouse_measurement,S042_04129,synnetqos,session_id,S042_04129,S042_04129,10,10,1.0
warehouse_measurement:session:s042_04130:6e9106afdf73,session,warehouse_measurement,S042_04130,synnetqos,session_id,S042_04130,S042_04130,10,0,0.0
warehouse_measurement:session:s042_04131:0cf1e4882ad8,session,warehouse_measurement,S042_04131,synnetqos,session_id,S042_04131,S042_04131,10,10,1.0
warehouse_measurement:session:s042_04132:beb268b3664e,session,warehouse_measurement,S042_04132,synnetqos,session_id,S042_04132,S042_04132,10,6,0.6
warehouse_measurement:session:s042_04133:27d5f606760a,session,warehouse_measurement,S042_04133,synnetqos,session_id,S042_04133,S042_04133,10,7,0.7
warehouse_measurement:session:s042_04134:872d7bd14d96,session,warehouse_measurement,S042_04134,synnetqos,session_id,S042_04134,S042_04134,10,6,0.6
warehouse_measurement:session:s042_04135:31607d44c0b2,session,warehouse_measurement,S042_04135,synnetqos,session_id,S042_04135,S042_04135,10,7,0.7
warehouse_measurement:session:s042_04136:1721020698c8,session,warehouse_measurement,S042_04136,synnetqos,session_id,S042_04136,S042_04136,10,7,0.7
warehouse_measurement:session:s042_04137:53eca9ac2e00,session,warehouse_measurement,S042_04137,synnetqos,session_id,S042_04137,S042_04137,10,6,0.6
warehouse_measurement:session:s042_04138:3ab0bd2616ca,session,warehouse_measurement,S042_04138,synnetqos,session_id,S042_04138,S042_04138,10,7,0.7
warehouse_measurement:session:s042_04139:aa65171b1913,session,warehouse_measurement,S042_04139,synnetqos,session_id,S042_04139,S042_04139,10,1,0.1
warehouse_measurement:session:s042_04140:14422a0b75f6,session,warehouse_measurement,S042_04140,synnetqos,session_id,S042_04140,S042_04140,10,6,0.6
warehouse_measurement:session:s042_04141:12768b98e41f,session,warehouse_measurement,S042_04141,synnetqos,session_id,S042_04141,S042_04141,10,6,0.6
warehouse_measurement:session:s042_04142:5621cb5084bf,session,warehouse_measurement,S042_04142,synnetqos,session_id,S042_04142,S042_04142,10,8,0.8
warehouse_measurement:session:s042_04143:3881eb2a1621,session,warehouse_measurement,S042_04143,synnetqos,session_id,S042_04143,S042_04143,10,9,0.9
warehouse_measurement:session:s042_04144:e13607f188e8,session,warehouse_measurement,S042_04144,synnetqos,session_id,S042_04144,S042_04144,10,8,0.8
warehouse_measurement:session:s042_04145:afa891ae55da,session,warehouse_measurement,S042_04145,synnetqos,session_id,S042_04145,S042_04145,10,10,1.0
warehouse_measurement:session:s042_04146:84218afe05d7,session,warehouse_measurement,S042_04146,synnetqos,session_id,S042_04146,S042_04146,10,2,0.2
warehouse_measurement:session:s042_04147:3da5fce176e1,session,warehouse_measurement,S042_04147,synnetqos,session_id,S042_04147,S042_04147,10,1,0.1
warehouse_measurement:session:s042_04148:e96c705a2f9b,session,warehouse_measurement,S042_04148,synnetqos,session_id,S042_04148,S042_04148,10,7,0.7
warehouse_measurement:session:s042_04149:4eb615b40ada,session,warehouse_measurement,S042_04149,synnetqos,session_id,S042_04149,S042_04149,10,7,0.7
warehouse_measurement:session:s042_04150:8538831d8c04,session,warehouse_measurement,S042_04150,synnetqos,session_id,S042_04150,S042_04150,10,3,0.3
warehouse_measurement:session:s042_04151:0b6a48cae836,session,warehouse_measurement,S042_04151,synnetqos,session_id,S042_04151,S042_04151,10,0,0.0
warehouse_measurement:session:s042_04152:dbac9f50c999,session,warehouse_measurement,S042_04152,synnetqos,session_id,S042_04152,S042_04152,10,4,0.4
warehouse_measurement:session:s042_04153:4f1adf8f560c,session,warehouse_measurement,S042_04153,synnetqos,session_id,S042_04153,S042_04153,10,0,0.0
warehouse_measurement:session:s042_04154:e39209646b0a,session,warehouse_measurement,S042_04154,synnetqos,session_id,S042_04154,S042_04154,10,2,0.2
warehouse_measurement:session:s042_04155:5eca3e6feb2c,session,warehouse_measurement,S042_04155,synnetqos,session_id,S042_04155,S042_04155,10,7,0.7
warehouse_measurement:session:s042_04156:9bdf14de5480,session,warehouse_measurement,S042_04156,synnetqos,session_id,S042_04156,S042_04156,10,0,0.0
warehouse_measurement:session:s042_04157:09c39b01c41a,session,warehouse_measurement,S042_04157,synnetqos,session_id,S042_04157,S042_04157,10,7,0.7
warehouse_measurement:session:s042_04158:551f12ef8c8a,session,warehouse_measurement,S042_04158,synnetqos,session_id,S042_04158,S042_04158,10,0,0.0
warehouse_measurement:session:s042_04159:6a1b9cceb638,session,warehouse_measurement,S042_04159,synnetqos,session_id,S042_04159,S042_04159,10,4,0.4
warehouse_measurement:session:s042_04160:2c2c2e02cb11,session,warehouse_measurement,S042_04160,synnetqos,session_id,S042_04160,S042_04160,10,2,0.2
warehouse_measurement:session:s042_04161:2d695092047c,session,warehouse_measurement,S042_04161,synnetqos,session_id,S042_04161,S042_04161,10,4,0.4
warehouse_measurement:session:s042_04162:0f87c65e4327,session,warehouse_measurement,S042_04162,synnetqos,session_id,S042_04162,S042_04162,10,2,0.2
warehouse_measurement:session:s042_04163:45a0dd99697f,session,warehouse_measurement,S042_04163,synnetqos,session_id,S042_04163,S042_04163,10,9,0.9
warehouse_measurement:session:s042_04164:31a931cc97c4,session,warehouse_measurement,S042_04164,synnetqos,session_id,S042_04164,S042_04164,10,0,0.0
warehouse_measurement:session:s042_04165:374af72a8a61,session,warehouse_measurement,S042_04165,synnetqos,session_id,S042_04165,S042_04165,10,7,0.7
warehouse_measurement:session:s042_04166:abaf8849f785,session,warehouse_measurement,S042_04166,synnetqos,session_id,S042_04166,S042_04166,10,10,1.0
warehouse_measurement:session:s042_04167:f95927e23c58,session,warehouse_measurement,S042_04167,synnetqos,session_id,S042_04167,S042_04167,10,10,1.0
warehouse_measurement:session:s042_04168:02d3ae60e1d2,session,warehouse_measurement,S042_04168,synnetqos,session_id,S042_04168,S042_04168,10,7,0.7
warehouse_measurement:session:s042_04169:4409862128dd,session,warehouse_measurement,S042_04169,synnetqos,session_id,S042_04169,S042_04169,10,9,0.9
warehouse_measurement:session:s042_04170:f8f56e769f61,session,warehouse_measurement,S042_04170,synnetqos,session_id,S042_04170,S042_04170,10,2,0.2
warehouse_measurement:session:s042_04171:b3055dcb5228,session,warehouse_measurement,S042_04171,synnetqos,session_id,S042_04171,S042_04171,10,4,0.4
warehouse_measurement:session:s042_04172:a5637911b130,session,warehouse_measurement,S042_04172,synnetqos,session_id,S042_04172,S042_04172,10,3,0.3
warehouse_measurement:session:s042_04173:3be0a1c5f995,session,warehouse_measurement,S042_04173,synnetqos,session_id,S042_04173,S042_04173,10,7,0.7
warehouse_measurement:session:s042_04174:7e3b55adf402,session,warehouse_measurement,S042_04174,synnetqos,session_id,S042_04174,S042_04174,10,8,0.8
warehouse_measurement:session:s042_04175:647704a47e1b,session,warehouse_measurement,S042_04175,synnetqos,session_id,S042_04175,S042_04175,10,6,0.6
warehouse_measurement:session:s042_04176:ea409939e79a,session,warehouse_measurement,S042_04176,synnetqos,session_id,S042_04176,S042_04176,10,5,0.5
warehouse_measurement:session:s042_04177:6b8c4e358ae7,session,warehouse_measurement,S042_04177,synnetqos,session_id,S042_04177,S042_04177,10,8,0.8
warehouse_measurement:session:s042_04178:cd17f986337e,session,warehouse_measurement,S042_04178,synnetqos,session_id,S042_04178,S042_04178,10,2,0.2
warehouse_measurement:session:s042_04179:34402db36790,session,warehouse_measurement,S042_04179,synnetqos,session_id,S042_04179,S042_04179,10,4,0.4
warehouse_measurement:session:s042_04180:434777b60cbd,session,warehouse_measurement,S042_04180,synnetqos,session_id,S042_04180,S042_04180,10,0,0.0
warehouse_measurement:session:s042_04181:054feeb4a1ed,session,warehouse_measurement,S042_04181,synnetqos,session_id,S042_04181,S042_04181,10,3,0.3
warehouse_measurement:session:s042_04182:88c4495feb5d,session,warehouse_measurement,S042_04182,synnetqos,session_id,S042_04182,S042_04182,10,8,0.8
warehouse_measurement:session:s042_04183:96a691979d46,session,warehouse_measurement,S042_04183,synnetqos,session_id,S042_04183,S042_04183,10,7,0.7
warehouse_measurement:session:s042_04184:02a3ad807d8d,session,warehouse_measurement,S042_04184,synnetqos,session_id,S042_04184,S042_04184,10,2,0.2
warehouse_measurement:session:s042_04185:d83be8559d8f,session,warehouse_measurement,S042_04185,synnetqos,session_id,S042_04185,S042_04185,10,0,0.0
warehouse_measurement:session:s042_04186:4bf781ed4185,session,warehouse_measurement,S042_04186,synnetqos,session_id,S042_04186,S042_04186,10,4,0.4
warehouse_measurement:session:s042_04187:d30e6c06db91,session,warehouse_measurement,S042_04187,synnetqos,session_id,S042_04187,S042_04187,10,6,0.6
warehouse_measurement:session:s042_04188:3985bb5b7837,session,warehouse_measurement,S042_04188,synnetqos,session_id,S042_04188,S042_04188,10,10,1.0
warehouse_measurement:session:s042_04189:5a178e321ed5,session,warehouse_measurement,S042_04189,synnetqos,session_id,S042_04189,S042_04189,10,2,0.2
warehouse_measurement:session:s042_04190:5d87ea4ad15d,session,warehouse_measurement,S042_04190,synnetqos,session_id,S042_04190,S042_04190,10,2,0.2
warehouse_measurement:session:s042_04191:441c4cdb7f6a,session,warehouse_measurement,S042_04191,synnetqos,session_id,S042_04191,S042_04191,10,5,0.5
warehouse_measurement:session:s042_04192:be6391e31b08,session,warehouse_measurement,S042_04192,synnetqos,session_id,S042_04192,S042_04192,10,4,0.4
warehouse_measurement:session:s042_04193:6c03e0473293,session,warehouse_measurement,S042_04193,synnetqos,session_id,S042_04193,S042_04193,10,2,0.2
warehouse_measurement:session:s042_04194:eebad0e682e8,session,warehouse_measurement,S042_04194,synnetqos,session_id,S042_04194,S042_04194,10,8,0.8
warehouse_measurement:session:s042_04195:4565797c83a8,session,warehouse_measurement,S042_04195,synnetqos,session_id,S042_04195,S042_04195,10,9,0.9
warehouse_measurement:session:s042_04196:e521ec7d755e,session,warehouse_measurement,S042_04196,synnetqos,session_id,S042_04196,S042_04196,10,1,0.1
warehouse_measurement:session:s042_04197:af6e61206852,session,warehouse_measurement,S042_04197,synnetqos,session_id,S042_04197,S042_04197,10,8,0.8
warehouse_measurement:session:s042_04198:8024d8548c28,session,warehouse_measurement,S042_04198,synnetqos,session_id,S042_04198,S042_04198,10,3,0.3
warehouse_measurement:session:s042_04199:7dcafcc34619,session,warehouse_measurement,S042_04199,synnetqos,session_id,S042_04199,S042_04199,10,3,0.3
warehouse_measurement:session:s042_04200:6b9e4e4a826d,session,warehouse_measurement,S042_04200,synnetqos,session_id,S042_04200,S042_04200,10,9,0.9
warehouse_measurement:session:s042_04201:198b6d04d984,session,warehouse_measurement,S042_04201,synnetqos,session_id,S042_04201,S042_04201,10,9,0.9
warehouse_measurement:session:s042_04202:328619be5b29,session,warehouse_measurement,S042_04202,synnetqos,session_id,S042_04202,S042_04202,10,2,0.2
warehouse_measurement:session:s042_04203:e25f62717150,session,warehouse_measurement,S042_04203,synnetqos,session_id,S042_04203,S042_04203,10,3,0.3
warehouse_measurement:session:s042_04204:605139009daf,session,warehouse_measurement,S042_04204,synnetqos,session_id,S042_04204,S042_04204,10,5,0.5
warehouse_measurement:session:s042_04205:d60828e759f4,session,warehouse_measurement,S042_04205,synnetqos,session_id,S042_04205,S042_04205,10,5,0.5
warehouse_measurement:session:s042_04206:ce7d979e8917,session,warehouse_measurement,S042_04206,synnetqos,session_id,S042_04206,S042_04206,10,3,0.3
warehouse_measurement:session:s042_04207:d71be6c592a1,session,warehouse_measurement,S042_04207,synnetqos,session_id,S042_04207,S042_04207,10,10,1.0
warehouse_measurement:session:s042_04208:d4d1ee1d49e1,session,warehouse_measurement,S042_04208,synnetqos,session_id,S042_04208,S042_04208,10,9,0.9
warehouse_measurement:session:s042_04209:43c1937d5532,session,warehouse_measurement,S042_04209,synnetqos,session_id,S042_04209,S042_04209,10,3,0.3
warehouse_measurement:session:s042_04210:90a892165c8c,session,warehouse_measurement,S042_04210,synnetqos,session_id,S042_04210,S042_04210,10,1,0.1
warehouse_measurement:session:s042_04211:7a2702a43ea8,session,warehouse_measurement,S042_04211,synnetqos,session_id,S042_04211,S042_04211,10,10,1.0
warehouse_measurement:session:s042_04212:dc7f565a4971,session,warehouse_measurement,S042_04212,synnetqos,session_id,S042_04212,S042_04212,10,0,0.0
warehouse_measurement:session:s042_04213:a8bebc79303b,session,warehouse_measurement,S042_04213,synnetqos,session_id,S042_04213,S042_04213,10,10,1.0
warehouse_measurement:session:s042_04214:4e60ecb239f8,session,warehouse_measurement,S042_04214,synnetqos,session_id,S042_04214,S042_04214,10,7,0.7
warehouse_measurement:session:s042_04215:fd364649c9c0,session,warehouse_measurement,S042_04215,synnetqos,session_id,S042_04215,S042_04215,10,0,0.0
warehouse_measurement:session:s042_04216:f106bf0faa0e,session,warehouse_measurement,S042_04216,synnetqos,session_id,S042_04216,S042_04216,10,8,0.8
warehouse_measurement:session:s042_04217:5cf6d59c7e2a,session,warehouse_measurement,S042_04217,synnetqos,session_id,S042_04217,S042_04217,10,0,0.0
warehouse_measurement:session:s042_04218:482685c7f0fe,session,warehouse_measurement,S042_04218,synnetqos,session_id,S042_04218,S042_04218,10,3,0.3
warehouse_measurement:session:s042_04219:31abc6a616ff,session,warehouse_measurement,S042_04219,synnetqos,session_id,S042_04219,S042_04219,10,10,1.0
warehouse_measurement:session:s042_04220:bde6296fa4ce,session,warehouse_measurement,S042_04220,synnetqos,session_id,S042_04220,S042_04220,10,7,0.7
warehouse_measurement:session:s042_04221:af4501f4097a,session,warehouse_measurement,S042_04221,synnetqos,session_id,S042_04221,S042_04221,10,0,0.0
warehouse_measurement:session:s042_04222:648972da49f8,session,warehouse_measurement,S042_04222,synnetqos,session_id,S042_04222,S042_04222,10,1,0.1
warehouse_measurement:session:s042_04223:30810eabab51,session,warehouse_measurement,S042_04223,synnetqos,session_id,S042_04223,S042_04223,10,2,0.2
warehouse_measurement:session:s042_04224:04cea9ed38ef,session,warehouse_measurement,S042_04224,synnetqos,session_id,S042_04224,S042_04224,10,10,1.0
warehouse_measurement:session:s042_04225:4ecf4cc81c73,session,warehouse_measurement,S042_04225,synnetqos,session_id,S042_04225,S042_04225,10,9,0.9
warehouse_measurement:session:s042_04226:809273dd6952,session,warehouse_measurement,S042_04226,synnetqos,session_id,S042_04226,S042_04226,10,6,0.6
warehouse_measurement:session:s042_04227:9c70d5b6dd79,session,warehouse_measurement,S042_04227,synnetqos,session_id,S042_04227,S042_04227,10,3,0.3
warehouse_measurement:session:s042_04228:dd110cb32359,session,warehouse_measurement,S042_04228,synnetqos,session_id,S042_04228,S042_04228,10,2,0.2
warehouse_measurement:session:s042_04229:36e57f79167b,session,warehouse_measurement,S042_04229,synnetqos,session_id,S042_04229,S042_04229,10,6,0.6
warehouse_measurement:session:s042_04230:5667ecc4fb33,session,warehouse_measurement,S042_04230,synnetqos,session_id,S042_04230,S042_04230,10,5,0.5
warehouse_measurement:session:s042_04231:fe180ed3e875,session,warehouse_measurement,S042_04231,synnetqos,session_id,S042_04231,S042_04231,10,4,0.4
warehouse_measurement:session:s042_04232:b9288ba44209,session,warehouse_measurement,S042_04232,synnetqos,session_id,S042_04232,S042_04232,10,1,0.1
warehouse_measurement:session:s042_04233:e3df9af6b66e,session,warehouse_measurement,S042_04233,synnetqos,session_id,S042_04233,S042_04233,10,5,0.5
warehouse_measurement:session:s042_04234:e8f7d8cdab06,session,warehouse_measurement,S042_04234,synnetqos,session_id,S042_04234,S042_04234,10,8,0.8
warehouse_measurement:session:s042_04235:08430cea8f4b,session,warehouse_measurement,S042_04235,synnetqos,session_id,S042_04235,S042_04235,10,3,0.3
warehouse_measurement:session:s042_04236:b03a39f37bde,session,warehouse_measurement,S042_04236,synnetqos,session_id,S042_04236,S042_04236,10,5,0.5
warehouse_measurement:session:s042_04237:c8a5a7eee048,session,warehouse_measurement,S042_04237,synnetqos,session_id,S042_04237,S042_04237,10,6,0.6
warehouse_measurement:session:s042_04238:668ed626409d,session,warehouse_measurement,S042_04238,synnetqos,session_id,S042_04238,S042_04238,10,1,0.1
warehouse_measurement:session:s042_04239:1d0b06a2ae3a,session,warehouse_measurement,S042_04239,synnetqos,session_id,S042_04239,S042_04239,10,8,0.8
warehouse_measurement:session:s042_04240:b1f62388ec4e,session,warehouse_measurement,S042_04240,synnetqos,session_id,S042_04240,S042_04240,10,0,0.0
warehouse_measurement:session:s042_04241:e57865b4c66c,session,warehouse_measurement,S042_04241,synnetqos,session_id,S042_04241,S042_04241,10,9,0.9
warehouse_measurement:session:s042_04242:73567805410d,session,warehouse_measurement,S042_04242,synnetqos,session_id,S042_04242,S042_04242,10,9,0.9
warehouse_measurement:session:s042_04243:b446cb842e77,session,warehouse_measurement,S042_04243,synnetqos,session_id,S042_04243,S042_04243,10,0,0.0
warehouse_measurement:session:s042_04244:adf814e542d1,session,warehouse_measurement,S042_04244,synnetqos,session_id,S042_04244,S042_04244,10,5,0.5
warehouse_measurement:session:s042_04245:3099c60fe262,session,warehouse_measurement,S042_04245,synnetqos,session_id,S042_04245,S042_04245,10,10,1.0
warehouse_measurement:session:s042_04246:96cda72112c8,session,warehouse_measurement,S042_04246,synnetqos,session_id,S042_04246,S042_04246,10,6,0.6
warehouse_measurement:session:s042_04247:cc845c08de9d,session,warehouse_measurement,S042_04247,synnetqos,session_id,S042_04247,S042_04247,10,9,0.9
warehouse_measurement:session:s042_04248:5cb9373c2bba,session,warehouse_measurement,S042_04248,synnetqos,session_id,S042_04248,S042_04248,10,4,0.4
warehouse_measurement:session:s042_04249:dd378dddbd36,session,warehouse_measurement,S042_04249,synnetqos,session_id,S042_04249,S042_04249,10,7,0.7
warehouse_measurement:session:s042_04250:bc48cb45f23d,session,warehouse_measurement,S042_04250,synnetqos,session_id,S042_04250,S042_04250,10,5,0.5
warehouse_measurement:session:s042_04251:327fe11c964c,session,warehouse_measurement,S042_04251,synnetqos,session_id,S042_04251,S042_04251,10,1,0.1
warehouse_measurement:session:s042_04252:a002833426a0,session,warehouse_measurement,S042_04252,synnetqos,session_id,S042_04252,S042_04252,10,2,0.2
warehouse_measurement:session:s042_04253:622c30dfb695,session,warehouse_measurement,S042_04253,synnetqos,session_id,S042_04253,S042_04253,10,4,0.4
warehouse_measurement:session:s042_04254:426fce7b3c90,session,warehouse_measurement,S042_04254,synnetqos,session_id,S042_04254,S042_04254,10,3,0.3
warehouse_measurement:session:s042_04255:6631054a2f96,session,warehouse_measurement,S042_04255,synnetqos,session_id,S042_04255,S042_04255,10,4,0.4
warehouse_measurement:session:s042_04256:e821f19d4d2e,session,warehouse_measurement,S042_04256,synnetqos,session_id,S042_04256,S042_04256,10,0,0.0
warehouse_measurement:session:s042_04257:048c8100a525,session,warehouse_measurement,S042_04257,synnetqos,session_id,S042_04257,S042_04257,10,3,0.3
warehouse_measurement:session:s042_04258:84fbd9c5377a,session,warehouse_measurement,S042_04258,synnetqos,session_id,S042_04258,S042_04258,10,3,0.3
warehouse_measurement:session:s042_04259:8126a5caf729,session,warehouse_measurement,S042_04259,synnetqos,session_id,S042_04259,S042_04259,10,10,1.0
warehouse_measurement:session:s042_04260:e99838c81efc,session,warehouse_measurement,S042_04260,synnetqos,session_id,S042_04260,S042_04260,10,9,0.9
warehouse_measurement:session:s042_04261:1abe0bc7ff75,session,warehouse_measurement,S042_04261,synnetqos,session_id,S042_04261,S042_04261,10,4,0.4
warehouse_measurement:session:s042_04262:eb246994099b,session,warehouse_measurement,S042_04262,synnetqos,session_id,S042_04262,S042_04262,10,0,0.0
warehouse_measurement:session:s042_04263:708f76b6ebb0,session,warehouse_measurement,S042_04263,synnetqos,session_id,S042_04263,S042_04263,10,10,1.0
warehouse_measurement:session:s042_04264:3354d5fcbde5,session,warehouse_measurement,S042_04264,synnetqos,session_id,S042_04264,S042_04264,10,2,0.2
warehouse_measurement:session:s042_04265:77e6e06e2de5,session,warehouse_measurement,S042_04265,synnetqos,session_id,S042_04265,S042_04265,10,1,0.1
warehouse_measurement:session:s042_04266:1bbec5072a4e,session,warehouse_measurement,S042_04266,synnetqos,session_id,S042_04266,S042_04266,10,8,0.8
warehouse_measurement:session:s042_04267:14c79d39d884,session,warehouse_measurement,S042_04267,synnetqos,session_id,S042_04267,S042_04267,10,0,0.0
warehouse_measurement:session:s042_04268:1e45ce2be5d9,session,warehouse_measurement,S042_04268,synnetqos,session_id,S042_04268,S042_04268,10,9,0.9
warehouse_measurement:session:s042_04269:9cb6cc009fbf,session,warehouse_measurement,S042_04269,synnetqos,session_id,S042_04269,S042_04269,10,0,0.0
warehouse_measurement:session:s042_04270:379d1aad0d10,session,warehouse_measurement,S042_04270,synnetqos,session_id,S042_04270,S042_04270,10,0,0.0
warehouse_measurement:session:s042_04271:a5c51f24f87b,session,warehouse_measurement,S042_04271,synnetqos,session_id,S042_04271,S042_04271,10,3,0.3
warehouse_measurement:session:s042_04272:e7ac2076ac92,session,warehouse_measurement,S042_04272,synnetqos,session_id,S042_04272,S042_04272,10,9,0.9
warehouse_measurement:session:s042_04273:077773f5f924,session,warehouse_measurement,S042_04273,synnetqos,session_id,S042_04273,S042_04273,10,0,0.0
warehouse_measurement:session:s042_04274:792538020148,session,warehouse_measurement,S042_04274,synnetqos,session_id,S042_04274,S042_04274,10,9,0.9
warehouse_measurement:session:s042_04275:96c2ae8946f8,session,warehouse_measurement,S042_04275,synnetqos,session_id,S042_04275,S042_04275,10,10,1.0
warehouse_measurement:session:s042_04276:91c85f8e5f58,session,warehouse_measurement,S042_04276,synnetqos,session_id,S042_04276,S042_04276,10,6,0.6
warehouse_measurement:session:s042_04277:b1c9f1f08a13,session,warehouse_measurement,S042_04277,synnetqos,session_id,S042_04277,S042_04277,10,0,0.0
warehouse_measurement:session:s042_04278:bac9c3c52d2f,session,warehouse_measurement,S042_04278,synnetqos,session_id,S042_04278,S042_04278,10,4,0.4
warehouse_measurement:session:s042_04279:9b2f058d3a25,session,warehouse_measurement,S042_04279,synnetqos,session_id,S042_04279,S042_04279,10,4,0.4
warehouse_measurement:session:s042_04280:b03dd4caa4aa,session,warehouse_measurement,S042_04280,synnetqos,session_id,S042_04280,S042_04280,10,4,0.4
warehouse_measurement:session:s042_04281:e920d402664c,session,warehouse_measurement,S042_04281,synnetqos,session_id,S042_04281,S042_04281,10,4,0.4
warehouse_measurement:session:s042_04282:3d1720c4f8bd,session,warehouse_measurement,S042_04282,synnetqos,session_id,S042_04282,S042_04282,10,7,0.7
warehouse_measurement:session:s042_04283:eac8a571616d,session,warehouse_measurement,S042_04283,synnetqos,session_id,S042_04283,S042_04283,10,7,0.7
warehouse_measurement:session:s042_04284:6c1f650128bb,session,warehouse_measurement,S042_04284,synnetqos,session_id,S042_04284,S042_04284,10,8,0.8
warehouse_measurement:session:s042_04285:48307302ccc8,session,warehouse_measurement,S042_04285,synnetqos,session_id,S042_04285,S042_04285,10,1,0.1
warehouse_measurement:session:s042_04286:2e71cc2615ad,session,warehouse_measurement,S042_04286,synnetqos,session_id,S042_04286,S042_04286,10,7,0.7
warehouse_measurement:session:s042_04287:8193644ec4e9,session,warehouse_measurement,S042_04287,synnetqos,session_id,S042_04287,S042_04287,10,0,0.0
warehouse_measurement:session:s042_04288:b2b54a6f3260,session,warehouse_measurement,S042_04288,synnetqos,session_id,S042_04288,S042_04288,10,1,0.1
warehouse_measurement:session:s042_04289:0018ea769d1b,session,warehouse_measurement,S042_04289,synnetqos,session_id,S042_04289,S042_04289,10,8,0.8
warehouse_measurement:session:s042_04290:43bb23e0dda9,session,warehouse_measurement,S042_04290,synnetqos,session_id,S042_04290,S042_04290,10,6,0.6
warehouse_measurement:session:s042_04291:b06107d6c974,session,warehouse_measurement,S042_04291,synnetqos,session_id,S042_04291,S042_04291,10,7,0.7
warehouse_measurement:session:s042_04292:c9f86d110478,session,warehouse_measurement,S042_04292,synnetqos,session_id,S042_04292,S042_04292,10,0,0.0
warehouse_measurement:session:s042_04293:a0b874c0fee6,session,warehouse_measurement,S042_04293,synnetqos,session_id,S042_04293,S042_04293,10,0,0.0
warehouse_measurement:session:s042_04294:a2ae004b3e87,session,warehouse_measurement,S042_04294,synnetqos,session_id,S042_04294,S042_04294,10,3,0.3
warehouse_measurement:session:s042_04295:a58832092928,session,warehouse_measurement,S042_04295,synnetqos,session_id,S042_04295,S042_04295,10,10,1.0
warehouse_measurement:session:s042_04296:9cc01e3cb72b,session,warehouse_measurement,S042_04296,synnetqos,session_id,S042_04296,S042_04296,10,8,0.8
warehouse_measurement:session:s042_04297:c74619bbb326,session,warehouse_measurement,S042_04297,synnetqos,session_id,S042_04297,S042_04297,10,9,0.9
warehouse_measurement:session:s042_04298:f4fdcdff95d7,session,warehouse_measurement,S042_04298,synnetqos,session_id,S042_04298,S042_04298,10,0,0.0
warehouse_measurement:session:s042_04299:014c365401be,session,warehouse_measurement,S042_04299,synnetqos,session_id,S042_04299,S042_04299,10,2,0.2
warehouse_measurement:session:s042_04300:70ae6bf155c9,session,warehouse_measurement,S042_04300,synnetqos,session_id,S042_04300,S042_04300,10,4,0.4
warehouse_measurement:session:s042_04301:335d8a10e94c,session,warehouse_measurement,S042_04301,synnetqos,session_id,S042_04301,S042_04301,10,8,0.8
warehouse_measurement:session:s042_04302:cb9e1db0d31d,session,warehouse_measurement,S042_04302,synnetqos,session_id,S042_04302,S042_04302,10,9,0.9
warehouse_measurement:session:s042_04303:d5b77f31c94e,session,warehouse_measurement,S042_04303,synnetqos,session_id,S042_04303,S042_04303,10,1,0.1
warehouse_measurement:session:s042_04304:645598c76626,session,warehouse_measurement,S042_04304,synnetqos,session_id,S042_04304,S042_04304,10,3,0.3
warehouse_measurement:session:s042_04305:354349478ebf,session,warehouse_measurement,S042_04305,synnetqos,session_id,S042_04305,S042_04305,10,8,0.8
warehouse_measurement:session:s042_04306:fa3cdfb2952c,session,warehouse_measurement,S042_04306,synnetqos,session_id,S042_04306,S042_04306,10,7,0.7
warehouse_measurement:session:s042_04307:31b24f780951,session,warehouse_measurement,S042_04307,synnetqos,session_id,S042_04307,S042_04307,10,0,0.0
warehouse_measurement:session:s042_04308:fddf5dc0c22e,session,warehouse_measurement,S042_04308,synnetqos,session_id,S042_04308,S042_04308,10,3,0.3
warehouse_measurement:session:s042_04309:89f37ca48863,session,warehouse_measurement,S042_04309,synnetqos,session_id,S042_04309,S042_04309,10,9,0.9
warehouse_measurement:session:s042_04310:24885536476e,session,warehouse_measurement,S042_04310,synnetqos,session_id,S042_04310,S042_04310,10,8,0.8
warehouse_measurement:session:s042_04311:e9f8e3456a97,session,warehouse_measurement,S042_04311,synnetqos,session_id,S042_04311,S042_04311,10,8,0.8
warehouse_measurement:session:s042_04312:5cd4d800831b,session,warehouse_measurement,S042_04312,synnetqos,session_id,S042_04312,S042_04312,10,1,0.1
warehouse_measurement:session:s042_04313:8408661af3cd,session,warehouse_measurement,S042_04313,synnetqos,session_id,S042_04313,S042_04313,10,10,1.0
warehouse_measurement:session:s042_04314:66294ae16cf4,session,warehouse_measurement,S042_04314,synnetqos,session_id,S042_04314,S042_04314,10,2,0.2
warehouse_measurement:session:s042_04315:3fbc56f8555d,session,warehouse_measurement,S042_04315,synnetqos,session_id,S042_04315,S042_04315,10,10,1.0
warehouse_measurement:session:s042_04316:0513269af730,session,warehouse_measurement,S042_04316,synnetqos,session_id,S042_04316,S042_04316,10,2,0.2
warehouse_measurement:session:s042_04317:d69f97d9181e,session,warehouse_measurement,S042_04317,synnetqos,session_id,S042_04317,S042_04317,10,10,1.0
warehouse_measurement:session:s042_04318:58093ac53d5c,session,warehouse_measurement,S042_04318,synnetqos,session_id,S042_04318,S042_04318,10,2,0.2
warehouse_measurement:session:s042_04319:b0d46668fa71,session,warehouse_measurement,S042_04319,synnetqos,session_id,S042_04319,S042_04319,10,6,0.6
warehouse_measurement:session:s042_04320:8dcf22e8cc3b,session,warehouse_measurement,S042_04320,synnetqos,session_id,S042_04320,S042_04320,10,10,1.0
warehouse_measurement:session:s042_04321:0b0bad9e32cb,session,warehouse_measurement,S042_04321,synnetqos,session_id,S042_04321,S042_04321,10,0,0.0
warehouse_measurement:session:s042_04322:7cc8b950bbb3,session,warehouse_measurement,S042_04322,synnetqos,session_id,S042_04322,S042_04322,10,2,0.2
warehouse_measurement:session:s042_04323:bf5a4db76c87,session,warehouse_measurement,S042_04323,synnetqos,session_id,S042_04323,S042_04323,10,4,0.4
warehouse_measurement:session:s042_04324:2832f6dfaac0,session,warehouse_measurement,S042_04324,synnetqos,session_id,S042_04324,S042_04324,10,4,0.4
warehouse_measurement:session:s042_04325:ee30d4bfe0ca,session,warehouse_measurement,S042_04325,synnetqos,session_id,S042_04325,S042_04325,10,9,0.9
warehouse_measurement:session:s042_04326:0948243a227c,session,warehouse_measurement,S042_04326,synnetqos,session_id,S042_04326,S042_04326,10,9,0.9
warehouse_measurement:session:s042_04327:92a469ca5bc7,session,warehouse_measurement,S042_04327,synnetqos,session_id,S042_04327,S042_04327,10,4,0.4
warehouse_measurement:session:s042_04328:f64fb5a37935,session,warehouse_measurement,S042_04328,synnetqos,session_id,S042_04328,S042_04328,10,8,0.8
warehouse_measurement:session:s042_04329:06ab041ce9e1,session,warehouse_measurement,S042_04329,synnetqos,session_id,S042_04329,S042_04329,10,6,0.6
warehouse_measurement:session:s042_04330:285d40610c4b,session,warehouse_measurement,S042_04330,synnetqos,session_id,S042_04330,S042_04330,10,3,0.3
warehouse_measurement:session:s042_04331:4cd0c99a7e30,session,warehouse_measurement,S042_04331,synnetqos,session_id,S042_04331,S042_04331,10,6,0.6
warehouse_measurement:session:s042_04332:1ca4bbe31544,session,warehouse_measurement,S042_04332,synnetqos,session_id,S042_04332,S042_04332,10,3,0.3
warehouse_measurement:session:s042_04333:d60892904428,session,warehouse_measurement,S042_04333,synnetqos,session_id,S042_04333,S042_04333,10,0,0.0
warehouse_measurement:session:s042_04334:4b39da71c221,session,warehouse_measurement,S042_04334,synnetqos,session_id,S042_04334,S042_04334,10,2,0.2
warehouse_measurement:session:s042_04335:1319676b0316,session,warehouse_measurement,S042_04335,synnetqos,session_id,S042_04335,S042_04335,10,3,0.3
warehouse_measurement:session:s042_04336:ea7bea298d21,session,warehouse_measurement,S042_04336,synnetqos,session_id,S042_04336,S042_04336,10,1,0.1
warehouse_measurement:session:s042_04337:b2b6b8e03423,session,warehouse_measurement,S042_04337,synnetqos,session_id,S042_04337,S042_04337,10,2,0.2
warehouse_measurement:session:s042_04338:b6cda70cbefd,session,warehouse_measurement,S042_04338,synnetqos,session_id,S042_04338,S042_04338,10,4,0.4
warehouse_measurement:session:s042_04339:8db3adac0669,session,warehouse_measurement,S042_04339,synnetqos,session_id,S042_04339,S042_04339,10,10,1.0
warehouse_measurement:session:s042_04340:58dc7a5d57ca,session,warehouse_measurement,S042_04340,synnetqos,session_id,S042_04340,S042_04340,10,6,0.6
warehouse_measurement:session:s042_04341:19696f8d340c,session,warehouse_measurement,S042_04341,synnetqos,session_id,S042_04341,S042_04341,10,7,0.7
warehouse_measurement:session:s042_04342:2c2f991635b8,session,warehouse_measurement,S042_04342,synnetqos,session_id,S042_04342,S042_04342,10,4,0.4
warehouse_measurement:session:s042_04343:80be5b82dd78,session,warehouse_measurement,S042_04343,synnetqos,session_id,S042_04343,S042_04343,10,0,0.0
warehouse_measurement:session:s042_04344:df4649f476c7,session,warehouse_measurement,S042_04344,synnetqos,session_id,S042_04344,S042_04344,10,7,0.7
warehouse_measurement:session:s042_04345:93699657978f,session,warehouse_measurement,S042_04345,synnetqos,session_id,S042_04345,S042_04345,10,5,0.5
warehouse_measurement:session:s042_04346:7a282ee7c826,session,warehouse_measurement,S042_04346,synnetqos,session_id,S042_04346,S042_04346,10,1,0.1
warehouse_measurement:session:s042_04347:2b5143de0837,session,warehouse_measurement,S042_04347,synnetqos,session_id,S042_04347,S042_04347,10,5,0.5
warehouse_measurement:session:s042_04348:13ee82bb2e96,session,warehouse_measurement,S042_04348,synnetqos,session_id,S042_04348,S042_04348,10,9,0.9
warehouse_measurement:session:s042_04349:c89ca6a25652,session,warehouse_measurement,S042_04349,synnetqos,session_id,S042_04349,S042_04349,10,3,0.3
warehouse_measurement:session:s042_04350:2b30dd13b4f4,session,warehouse_measurement,S042_04350,synnetqos,session_id,S042_04350,S042_04350,10,10,1.0
warehouse_measurement:session:s042_04351:7c9af766f52b,session,warehouse_measurement,S042_04351,synnetqos,session_id,S042_04351,S042_04351,10,3,0.3
warehouse_measurement:session:s042_04352:a58b5a8884f0,session,warehouse_measurement,S042_04352,synnetqos,session_id,S042_04352,S042_04352,10,9,0.9
warehouse_measurement:session:s042_04353:f8eb23406871,session,warehouse_measurement,S042_04353,synnetqos,session_id,S042_04353,S042_04353,10,1,0.1
warehouse_measurement:session:s042_04354:c2a079399ce2,session,warehouse_measurement,S042_04354,synnetqos,session_id,S042_04354,S042_04354,10,1,0.1
warehouse_measurement:session:s042_04355:60d8ba0cf313,session,warehouse_measurement,S042_04355,synnetqos,session_id,S042_04355,S042_04355,10,1,0.1
warehouse_measurement:session:s042_04356:ca73198cc829,session,warehouse_measurement,S042_04356,synnetqos,session_id,S042_04356,S042_04356,10,9,0.9
warehouse_measurement:session:s042_04357:8a014de63f54,session,warehouse_measurement,S042_04357,synnetqos,session_id,S042_04357,S042_04357,10,10,1.0
warehouse_measurement:session:s042_04358:b9af711c7121,session,warehouse_measurement,S042_04358,synnetqos,session_id,S042_04358,S042_04358,10,7,0.7
warehouse_measurement:session:s042_04359:0336fad4538f,session,warehouse_measurement,S042_04359,synnetqos,session_id,S042_04359,S042_04359,10,6,0.6
warehouse_measurement:session:s042_04360:ee15fab6231a,session,warehouse_measurement,S042_04360,synnetqos,session_id,S042_04360,S042_04360,10,1,0.1
warehouse_measurement:session:s042_04361:5e4b962a463d,session,warehouse_measurement,S042_04361,synnetqos,session_id,S042_04361,S042_04361,10,2,0.2
warehouse_measurement:session:s042_04362:90278ec0746e,session,warehouse_measurement,S042_04362,synnetqos,session_id,S042_04362,S042_04362,10,3,0.3
warehouse_measurement:session:s042_04363:3e225af9071e,session,warehouse_measurement,S042_04363,synnetqos,session_id,S042_04363,S042_04363,10,2,0.2
warehouse_measurement:session:s042_04364:efd8da37b5b8,session,warehouse_measurement,S042_04364,synnetqos,session_id,S042_04364,S042_04364,10,1,0.1
warehouse_measurement:session:s042_04365:c96c53eaf922,session,warehouse_measurement,S042_04365,synnetqos,session_id,S042_04365,S042_04365,10,9,0.9
warehouse_measurement:session:s042_04366:e8ce33096bc8,session,warehouse_measurement,S042_04366,synnetqos,session_id,S042_04366,S042_04366,10,1,0.1
warehouse_measurement:session:s042_04367:4cb40e283eb4,session,warehouse_measurement,S042_04367,synnetqos,session_id,S042_04367,S042_04367,10,7,0.7
warehouse_measurement:session:s042_04368:161c433a1bf5,session,warehouse_measurement,S042_04368,synnetqos,session_id,S042_04368,S042_04368,10,3,0.3
warehouse_measurement:session:s042_04369:2c458a37e9b2,session,warehouse_measurement,S042_04369,synnetqos,session_id,S042_04369,S042_04369,10,10,1.0
warehouse_measurement:session:s042_04370:390b72781ab4,session,warehouse_measurement,S042_04370,synnetqos,session_id,S042_04370,S042_04370,10,1,0.1
warehouse_measurement:session:s042_04371:ba6709ff09cb,session,warehouse_measurement,S042_04371,synnetqos,session_id,S042_04371,S042_04371,10,7,0.7
warehouse_measurement:session:s042_04372:e492f38f2b23,session,warehouse_measurement,S042_04372,synnetqos,session_id,S042_04372,S042_04372,10,7,0.7
warehouse_measurement:session:s042_04373:b87664a32e5a,session,warehouse_measurement,S042_04373,synnetqos,session_id,S042_04373,S042_04373,10,0,0.0
warehouse_measurement:session:s042_04374:7fc903d678fe,session,warehouse_measurement,S042_04374,synnetqos,session_id,S042_04374,S042_04374,10,9,0.9
warehouse_measurement:session:s042_04375:af4584a05fbf,session,warehouse_measurement,S042_04375,synnetqos,session_id,S042_04375,S042_04375,10,4,0.4
warehouse_measurement:session:s042_04376:37ee54b14d5e,session,warehouse_measurement,S042_04376,synnetqos,session_id,S042_04376,S042_04376,10,10,1.0
warehouse_measurement:session:s042_04377:8515c8d7dc19,session,warehouse_measurement,S042_04377,synnetqos,session_id,S042_04377,S042_04377,10,6,0.6
warehouse_measurement:session:s042_04378:a31b5908fc3c,session,warehouse_measurement,S042_04378,synnetqos,session_id,S042_04378,S042_04378,10,5,0.5
warehouse_measurement:session:s042_04379:62be4f225d67,session,warehouse_measurement,S042_04379,synnetqos,session_id,S042_04379,S042_04379,10,3,0.3
warehouse_measurement:session:s042_04380:37629dfa7bfa,session,warehouse_measurement,S042_04380,synnetqos,session_id,S042_04380,S042_04380,10,0,0.0
warehouse_measurement:session:s042_04381:19dd5e407ea0,session,warehouse_measurement,S042_04381,synnetqos,session_id,S042_04381,S042_04381,10,4,0.4
warehouse_measurement:session:s042_04382:e9962038cd08,session,warehouse_measurement,S042_04382,synnetqos,session_id,S042_04382,S042_04382,10,5,0.5
warehouse_measurement:session:s042_04383:b169432e367e,session,warehouse_measurement,S042_04383,synnetqos,session_id,S042_04383,S042_04383,10,0,0.0
warehouse_measurement:session:s042_04384:168a086cde06,session,warehouse_measurement,S042_04384,synnetqos,session_id,S042_04384,S042_04384,10,0,0.0
warehouse_measurement:session:s042_04385:59db02c72d8d,session,warehouse_measurement,S042_04385,synnetqos,session_id,S042_04385,S042_04385,10,6,0.6
warehouse_measurement:session:s042_04386:eb84a9847cc9,session,warehouse_measurement,S042_04386,synnetqos,session_id,S042_04386,S042_04386,10,0,0.0
warehouse_measurement:session:s042_04387:a349d270d514,session,warehouse_measurement,S042_04387,synnetqos,session_id,S042_04387,S042_04387,10,2,0.2
warehouse_measurement:session:s042_04388:93a4b9902030,session,warehouse_measurement,S042_04388,synnetqos,session_id,S042_04388,S042_04388,10,8,0.8
warehouse_measurement:session:s042_04389:21b3bd6908eb,session,warehouse_measurement,S042_04389,synnetqos,session_id,S042_04389,S042_04389,10,5,0.5
warehouse_measurement:session:s042_04390:e40e29153c08,session,warehouse_measurement,S042_04390,synnetqos,session_id,S042_04390,S042_04390,10,3,0.3
warehouse_measurement:session:s042_04391:29b8571552b3,session,warehouse_measurement,S042_04391,synnetqos,session_id,S042_04391,S042_04391,10,10,1.0
warehouse_measurement:session:s042_04392:4da754376e8d,session,warehouse_measurement,S042_04392,synnetqos,session_id,S042_04392,S042_04392,10,9,0.9
warehouse_measurement:session:s042_04393:d1c667cbbf4f,session,warehouse_measurement,S042_04393,synnetqos,session_id,S042_04393,S042_04393,10,6,0.6
warehouse_measurement:session:s042_04394:30af403fce01,session,warehouse_measurement,S042_04394,synnetqos,session_id,S042_04394,S042_04394,10,6,0.6
warehouse_measurement:session:s042_04395:932bc1c358e0,session,warehouse_measurement,S042_04395,synnetqos,session_id,S042_04395,S042_04395,10,3,0.3
warehouse_measurement:session:s042_04396:e55c3c7b4b9f,session,warehouse_measurement,S042_04396,synnetqos,session_id,S042_04396,S042_04396,10,2,0.2
warehouse_measurement:session:s042_04397:c614c809b985,session,warehouse_measurement,S042_04397,synnetqos,session_id,S042_04397,S042_04397,10,10,1.0
warehouse_measurement:session:s042_04398:f2a2dd01109c,session,warehouse_measurement,S042_04398,synnetqos,session_id,S042_04398,S042_04398,10,9,0.9
warehouse_measurement:session:s042_04399:9b7f7e8975df,session,warehouse_measurement,S042_04399,synnetqos,session_id,S042_04399,S042_04399,10,1,0.1
warehouse_measurement:session:s042_04400:03b210b4aa20,session,warehouse_measurement,S042_04400,synnetqos,session_id,S042_04400,S042_04400,10,10,1.0
warehouse_measurement:session:s042_04401:e3f3abf40e64,session,warehouse_measurement,S042_04401,synnetqos,session_id,S042_04401,S042_04401,10,8,0.8
warehouse_measurement:session:s042_04402:9dea5ce606b9,session,warehouse_measurement,S042_04402,synnetqos,session_id,S042_04402,S042_04402,10,3,0.3
warehouse_measurement:session:s042_04403:2c180c8d8ef0,session,warehouse_measurement,S042_04403,synnetqos,session_id,S042_04403,S042_04403,10,10,1.0
warehouse_measurement:session:s042_04404:f4d21db1e1a0,session,warehouse_measurement,S042_04404,synnetqos,session_id,S042_04404,S042_04404,10,3,0.3
warehouse_measurement:session:s042_04405:f2b0ee17f2c7,session,warehouse_measurement,S042_04405,synnetqos,session_id,S042_04405,S042_04405,10,6,0.6
warehouse_measurement:session:s042_04406:3ce84eae389a,session,warehouse_measurement,S042_04406,synnetqos,session_id,S042_04406,S042_04406,10,6,0.6
warehouse_measurement:session:s042_04407:87faba720323,session,warehouse_measurement,S042_04407,synnetqos,session_id,S042_04407,S042_04407,10,8,0.8
warehouse_measurement:session:s042_04408:bb9bec3f269b,session,warehouse_measurement,S042_04408,synnetqos,session_id,S042_04408,S042_04408,10,4,0.4
warehouse_measurement:session:s042_04409:4d173d1cadd2,session,warehouse_measurement,S042_04409,synnetqos,session_id,S042_04409,S042_04409,10,9,0.9
warehouse_measurement:session:s042_04410:fb65c6ff0e01,session,warehouse_measurement,S042_04410,synnetqos,session_id,S042_04410,S042_04410,10,10,1.0
warehouse_measurement:session:s042_04411:60fca5da9336,session,warehouse_measurement,S042_04411,synnetqos,session_id,S042_04411,S042_04411,10,8,0.8
warehouse_measurement:session:s042_04412:4aef494a2691,session,warehouse_measurement,S042_04412,synnetqos,session_id,S042_04412,S042_04412,10,1,0.1
warehouse_measurement:session:s042_04413:825891a7d520,session,warehouse_measurement,S042_04413,synnetqos,session_id,S042_04413,S042_04413,10,3,0.3
warehouse_measurement:session:s042_04414:d71e2efaefc4,session,warehouse_measurement,S042_04414,synnetqos,session_id,S042_04414,S042_04414,10,10,1.0
warehouse_measurement:session:s042_04415:5cdc0320a699,session,warehouse_measurement,S042_04415,synnetqos,session_id,S042_04415,S042_04415,10,4,0.4
warehouse_measurement:session:s042_04416:638e3ae4a6f0,session,warehouse_measurement,S042_04416,synnetqos,session_id,S042_04416,S042_04416,10,8,0.8
warehouse_measurement:session:s042_04417:bf1fda0332b3,session,warehouse_measurement,S042_04417,synnetqos,session_id,S042_04417,S042_04417,10,6,0.6
warehouse_measurement:session:s042_04418:a01833c036e2,session,warehouse_measurement,S042_04418,synnetqos,session_id,S042_04418,S042_04418,10,10,1.0
warehouse_measurement:session:s042_04419:f75e4463ae8b,session,warehouse_measurement,S042_04419,synnetqos,session_id,S042_04419,S042_04419,10,5,0.5
warehouse_measurement:session:s042_04420:d25d40f87c7b,session,warehouse_measurement,S042_04420,synnetqos,session_id,S042_04420,S042_04420,10,10,1.0
warehouse_measurement:session:s042_04421:d8a49540578b,session,warehouse_measurement,S042_04421,synnetqos,session_id,S042_04421,S042_04421,10,3,0.3
warehouse_measurement:session:s042_04422:daf3fb786f42,session,warehouse_measurement,S042_04422,synnetqos,session_id,S042_04422,S042_04422,10,10,1.0
warehouse_measurement:session:s042_04423:f06fa2159c2b,session,warehouse_measurement,S042_04423,synnetqos,session_id,S042_04423,S042_04423,10,2,0.2
warehouse_measurement:session:s042_04424:ceaf1aa2cdfc,session,warehouse_measurement,S042_04424,synnetqos,session_id,S042_04424,S042_04424,10,7,0.7
warehouse_measurement:session:s042_04425:a89d61e88001,session,warehouse_measurement,S042_04425,synnetqos,session_id,S042_04425,S042_04425,10,7,0.7
warehouse_measurement:session:s042_04426:960ade41b28d,session,warehouse_measurement,S042_04426,synnetqos,session_id,S042_04426,S042_04426,10,1,0.1
warehouse_measurement:session:s042_04427:b4e429dac35c,session,warehouse_measurement,S042_04427,synnetqos,session_id,S042_04427,S042_04427,10,0,0.0
warehouse_measurement:session:s042_04428:68188d8de771,session,warehouse_measurement,S042_04428,synnetqos,session_id,S042_04428,S042_04428,10,6,0.6
warehouse_measurement:session:s042_04429:0c001d1be03a,session,warehouse_measurement,S042_04429,synnetqos,session_id,S042_04429,S042_04429,10,1,0.1
warehouse_measurement:session:s042_04430:e5104c8edbe9,session,warehouse_measurement,S042_04430,synnetqos,session_id,S042_04430,S042_04430,10,2,0.2
warehouse_measurement:session:s042_04431:01010dc95946,session,warehouse_measurement,S042_04431,synnetqos,session_id,S042_04431,S042_04431,10,5,0.5
warehouse_measurement:session:s042_04432:e70a8b8f643f,session,warehouse_measurement,S042_04432,synnetqos,session_id,S042_04432,S042_04432,10,3,0.3
warehouse_measurement:session:s042_04433:b417fd3fdaea,session,warehouse_measurement,S042_04433,synnetqos,session_id,S042_04433,S042_04433,10,9,0.9
warehouse_measurement:session:s042_04434:3659f8f3a5eb,session,warehouse_measurement,S042_04434,synnetqos,session_id,S042_04434,S042_04434,10,10,1.0
warehouse_measurement:session:s042_04435:e8dbc6b6b2b2,session,warehouse_measurement,S042_04435,synnetqos,session_id,S042_04435,S042_04435,10,2,0.2
warehouse_measurement:session:s042_04436:3a9f78ddf448,session,warehouse_measurement,S042_04436,synnetqos,session_id,S042_04436,S042_04436,10,8,0.8
warehouse_measurement:session:s042_04437:4176d63a8dd1,session,warehouse_measurement,S042_04437,synnetqos,session_id,S042_04437,S042_04437,10,2,0.2
warehouse_measurement:session:s042_04438:8dfd933ef5dc,session,warehouse_measurement,S042_04438,synnetqos,session_id,S042_04438,S042_04438,10,1,0.1
warehouse_measurement:session:s042_04439:0fd086e15be2,session,warehouse_measurement,S042_04439,synnetqos,session_id,S042_04439,S042_04439,10,10,1.0
warehouse_measurement:session:s042_04440:32804d72d20c,session,warehouse_measurement,S042_04440,synnetqos,session_id,S042_04440,S042_04440,10,0,0.0
warehouse_measurement:session:s042_04441:070b621d8012,session,warehouse_measurement,S042_04441,synnetqos,session_id,S042_04441,S042_04441,10,7,0.7
warehouse_measurement:session:s042_04442:ec9df10f08d1,session,warehouse_measurement,S042_04442,synnetqos,session_id,S042_04442,S042_04442,10,9,0.9
warehouse_measurement:session:s042_04443:43307bf229dd,session,warehouse_measurement,S042_04443,synnetqos,session_id,S042_04443,S042_04443,10,1,0.1
warehouse_measurement:session:s042_04444:e467c2dd3ea5,session,warehouse_measurement,S042_04444,synnetqos,session_id,S042_04444,S042_04444,10,6,0.6
warehouse_measurement:session:s042_04445:cca9e1866f7b,session,warehouse_measurement,S042_04445,synnetqos,session_id,S042_04445,S042_04445,10,1,0.1
warehouse_measurement:session:s042_04446:a3bc4f82b4d5,session,warehouse_measurement,S042_04446,synnetqos,session_id,S042_04446,S042_04446,10,4,0.4
warehouse_measurement:session:s042_04447:e756ee266465,session,warehouse_measurement,S042_04447,synnetqos,session_id,S042_04447,S042_04447,10,2,0.2
warehouse_measurement:session:s042_04448:a33e1e1cebe2,session,warehouse_measurement,S042_04448,synnetqos,session_id,S042_04448,S042_04448,10,4,0.4
warehouse_measurement:session:s042_04449:3c924320248a,session,warehouse_measurement,S042_04449,synnetqos,session_id,S042_04449,S042_04449,10,8,0.8
warehouse_measurement:session:s042_04450:2b201ae0d794,session,warehouse_measurement,S042_04450,synnetqos,session_id,S042_04450,S042_04450,10,4,0.4
warehouse_measurement:session:s042_04451:2aab4f703f47,session,warehouse_measurement,S042_04451,synnetqos,session_id,S042_04451,S042_04451,10,7,0.7
warehouse_measurement:session:s042_04452:e8599a782a4f,session,warehouse_measurement,S042_04452,synnetqos,session_id,S042_04452,S042_04452,10,8,0.8
warehouse_measurement:session:s042_04453:970a2fe9d20a,session,warehouse_measurement,S042_04453,synnetqos,session_id,S042_04453,S042_04453,10,8,0.8
warehouse_measurement:session:s042_04454:7b35e93b9ba5,session,warehouse_measurement,S042_04454,synnetqos,session_id,S042_04454,S042_04454,10,4,0.4
warehouse_measurement:session:s042_04455:26b38ff486ac,session,warehouse_measurement,S042_04455,synnetqos,session_id,S042_04455,S042_04455,10,7,0.7
warehouse_measurement:session:s042_04456:a17b8c18c34e,session,warehouse_measurement,S042_04456,synnetqos,session_id,S042_04456,S042_04456,10,0,0.0
warehouse_measurement:session:s042_04457:5b7d73b04ec5,session,warehouse_measurement,S042_04457,synnetqos,session_id,S042_04457,S042_04457,10,1,0.1
warehouse_measurement:session:s042_04458:177c02a9193a,session,warehouse_measurement,S042_04458,synnetqos,session_id,S042_04458,S042_04458,10,10,1.0
warehouse_measurement:session:s042_04459:4036836b6a7b,session,warehouse_measurement,S042_04459,synnetqos,session_id,S042_04459,S042_04459,10,5,0.5
warehouse_measurement:session:s042_04460:3a8fba7c59ba,session,warehouse_measurement,S042_04460,synnetqos,session_id,S042_04460,S042_04460,10,1,0.1
warehouse_measurement:session:s042_04461:ec3c6aeb599b,session,warehouse_measurement,S042_04461,synnetqos,session_id,S042_04461,S042_04461,10,7,0.7
warehouse_measurement:session:s042_04462:91b20cb42d42,session,warehouse_measurement,S042_04462,synnetqos,session_id,S042_04462,S042_04462,10,7,0.7
warehouse_measurement:session:s042_04463:65ccd8bcb72e,session,warehouse_measurement,S042_04463,synnetqos,session_id,S042_04463,S042_04463,10,1,0.1
warehouse_measurement:session:s042_04464:f471e6ddc440,session,warehouse_measurement,S042_04464,synnetqos,session_id,S042_04464,S042_04464,10,2,0.2
warehouse_measurement:session:s042_04465:3eb576cf8df9,session,warehouse_measurement,S042_04465,synnetqos,session_id,S042_04465,S042_04465,10,9,0.9
warehouse_measurement:session:s042_04466:da5f1aea5564,session,warehouse_measurement,S042_04466,synnetqos,session_id,S042_04466,S042_04466,10,5,0.5
warehouse_measurement:session:s042_04467:6ecd648d12ea,session,warehouse_measurement,S042_04467,synnetqos,session_id,S042_04467,S042_04467,10,9,0.9
warehouse_measurement:session:s042_04468:8e466bde9570,session,warehouse_measurement,S042_04468,synnetqos,session_id,S042_04468,S042_04468,10,4,0.4
warehouse_measurement:session:s042_04469:585ee53b92e4,session,warehouse_measurement,S042_04469,synnetqos,session_id,S042_04469,S042_04469,10,5,0.5
warehouse_measurement:session:s042_04470:1d548ca5b539,session,warehouse_measurement,S042_04470,synnetqos,session_id,S042_04470,S042_04470,10,0,0.0
warehouse_measurement:session:s042_04471:fa881b856869,session,warehouse_measurement,S042_04471,synnetqos,session_id,S042_04471,S042_04471,10,5,0.5
warehouse_measurement:session:s042_04472:e7ce0339f519,session,warehouse_measurement,S042_04472,synnetqos,session_id,S042_04472,S042_04472,10,1,0.1
warehouse_measurement:session:s042_04473:7cfdbc788622,session,warehouse_measurement,S042_04473,synnetqos,session_id,S042_04473,S042_04473,10,0,0.0
warehouse_measurement:session:s042_04474:ad269c940891,session,warehouse_measurement,S042_04474,synnetqos,session_id,S042_04474,S042_04474,10,1,0.1
warehouse_measurement:session:s042_04475:62fc371c2662,session,warehouse_measurement,S042_04475,synnetqos,session_id,S042_04475,S042_04475,10,5,0.5
warehouse_measurement:session:s042_04476:15a58a4982df,session,warehouse_measurement,S042_04476,synnetqos,session_id,S042_04476,S042_04476,10,2,0.2
warehouse_measurement:session:s042_04477:a7729a358e79,session,warehouse_measurement,S042_04477,synnetqos,session_id,S042_04477,S042_04477,10,4,0.4
warehouse_measurement:session:s042_04478:29021b5293f0,session,warehouse_measurement,S042_04478,synnetqos,session_id,S042_04478,S042_04478,10,3,0.3
warehouse_measurement:session:s042_04479:e5cc07de4830,session,warehouse_measurement,S042_04479,synnetqos,session_id,S042_04479,S042_04479,10,0,0.0
warehouse_measurement:session:s042_04480:8b4350707b02,session,warehouse_measurement,S042_04480,synnetqos,session_id,S042_04480,S042_04480,10,2,0.2
warehouse_measurement:session:s042_04481:ef55aeda44ee,session,warehouse_measurement,S042_04481,synnetqos,session_id,S042_04481,S042_04481,10,9,0.9
warehouse_measurement:session:s042_04482:f6a131486ac0,session,warehouse_measurement,S042_04482,synnetqos,session_id,S042_04482,S042_04482,10,4,0.4
warehouse_measurement:session:s042_04483:92b51b35f6e6,session,warehouse_measurement,S042_04483,synnetqos,session_id,S042_04483,S042_04483,10,9,0.9
warehouse_measurement:session:s042_04484:c00ac7b1ef6b,session,warehouse_measurement,S042_04484,synnetqos,session_id,S042_04484,S042_04484,10,10,1.0
warehouse_measurement:session:s042_04485:f4d133cf962b,session,warehouse_measurement,S042_04485,synnetqos,session_id,S042_04485,S042_04485,10,6,0.6
warehouse_measurement:session:s042_04486:00b5cae33867,session,warehouse_measurement,S042_04486,synnetqos,session_id,S042_04486,S042_04486,10,9,0.9
warehouse_measurement:session:s042_04487:bc3e8d1ad9e1,session,warehouse_measurement,S042_04487,synnetqos,session_id,S042_04487,S042_04487,10,10,1.0
warehouse_measurement:session:s042_04488:0a07aebc2508,session,warehouse_measurement,S042_04488,synnetqos,session_id,S042_04488,S042_04488,10,10,1.0
warehouse_measurement:session:s042_04489:f808e4d8ecf6,session,warehouse_measurement,S042_04489,synnetqos,session_id,S042_04489,S042_04489,10,2,0.2
warehouse_measurement:session:s042_04490:7a6c1a3afbf8,session,warehouse_measurement,S042_04490,synnetqos,session_id,S042_04490,S042_04490,10,6,0.6
warehouse_measurement:session:s042_04491:1a4f9d1bd9e4,session,warehouse_measurement,S042_04491,synnetqos,session_id,S042_04491,S042_04491,10,2,0.2
warehouse_measurement:session:s042_04492:9be4817f2871,session,warehouse_measurement,S042_04492,synnetqos,session_id,S042_04492,S042_04492,10,4,0.4
warehouse_measurement:session:s042_04493:c0837f752856,session,warehouse_measurement,S042_04493,synnetqos,session_id,S042_04493,S042_04493,10,8,0.8
warehouse_measurement:session:s042_04494:e688073274de,session,warehouse_measurement,S042_04494,synnetqos,session_id,S042_04494,S042_04494,10,3,0.3
warehouse_measurement:session:s042_04495:46bf4aa218d1,session,warehouse_measurement,S042_04495,synnetqos,session_id,S042_04495,S042_04495,10,10,1.0
warehouse_measurement:session:s042_04496:cd6d0acf751d,session,warehouse_measurement,S042_04496,synnetqos,session_id,S042_04496,S042_04496,10,2,0.2
warehouse_measurement:session:s042_04497:87cffb17c358,session,warehouse_measurement,S042_04497,synnetqos,session_id,S042_04497,S042_04497,10,5,0.5
warehouse_measurement:session:s042_04498:8565c6fc7fdc,session,warehouse_measurement,S042_04498,synnetqos,session_id,S042_04498,S042_04498,10,3,0.3
warehouse_measurement:session:s042_04499:8dcc6a098a34,session,warehouse_measurement,S042_04499,synnetqos,session_id,S042_04499,S042_04499,10,8,0.8
warehouse_measurement:session:s042_04500:e39bae4e9c00,session,warehouse_measurement,S042_04500,synnetqos,session_id,S042_04500,S042_04500,10,3,0.3
warehouse_measurement:session:s042_04501:03fe90b5ecf6,session,warehouse_measurement,S042_04501,synnetqos,session_id,S042_04501,S042_04501,10,4,0.4
warehouse_measurement:session:s042_04502:cb117b255e3a,session,warehouse_measurement,S042_04502,synnetqos,session_id,S042_04502,S042_04502,10,5,0.5
warehouse_measurement:session:s042_04503:a06fdb5ee3c0,session,warehouse_measurement,S042_04503,synnetqos,session_id,S042_04503,S042_04503,10,10,1.0
warehouse_measurement:session:s042_04504:a015b24e39be,session,warehouse_measurement,S042_04504,synnetqos,session_id,S042_04504,S042_04504,10,8,0.8
warehouse_measurement:session:s042_04505:ed9a28214097,session,warehouse_measurement,S042_04505,synnetqos,session_id,S042_04505,S042_04505,10,5,0.5
warehouse_measurement:session:s042_04506:e3156eae4ca4,session,warehouse_measurement,S042_04506,synnetqos,session_id,S042_04506,S042_04506,10,0,0.0
warehouse_measurement:session:s042_04507:08f0a527ef3f,session,warehouse_measurement,S042_04507,synnetqos,session_id,S042_04507,S042_04507,10,10,1.0
warehouse_measurement:session:s042_04508:dec4a172270c,session,warehouse_measurement,S042_04508,synnetqos,session_id,S042_04508,S042_04508,10,2,0.2
warehouse_measurement:session:s042_04509:56ee7227cf1b,session,warehouse_measurement,S042_04509,synnetqos,session_id,S042_04509,S042_04509,10,9,0.9
warehouse_measurement:session:s042_04510:1625780ddf1e,session,warehouse_measurement,S042_04510,synnetqos,session_id,S042_04510,S042_04510,10,1,0.1
warehouse_measurement:session:s042_04511:458c3bda0436,session,warehouse_measurement,S042_04511,synnetqos,session_id,S042_04511,S042_04511,10,7,0.7
warehouse_measurement:session:s042_04512:0a04cba047c5,session,warehouse_measurement,S042_04512,synnetqos,session_id,S042_04512,S042_04512,10,6,0.6
warehouse_measurement:session:s042_04513:2010a99c5946,session,warehouse_measurement,S042_04513,synnetqos,session_id,S042_04513,S042_04513,10,8,0.8
warehouse_measurement:session:s042_04514:57a11a18db11,session,warehouse_measurement,S042_04514,synnetqos,session_id,S042_04514,S042_04514,10,10,1.0
warehouse_measurement:session:s042_04515:836e8dba8a3b,session,warehouse_measurement,S042_04515,synnetqos,session_id,S042_04515,S042_04515,10,1,0.1
warehouse_measurement:session:s042_04516:f626862310aa,session,warehouse_measurement,S042_04516,synnetqos,session_id,S042_04516,S042_04516,10,1,0.1
warehouse_measurement:session:s042_04517:0b7832ea1793,session,warehouse_measurement,S042_04517,synnetqos,session_id,S042_04517,S042_04517,10,9,0.9
warehouse_measurement:session:s042_04518:3bccc022d720,session,warehouse_measurement,S042_04518,synnetqos,session_id,S042_04518,S042_04518,10,1,0.1
warehouse_measurement:session:s042_04519:9fe5f607349a,session,warehouse_measurement,S042_04519,synnetqos,session_id,S042_04519,S042_04519,10,5,0.5
warehouse_measurement:session:s042_04520:97c7968863e6,session,warehouse_measurement,S042_04520,synnetqos,session_id,S042_04520,S042_04520,10,10,1.0
warehouse_measurement:session:s042_04521:dcad294fa7a1,session,warehouse_measurement,S042_04521,synnetqos,session_id,S042_04521,S042_04521,10,10,1.0
warehouse_measurement:session:s042_04522:9542ded741f4,session,warehouse_measurement,S042_04522,synnetqos,session_id,S042_04522,S042_04522,10,0,0.0
warehouse_measurement:session:s042_04523:30703dfb68a9,session,warehouse_measurement,S042_04523,synnetqos,session_id,S042_04523,S042_04523,10,7,0.7
warehouse_measurement:session:s042_04524:e27c7a90833b,session,warehouse_measurement,S042_04524,synnetqos,session_id,S042_04524,S042_04524,10,0,0.0
warehouse_measurement:session:s042_04525:2f37f8ae960f,session,warehouse_measurement,S042_04525,synnetqos,session_id,S042_04525,S042_04525,10,8,0.8
warehouse_measurement:session:s042_04526:9a46a886d244,session,warehouse_measurement,S042_04526,synnetqos,session_id,S042_04526,S042_04526,10,0,0.0
warehouse_measurement:session:s042_04527:f6d622b94501,session,warehouse_measurement,S042_04527,synnetqos,session_id,S042_04527,S042_04527,10,10,1.0
warehouse_measurement:session:s042_04528:f0bde828f09f,session,warehouse_measurement,S042_04528,synnetqos,session_id,S042_04528,S042_04528,10,5,0.5
warehouse_measurement:session:s042_04529:1e7f674fb51e,session,warehouse_measurement,S042_04529,synnetqos,session_id,S042_04529,S042_04529,10,4,0.4
warehouse_measurement:session:s042_04530:44fa3bdce670,session,warehouse_measurement,S042_04530,synnetqos,session_id,S042_04530,S042_04530,10,8,0.8
warehouse_measurement:session:s042_04531:c72b947ae249,session,warehouse_measurement,S042_04531,synnetqos,session_id,S042_04531,S042_04531,10,1,0.1
warehouse_measurement:session:s042_04532:a583c25cf661,session,warehouse_measurement,S042_04532,synnetqos,session_id,S042_04532,S042_04532,10,5,0.5
warehouse_measurement:session:s042_04533:3bd38a22ec08,session,warehouse_measurement,S042_04533,synnetqos,session_id,S042_04533,S042_04533,10,8,0.8
warehouse_measurement:session:s042_04534:0ebbf5c38ecc,session,warehouse_measurement,S042_04534,synnetqos,session_id,S042_04534,S042_04534,10,7,0.7
warehouse_measurement:session:s042_04535:9fedab6bc4e2,session,warehouse_measurement,S042_04535,synnetqos,session_id,S042_04535,S042_04535,10,10,1.0
warehouse_measurement:session:s042_04536:24e09354af45,session,warehouse_measurement,S042_04536,synnetqos,session_id,S042_04536,S042_04536,10,10,1.0
warehouse_measurement:session:s042_04537:1f728c8e1852,session,warehouse_measurement,S042_04537,synnetqos,session_id,S042_04537,S042_04537,10,3,0.3
warehouse_measurement:session:s042_04538:b6dfe4508063,session,warehouse_measurement,S042_04538,synnetqos,session_id,S042_04538,S042_04538,10,2,0.2
warehouse_measurement:session:s042_04539:bfc6a0827cc6,session,warehouse_measurement,S042_04539,synnetqos,session_id,S042_04539,S042_04539,10,1,0.1
warehouse_measurement:session:s042_04540:4da1270b7366,session,warehouse_measurement,S042_04540,synnetqos,session_id,S042_04540,S042_04540,10,1,0.1
warehouse_measurement:session:s042_04541:efc54301ad03,session,warehouse_measurement,S042_04541,synnetqos,session_id,S042_04541,S042_04541,10,2,0.2
warehouse_measurement:session:s042_04542:339303598213,session,warehouse_measurement,S042_04542,synnetqos,session_id,S042_04542,S042_04542,10,10,1.0
warehouse_measurement:session:s042_04543:4cc9ebbaba52,session,warehouse_measurement,S042_04543,synnetqos,session_id,S042_04543,S042_04543,10,9,0.9
warehouse_measurement:session:s042_04544:c0717be99bc3,session,warehouse_measurement,S042_04544,synnetqos,session_id,S042_04544,S042_04544,10,8,0.8
warehouse_measurement:session:s042_04545:c5b77055aa57,session,warehouse_measurement,S042_04545,synnetqos,session_id,S042_04545,S042_04545,10,8,0.8
warehouse_measurement:session:s042_04546:782aa1a365b3,session,warehouse_measurement,S042_04546,synnetqos,session_id,S042_04546,S042_04546,10,1,0.1
warehouse_measurement:session:s042_04547:885c53fab42c,session,warehouse_measurement,S042_04547,synnetqos,session_id,S042_04547,S042_04547,10,2,0.2
warehouse_measurement:session:s042_04548:cdfe9e138ed5,session,warehouse_measurement,S042_04548,synnetqos,session_id,S042_04548,S042_04548,10,1,0.1
warehouse_measurement:session:s042_04549:1214c3f36611,session,warehouse_measurement,S042_04549,synnetqos,session_id,S042_04549,S042_04549,10,10,1.0
warehouse_measurement:session:s042_04550:58f8721f502e,session,warehouse_measurement,S042_04550,synnetqos,session_id,S042_04550,S042_04550,10,6,0.6
warehouse_measurement:session:s042_04551:38af451ae095,session,warehouse_measurement,S042_04551,synnetqos,session_id,S042_04551,S042_04551,10,1,0.1
warehouse_measurement:session:s042_04552:f56f1ce9725d,session,warehouse_measurement,S042_04552,synnetqos,session_id,S042_04552,S042_04552,10,3,0.3
warehouse_measurement:session:s042_04553:5a66a9316b58,session,warehouse_measurement,S042_04553,synnetqos,session_id,S042_04553,S042_04553,10,5,0.5
warehouse_measurement:session:s042_04554:9940fda99e92,session,warehouse_measurement,S042_04554,synnetqos,session_id,S042_04554,S042_04554,10,7,0.7
warehouse_measurement:session:s042_04555:27002285b974,session,warehouse_measurement,S042_04555,synnetqos,session_id,S042_04555,S042_04555,10,3,0.3
warehouse_measurement:session:s042_04556:8dac03df48e9,session,warehouse_measurement,S042_04556,synnetqos,session_id,S042_04556,S042_04556,10,3,0.3
warehouse_measurement:session:s042_04557:ca771031c0c7,session,warehouse_measurement,S042_04557,synnetqos,session_id,S042_04557,S042_04557,10,0,0.0
warehouse_measurement:session:s042_04558:f76a68472365,session,warehouse_measurement,S042_04558,synnetqos,session_id,S042_04558,S042_04558,10,3,0.3
warehouse_measurement:session:s042_04559:67165b4840e0,session,warehouse_measurement,S042_04559,synnetqos,session_id,S042_04559,S042_04559,10,9,0.9
warehouse_measurement:session:s042_04560:72e5a2442be4,session,warehouse_measurement,S042_04560,synnetqos,session_id,S042_04560,S042_04560,10,3,0.3
warehouse_measurement:session:s042_04561:692d7476fc78,session,warehouse_measurement,S042_04561,synnetqos,session_id,S042_04561,S042_04561,10,2,0.2
warehouse_measurement:session:s042_04562:12621e9ef901,session,warehouse_measurement,S042_04562,synnetqos,session_id,S042_04562,S042_04562,10,8,0.8
warehouse_measurement:session:s042_04563:5d0e3f6d671c,session,warehouse_measurement,S042_04563,synnetqos,session_id,S042_04563,S042_04563,10,3,0.3
warehouse_measurement:session:s042_04564:b87154030cc5,session,warehouse_measurement,S042_04564,synnetqos,session_id,S042_04564,S042_04564,10,7,0.7
warehouse_measurement:session:s042_04565:262872a3798d,session,warehouse_measurement,S042_04565,synnetqos,session_id,S042_04565,S042_04565,10,6,0.6
warehouse_measurement:session:s042_04566:d8df308ecae5,session,warehouse_measurement,S042_04566,synnetqos,session_id,S042_04566,S042_04566,10,6,0.6
warehouse_measurement:session:s042_04567:3a6bac03ff4c,session,warehouse_measurement,S042_04567,synnetqos,session_id,S042_04567,S042_04567,10,8,0.8
warehouse_measurement:session:s042_04568:dfc22f019bc7,session,warehouse_measurement,S042_04568,synnetqos,session_id,S042_04568,S042_04568,10,2,0.2
warehouse_measurement:session:s042_04569:afecaf5e453f,session,warehouse_measurement,S042_04569,synnetqos,session_id,S042_04569,S042_04569,10,3,0.3
warehouse_measurement:session:s042_04570:2357c103b905,session,warehouse_measurement,S042_04570,synnetqos,session_id,S042_04570,S042_04570,10,0,0.0
warehouse_measurement:session:s042_04571:5c5440e43335,session,warehouse_measurement,S042_04571,synnetqos,session_id,S042_04571,S042_04571,10,2,0.2
warehouse_measurement:session:s042_04572:920015ba6e5c,session,warehouse_measurement,S042_04572,synnetqos,session_id,S042_04572,S042_04572,10,8,0.8
warehouse_measurement:session:s042_04573:ba2d62e5ff82,session,warehouse_measurement,S042_04573,synnetqos,session_id,S042_04573,S042_04573,10,2,0.2
warehouse_measurement:session:s042_04574:85cedeaa532e,session,warehouse_measurement,S042_04574,synnetqos,session_id,S042_04574,S042_04574,10,5,0.5
warehouse_measurement:session:s042_04575:a81d2f2cd7f1,session,warehouse_measurement,S042_04575,synnetqos,session_id,S042_04575,S042_04575,10,4,0.4
warehouse_measurement:session:s042_04576:8512d2733df8,session,warehouse_measurement,S042_04576,synnetqos,session_id,S042_04576,S042_04576,10,1,0.1
warehouse_measurement:session:s042_04577:2bccf8d41a72,session,warehouse_measurement,S042_04577,synnetqos,session_id,S042_04577,S042_04577,10,9,0.9
warehouse_measurement:session:s042_04578:b4246ccda10f,session,warehouse_measurement,S042_04578,synnetqos,session_id,S042_04578,S042_04578,10,1,0.1
warehouse_measurement:session:s042_04579:84aa48913813,session,warehouse_measurement,S042_04579,synnetqos,session_id,S042_04579,S042_04579,10,5,0.5
warehouse_measurement:session:s042_04580:fe4d98ff137b,session,warehouse_measurement,S042_04580,synnetqos,session_id,S042_04580,S042_04580,10,8,0.8
warehouse_measurement:session:s042_04581:0592cb3869c4,session,warehouse_measurement,S042_04581,synnetqos,session_id,S042_04581,S042_04581,10,7,0.7
warehouse_measurement:session:s042_04582:e434ab58c62b,session,warehouse_measurement,S042_04582,synnetqos,session_id,S042_04582,S042_04582,10,10,1.0
warehouse_measurement:session:s042_04583:65f38dacc025,session,warehouse_measurement,S042_04583,synnetqos,session_id,S042_04583,S042_04583,10,10,1.0
warehouse_measurement:session:s042_04584:dde7f68adfbb,session,warehouse_measurement,S042_04584,synnetqos,session_id,S042_04584,S042_04584,10,3,0.3
warehouse_measurement:session:s042_04585:a5004778c761,session,warehouse_measurement,S042_04585,synnetqos,session_id,S042_04585,S042_04585,10,1,0.1
warehouse_measurement:session:s042_04586:7b93d6fabf27,session,warehouse_measurement,S042_04586,synnetqos,session_id,S042_04586,S042_04586,10,6,0.6
warehouse_measurement:session:s042_04587:404af4dd92c3,session,warehouse_measurement,S042_04587,synnetqos,session_id,S042_04587,S042_04587,10,8,0.8
warehouse_measurement:session:s042_04588:421e351154c6,session,warehouse_measurement,S042_04588,synnetqos,session_id,S042_04588,S042_04588,10,7,0.7
warehouse_measurement:session:s042_04589:1fc30db9d245,session,warehouse_measurement,S042_04589,synnetqos,session_id,S042_04589,S042_04589,10,5,0.5
warehouse_measurement:session:s042_04590:fcfe831af2a2,session,warehouse_measurement,S042_04590,synnetqos,session_id,S042_04590,S042_04590,10,8,0.8
warehouse_measurement:session:s042_04591:256e867e7b95,session,warehouse_measurement,S042_04591,synnetqos,session_id,S042_04591,S042_04591,10,2,0.2
warehouse_measurement:session:s042_04592:05cfc6a0eebd,session,warehouse_measurement,S042_04592,synnetqos,session_id,S042_04592,S042_04592,10,3,0.3
warehouse_measurement:session:s042_04593:e4c4453a7d26,session,warehouse_measurement,S042_04593,synnetqos,session_id,S042_04593,S042_04593,10,8,0.8
warehouse_measurement:session:s042_04594:bab5e8973ce2,session,warehouse_measurement,S042_04594,synnetqos,session_id,S042_04594,S042_04594,10,7,0.7
warehouse_measurement:session:s042_04595:ec55f506dd11,session,warehouse_measurement,S042_04595,synnetqos,session_id,S042_04595,S042_04595,10,8,0.8
warehouse_measurement:session:s042_04596:5e1a3d70c4ae,session,warehouse_measurement,S042_04596,synnetqos,session_id,S042_04596,S042_04596,10,9,0.9
warehouse_measurement:session:s042_04597:cca9f0bdc915,session,warehouse_measurement,S042_04597,synnetqos,session_id,S042_04597,S042_04597,10,2,0.2
warehouse_measurement:session:s042_04598:71298d1f2255,session,warehouse_measurement,S042_04598,synnetqos,session_id,S042_04598,S042_04598,10,2,0.2
warehouse_measurement:session:s042_04599:5c6c42b7c17e,session,warehouse_measurement,S042_04599,synnetqos,session_id,S042_04599,S042_04599,10,8,0.8
warehouse_measurement:session:s042_04600:3a6079dd36e8,session,warehouse_measurement,S042_04600,synnetqos,session_id,S042_04600,S042_04600,10,5,0.5
warehouse_measurement:session:s042_04601:228d15474c48,session,warehouse_measurement,S042_04601,synnetqos,session_id,S042_04601,S042_04601,10,10,1.0
warehouse_measurement:session:s042_04602:9cd1eab4add4,session,warehouse_measurement,S042_04602,synnetqos,session_id,S042_04602,S042_04602,10,2,0.2
warehouse_measurement:session:s042_04603:e713b447c17c,session,warehouse_measurement,S042_04603,synnetqos,session_id,S042_04603,S042_04603,10,1,0.1
warehouse_measurement:session:s042_04604:4e2072f9e363,session,warehouse_measurement,S042_04604,synnetqos,session_id,S042_04604,S042_04604,10,0,0.0
warehouse_measurement:session:s042_04605:4f040369a02a,session,warehouse_measurement,S042_04605,synnetqos,session_id,S042_04605,S042_04605,10,1,0.1
warehouse_measurement:session:s042_04606:17ba576da877,session,warehouse_measurement,S042_04606,synnetqos,session_id,S042_04606,S042_04606,10,8,0.8
warehouse_measurement:session:s042_04607:d1ddd93efbf0,session,warehouse_measurement,S042_04607,synnetqos,session_id,S042_04607,S042_04607,10,9,0.9
warehouse_measurement:session:s042_04608:f875bfa1e266,session,warehouse_measurement,S042_04608,synnetqos,session_id,S042_04608,S042_04608,10,10,1.0
warehouse_measurement:session:s042_04609:febb7f81d3d8,session,warehouse_measurement,S042_04609,synnetqos,session_id,S042_04609,S042_04609,10,4,0.4
warehouse_measurement:session:s042_04610:7d54cf70eeb1,session,warehouse_measurement,S042_04610,synnetqos,session_id,S042_04610,S042_04610,10,9,0.9
warehouse_measurement:session:s042_04611:0bd483f5998e,session,warehouse_measurement,S042_04611,synnetqos,session_id,S042_04611,S042_04611,10,4,0.4
warehouse_measurement:session:s042_04612:758780add638,session,warehouse_measurement,S042_04612,synnetqos,session_id,S042_04612,S042_04612,10,5,0.5
warehouse_measurement:session:s042_04613:6051afdcc5fb,session,warehouse_measurement,S042_04613,synnetqos,session_id,S042_04613,S042_04613,10,8,0.8
warehouse_measurement:session:s042_04614:3fedd9162fd3,session,warehouse_measurement,S042_04614,synnetqos,session_id,S042_04614,S042_04614,10,9,0.9
warehouse_measurement:session:s042_04615:c6ec7301245f,session,warehouse_measurement,S042_04615,synnetqos,session_id,S042_04615,S042_04615,10,2,0.2
warehouse_measurement:session:s042_04616:77191f1e29ed,session,warehouse_measurement,S042_04616,synnetqos,session_id,S042_04616,S042_04616,10,4,0.4
warehouse_measurement:session:s042_04617:28dae2efd595,session,warehouse_measurement,S042_04617,synnetqos,session_id,S042_04617,S042_04617,10,9,0.9
warehouse_measurement:session:s042_04618:47292f5e6fdf,session,warehouse_measurement,S042_04618,synnetqos,session_id,S042_04618,S042_04618,10,4,0.4
warehouse_measurement:session:s042_04619:5e67b7688316,session,warehouse_measurement,S042_04619,synnetqos,session_id,S042_04619,S042_04619,10,2,0.2
warehouse_measurement:session:s042_04620:d9b8b61371b5,session,warehouse_measurement,S042_04620,synnetqos,session_id,S042_04620,S042_04620,10,7,0.7
warehouse_measurement:session:s042_04621:c3ab31913a44,session,warehouse_measurement,S042_04621,synnetqos,session_id,S042_04621,S042_04621,10,6,0.6
warehouse_measurement:session:s042_04622:7238d663a55b,session,warehouse_measurement,S042_04622,synnetqos,session_id,S042_04622,S042_04622,10,1,0.1
warehouse_measurement:session:s042_04623:d45630ecd1cd,session,warehouse_measurement,S042_04623,synnetqos,session_id,S042_04623,S042_04623,10,9,0.9
warehouse_measurement:session:s042_04624:76a5f61f1da0,session,warehouse_measurement,S042_04624,synnetqos,session_id,S042_04624,S042_04624,10,4,0.4
warehouse_measurement:session:s042_04625:fdc5d90868d2,session,warehouse_measurement,S042_04625,synnetqos,session_id,S042_04625,S042_04625,10,6,0.6
warehouse_measurement:session:s042_04626:6a2dc6b66a57,session,warehouse_measurement,S042_04626,synnetqos,session_id,S042_04626,S042_04626,10,6,0.6
warehouse_measurement:session:s042_04627:2eb23a68ab43,session,warehouse_measurement,S042_04627,synnetqos,session_id,S042_04627,S042_04627,10,10,1.0
warehouse_measurement:session:s042_04628:d2a1d93ae8b7,session,warehouse_measurement,S042_04628,synnetqos,session_id,S042_04628,S042_04628,10,4,0.4
warehouse_measurement:session:s042_04629:214694ae4716,session,warehouse_measurement,S042_04629,synnetqos,session_id,S042_04629,S042_04629,10,7,0.7
warehouse_measurement:session:s042_04630:8f58457d004a,session,warehouse_measurement,S042_04630,synnetqos,session_id,S042_04630,S042_04630,10,0,0.0
warehouse_measurement:session:s042_04631:7c930ac4e524,session,warehouse_measurement,S042_04631,synnetqos,session_id,S042_04631,S042_04631,10,1,0.1
warehouse_measurement:session:s042_04632:a8aac9234bd8,session,warehouse_measurement,S042_04632,synnetqos,session_id,S042_04632,S042_04632,10,6,0.6
warehouse_measurement:session:s042_04633:8e011fd069ca,session,warehouse_measurement,S042_04633,synnetqos,session_id,S042_04633,S042_04633,10,1,0.1
warehouse_measurement:session:s042_04634:02754fd9f93d,session,warehouse_measurement,S042_04634,synnetqos,session_id,S042_04634,S042_04634,10,1,0.1
warehouse_measurement:session:s042_04635:f6616ad4a8df,session,warehouse_measurement,S042_04635,synnetqos,session_id,S042_04635,S042_04635,10,1,0.1
warehouse_measurement:session:s042_04636:25d0011a4e46,session,warehouse_measurement,S042_04636,synnetqos,session_id,S042_04636,S042_04636,10,4,0.4
warehouse_measurement:session:s042_04637:3b5b07278205,session,warehouse_measurement,S042_04637,synnetqos,session_id,S042_04637,S042_04637,10,3,0.3
warehouse_measurement:session:s042_04638:531a89bca7ff,session,warehouse_measurement,S042_04638,synnetqos,session_id,S042_04638,S042_04638,10,0,0.0
warehouse_measurement:session:s042_04639:a2a879131679,session,warehouse_measurement,S042_04639,synnetqos,session_id,S042_04639,S042_04639,10,9,0.9
warehouse_measurement:session:s042_04640:5df20a54f5f3,session,warehouse_measurement,S042_04640,synnetqos,session_id,S042_04640,S042_04640,10,4,0.4
warehouse_measurement:session:s042_04641:b5d7d577d73f,session,warehouse_measurement,S042_04641,synnetqos,session_id,S042_04641,S042_04641,10,0,0.0
warehouse_measurement:session:s042_04642:63ab532b1443,session,warehouse_measurement,S042_04642,synnetqos,session_id,S042_04642,S042_04642,10,9,0.9
warehouse_measurement:session:s042_04643:188156fc9247,session,warehouse_measurement,S042_04643,synnetqos,session_id,S042_04643,S042_04643,10,1,0.1
warehouse_measurement:session:s042_04644:be7fd789a10e,session,warehouse_measurement,S042_04644,synnetqos,session_id,S042_04644,S042_04644,10,0,0.0
warehouse_measurement:session:s042_04645:04bf9d57ab79,session,warehouse_measurement,S042_04645,synnetqos,session_id,S042_04645,S042_04645,10,6,0.6
warehouse_measurement:session:s042_04646:f115cef260b3,session,warehouse_measurement,S042_04646,synnetqos,session_id,S042_04646,S042_04646,10,1,0.1
warehouse_measurement:session:s042_04647:3ee1140c74f2,session,warehouse_measurement,S042_04647,synnetqos,session_id,S042_04647,S042_04647,10,8,0.8
warehouse_measurement:session:s042_04648:f96e619e387a,session,warehouse_measurement,S042_04648,synnetqos,session_id,S042_04648,S042_04648,10,3,0.3
warehouse_measurement:session:s042_04649:4839e3b33142,session,warehouse_measurement,S042_04649,synnetqos,session_id,S042_04649,S042_04649,10,10,1.0
warehouse_measurement:session:s042_04650:a54be059092a,session,warehouse_measurement,S042_04650,synnetqos,session_id,S042_04650,S042_04650,10,5,0.5
warehouse_measurement:session:s042_04651:ac93cfd0fb3d,session,warehouse_measurement,S042_04651,synnetqos,session_id,S042_04651,S042_04651,10,10,1.0
warehouse_measurement:session:s042_04652:4e71867b448c,session,warehouse_measurement,S042_04652,synnetqos,session_id,S042_04652,S042_04652,10,1,0.1
warehouse_measurement:session:s042_04653:1859cf9c7fcf,session,warehouse_measurement,S042_04653,synnetqos,session_id,S042_04653,S042_04653,10,10,1.0
warehouse_measurement:session:s042_04654:4f6382ab6cec,session,warehouse_measurement,S042_04654,synnetqos,session_id,S042_04654,S042_04654,10,1,0.1
warehouse_measurement:session:s042_04655:0b66051866fc,session,warehouse_measurement,S042_04655,synnetqos,session_id,S042_04655,S042_04655,10,1,0.1
warehouse_measurement:session:s042_04656:41dc71b8dc60,session,warehouse_measurement,S042_04656,synnetqos,session_id,S042_04656,S042_04656,10,4,0.4
warehouse_measurement:session:s042_04657:9264e25b463d,session,warehouse_measurement,S042_04657,synnetqos,session_id,S042_04657,S042_04657,10,3,0.3
warehouse_measurement:session:s042_04658:31ae513dec19,session,warehouse_measurement,S042_04658,synnetqos,session_id,S042_04658,S042_04658,10,7,0.7
warehouse_measurement:session:s042_04659:32d6f35b4164,session,warehouse_measurement,S042_04659,synnetqos,session_id,S042_04659,S042_04659,10,2,0.2
warehouse_measurement:session:s042_04660:6535829ccec3,session,warehouse_measurement,S042_04660,synnetqos,session_id,S042_04660,S042_04660,10,2,0.2
warehouse_measurement:session:s042_04661:70818190f802,session,warehouse_measurement,S042_04661,synnetqos,session_id,S042_04661,S042_04661,10,5,0.5
warehouse_measurement:session:s042_04662:29fed4e7b354,session,warehouse_measurement,S042_04662,synnetqos,session_id,S042_04662,S042_04662,10,1,0.1
warehouse_measurement:session:s042_04663:bec12570ce5e,session,warehouse_measurement,S042_04663,synnetqos,session_id,S042_04663,S042_04663,10,7,0.7
warehouse_measurement:session:s042_04664:4858c28fe66d,session,warehouse_measurement,S042_04664,synnetqos,session_id,S042_04664,S042_04664,10,6,0.6
warehouse_measurement:session:s042_04665:9e7b03739579,session,warehouse_measurement,S042_04665,synnetqos,session_id,S042_04665,S042_04665,10,9,0.9
warehouse_measurement:session:s042_04666:76a3659ca412,session,warehouse_measurement,S042_04666,synnetqos,session_id,S042_04666,S042_04666,10,2,0.2
warehouse_measurement:session:s042_04667:cadc20eee9b1,session,warehouse_measurement,S042_04667,synnetqos,session_id,S042_04667,S042_04667,10,3,0.3
warehouse_measurement:session:s042_04668:a6b550c5b09c,session,warehouse_measurement,S042_04668,synnetqos,session_id,S042_04668,S042_04668,10,5,0.5
warehouse_measurement:session:s042_04669:54d8e9011173,session,warehouse_measurement,S042_04669,synnetqos,session_id,S042_04669,S042_04669,10,9,0.9
warehouse_measurement:session:s042_04670:6f09b5294601,session,warehouse_measurement,S042_04670,synnetqos,session_id,S042_04670,S042_04670,10,0,0.0
warehouse_measurement:session:s042_04671:b94177f3d0aa,session,warehouse_measurement,S042_04671,synnetqos,session_id,S042_04671,S042_04671,10,8,0.8
warehouse_measurement:session:s042_04672:7486bc0bde1a,session,warehouse_measurement,S042_04672,synnetqos,session_id,S042_04672,S042_04672,10,0,0.0
warehouse_measurement:session:s042_04673:72eb56d4b380,session,warehouse_measurement,S042_04673,synnetqos,session_id,S042_04673,S042_04673,10,5,0.5
warehouse_measurement:session:s042_04674:48f2863b52b6,session,warehouse_measurement,S042_04674,synnetqos,session_id,S042_04674,S042_04674,10,5,0.5
warehouse_measurement:session:s042_04675:bd5a6cd04e83,session,warehouse_measurement,S042_04675,synnetqos,session_id,S042_04675,S042_04675,10,2,0.2
warehouse_measurement:session:s042_04676:adf2d6379933,session,warehouse_measurement,S042_04676,synnetqos,session_id,S042_04676,S042_04676,10,4,0.4
warehouse_measurement:session:s042_04677:8da4cf9e42e9,session,warehouse_measurement,S042_04677,synnetqos,session_id,S042_04677,S042_04677,10,3,0.3
warehouse_measurement:session:s042_04678:feecbdda9385,session,warehouse_measurement,S042_04678,synnetqos,session_id,S042_04678,S042_04678,10,8,0.8
warehouse_measurement:session:s042_04679:66144d0fa8a0,session,warehouse_measurement,S042_04679,synnetqos,session_id,S042_04679,S042_04679,10,4,0.4
warehouse_measurement:session:s042_04680:f28af9bcd6a6,session,warehouse_measurement,S042_04680,synnetqos,session_id,S042_04680,S042_04680,10,6,0.6
warehouse_measurement:session:s042_04681:47cf35e70347,session,warehouse_measurement,S042_04681,synnetqos,session_id,S042_04681,S042_04681,10,2,0.2
warehouse_measurement:session:s042_04682:e627f6a3b7f4,session,warehouse_measurement,S042_04682,synnetqos,session_id,S042_04682,S042_04682,10,5,0.5
warehouse_measurement:session:s042_04683:52db6ad4e4e7,session,warehouse_measurement,S042_04683,synnetqos,session_id,S042_04683,S042_04683,10,6,0.6
warehouse_measurement:session:s042_04684:324543d98a9b,session,warehouse_measurement,S042_04684,synnetqos,session_id,S042_04684,S042_04684,10,7,0.7
warehouse_measurement:session:s042_04685:1090f047aca2,session,warehouse_measurement,S042_04685,synnetqos,session_id,S042_04685,S042_04685,10,7,0.7
warehouse_measurement:session:s042_04686:fb957fc2d302,session,warehouse_measurement,S042_04686,synnetqos,session_id,S042_04686,S042_04686,10,3,0.3
warehouse_measurement:session:s042_04687:28738b3bd968,session,warehouse_measurement,S042_04687,synnetqos,session_id,S042_04687,S042_04687,10,4,0.4
warehouse_measurement:session:s042_04688:38e4e8ff359a,session,warehouse_measurement,S042_04688,synnetqos,session_id,S042_04688,S042_04688,10,8,0.8
warehouse_measurement:session:s042_04689:87b308a2a8b9,session,warehouse_measurement,S042_04689,synnetqos,session_id,S042_04689,S042_04689,10,0,0.0
warehouse_measurement:session:s042_04690:35b55422aef6,session,warehouse_measurement,S042_04690,synnetqos,session_id,S042_04690,S042_04690,10,7,0.7
warehouse_measurement:session:s042_04691:a2f321dfdc97,session,warehouse_measurement,S042_04691,synnetqos,session_id,S042_04691,S042_04691,10,8,0.8
warehouse_measurement:session:s042_04692:c091e2449eb4,session,warehouse_measurement,S042_04692,synnetqos,session_id,S042_04692,S042_04692,10,3,0.3
warehouse_measurement:session:s042_04693:6783a4b592d1,session,warehouse_measurement,S042_04693,synnetqos,session_id,S042_04693,S042_04693,10,8,0.8
warehouse_measurement:session:s042_04694:eb4e442f710f,session,warehouse_measurement,S042_04694,synnetqos,session_id,S042_04694,S042_04694,10,1,0.1
warehouse_measurement:session:s042_04695:2a3fb0437fea,session,warehouse_measurement,S042_04695,synnetqos,session_id,S042_04695,S042_04695,10,9,0.9
warehouse_measurement:session:s042_04696:a4ae1aa7f44f,session,warehouse_measurement,S042_04696,synnetqos,session_id,S042_04696,S042_04696,10,8,0.8
warehouse_measurement:session:s042_04697:2d48d79edb9e,session,warehouse_measurement,S042_04697,synnetqos,session_id,S042_04697,S042_04697,10,4,0.4
warehouse_measurement:session:s042_04698:1efa082319bc,session,warehouse_measurement,S042_04698,synnetqos,session_id,S042_04698,S042_04698,10,7,0.7
warehouse_measurement:session:s042_04699:1601c4aab999,session,warehouse_measurement,S042_04699,synnetqos,session_id,S042_04699,S042_04699,10,3,0.3
warehouse_measurement:session:s042_04700:d5d2d6460589,session,warehouse_measurement,S042_04700,synnetqos,session_id,S042_04700,S042_04700,10,9,0.9
warehouse_measurement:session:s042_04701:c3ed11a3110d,session,warehouse_measurement,S042_04701,synnetqos,session_id,S042_04701,S042_04701,10,10,1.0
warehouse_measurement:session:s042_04702:ace6d0798521,session,warehouse_measurement,S042_04702,synnetqos,session_id,S042_04702,S042_04702,10,0,0.0
warehouse_measurement:session:s042_04703:a39457edba43,session,warehouse_measurement,S042_04703,synnetqos,session_id,S042_04703,S042_04703,10,7,0.7
warehouse_measurement:session:s042_04704:348befa63393,session,warehouse_measurement,S042_04704,synnetqos,session_id,S042_04704,S042_04704,10,10,1.0
warehouse_measurement:session:s042_04705:26cdd69d086a,session,warehouse_measurement,S042_04705,synnetqos,session_id,S042_04705,S042_04705,10,5,0.5
warehouse_measurement:session:s042_04706:cd5e78de7d0b,session,warehouse_measurement,S042_04706,synnetqos,session_id,S042_04706,S042_04706,10,2,0.2
warehouse_measurement:session:s042_04707:fa397527a7bb,session,warehouse_measurement,S042_04707,synnetqos,session_id,S042_04707,S042_04707,10,5,0.5
warehouse_measurement:session:s042_04708:3fc0987aef6c,session,warehouse_measurement,S042_04708,synnetqos,session_id,S042_04708,S042_04708,10,4,0.4
warehouse_measurement:session:s042_04709:354af975fcfb,session,warehouse_measurement,S042_04709,synnetqos,session_id,S042_04709,S042_04709,10,1,0.1
warehouse_measurement:session:s042_04710:49e84a6a771f,session,warehouse_measurement,S042_04710,synnetqos,session_id,S042_04710,S042_04710,10,7,0.7
warehouse_measurement:session:s042_04711:e6eae54e0ec5,session,warehouse_measurement,S042_04711,synnetqos,session_id,S042_04711,S042_04711,10,10,1.0
warehouse_measurement:session:s042_04712:ec07c6f73d2f,session,warehouse_measurement,S042_04712,synnetqos,session_id,S042_04712,S042_04712,10,3,0.3
warehouse_measurement:session:s042_04713:86ee2b8bfdf1,session,warehouse_measurement,S042_04713,synnetqos,session_id,S042_04713,S042_04713,10,10,1.0
warehouse_measurement:session:s042_04714:6b0fa815e473,session,warehouse_measurement,S042_04714,synnetqos,session_id,S042_04714,S042_04714,10,1,0.1
warehouse_measurement:session:s042_04715:3092dda172cf,session,warehouse_measurement,S042_04715,synnetqos,session_id,S042_04715,S042_04715,10,0,0.0
warehouse_measurement:session:s042_04716:e26799bef9f9,session,warehouse_measurement,S042_04716,synnetqos,session_id,S042_04716,S042_04716,10,8,0.8
warehouse_measurement:session:s042_04717:6009cc569aef,session,warehouse_measurement,S042_04717,synnetqos,session_id,S042_04717,S042_04717,10,10,1.0
warehouse_measurement:session:s042_04718:8114bb07bec0,session,warehouse_measurement,S042_04718,synnetqos,session_id,S042_04718,S042_04718,10,6,0.6
warehouse_measurement:session:s042_04719:78d887bd66d3,session,warehouse_measurement,S042_04719,synnetqos,session_id,S042_04719,S042_04719,10,10,1.0
warehouse_measurement:session:s042_04720:8c6d79d0ea82,session,warehouse_measurement,S042_04720,synnetqos,session_id,S042_04720,S042_04720,10,1,0.1
warehouse_measurement:session:s042_04721:b584253e6be0,session,warehouse_measurement,S042_04721,synnetqos,session_id,S042_04721,S042_04721,10,9,0.9
warehouse_measurement:session:s042_04722:e81612217f7f,session,warehouse_measurement,S042_04722,synnetqos,session_id,S042_04722,S042_04722,10,0,0.0
warehouse_measurement:session:s042_04723:62060c172ff7,session,warehouse_measurement,S042_04723,synnetqos,session_id,S042_04723,S042_04723,10,8,0.8
warehouse_measurement:session:s042_04724:e5313abca2ca,session,warehouse_measurement,S042_04724,synnetqos,session_id,S042_04724,S042_04724,10,6,0.6
warehouse_measurement:session:s042_04725:c610e64973a6,session,warehouse_measurement,S042_04725,synnetqos,session_id,S042_04725,S042_04725,10,7,0.7
warehouse_measurement:session:s042_04726:3ce261eb1f04,session,warehouse_measurement,S042_04726,synnetqos,session_id,S042_04726,S042_04726,10,2,0.2
warehouse_measurement:session:s042_04727:bfef44773d39,session,warehouse_measurement,S042_04727,synnetqos,session_id,S042_04727,S042_04727,10,3,0.3
warehouse_measurement:session:s042_04728:849a589e993b,session,warehouse_measurement,S042_04728,synnetqos,session_id,S042_04728,S042_04728,10,6,0.6
warehouse_measurement:session:s042_04729:949b9918ba96,session,warehouse_measurement,S042_04729,synnetqos,session_id,S042_04729,S042_04729,10,0,0.0
warehouse_measurement:session:s042_04730:c2727945f5ab,session,warehouse_measurement,S042_04730,synnetqos,session_id,S042_04730,S042_04730,10,9,0.9
warehouse_measurement:session:s042_04731:bbdb049e1fa3,session,warehouse_measurement,S042_04731,synnetqos,session_id,S042_04731,S042_04731,10,10,1.0
warehouse_measurement:session:s042_04732:c8654e92c876,session,warehouse_measurement,S042_04732,synnetqos,session_id,S042_04732,S042_04732,10,5,0.5
warehouse_measurement:session:s042_04733:9afe83b9aa74,session,warehouse_measurement,S042_04733,synnetqos,session_id,S042_04733,S042_04733,10,4,0.4
warehouse_measurement:session:s042_04734:0d749f9c8f84,session,warehouse_measurement,S042_04734,synnetqos,session_id,S042_04734,S042_04734,10,1,0.1
warehouse_measurement:session:s042_04735:389f2de035ea,session,warehouse_measurement,S042_04735,synnetqos,session_id,S042_04735,S042_04735,10,2,0.2
warehouse_measurement:session:s042_04736:e3161cf958e6,session,warehouse_measurement,S042_04736,synnetqos,session_id,S042_04736,S042_04736,10,0,0.0
warehouse_measurement:session:s042_04737:a410d4e7ebbd,session,warehouse_measurement,S042_04737,synnetqos,session_id,S042_04737,S042_04737,10,5,0.5
warehouse_measurement:session:s042_04738:cd797db621d7,session,warehouse_measurement,S042_04738,synnetqos,session_id,S042_04738,S042_04738,10,1,0.1
warehouse_measurement:session:s042_04739:d0dc08523064,session,warehouse_measurement,S042_04739,synnetqos,session_id,S042_04739,S042_04739,10,1,0.1
warehouse_measurement:session:s042_04740:c75ee9bbddea,session,warehouse_measurement,S042_04740,synnetqos,session_id,S042_04740,S042_04740,10,8,0.8
warehouse_measurement:session:s042_04741:6de7ab0fc8da,session,warehouse_measurement,S042_04741,synnetqos,session_id,S042_04741,S042_04741,10,9,0.9
warehouse_measurement:session:s042_04742:93d626225918,session,warehouse_measurement,S042_04742,synnetqos,session_id,S042_04742,S042_04742,10,3,0.3
warehouse_measurement:session:s042_04743:5a94dfdb22c6,session,warehouse_measurement,S042_04743,synnetqos,session_id,S042_04743,S042_04743,10,9,0.9
warehouse_measurement:session:s042_04744:a82ca17e37fa,session,warehouse_measurement,S042_04744,synnetqos,session_id,S042_04744,S042_04744,10,1,0.1
warehouse_measurement:session:s042_04745:622be0f30797,session,warehouse_measurement,S042_04745,synnetqos,session_id,S042_04745,S042_04745,10,7,0.7
warehouse_measurement:session:s042_04746:a768ae8e10f3,session,warehouse_measurement,S042_04746,synnetqos,session_id,S042_04746,S042_04746,10,4,0.4
warehouse_measurement:session:s042_04747:0ec04c6d9e99,session,warehouse_measurement,S042_04747,synnetqos,session_id,S042_04747,S042_04747,10,1,0.1
warehouse_measurement:session:s042_04748:3298785f0b01,session,warehouse_measurement,S042_04748,synnetqos,session_id,S042_04748,S042_04748,10,1,0.1
warehouse_measurement:session:s042_04749:68df5cbb4a79,session,warehouse_measurement,S042_04749,synnetqos,session_id,S042_04749,S042_04749,10,0,0.0
warehouse_measurement:session:s042_04750:2b37da69efca,session,warehouse_measurement,S042_04750,synnetqos,session_id,S042_04750,S042_04750,10,10,1.0
warehouse_measurement:session:s042_04751:7063a6072d11,session,warehouse_measurement,S042_04751,synnetqos,session_id,S042_04751,S042_04751,10,5,0.5
warehouse_measurement:session:s042_04752:24df82be271b,session,warehouse_measurement,S042_04752,synnetqos,session_id,S042_04752,S042_04752,10,9,0.9
warehouse_measurement:session:s042_04753:acd0232c5243,session,warehouse_measurement,S042_04753,synnetqos,session_id,S042_04753,S042_04753,10,5,0.5
warehouse_measurement:session:s042_04754:90731bbb3a83,session,warehouse_measurement,S042_04754,synnetqos,session_id,S042_04754,S042_04754,10,1,0.1
warehouse_measurement:session:s042_04755:fe38d41cd6c7,session,warehouse_measurement,S042_04755,synnetqos,session_id,S042_04755,S042_04755,10,4,0.4
warehouse_measurement:session:s042_04756:7a535af458e8,session,warehouse_measurement,S042_04756,synnetqos,session_id,S042_04756,S042_04756,10,2,0.2
warehouse_measurement:session:s042_04757:0d14d1159f2d,session,warehouse_measurement,S042_04757,synnetqos,session_id,S042_04757,S042_04757,10,10,1.0
warehouse_measurement:session:s042_04758:5ec24022d6dc,session,warehouse_measurement,S042_04758,synnetqos,session_id,S042_04758,S042_04758,10,7,0.7
warehouse_measurement:session:s042_04759:fb1e24b9c95a,session,warehouse_measurement,S042_04759,synnetqos,session_id,S042_04759,S042_04759,10,9,0.9
warehouse_measurement:session:s042_04760:5d3390d2dfb5,session,warehouse_measurement,S042_04760,synnetqos,session_id,S042_04760,S042_04760,10,7,0.7
warehouse_measurement:session:s042_04761:1b15101daaca,session,warehouse_measurement,S042_04761,synnetqos,session_id,S042_04761,S042_04761,10,2,0.2
warehouse_measurement:session:s042_04762:1aa32f7bcd8a,session,warehouse_measurement,S042_04762,synnetqos,session_id,S042_04762,S042_04762,10,7,0.7
warehouse_measurement:session:s042_04763:1f5cd342deb4,session,warehouse_measurement,S042_04763,synnetqos,session_id,S042_04763,S042_04763,10,6,0.6
warehouse_measurement:session:s042_04764:39fa57c7391c,session,warehouse_measurement,S042_04764,synnetqos,session_id,S042_04764,S042_04764,10,6,0.6
warehouse_measurement:session:s042_04765:d30d06f9e728,session,warehouse_measurement,S042_04765,synnetqos,session_id,S042_04765,S042_04765,10,5,0.5
warehouse_measurement:session:s042_04766:9d17a356eebf,session,warehouse_measurement,S042_04766,synnetqos,session_id,S042_04766,S042_04766,10,1,0.1
warehouse_measurement:session:s042_04767:940fddc5978d,session,warehouse_measurement,S042_04767,synnetqos,session_id,S042_04767,S042_04767,10,4,0.4
warehouse_measurement:session:s042_04768:64d390357963,session,warehouse_measurement,S042_04768,synnetqos,session_id,S042_04768,S042_04768,10,6,0.6
warehouse_measurement:session:s042_04769:6d71a0a53e9e,session,warehouse_measurement,S042_04769,synnetqos,session_id,S042_04769,S042_04769,10,1,0.1
warehouse_measurement:session:s042_04770:26e9022d1d19,session,warehouse_measurement,S042_04770,synnetqos,session_id,S042_04770,S042_04770,10,8,0.8
warehouse_measurement:session:s042_04771:d679ef9582b3,session,warehouse_measurement,S042_04771,synnetqos,session_id,S042_04771,S042_04771,10,7,0.7
warehouse_measurement:session:s042_04772:75deea3b7216,session,warehouse_measurement,S042_04772,synnetqos,session_id,S042_04772,S042_04772,10,0,0.0
warehouse_measurement:session:s042_04773:319f713517f5,session,warehouse_measurement,S042_04773,synnetqos,session_id,S042_04773,S042_04773,10,10,1.0
warehouse_measurement:session:s042_04774:5cb27bfd2c7f,session,warehouse_measurement,S042_04774,synnetqos,session_id,S042_04774,S042_04774,10,8,0.8
warehouse_measurement:session:s042_04775:d679cef54caa,session,warehouse_measurement,S042_04775,synnetqos,session_id,S042_04775,S042_04775,10,10,1.0
warehouse_measurement:session:s042_04776:2fae35c96b74,session,warehouse_measurement,S042_04776,synnetqos,session_id,S042_04776,S042_04776,10,5,0.5
warehouse_measurement:session:s042_04777:f6d890dc5bff,session,warehouse_measurement,S042_04777,synnetqos,session_id,S042_04777,S042_04777,10,0,0.0
warehouse_measurement:session:s042_04778:91373486ab1c,session,warehouse_measurement,S042_04778,synnetqos,session_id,S042_04778,S042_04778,10,2,0.2
warehouse_measurement:session:s042_04779:8c023449c2dc,session,warehouse_measurement,S042_04779,synnetqos,session_id,S042_04779,S042_04779,10,2,0.2
warehouse_measurement:session:s042_04780:66a2d59d4066,session,warehouse_measurement,S042_04780,synnetqos,session_id,S042_04780,S042_04780,10,4,0.4
warehouse_measurement:session:s042_04781:caf649b6629d,session,warehouse_measurement,S042_04781,synnetqos,session_id,S042_04781,S042_04781,10,4,0.4
warehouse_measurement:session:s042_04782:13f22576277b,session,warehouse_measurement,S042_04782,synnetqos,session_id,S042_04782,S042_04782,10,1,0.1
warehouse_measurement:session:s042_04783:83624f3ea9b3,session,warehouse_measurement,S042_04783,synnetqos,session_id,S042_04783,S042_04783,10,8,0.8
warehouse_measurement:session:s042_04784:c9cf52f3444d,session,warehouse_measurement,S042_04784,synnetqos,session_id,S042_04784,S042_04784,10,10,1.0
warehouse_measurement:session:s042_04785:f4c2828b66ad,session,warehouse_measurement,S042_04785,synnetqos,session_id,S042_04785,S042_04785,10,4,0.4
warehouse_measurement:session:s042_04786:9ff5393b2a93,session,warehouse_measurement,S042_04786,synnetqos,session_id,S042_04786,S042_04786,10,7,0.7
warehouse_measurement:session:s042_04787:c395b6f9357c,session,warehouse_measurement,S042_04787,synnetqos,session_id,S042_04787,S042_04787,10,1,0.1
warehouse_measurement:session:s042_04788:64c35d302dcc,session,warehouse_measurement,S042_04788,synnetqos,session_id,S042_04788,S042_04788,10,8,0.8
warehouse_measurement:session:s042_04789:448af6c1c72b,session,warehouse_measurement,S042_04789,synnetqos,session_id,S042_04789,S042_04789,10,1,0.1
warehouse_measurement:session:s042_04790:0fab469678a7,session,warehouse_measurement,S042_04790,synnetqos,session_id,S042_04790,S042_04790,10,10,1.0
warehouse_measurement:session:s042_04791:812f55aa8cbe,session,warehouse_measurement,S042_04791,synnetqos,session_id,S042_04791,S042_04791,10,0,0.0
warehouse_measurement:session:s042_04792:4d4cd32e815b,session,warehouse_measurement,S042_04792,synnetqos,session_id,S042_04792,S042_04792,10,10,1.0
warehouse_measurement:session:s042_04793:74b6c52553d3,session,warehouse_measurement,S042_04793,synnetqos,session_id,S042_04793,S042_04793,10,9,0.9
warehouse_measurement:session:s042_04794:298ca4c2f802,session,warehouse_measurement,S042_04794,synnetqos,session_id,S042_04794,S042_04794,10,9,0.9
warehouse_measurement:session:s042_04795:ae36400e6d2b,session,warehouse_measurement,S042_04795,synnetqos,session_id,S042_04795,S042_04795,10,8,0.8
warehouse_measurement:session:s042_04796:8fe7932137cb,session,warehouse_measurement,S042_04796,synnetqos,session_id,S042_04796,S042_04796,10,5,0.5
warehouse_measurement:session:s042_04797:2efa7cb2a89f,session,warehouse_measurement,S042_04797,synnetqos,session_id,S042_04797,S042_04797,10,6,0.6
warehouse_measurement:session:s042_04798:9e731f3fa865,session,warehouse_measurement,S042_04798,synnetqos,session_id,S042_04798,S042_04798,10,8,0.8
warehouse_measurement:session:s042_04799:6b8491fc2449,session,warehouse_measurement,S042_04799,synnetqos,session_id,S042_04799,S042_04799,10,1,0.1
warehouse_measurement:session:s042_04800:243074baddc4,session,warehouse_measurement,S042_04800,synnetqos,session_id,S042_04800,S042_04800,10,10,1.0
warehouse_measurement:session:s042_04801:58299cd72db5,session,warehouse_measurement,S042_04801,synnetqos,session_id,S042_04801,S042_04801,10,0,0.0
warehouse_measurement:session:s042_04802:d754ea34e972,session,warehouse_measurement,S042_04802,synnetqos,session_id,S042_04802,S042_04802,10,3,0.3
warehouse_measurement:session:s042_04803:392709162ed5,session,warehouse_measurement,S042_04803,synnetqos,session_id,S042_04803,S042_04803,10,10,1.0
warehouse_measurement:session:s042_04804:50c8f03a6fe7,session,warehouse_measurement,S042_04804,synnetqos,session_id,S042_04804,S042_04804,10,1,0.1
warehouse_measurement:session:s042_04805:1418eff748db,session,warehouse_measurement,S042_04805,synnetqos,session_id,S042_04805,S042_04805,10,4,0.4
warehouse_measurement:session:s042_04806:e663d690e6d2,session,warehouse_measurement,S042_04806,synnetqos,session_id,S042_04806,S042_04806,10,6,0.6
warehouse_measurement:session:s042_04807:8b8433dec71a,session,warehouse_measurement,S042_04807,synnetqos,session_id,S042_04807,S042_04807,10,10,1.0
warehouse_measurement:session:s042_04808:a3864ae40412,session,warehouse_measurement,S042_04808,synnetqos,session_id,S042_04808,S042_04808,10,3,0.3
warehouse_measurement:session:s042_04809:35b08e60388a,session,warehouse_measurement,S042_04809,synnetqos,session_id,S042_04809,S042_04809,10,9,0.9
warehouse_measurement:session:s042_04810:8fbc57387b4f,session,warehouse_measurement,S042_04810,synnetqos,session_id,S042_04810,S042_04810,10,7,0.7
warehouse_measurement:session:s042_04811:f4c7356b2755,session,warehouse_measurement,S042_04811,synnetqos,session_id,S042_04811,S042_04811,10,6,0.6
warehouse_measurement:session:s042_04812:922fd921c0f3,session,warehouse_measurement,S042_04812,synnetqos,session_id,S042_04812,S042_04812,10,4,0.4
warehouse_measurement:session:s042_04813:72d0da5c8bc6,session,warehouse_measurement,S042_04813,synnetqos,session_id,S042_04813,S042_04813,10,6,0.6
warehouse_measurement:session:s042_04814:0ebabb1d5b40,session,warehouse_measurement,S042_04814,synnetqos,session_id,S042_04814,S042_04814,10,1,0.1
warehouse_measurement:session:s042_04815:0602b1e0a83a,session,warehouse_measurement,S042_04815,synnetqos,session_id,S042_04815,S042_04815,10,0,0.0
warehouse_measurement:session:s042_04816:517abbe17d42,session,warehouse_measurement,S042_04816,synnetqos,session_id,S042_04816,S042_04816,10,4,0.4
warehouse_measurement:session:s042_04817:369c14985741,session,warehouse_measurement,S042_04817,synnetqos,session_id,S042_04817,S042_04817,10,8,0.8
warehouse_measurement:session:s042_04818:4985dcbbeaa2,session,warehouse_measurement,S042_04818,synnetqos,session_id,S042_04818,S042_04818,10,9,0.9
warehouse_measurement:session:s042_04819:770c4294a6a3,session,warehouse_measurement,S042_04819,synnetqos,session_id,S042_04819,S042_04819,10,4,0.4
warehouse_measurement:session:s042_04820:2f0606a08a48,session,warehouse_measurement,S042_04820,synnetqos,session_id,S042_04820,S042_04820,10,9,0.9
warehouse_measurement:session:s042_04821:60476965b633,session,warehouse_measurement,S042_04821,synnetqos,session_id,S042_04821,S042_04821,10,5,0.5
warehouse_measurement:session:s042_04822:79caf2123484,session,warehouse_measurement,S042_04822,synnetqos,session_id,S042_04822,S042_04822,10,8,0.8
warehouse_measurement:session:s042_04823:422d6a158c81,session,warehouse_measurement,S042_04823,synnetqos,session_id,S042_04823,S042_04823,10,9,0.9
warehouse_measurement:session:s042_04824:20219f1c5fb2,session,warehouse_measurement,S042_04824,synnetqos,session_id,S042_04824,S042_04824,10,3,0.3
warehouse_measurement:session:s042_04825:b737c8c3512f,session,warehouse_measurement,S042_04825,synnetqos,session_id,S042_04825,S042_04825,10,8,0.8
warehouse_measurement:session:s042_04826:11b8f657796c,session,warehouse_measurement,S042_04826,synnetqos,session_id,S042_04826,S042_04826,10,7,0.7
warehouse_measurement:session:s042_04827:d6a735e2ba1b,session,warehouse_measurement,S042_04827,synnetqos,session_id,S042_04827,S042_04827,10,6,0.6
warehouse_measurement:session:s042_04828:67e771a1eba0,session,warehouse_measurement,S042_04828,synnetqos,session_id,S042_04828,S042_04828,10,6,0.6
warehouse_measurement:session:s042_04829:6e9dc0ed2f8f,session,warehouse_measurement,S042_04829,synnetqos,session_id,S042_04829,S042_04829,10,3,0.3
warehouse_measurement:session:s042_04830:3a515294ffc8,session,warehouse_measurement,S042_04830,synnetqos,session_id,S042_04830,S042_04830,10,7,0.7
warehouse_measurement:session:s042_04831:bc4e6e777e5b,session,warehouse_measurement,S042_04831,synnetqos,session_id,S042_04831,S042_04831,10,9,0.9
warehouse_measurement:session:s042_04832:e097ca8a888c,session,warehouse_measurement,S042_04832,synnetqos,session_id,S042_04832,S042_04832,10,3,0.3
warehouse_measurement:session:s042_04833:d62805bb122b,session,warehouse_measurement,S042_04833,synnetqos,session_id,S042_04833,S042_04833,10,3,0.3
warehouse_measurement:session:s042_04834:d15b189011e3,session,warehouse_measurement,S042_04834,synnetqos,session_id,S042_04834,S042_04834,10,8,0.8
warehouse_measurement:session:s042_04835:c20ca74cee70,session,warehouse_measurement,S042_04835,synnetqos,session_id,S042_04835,S042_04835,10,3,0.3
warehouse_measurement:session:s042_04836:17b78054f4a1,session,warehouse_measurement,S042_04836,synnetqos,session_id,S042_04836,S042_04836,10,8,0.8
warehouse_measurement:session:s042_04837:6e1bc1bfad9a,session,warehouse_measurement,S042_04837,synnetqos,session_id,S042_04837,S042_04837,10,2,0.2
warehouse_measurement:session:s042_04838:5cf54fee8b6b,session,warehouse_measurement,S042_04838,synnetqos,session_id,S042_04838,S042_04838,10,2,0.2
warehouse_measurement:session:s042_04839:fec92e548b7f,session,warehouse_measurement,S042_04839,synnetqos,session_id,S042_04839,S042_04839,10,10,1.0
warehouse_measurement:session:s042_04840:255476678aaf,session,warehouse_measurement,S042_04840,synnetqos,session_id,S042_04840,S042_04840,10,1,0.1
warehouse_measurement:session:s042_04841:d16377c84fe8,session,warehouse_measurement,S042_04841,synnetqos,session_id,S042_04841,S042_04841,10,0,0.0
warehouse_measurement:session:s042_04842:9bfad4a067a0,session,warehouse_measurement,S042_04842,synnetqos,session_id,S042_04842,S042_04842,10,1,0.1
warehouse_measurement:session:s042_04843:faab449e4469,session,warehouse_measurement,S042_04843,synnetqos,session_id,S042_04843,S042_04843,10,6,0.6
warehouse_measurement:session:s042_04844:c6dcdb6f2872,session,warehouse_measurement,S042_04844,synnetqos,session_id,S042_04844,S042_04844,10,9,0.9
warehouse_measurement:session:s042_04845:203802762b55,session,warehouse_measurement,S042_04845,synnetqos,session_id,S042_04845,S042_04845,10,5,0.5
warehouse_measurement:session:s042_04846:4f89ecda6b60,session,warehouse_measurement,S042_04846,synnetqos,session_id,S042_04846,S042_04846,10,2,0.2
warehouse_measurement:session:s042_04847:8c284b95db6e,session,warehouse_measurement,S042_04847,synnetqos,session_id,S042_04847,S042_04847,10,10,1.0
warehouse_measurement:session:s042_04848:32ded7647e75,session,warehouse_measurement,S042_04848,synnetqos,session_id,S042_04848,S042_04848,10,5,0.5
warehouse_measurement:session:s042_04849:c021428c081d,session,warehouse_measurement,S042_04849,synnetqos,session_id,S042_04849,S042_04849,10,1,0.1
warehouse_measurement:session:s042_04850:08714d0bc304,session,warehouse_measurement,S042_04850,synnetqos,session_id,S042_04850,S042_04850,10,5,0.5
warehouse_measurement:session:s042_04851:dc884f513c75,session,warehouse_measurement,S042_04851,synnetqos,session_id,S042_04851,S042_04851,10,4,0.4
warehouse_measurement:session:s042_04852:227d5516e4e2,session,warehouse_measurement,S042_04852,synnetqos,session_id,S042_04852,S042_04852,10,3,0.3
warehouse_measurement:session:s042_04853:490f1d874d24,session,warehouse_measurement,S042_04853,synnetqos,session_id,S042_04853,S042_04853,10,10,1.0
warehouse_measurement:session:s042_04854:64796c488708,session,warehouse_measurement,S042_04854,synnetqos,session_id,S042_04854,S042_04854,10,2,0.2
warehouse_measurement:session:s042_04855:112f61958524,session,warehouse_measurement,S042_04855,synnetqos,session_id,S042_04855,S042_04855,10,3,0.3
warehouse_measurement:session:s042_04856:b2b0ac54c54a,session,warehouse_measurement,S042_04856,synnetqos,session_id,S042_04856,S042_04856,10,1,0.1
warehouse_measurement:session:s042_04857:3e6ae66055a5,session,warehouse_measurement,S042_04857,synnetqos,session_id,S042_04857,S042_04857,10,2,0.2
warehouse_measurement:session:s042_04858:c3623d8aaba7,session,warehouse_measurement,S042_04858,synnetqos,session_id,S042_04858,S042_04858,10,0,0.0
warehouse_measurement:session:s042_04859:5afce8e25e07,session,warehouse_measurement,S042_04859,synnetqos,session_id,S042_04859,S042_04859,10,0,0.0
warehouse_measurement:session:s042_04860:d10d8904fa85,session,warehouse_measurement,S042_04860,synnetqos,session_id,S042_04860,S042_04860,10,1,0.1
warehouse_measurement:session:s042_04861:ad344ac6d60a,session,warehouse_measurement,S042_04861,synnetqos,session_id,S042_04861,S042_04861,10,6,0.6
warehouse_measurement:session:s042_04862:7a7cf322ef73,session,warehouse_measurement,S042_04862,synnetqos,session_id,S042_04862,S042_04862,10,5,0.5
warehouse_measurement:session:s042_04863:41b424f8b40c,session,warehouse_measurement,S042_04863,synnetqos,session_id,S042_04863,S042_04863,10,0,0.0
warehouse_measurement:session:s042_04864:e90a68a9b6f7,session,warehouse_measurement,S042_04864,synnetqos,session_id,S042_04864,S042_04864,10,2,0.2
warehouse_measurement:session:s042_04865:7b21344bc771,session,warehouse_measurement,S042_04865,synnetqos,session_id,S042_04865,S042_04865,10,8,0.8
warehouse_measurement:session:s042_04866:b0196a9aa62b,session,warehouse_measurement,S042_04866,synnetqos,session_id,S042_04866,S042_04866,10,4,0.4
warehouse_measurement:session:s042_04867:b7a0ac951f02,session,warehouse_measurement,S042_04867,synnetqos,session_id,S042_04867,S042_04867,10,2,0.2
warehouse_measurement:session:s042_04868:3c523e236b1b,session,warehouse_measurement,S042_04868,synnetqos,session_id,S042_04868,S042_04868,10,3,0.3
warehouse_measurement:session:s042_04869:3de56082d6ef,session,warehouse_measurement,S042_04869,synnetqos,session_id,S042_04869,S042_04869,10,1,0.1
warehouse_measurement:session:s042_04870:b2b9cf0966ec,session,warehouse_measurement,S042_04870,synnetqos,session_id,S042_04870,S042_04870,10,10,1.0
warehouse_measurement:session:s042_04871:2cd5a6e8a15c,session,warehouse_measurement,S042_04871,synnetqos,session_id,S042_04871,S042_04871,10,4,0.4
warehouse_measurement:session:s042_04872:b894f1688f68,session,warehouse_measurement,S042_04872,synnetqos,session_id,S042_04872,S042_04872,10,4,0.4
warehouse_measurement:session:s042_04873:bbdc1977393b,session,warehouse_measurement,S042_04873,synnetqos,session_id,S042_04873,S042_04873,10,2,0.2
warehouse_measurement:session:s042_04874:6cd8db95c9dd,session,warehouse_measurement,S042_04874,synnetqos,session_id,S042_04874,S042_04874,10,4,0.4
warehouse_measurement:session:s042_04875:33ab4be249ab,session,warehouse_measurement,S042_04875,synnetqos,session_id,S042_04875,S042_04875,10,2,0.2
warehouse_measurement:session:s042_04876:58f597c798ee,session,warehouse_measurement,S042_04876,synnetqos,session_id,S042_04876,S042_04876,10,1,0.1
warehouse_measurement:session:s042_04877:58f19b5d29f6,session,warehouse_measurement,S042_04877,synnetqos,session_id,S042_04877,S042_04877,10,10,1.0
warehouse_measurement:session:s042_04878:927aa7c379ce,session,warehouse_measurement,S042_04878,synnetqos,session_id,S042_04878,S042_04878,10,8,0.8
warehouse_measurement:session:s042_04879:d14960261a4a,session,warehouse_measurement,S042_04879,synnetqos,session_id,S042_04879,S042_04879,10,5,0.5
warehouse_measurement:session:s042_04880:734358c2386c,session,warehouse_measurement,S042_04880,synnetqos,session_id,S042_04880,S042_04880,10,7,0.7
warehouse_measurement:session:s042_04881:663ec45804dc,session,warehouse_measurement,S042_04881,synnetqos,session_id,S042_04881,S042_04881,10,7,0.7
warehouse_measurement:session:s042_04882:7a7cfda65428,session,warehouse_measurement,S042_04882,synnetqos,session_id,S042_04882,S042_04882,10,3,0.3
warehouse_measurement:session:s042_04883:53b4d0911fb7,session,warehouse_measurement,S042_04883,synnetqos,session_id,S042_04883,S042_04883,10,2,0.2
warehouse_measurement:session:s042_04884:9bf6521f4d29,session,warehouse_measurement,S042_04884,synnetqos,session_id,S042_04884,S042_04884,10,3,0.3
warehouse_measurement:session:s042_04885:a5d2d5dfbf44,session,warehouse_measurement,S042_04885,synnetqos,session_id,S042_04885,S042_04885,10,10,1.0
warehouse_measurement:session:s042_04886:ef7953002d84,session,warehouse_measurement,S042_04886,synnetqos,session_id,S042_04886,S042_04886,10,7,0.7
warehouse_measurement:session:s042_04887:a0ed67ffc7c1,session,warehouse_measurement,S042_04887,synnetqos,session_id,S042_04887,S042_04887,10,10,1.0
warehouse_measurement:session:s042_04888:7c9cc4e5bd46,session,warehouse_measurement,S042_04888,synnetqos,session_id,S042_04888,S042_04888,10,8,0.8
warehouse_measurement:session:s042_04889:ffdce867f90f,session,warehouse_measurement,S042_04889,synnetqos,session_id,S042_04889,S042_04889,10,8,0.8
warehouse_measurement:session:s042_04890:fd7cddcea7ee,session,warehouse_measurement,S042_04890,synnetqos,session_id,S042_04890,S042_04890,10,5,0.5
warehouse_measurement:session:s042_04891:78614f0e1809,session,warehouse_measurement,S042_04891,synnetqos,session_id,S042_04891,S042_04891,10,6,0.6
warehouse_measurement:session:s042_04892:e99329298999,session,warehouse_measurement,S042_04892,synnetqos,session_id,S042_04892,S042_04892,10,7,0.7
warehouse_measurement:session:s042_04893:394d72d15d86,session,warehouse_measurement,S042_04893,synnetqos,session_id,S042_04893,S042_04893,10,3,0.3
warehouse_measurement:session:s042_04894:eab72ffdfb3b,session,warehouse_measurement,S042_04894,synnetqos,session_id,S042_04894,S042_04894,10,8,0.8
warehouse_measurement:session:s042_04895:73495905e1d1,session,warehouse_measurement,S042_04895,synnetqos,session_id,S042_04895,S042_04895,10,0,0.0
warehouse_measurement:session:s042_04896:254776f4ec8c,session,warehouse_measurement,S042_04896,synnetqos,session_id,S042_04896,S042_04896,10,5,0.5
warehouse_measurement:session:s042_04897:04e8852709bb,session,warehouse_measurement,S042_04897,synnetqos,session_id,S042_04897,S042_04897,10,3,0.3
warehouse_measurement:session:s042_04898:5f4bd63fe497,session,warehouse_measurement,S042_04898,synnetqos,session_id,S042_04898,S042_04898,10,2,0.2
warehouse_measurement:session:s042_04899:5071f8bbbd1e,session,warehouse_measurement,S042_04899,synnetqos,session_id,S042_04899,S042_04899,10,1,0.1
warehouse_measurement:session:s042_04900:28e90ad8f225,session,warehouse_measurement,S042_04900,synnetqos,session_id,S042_04900,S042_04900,10,7,0.7
warehouse_measurement:session:s042_04901:d593cd5866b2,session,warehouse_measurement,S042_04901,synnetqos,session_id,S042_04901,S042_04901,10,3,0.3
warehouse_measurement:session:s042_04902:266f68c71394,session,warehouse_measurement,S042_04902,synnetqos,session_id,S042_04902,S042_04902,10,10,1.0
warehouse_measurement:session:s042_04903:f7e5921f46cb,session,warehouse_measurement,S042_04903,synnetqos,session_id,S042_04903,S042_04903,10,4,0.4
warehouse_measurement:session:s042_04904:face5c9f934c,session,warehouse_measurement,S042_04904,synnetqos,session_id,S042_04904,S042_04904,10,9,0.9
warehouse_measurement:session:s042_04905:d8ec5b9acff5,session,warehouse_measurement,S042_04905,synnetqos,session_id,S042_04905,S042_04905,10,9,0.9
warehouse_measurement:session:s042_04906:4607d59890d8,session,warehouse_measurement,S042_04906,synnetqos,session_id,S042_04906,S042_04906,10,2,0.2
warehouse_measurement:session:s042_04907:0866c47c9a9f,session,warehouse_measurement,S042_04907,synnetqos,session_id,S042_04907,S042_04907,10,10,1.0
warehouse_measurement:session:s042_04908:b54f481a304d,session,warehouse_measurement,S042_04908,synnetqos,session_id,S042_04908,S042_04908,10,5,0.5
warehouse_measurement:session:s042_04909:554864ab0195,session,warehouse_measurement,S042_04909,synnetqos,session_id,S042_04909,S042_04909,10,0,0.0
warehouse_measurement:session:s042_04910:87c5e6cef42b,session,warehouse_measurement,S042_04910,synnetqos,session_id,S042_04910,S042_04910,10,2,0.2
warehouse_measurement:session:s042_04911:43c5dc8b34cb,session,warehouse_measurement,S042_04911,synnetqos,session_id,S042_04911,S042_04911,10,4,0.4
warehouse_measurement:session:s042_04912:ef59e3d8c36a,session,warehouse_measurement,S042_04912,synnetqos,session_id,S042_04912,S042_04912,10,2,0.2
warehouse_measurement:session:s042_04913:a4959bffda65,session,warehouse_measurement,S042_04913,synnetqos,session_id,S042_04913,S042_04913,10,6,0.6
warehouse_measurement:session:s042_04914:806a445a88fc,session,warehouse_measurement,S042_04914,synnetqos,session_id,S042_04914,S042_04914,10,7,0.7
warehouse_measurement:session:s042_04915:c270892708a0,session,warehouse_measurement,S042_04915,synnetqos,session_id,S042_04915,S042_04915,10,10,1.0
warehouse_measurement:session:s042_04916:fe00cdf9c777,session,warehouse_measurement,S042_04916,synnetqos,session_id,S042_04916,S042_04916,10,1,0.1
warehouse_measurement:session:s042_04917:f38b6d9fdf61,session,warehouse_measurement,S042_04917,synnetqos,session_id,S042_04917,S042_04917,10,5,0.5
warehouse_measurement:session:s042_04918:6bd9e4c68bed,session,warehouse_measurement,S042_04918,synnetqos,session_id,S042_04918,S042_04918,10,6,0.6
warehouse_measurement:session:s042_04919:4a639b0e46b2,session,warehouse_measurement,S042_04919,synnetqos,session_id,S042_04919,S042_04919,10,0,0.0
warehouse_measurement:session:s042_04920:02d03b32b762,session,warehouse_measurement,S042_04920,synnetqos,session_id,S042_04920,S042_04920,10,10,1.0
warehouse_measurement:session:s042_04921:eedd5c11ebf5,session,warehouse_measurement,S042_04921,synnetqos,session_id,S042_04921,S042_04921,10,7,0.7
warehouse_measurement:session:s042_04922:5c70c43539b6,session,warehouse_measurement,S042_04922,synnetqos,session_id,S042_04922,S042_04922,10,10,1.0
warehouse_measurement:session:s042_04923:478037f65c79,session,warehouse_measurement,S042_04923,synnetqos,session_id,S042_04923,S042_04923,10,2,0.2
warehouse_measurement:session:s042_04924:255580340a9e,session,warehouse_measurement,S042_04924,synnetqos,session_id,S042_04924,S042_04924,10,9,0.9
warehouse_measurement:session:s042_04925:cccfdefd0dcf,session,warehouse_measurement,S042_04925,synnetqos,session_id,S042_04925,S042_04925,10,1,0.1
warehouse_measurement:session:s042_04926:5e475df9143d,session,warehouse_measurement,S042_04926,synnetqos,session_id,S042_04926,S042_04926,10,6,0.6
warehouse_measurement:session:s042_04927:c0e43206cbd8,session,warehouse_measurement,S042_04927,synnetqos,session_id,S042_04927,S042_04927,10,9,0.9
warehouse_measurement:session:s042_04928:c7fbaf4d59cc,session,warehouse_measurement,S042_04928,synnetqos,session_id,S042_04928,S042_04928,10,9,0.9
warehouse_measurement:session:s042_04929:0c8f81c3a3e7,session,warehouse_measurement,S042_04929,synnetqos,session_id,S042_04929,S042_04929,10,8,0.8
warehouse_measurement:session:s042_04930:e26dbb1b4d5a,session,warehouse_measurement,S042_04930,synnetqos,session_id,S042_04930,S042_04930,10,5,0.5
warehouse_measurement:session:s042_04931:d6334d0fdbe5,session,warehouse_measurement,S042_04931,synnetqos,session_id,S042_04931,S042_04931,10,7,0.7
warehouse_measurement:session:s042_04932:a87b9dba76e7,session,warehouse_measurement,S042_04932,synnetqos,session_id,S042_04932,S042_04932,10,3,0.3
warehouse_measurement:session:s042_04933:1cc764cf322c,session,warehouse_measurement,S042_04933,synnetqos,session_id,S042_04933,S042_04933,10,0,0.0
warehouse_measurement:session:s042_04934:a3ae4dcdf5e2,session,warehouse_measurement,S042_04934,synnetqos,session_id,S042_04934,S042_04934,10,4,0.4
warehouse_measurement:session:s042_04935:5deb2b1d55cf,session,warehouse_measurement,S042_04935,synnetqos,session_id,S042_04935,S042_04935,10,0,0.0
warehouse_measurement:session:s042_04936:e06b7ebbc52c,session,warehouse_measurement,S042_04936,synnetqos,session_id,S042_04936,S042_04936,10,7,0.7
warehouse_measurement:session:s042_04937:ba06b68f0e75,session,warehouse_measurement,S042_04937,synnetqos,session_id,S042_04937,S042_04937,10,3,0.3
warehouse_measurement:session:s042_04938:e2579f25942e,session,warehouse_measurement,S042_04938,synnetqos,session_id,S042_04938,S042_04938,10,1,0.1
warehouse_measurement:session:s042_04939:4081a809d5fe,session,warehouse_measurement,S042_04939,synnetqos,session_id,S042_04939,S042_04939,10,4,0.4
warehouse_measurement:session:s042_04940:f5d9434d8c0e,session,warehouse_measurement,S042_04940,synnetqos,session_id,S042_04940,S042_04940,10,5,0.5
warehouse_measurement:session:s042_04941:a9f89858ec43,session,warehouse_measurement,S042_04941,synnetqos,session_id,S042_04941,S042_04941,10,0,0.0
warehouse_measurement:session:s042_04942:a0a8a06e00f7,session,warehouse_measurement,S042_04942,synnetqos,session_id,S042_04942,S042_04942,10,5,0.5
warehouse_measurement:session:s042_04943:5297169cbd05,session,warehouse_measurement,S042_04943,synnetqos,session_id,S042_04943,S042_04943,10,9,0.9
warehouse_measurement:session:s042_04944:63290979258d,session,warehouse_measurement,S042_04944,synnetqos,session_id,S042_04944,S042_04944,10,6,0.6
warehouse_measurement:session:s042_04945:ba3a6041df94,session,warehouse_measurement,S042_04945,synnetqos,session_id,S042_04945,S042_04945,10,5,0.5
warehouse_measurement:session:s042_04946:acb792119f02,session,warehouse_measurement,S042_04946,synnetqos,session_id,S042_04946,S042_04946,10,8,0.8
warehouse_measurement:session:s042_04947:6074a262bf60,session,warehouse_measurement,S042_04947,synnetqos,session_id,S042_04947,S042_04947,10,6,0.6
warehouse_measurement:session:s042_04948:b4cdc0d5c4a7,session,warehouse_measurement,S042_04948,synnetqos,session_id,S042_04948,S042_04948,10,6,0.6
warehouse_measurement:session:s042_04949:d042ddf42d97,session,warehouse_measurement,S042_04949,synnetqos,session_id,S042_04949,S042_04949,10,5,0.5
warehouse_measurement:session:s042_04950:ed1ebd711906,session,warehouse_measurement,S042_04950,synnetqos,session_id,S042_04950,S042_04950,10,1,0.1
warehouse_measurement:session:s042_04951:94aa10b8a55a,session,warehouse_measurement,S042_04951,synnetqos,session_id,S042_04951,S042_04951,10,4,0.4
warehouse_measurement:session:s042_04952:45a90e97c4c7,session,warehouse_measurement,S042_04952,synnetqos,session_id,S042_04952,S042_04952,10,4,0.4
warehouse_measurement:session:s042_04953:6007705c4fde,session,warehouse_measurement,S042_04953,synnetqos,session_id,S042_04953,S042_04953,10,5,0.5
warehouse_measurement:session:s042_04954:a9082182260d,session,warehouse_measurement,S042_04954,synnetqos,session_id,S042_04954,S042_04954,10,9,0.9
warehouse_measurement:session:s042_04955:aa1192ac3b7e,session,warehouse_measurement,S042_04955,synnetqos,session_id,S042_04955,S042_04955,10,5,0.5
warehouse_measurement:session:s042_04956:3b674d5e8f25,session,warehouse_measurement,S042_04956,synnetqos,session_id,S042_04956,S042_04956,10,6,0.6
warehouse_measurement:session:s042_04957:ee2f4313bd5a,session,warehouse_measurement,S042_04957,synnetqos,session_id,S042_04957,S042_04957,10,7,0.7
warehouse_measurement:session:s042_04958:52ba984a21b5,session,warehouse_measurement,S042_04958,synnetqos,session_id,S042_04958,S042_04958,10,8,0.8
warehouse_measurement:session:s042_04959:f1c51df4138c,session,warehouse_measurement,S042_04959,synnetqos,session_id,S042_04959,S042_04959,10,4,0.4
warehouse_measurement:session:s042_04960:533630392d1f,session,warehouse_measurement,S042_04960,synnetqos,session_id,S042_04960,S042_04960,10,9,0.9
warehouse_measurement:session:s042_04961:86f39b566813,session,warehouse_measurement,S042_04961,synnetqos,session_id,S042_04961,S042_04961,10,4,0.4
warehouse_measurement:session:s042_04962:2260301c9245,session,warehouse_measurement,S042_04962,synnetqos,session_id,S042_04962,S042_04962,10,7,0.7
warehouse_measurement:session:s042_04963:43f27fadb18a,session,warehouse_measurement,S042_04963,synnetqos,session_id,S042_04963,S042_04963,10,6,0.6
warehouse_measurement:session:s042_04964:f02ef61e3602,session,warehouse_measurement,S042_04964,synnetqos,session_id,S042_04964,S042_04964,10,10,1.0
warehouse_measurement:session:s042_04965:77a0b7ca1489,session,warehouse_measurement,S042_04965,synnetqos,session_id,S042_04965,S042_04965,10,9,0.9
warehouse_measurement:session:s042_04966:653b0440e744,session,warehouse_measurement,S042_04966,synnetqos,session_id,S042_04966,S042_04966,10,6,0.6
warehouse_measurement:session:s042_04967:a2a2e8b8c5d4,session,warehouse_measurement,S042_04967,synnetqos,session_id,S042_04967,S042_04967,10,3,0.3
warehouse_measurement:session:s042_04968:0be4a3a3f5b4,session,warehouse_measurement,S042_04968,synnetqos,session_id,S042_04968,S042_04968,10,3,0.3
warehouse_measurement:session:s042_04969:7e4dfcf93a2c,session,warehouse_measurement,S042_04969,synnetqos,session_id,S042_04969,S042_04969,10,3,0.3
warehouse_measurement:session:s042_04970:ca6cf8b33d91,session,warehouse_measurement,S042_04970,synnetqos,session_id,S042_04970,S042_04970,10,1,0.1
warehouse_measurement:session:s042_04971:7061d6c10c9a,session,warehouse_measurement,S042_04971,synnetqos,session_id,S042_04971,S042_04971,10,1,0.1
warehouse_measurement:session:s042_04972:91597e6a68b8,session,warehouse_measurement,S042_04972,synnetqos,session_id,S042_04972,S042_04972,10,0,0.0
warehouse_measurement:session:s042_04973:a48498f7c63e,session,warehouse_measurement,S042_04973,synnetqos,session_id,S042_04973,S042_04973,10,5,0.5
warehouse_measurement:session:s042_04974:393f014ddc89,session,warehouse_measurement,S042_04974,synnetqos,session_id,S042_04974,S042_04974,10,6,0.6
warehouse_measurement:session:s042_04975:0cd8a5994fef,session,warehouse_measurement,S042_04975,synnetqos,session_id,S042_04975,S042_04975,10,9,0.9
warehouse_measurement:session:s042_04976:a4c150ee9206,session,warehouse_measurement,S042_04976,synnetqos,session_id,S042_04976,S042_04976,10,4,0.4
warehouse_measurement:session:s042_04977:a69de7502bfe,session,warehouse_measurement,S042_04977,synnetqos,session_id,S042_04977,S042_04977,10,1,0.1
warehouse_measurement:session:s042_04978:b24b7f567fb4,session,warehouse_measurement,S042_04978,synnetqos,session_id,S042_04978,S042_04978,10,6,0.6
warehouse_measurement:session:s042_04979:8bce45f9ae4d,session,warehouse_measurement,S042_04979,synnetqos,session_id,S042_04979,S042_04979,10,1,0.1
warehouse_measurement:session:s042_04980:b727d5cc6565,session,warehouse_measurement,S042_04980,synnetqos,session_id,S042_04980,S042_04980,10,9,0.9
warehouse_measurement:session:s042_04981:38789ac883d7,session,warehouse_measurement,S042_04981,synnetqos,session_id,S042_04981,S042_04981,10,3,0.3
warehouse_measurement:session:s042_04982:fb4001d887c8,session,warehouse_measurement,S042_04982,synnetqos,session_id,S042_04982,S042_04982,10,3,0.3
warehouse_measurement:session:s042_04983:a7969e046dca,session,warehouse_measurement,S042_04983,synnetqos,session_id,S042_04983,S042_04983,10,10,1.0
warehouse_measurement:session:s042_04984:f66e1bc5f3aa,session,warehouse_measurement,S042_04984,synnetqos,session_id,S042_04984,S042_04984,10,10,1.0
warehouse_measurement:session:s042_04985:3d37cebece43,session,warehouse_measurement,S042_04985,synnetqos,session_id,S042_04985,S042_04985,10,10,1.0
warehouse_measurement:session:s042_04986:c701d3ed7e30,session,warehouse_measurement,S042_04986,synnetqos,session_id,S042_04986,S042_04986,10,10,1.0
warehouse_measurement:session:s042_04987:05a84a34c365,session,warehouse_measurement,S042_04987,synnetqos,session_id,S042_04987,S042_04987,10,7,0.7
warehouse_measurement:session:s042_04988:7b5677595e86,session,warehouse_measurement,S042_04988,synnetqos,session_id,S042_04988,S042_04988,10,8,0.8
warehouse_measurement:session:s042_04989:eff23c111224,session,warehouse_measurement,S042_04989,synnetqos,session_id,S042_04989,S042_04989,10,4,0.4
warehouse_measurement:session:s042_04990:bb58cc2f25d7,session,warehouse_measurement,S042_04990,synnetqos,session_id,S042_04990,S042_04990,10,0,0.0
warehouse_measurement:session:s042_04991:6b2f46aed078,session,warehouse_measurement,S042_04991,synnetqos,session_id,S042_04991,S042_04991,10,6,0.6
warehouse_measurement:session:s042_04992:c3baf0fc78f4,session,warehouse_measurement,S042_04992,synnetqos,session_id,S042_04992,S042_04992,10,0,0.0
warehouse_measurement:session:s042_04993:8db64f757eeb,session,warehouse_measurement,S042_04993,synnetqos,session_id,S042_04993,S042_04993,10,6,0.6
warehouse_measurement:session:s042_04994:67b356512d83,session,warehouse_measurement,S042_04994,synnetqos,session_id,S042_04994,S042_04994,10,5,0.5
warehouse_measurement:session:s042_04995:51bcc4fb3eff,session,warehouse_measurement,S042_04995,synnetqos,session_id,S042_04995,S042_04995,10,7,0.7
warehouse_measurement:session:s042_04996:982c98dc32bf,session,warehouse_measurement,S042_04996,synnetqos,session_id,S042_04996,S042_04996,10,10,1.0
warehouse_measurement:session:s042_04997:9fb4a7cf0241,session,warehouse_measurement,S042_04997,synnetqos,session_id,S042_04997,S042_04997,10,5,0.5
warehouse_measurement:session:s042_04998:bebda74bd245,session,warehouse_measurement,S042_04998,synnetqos,session_id,S042_04998,S042_04998,10,2,0.2
warehouse_measurement:session:s042_04999:3b7d5e9d8c6d,session,warehouse_measurement,S042_04999,synnetqos,session_id,S042_04999,S042_04999,10,2,0.2
