dataset_id,dataset_name,file_path,column_name,dtype_in_sample,sample_size,sample_missing_count,sample_missing_fraction,example_values,sample_row_limit
D0,SynNetQoS dataset,data/raw/synnetqos/synnetqos-dataset.csv,Timestamp,object,1000,0,0.0,"[""2025-07-27 02:04:00.705217"", ""2025-07-27 02:05:00.705217"", ""2025-07-27 02:06:00.705217""]",1000
D0,SynNetQoS dataset,data/raw/synnetqos/synnetqos-dataset.csv,Hour,int64,1000,0,0.0,"[""2"", ""2"", ""2""]",1000
D0,SynNetQoS dataset,data/raw/synnetqos/synnetqos-dataset.csv,Day_of_Week,object,1000,0,0.0,"[""Sunday"", ""Sunday"", ""Sunday""]",1000
D0,SynNetQoS dataset,data/raw/synnetqos/synnetqos-dataset.csv,Is_Weekend,bool,1000,0,0.0,"[""True"", ""True"", ""True""]",1000
D0,SynNetQoS dataset,data/raw/synnetqos/synnetqos-dataset.csv,User_ID,object,1000,0,0.0,"[""U042_00000"", ""U042_00000"", ""U042_00000""]",1000
D0,SynNetQoS dataset,data/raw/synnetqos/synnetqos-dataset.csv,Session_ID,object,1000,0,0.0,"[""S042_00000"", ""S042_00000"", ""S042_00000""]",1000
D0,SynNetQoS dataset,data/raw/synnetqos/synnetqos-dataset.csv,Deployment_Area,object,1000,0,0.0,"[""Area_F"", ""Area_F"", ""Area_F""]",1000
D0,SynNetQoS dataset,data/raw/synnetqos/synnetqos-dataset.csv,Synthetic_Latitude,float64,1000,0,0.0,"[""37.77738357076506"", ""37.77738357076506"", ""37.77738357076506""]",1000
D0,SynNetQoS dataset,data/raw/synnetqos/synnetqos-dataset.csv,Synthetic_Longitude,float64,1000,0,0.0,"[""-122.42009132150584"", ""-122.42009132150584"", ""-122.42009132150584""]",1000
D0,SynNetQoS dataset,data/raw/synnetqos/synnetqos-dataset.csv,Area_Type,object,1000,0,0.0,"[""Urban"", ""Urban"", ""Urban""]",1000
D0,SynNetQoS dataset,data/raw/synnetqos/synnetqos-dataset.csv,Signal_Strength_dBm,float64,1000,0,0.0,"[""-121.38"", ""-105.63"", ""-107.1""]",1000
D0,SynNetQoS dataset,data/raw/synnetqos/synnetqos-dataset.csv,Propagation_Model,object,1000,0,0.0,"[""tr38901_umi_street_canyon"", ""tr38901_umi_street_canyon"", ""tr38901_umi_street_canyon""]",1000
D0,SynNetQoS dataset,data/raw/synnetqos/synnetqos-dataset.csv,Propagation_Scenario,object,1000,0,0.0,"[""UMi_Street_Canyon"", ""UMi_Street_Canyon"", ""UMi_Street_Canyon""]",1000
D0,SynNetQoS dataset,data/raw/synnetqos/synnetqos-dataset.csv,LOS_State,object,1000,0,0.0,"[""NLOS"", ""NLOS"", ""NLOS""]",1000
D0,SynNetQoS dataset,data/raw/synnetqos/synnetqos-dataset.csv,LOS_Probability,float64,1000,0,0.0,"[""0.0194"", ""0.0194"", ""0.0194""]",1000
D0,SynNetQoS dataset,data/raw/synnetqos/synnetqos-dataset.csv,Carrier_Frequency_GHz,float64,1000,0,0.0,"[""2.6"", ""2.6"", ""2.6""]",1000
D0,SynNetQoS dataset,data/raw/synnetqos/synnetqos-dataset.csv,Distance_2D_m,float64,1000,0,0.0,"[""930.0"", ""930.0"", ""930.0""]",1000
D0,SynNetQoS dataset,data/raw/synnetqos/synnetqos-dataset.csv,Distance_3D_m,float64,1000,0,0.0,"[""930.04"", ""930.04"", ""930.04""]",1000
D0,SynNetQoS dataset,data/raw/synnetqos/synnetqos-dataset.csv,Breakpoint_Distance_m,float64,1000,0,0.0,"[""156.0"", ""156.0"", ""156.0""]",1000
D0,SynNetQoS dataset,data/raw/synnetqos/synnetqos-dataset.csv,Path_Loss_dB,float64,1000,0,0.0,"[""147.94"", ""130.22"", ""131.06""]",1000
D0,SynNetQoS dataset,data/raw/synnetqos/synnetqos-dataset.csv,Deterministic_Path_Loss_dB,float64,1000,0,0.0,"[""136.03"", ""136.03"", ""136.03""]",1000
D0,SynNetQoS dataset,data/raw/synnetqos/synnetqos-dataset.csv,Shadow_Fading_dB,float64,1000,0,0.0,"[""11.91"", ""-5.81"", ""-4.97""]",1000
D0,SynNetQoS dataset,data/raw/synnetqos/synnetqos-dataset.csv,Fast_Fading_dB,float64,1000,0,0.0,"[""0.56"", ""-1.41"", ""-2.04""]",1000
D0,SynNetQoS dataset,data/raw/synnetqos/synnetqos-dataset.csv,Obstruction_Penalty_dB,float64,1000,0,0.0,"[""8.0"", ""8.0"", ""8.0""]",1000
D0,SynNetQoS dataset,data/raw/synnetqos/synnetqos-dataset.csv,Weather_Penalty_dB,float64,1000,0,0.0,"[""0.0"", ""0.0"", ""0.0""]",1000
D0,SynNetQoS dataset,data/raw/synnetqos/synnetqos-dataset.csv,Mobility_Penalty_dB,float64,1000,0,0.0,"[""0.0"", ""0.0"", ""0.0""]",1000
D0,SynNetQoS dataset,data/raw/synnetqos/synnetqos-dataset.csv,Indoor_Penalty_dB,float64,1000,0,0.0,"[""10.0"", ""10.0"", ""10.0""]",1000
D0,SynNetQoS dataset,data/raw/synnetqos/synnetqos-dataset.csv,Contextual_Penalty_dB,float64,1000,0,0.0,"[""18.0"", ""18.0"", ""18.0""]",1000
D0,SynNetQoS dataset,data/raw/synnetqos/synnetqos-dataset.csv,Effective_TX_Power_dBm,float64,1000,0,0.0,"[""44.0"", ""44.0"", ""44.0""]",1000
D0,SynNetQoS dataset,data/raw/synnetqos/synnetqos-dataset.csv,Signal_Strength_Unclipped_dBm,float64,1000,0,0.0,"[""-121.38"", ""-105.63"", ""-107.1""]",1000
D0,SynNetQoS dataset,data/raw/synnetqos/synnetqos-dataset.csv,RSRP_Clipped,bool,1000,0,0.0,"[""False"", ""False"", ""False""]",1000
D0,SynNetQoS dataset,data/raw/synnetqos/synnetqos-dataset.csv,Link_Capacity_Downlink_Mbps,float64,1000,0,0.0,"[""0.0"", ""3.03"", ""8.91""]",1000
D0,SynNetQoS dataset,data/raw/synnetqos/synnetqos-dataset.csv,Offered_Downlink_Mbps,float64,1000,0,0.0,"[""14.95"", ""250.24"", ""97.61""]",1000
D0,SynNetQoS dataset,data/raw/synnetqos/synnetqos-dataset.csv,Download_Speed_Mbps,float64,1000,0,0.0,"[""0.0"", ""2.75"", ""8.9""]",1000
D0,SynNetQoS dataset,data/raw/synnetqos/synnetqos-dataset.csv,Link_Capacity_Upload_Mbps,float64,1000,0,0.0,"[""0.0"", ""0.45"", ""1.34""]",1000
D0,SynNetQoS dataset,data/raw/synnetqos/synnetqos-dataset.csv,Offered_Upload_Mbps,float64,1000,0,0.0,"[""0.44"", ""1.43"", ""28.39""]",1000
D0,SynNetQoS dataset,data/raw/synnetqos/synnetqos-dataset.csv,Upload_Speed_Mbps,float64,1000,0,0.0,"[""0.0"", ""0.45"", ""1.27""]",1000
D0,SynNetQoS dataset,data/raw/synnetqos/synnetqos-dataset.csv,Latency_ms,float64,1000,0,0.0,"[""249.06"", ""277.65"", ""141.62""]",1000
D0,SynNetQoS dataset,data/raw/synnetqos/synnetqos-dataset.csv,Jitter_ms,float64,1000,0,0.0,"[""0.32"", ""0.5"", ""0.14""]",1000
D0,SynNetQoS dataset,data/raw/synnetqos/synnetqos-dataset.csv,Ping_ms,float64,1000,0,0.0,"[""247.3"", ""278.8"", ""144.6""]",1000
D0,SynNetQoS dataset,data/raw/synnetqos/synnetqos-dataset.csv,Network_Type,object,1000,0,0.0,"[""4G"", ""4G"", ""4G""]",1000
D0,SynNetQoS dataset,data/raw/synnetqos/synnetqos-dataset.csv,UE_Profile,object,1000,0,0.0,"[""UE-Advanced"", ""UE-Advanced"", ""UE-Advanced""]",1000
D0,SynNetQoS dataset,data/raw/synnetqos/synnetqos-dataset.csv,UE_Capability_Class,object,1000,0,0.0,"[""Advanced"", ""Advanced"", ""Advanced""]",1000
D0,SynNetQoS dataset,data/raw/synnetqos/synnetqos-dataset.csv,Operator_Profile,object,1000,0,0.0,"[""Operator_E"", ""Operator_E"", ""Operator_E""]",1000
D0,SynNetQoS dataset,data/raw/synnetqos/synnetqos-dataset.csv,Infrastructure_Profile,object,1000,0,0.0,"[""Nominal"", ""Nominal"", ""Nominal""]",1000
D0,SynNetQoS dataset,data/raw/synnetqos/synnetqos-dataset.csv,Band,object,1000,0,0.0,"[""LTE_Anchor"", ""LTE_Anchor"", ""LTE_Anchor""]",1000
D0,SynNetQoS dataset,data/raw/synnetqos/synnetqos-dataset.csv,Battery_Level_percent,float64,1000,0,0.0,"[""91.71"", ""91.64"", ""91.55""]",1000
D0,SynNetQoS dataset,data/raw/synnetqos/synnetqos-dataset.csv,Temperature_C,float64,1000,0,0.0,"[""27.2"", ""30.9"", ""31.3""]",1000
D0,SynNetQoS dataset,data/raw/synnetqos/synnetqos-dataset.csv,Connected_Duration_min,int64,1000,0,0.0,"[""1"", ""2"", ""3""]",1000
D0,SynNetQoS dataset,data/raw/synnetqos/synnetqos-dataset.csv,Interval_Handover_Count,int64,1000,0,0.0,"[""0"", ""0"", ""0""]",1000
D0,SynNetQoS dataset,data/raw/synnetqos/synnetqos-dataset.csv,Cumulative_Handover_Count,int64,1000,0,0.0,"[""0"", ""0"", ""0""]",1000
D0,SynNetQoS dataset,data/raw/synnetqos/synnetqos-dataset.csv,Activity_Factor,float64,1000,0,0.0,"[""0.12"", ""0.085"", ""0.169""]",1000
D0,SynNetQoS dataset,data/raw/synnetqos/synnetqos-dataset.csv,Data_Usage_MB,float64,1000,0,0.0,"[""0.0"", ""1.75"", ""11.31""]",1000
D0,SynNetQoS dataset,data/raw/synnetqos/synnetqos-dataset.csv,Congestion_Level,object,1000,0,0.0,"[""Medium"", ""High"", ""Low""]",1000
D0,SynNetQoS dataset,data/raw/synnetqos/synnetqos-dataset.csv,Movement_Speed,object,1000,0,0.0,"[""Static"", ""Static"", ""Static""]",1000
D0,SynNetQoS dataset,data/raw/synnetqos/synnetqos-dataset.csv,App_Type,object,1000,0,0.0,"[""Browse"", ""Browse"", ""Streaming""]",1000
D0,SynNetQoS dataset,data/raw/synnetqos/synnetqos-dataset.csv,Weather,object,1000,0,0.0,"[""Clear"", ""Clear"", ""Clear""]",1000
D0,SynNetQoS dataset,data/raw/synnetqos/synnetqos-dataset.csv,Obstruction_Level,object,1000,0,0.0,"[""Medium"", ""Medium"", ""Medium""]",1000
D0,SynNetQoS dataset,data/raw/synnetqos/synnetqos-dataset.csv,Is_Indoor,bool,1000,0,0.0,"[""True"", ""True"", ""True""]",1000
D0,SynNetQoS dataset,data/raw/synnetqos/synnetqos-dataset.csv,Tower_ID,object,1000,0,0.0,"[""TWR-9279"", ""TWR-9279"", ""TWR-9279""]",1000
D0,SynNetQoS dataset,data/raw/synnetqos/synnetqos-dataset.csv,Distance_to_Tower_km,float64,1000,0,0.0,"[""0.93"", ""0.93"", ""0.93""]",1000
D0,SynNetQoS dataset,data/raw/synnetqos/synnetqos-dataset.csv,Tower_Load,object,1000,0,0.0,"[""Moderate"", ""Heavy"", ""Light""]",1000
D0,SynNetQoS dataset,data/raw/synnetqos/synnetqos-dataset.csv,Video_Quality,float64,1000,744,0.744,"[""2.42"", ""2.04"", ""1.37""]",1000
D0,SynNetQoS dataset,data/raw/synnetqos/synnetqos-dataset.csv,Video_Quality_Label,object,1000,744,0.744,"[""Poor"", ""Poor"", ""Bad""]",1000
D0,SynNetQoS dataset,data/raw/synnetqos/synnetqos-dataset.csv,VoNR_Enabled,bool,1000,0,0.0,"[""False"", ""False"", ""False""]",1000
D0,SynNetQoS dataset,data/raw/synnetqos/synnetqos-dataset.csv,Anomalous,bool,1000,0,0.0,"[""False"", ""False"", ""False""]",1000
D0,SynNetQoS dataset,data/raw/synnetqos/synnetqos-dataset.csv,Dropped_Connection,bool,1000,0,0.0,"[""False"", ""False"", ""False""]",1000
D1,Vienna 4G/5G Drive-Test Dataset,data/raw/vienna_4g5g/Vienna-full-4G-5G-dataset-v1.0.3/estimated_cell_info/cell_info_final_5g.parquet,operator,object,35,0,0.0,"[""A"", ""A"", ""A""]",1000
D1,Vienna 4G/5G Drive-Test Dataset,data/raw/vienna_4g5g/Vienna-full-4G-5G-dataset-v1.0.3/estimated_cell_info/cell_info_final_5g.parquet,technology,object,35,0,0.0,"[""5GNR"", ""5GNR"", ""5GNR""]",1000
D1,Vienna 4G/5G Drive-Test Dataset,data/raw/vienna_4g5g/Vienna-full-4G-5G-dataset-v1.0.3/estimated_cell_info/cell_info_final_5g.parquet,gnb_id_dummy,int64,35,0,0.0,"[""1"", ""16"", ""11""]",1000
D1,Vienna 4G/5G Drive-Test Dataset,data/raw/vienna_4g5g/Vienna-full-4G-5G-dataset-v1.0.3/estimated_cell_info/cell_info_final_5g.parquet,cell_id_dummy,int64,35,0,0.0,"[""1"", ""25"", ""19""]",1000
D1,Vienna 4G/5G Drive-Test Dataset,data/raw/vienna_4g5g/Vienna-full-4G-5G-dataset-v1.0.3/estimated_cell_info/cell_info_final_5g.parquet,pci,int64,35,0,0.0,"[""114"", ""370"", ""286""]",1000
D1,Vienna 4G/5G Drive-Test Dataset,data/raw/vienna_4g5g/Vienna-full-4G-5G-dataset-v1.0.3/estimated_cell_info/cell_info_final_5g.parquet,channel_number,Int32,35,0,0.0,"[""636000"", ""636000"", ""636000""]",1000
D1,Vienna 4G/5G Drive-Test Dataset,data/raw/vienna_4g5g/Vienna-full-4G-5G-dataset-v1.0.3/estimated_cell_info/cell_info_final_5g.parquet,longitude,float64,35,0,0.0,"[""16.370170109982826"", ""16.373664556445775"", ""16.36752007988875""]",1000
D1,Vienna 4G/5G Drive-Test Dataset,data/raw/vienna_4g5g/Vienna-full-4G-5G-dataset-v1.0.3/estimated_cell_info/cell_info_final_5g.parquet,latitude,float64,35,0,0.0,"[""48.185331736227425"", ""48.18746986362317"", ""48.19003310326909""]",1000
D1,Vienna 4G/5G Drive-Test Dataset,data/raw/vienna_4g5g/Vienna-full-4G-5G-dataset-v1.0.3/estimated_cell_info/cell_info_final_5g.parquet,height_m,float64,35,0,0.0,"[""29.0"", ""27.0"", ""58.0""]",1000
D1,Vienna 4G/5G Drive-Test Dataset,data/raw/vienna_4g5g/Vienna-full-4G-5G-dataset-v1.0.3/estimated_cell_info/cell_info_final_5g.parquet,azimuth_deg,float64,35,0,0.0,"[""35.0"", ""230.0"", ""155.0""]",1000
D1,Vienna 4G/5G Drive-Test Dataset,data/raw/vienna_4g5g/Vienna-full-4G-5G-dataset-v1.0.3/estimated_cell_info/cell_info_final_lte.parquet,operator,object,1000,0,0.0,"[""A"", ""A"", ""A""]",1000
D1,Vienna 4G/5G Drive-Test Dataset,data/raw/vienna_4g5g/Vienna-full-4G-5G-dataset-v1.0.3/estimated_cell_info/cell_info_final_lte.parquet,technology,object,1000,0,0.0,"[""LTE"", ""LTE"", ""LTE""]",1000
D1,Vienna 4G/5G Drive-Test Dataset,data/raw/vienna_4g5g/Vienna-full-4G-5G-dataset-v1.0.3/estimated_cell_info/cell_info_final_lte.parquet,enb_id,int64,1000,0,0.0,"[""624"", ""3534"", ""3534""]",1000
D1,Vienna 4G/5G Drive-Test Dataset,data/raw/vienna_4g5g/Vienna-full-4G-5G-dataset-v1.0.3/estimated_cell_info/cell_info_final_lte.parquet,sector_id,int64,1000,0,0.0,"[""12"", ""21"", ""11""]",1000
D1,Vienna 4G/5G Drive-Test Dataset,data/raw/vienna_4g5g/Vienna-full-4G-5G-dataset-v1.0.3/estimated_cell_info/cell_info_final_lte.parquet,cell_id,int32,1000,0,0.0,"[""159756"", ""904725"", ""904715""]",1000
D1,Vienna 4G/5G Drive-Test Dataset,data/raw/vienna_4g5g/Vienna-full-4G-5G-dataset-v1.0.3/estimated_cell_info/cell_info_final_lte.parquet,pci,int32,1000,0,0.0,"[""37"", ""285"", ""285""]",1000
D1,Vienna 4G/5G Drive-Test Dataset,data/raw/vienna_4g5g/Vienna-full-4G-5G-dataset-v1.0.3/estimated_cell_info/cell_info_final_lte.parquet,channel_number,int32,1000,0,0.0,"[""1700"", ""1871"", ""1700""]",1000
D1,Vienna 4G/5G Drive-Test Dataset,data/raw/vienna_4g5g/Vienna-full-4G-5G-dataset-v1.0.3/estimated_cell_info/cell_info_final_lte.parquet,longitude,float64,1000,0,0.0,"[""16.36875975498344"", ""16.36752007988875"", ""16.36752007988875""]",1000
D1,Vienna 4G/5G Drive-Test Dataset,data/raw/vienna_4g5g/Vienna-full-4G-5G-dataset-v1.0.3/estimated_cell_info/cell_info_final_lte.parquet,latitude,float64,1000,0,0.0,"[""48.20203310870481"", ""48.19003310326909"", ""48.19003310326909""]",1000
D1,Vienna 4G/5G Drive-Test Dataset,data/raw/vienna_4g5g/Vienna-full-4G-5G-dataset-v1.0.3/estimated_cell_info/cell_info_final_lte.parquet,height_m,int32,1000,0,0.0,"[""32"", ""58"", ""58""]",1000
D1,Vienna 4G/5G Drive-Test Dataset,data/raw/vienna_4g5g/Vienna-full-4G-5G-dataset-v1.0.3/estimated_cell_info/cell_info_final_lte.parquet,azimuth_deg,float64,1000,29,0.029,"[""195.0"", ""20.0"", ""20.0""]",1000
D1,Vienna 4G/5G Drive-Test Dataset,data/raw/vienna_4g5g/Vienna-full-4G-5G-dataset-v1.0.3/phone/phone_data_5g.parquet,measurement_id,Int32,1000,0,0.0,"[""0"", ""1"", ""1""]",1000
D1,Vienna 4G/5G Drive-Test Dataset,data/raw/vienna_4g5g/Vienna-full-4G-5G-dataset-v1.0.3/phone/phone_data_5g.parquet,time,datetime64[ns],1000,0,0.0,"[""2024-10-13 15:00:41.418"", ""2024-10-13 15:22:42.371"", ""2024-10-13 15:22:42.371""]",1000
D1,Vienna 4G/5G Drive-Test Dataset,data/raw/vienna_4g5g/Vienna-full-4G-5G-dataset-v1.0.3/phone/phone_data_5g.parquet,latitude,Float64,1000,0,0.0,"[""48.19783"", ""48.201199"", ""48.201199""]",1000
D1,Vienna 4G/5G Drive-Test Dataset,data/raw/vienna_4g5g/Vienna-full-4G-5G-dataset-v1.0.3/phone/phone_data_5g.parquet,longitude,Float64,1000,0,0.0,"[""16.370186"", ""16.343235"", ""16.343235""]",1000
D1,Vienna 4G/5G Drive-Test Dataset,data/raw/vienna_4g5g/Vienna-full-4G-5G-dataset-v1.0.3/phone/phone_data_5g.parquet,beam_index,Int8,1000,0,0.0,"[""0"", ""0"", ""1""]",1000
D1,Vienna 4G/5G Drive-Test Dataset,data/raw/vienna_4g5g/Vienna-full-4G-5G-dataset-v1.0.3/phone/phone_data_5g.parquet,beam_type,object,1000,0,0.0,"[""Serving beam"", ""Detected beam"", ""Detected beam""]",1000
D1,Vienna 4G/5G Drive-Test Dataset,data/raw/vienna_4g5g/Vienna-full-4G-5G-dataset-v1.0.3/phone/phone_data_5g.parquet,rsrp_dbm,Float64,1000,0,0.0,"[""-72.5"", ""-120.1"", ""-121.3""]",1000
D1,Vienna 4G/5G Drive-Test Dataset,data/raw/vienna_4g5g/Vienna-full-4G-5G-dataset-v1.0.3/phone/phone_data_5g.parquet,rsrq_db,Float64,1000,0,0.0,"[""-10.4"", ""-14.6"", ""-17.1""]",1000
D1,Vienna 4G/5G Drive-Test Dataset,data/raw/vienna_4g5g/Vienna-full-4G-5G-dataset-v1.0.3/phone/phone_data_5g.parquet,rssi_dbm,Float64,1000,638,0.638,"[""-40.8"", ""-72.6"", ""-69.9""]",1000
D1,Vienna 4G/5G Drive-Test Dataset,data/raw/vienna_4g5g/Vienna-full-4G-5G-dataset-v1.0.3/phone/phone_data_5g.parquet,sinr_db,Float64,1000,638,0.638,"[""25.1"", ""6.9"", ""8.9""]",1000
D1,Vienna 4G/5G Drive-Test Dataset,data/raw/vienna_4g5g/Vienna-full-4G-5G-dataset-v1.0.3/phone/phone_data_5g.parquet,pathloss_db,Float64,1000,0,0.0,"[""91.0"", ""134.0"", ""134.0""]",1000
D1,Vienna 4G/5G Drive-Test Dataset,data/raw/vienna_4g5g/Vienna-full-4G-5G-dataset-v1.0.3/phone/phone_data_5g.parquet,dl_throughput_mbps,Float64,1000,0,0.0,"[""186.39999389648438"", ""92.4000015258789"", ""92.4000015258789""]",1000
D1,Vienna 4G/5G Drive-Test Dataset,data/raw/vienna_4g5g/Vienna-full-4G-5G-dataset-v1.0.3/phone/phone_data_5g.parquet,ul_throughput_mbps,Float64,1000,0,0.0,"[""0.10000000149011612"", ""0.0"", ""0.0""]",1000
D1,Vienna 4G/5G Drive-Test Dataset,data/raw/vienna_4g5g/Vienna-full-4G-5G-dataset-v1.0.3/phone/phone_data_5g.parquet,timing_advance,Int32,1000,859,0.859,"[""448"", ""448"", ""448""]",1000
D1,Vienna 4G/5G Drive-Test Dataset,data/raw/vienna_4g5g/Vienna-full-4G-5G-dataset-v1.0.3/phone/phone_data_5g.parquet,operator,object,1000,0,0.0,"[""A"", ""A"", ""A""]",1000
D1,Vienna 4G/5G Drive-Test Dataset,data/raw/vienna_4g5g/Vienna-full-4G-5G-dataset-v1.0.3/phone/phone_data_5g.parquet,frequency_khz,Float64,1000,0,0.0,"[""2125450.0"", ""3540000.0"", ""3540000.0""]",1000
D1,Vienna 4G/5G Drive-Test Dataset,data/raw/vienna_4g5g/Vienna-full-4G-5G-dataset-v1.0.3/phone/phone_data_5g.parquet,channel_number,Int32,1000,0,0.0,"[""425090"", ""636000"", ""636000""]",1000
D1,Vienna 4G/5G Drive-Test Dataset,data/raw/vienna_4g5g/Vienna-full-4G-5G-dataset-v1.0.3/phone/phone_data_5g.parquet,pci,Int16,1000,0,0.0,"[""354"", ""288"", ""288""]",1000
D1,Vienna 4G/5G Drive-Test Dataset,data/raw/vienna_4g5g/Vienna-full-4G-5G-dataset-v1.0.3/phone/phone_data_5g.parquet,cell_id_dummy,float64,1000,1000,1.0,[],1000
D1,Vienna 4G/5G Drive-Test Dataset,data/raw/vienna_4g5g/Vienna-full-4G-5G-dataset-v1.0.3/phone/phone_data_5g.parquet,gnb_id_dummy,float64,1000,1000,1.0,[],1000
D1,Vienna 4G/5G Drive-Test Dataset,data/raw/vienna_4g5g/Vienna-full-4G-5G-dataset-v1.0.3/phone/phone_data_lte.parquet,measurement_id,Int32,1000,0,0.0,"[""0"", ""1"", ""3""]",1000
D1,Vienna 4G/5G Drive-Test Dataset,data/raw/vienna_4g5g/Vienna-full-4G-5G-dataset-v1.0.3/phone/phone_data_lte.parquet,time,datetime64[ns],1000,0,0.0,"[""2024-10-13 15:12:30.716"", ""2024-10-13 15:12:31.217"", ""2024-10-13 15:12:31.720""]",1000
D1,Vienna 4G/5G Drive-Test Dataset,data/raw/vienna_4g5g/Vienna-full-4G-5G-dataset-v1.0.3/phone/phone_data_lte.parquet,latitude,Float64,1000,0,0.0,"[""48.206005"", ""48.206009"", ""48.206009""]",1000
D1,Vienna 4G/5G Drive-Test Dataset,data/raw/vienna_4g5g/Vienna-full-4G-5G-dataset-v1.0.3/phone/phone_data_lte.parquet,longitude,Float64,1000,0,0.0,"[""16.340046"", ""16.339991"", ""16.339991""]",1000
D1,Vienna 4G/5G Drive-Test Dataset,data/raw/vienna_4g5g/Vienna-full-4G-5G-dataset-v1.0.3/phone/phone_data_lte.parquet,rsrp_dbm,Float32,1000,0,0.0,"[""-104.4"", ""-103.5"", ""-103.6""]",1000
D1,Vienna 4G/5G Drive-Test Dataset,data/raw/vienna_4g5g/Vienna-full-4G-5G-dataset-v1.0.3/phone/phone_data_lte.parquet,rsrq_db,Float32,1000,0,0.0,"[""-16.2"", ""-15.1"", ""-14.2""]",1000
D1,Vienna 4G/5G Drive-Test Dataset,data/raw/vienna_4g5g/Vienna-full-4G-5G-dataset-v1.0.3/phone/phone_data_lte.parquet,rssi_dbm,Float32,1000,0,0.0,"[""-68.3"", ""-68.3"", ""-68.8""]",1000
D1,Vienna 4G/5G Drive-Test Dataset,data/raw/vienna_4g5g/Vienna-full-4G-5G-dataset-v1.0.3/phone/phone_data_lte.parquet,sinr_db,Float32,1000,1,0.001,"[""-1.4"", ""0.2"", ""-1.3""]",1000
D1,Vienna 4G/5G Drive-Test Dataset,data/raw/vienna_4g5g/Vienna-full-4G-5G-dataset-v1.0.3/phone/phone_data_lte.parquet,pathloss_db,Float32,1000,0,0.0,"[""120.0"", ""119.0"", ""119.0""]",1000
D1,Vienna 4G/5G Drive-Test Dataset,data/raw/vienna_4g5g/Vienna-full-4G-5G-dataset-v1.0.3/phone/phone_data_lte.parquet,dl_throughput_mbps,Float32,1000,0,0.0,"[""16.1"", ""13.5"", ""12.9""]",1000
D1,Vienna 4G/5G Drive-Test Dataset,data/raw/vienna_4g5g/Vienna-full-4G-5G-dataset-v1.0.3/phone/phone_data_lte.parquet,ul_throughput_mbps,Float32,1000,0,0.0,"[""0.1"", ""0.1"", ""0.1""]",1000
D1,Vienna 4G/5G Drive-Test Dataset,data/raw/vienna_4g5g/Vienna-full-4G-5G-dataset-v1.0.3/phone/phone_data_lte.parquet,operator,object,1000,0,0.0,"[""A"", ""A"", ""A""]",1000
D1,Vienna 4G/5G Drive-Test Dataset,data/raw/vienna_4g5g/Vienna-full-4G-5G-dataset-v1.0.3/phone/phone_data_lte.parquet,timing_advance,Int32,1000,76,0.076,"[""8"", ""7"", ""8""]",1000
D1,Vienna 4G/5G Drive-Test Dataset,data/raw/vienna_4g5g/Vienna-full-4G-5G-dataset-v1.0.3/phone/phone_data_lte.parquet,frequency_khz,float64,1000,0,0.0,"[""2630000.0"", ""2630000.0"", ""2630000.0""]",1000
D1,Vienna 4G/5G Drive-Test Dataset,data/raw/vienna_4g5g/Vienna-full-4G-5G-dataset-v1.0.3/phone/phone_data_lte.parquet,channel_number,Int32,1000,0,0.0,"[""2850"", ""2850"", ""2850""]",1000
D1,Vienna 4G/5G Drive-Test Dataset,data/raw/vienna_4g5g/Vienna-full-4G-5G-dataset-v1.0.3/phone/phone_data_lte.parquet,pci,Int16,1000,0,0.0,"[""410"", ""410"", ""410""]",1000
D1,Vienna 4G/5G Drive-Test Dataset,data/raw/vienna_4g5g/Vienna-full-4G-5G-dataset-v1.0.3/phone/phone_data_lte.parquet,cell_id,Int64,1000,0,0.0,"[""107011"", ""107011"", ""107011""]",1000
D1,Vienna 4G/5G Drive-Test Dataset,data/raw/vienna_4g5g/Vienna-full-4G-5G-dataset-v1.0.3/phone/phone_data_lte.parquet,enb_id,Int32,1000,0,0.0,"[""418"", ""418"", ""418""]",1000
D1,Vienna 4G/5G Drive-Test Dataset,data/raw/vienna_4g5g/Vienna-full-4G-5G-dataset-v1.0.3/phone/phone_data_lte.parquet,sector_id,Int8,1000,0,0.0,"[""3"", ""3"", ""3""]",1000
D1,Vienna 4G/5G Drive-Test Dataset,data/raw/vienna_4g5g/Vienna-full-4G-5G-dataset-v1.0.3/scanner/scanner_data_5g.parquet,measurement_id,int64,1000,0,0.0,"[""0"", ""1"", ""2""]",1000
D1,Vienna 4G/5G Drive-Test Dataset,data/raw/vienna_4g5g/Vienna-full-4G-5G-dataset-v1.0.3/scanner/scanner_data_5g.parquet,time,datetime64[ns],1000,0,0.0,"[""2024-06-27 11:27:11.473"", ""2024-06-27 11:27:11.491"", ""2024-06-27 11:27:11.763""]",1000
D1,Vienna 4G/5G Drive-Test Dataset,data/raw/vienna_4g5g/Vienna-full-4G-5G-dataset-v1.0.3/scanner/scanner_data_5g.parquet,longitude,float64,1000,0,0.0,"[""16.37162"", ""16.37162"", ""16.37162""]",1000
D1,Vienna 4G/5G Drive-Test Dataset,data/raw/vienna_4g5g/Vienna-full-4G-5G-dataset-v1.0.3/scanner/scanner_data_5g.parquet,latitude,float64,1000,0,0.0,"[""48.197479"", ""48.197479"", ""48.197479""]",1000
D1,Vienna 4G/5G Drive-Test Dataset,data/raw/vienna_4g5g/Vienna-full-4G-5G-dataset-v1.0.3/scanner/scanner_data_5g.parquet,beam_index,int32,1000,0,0.0,"[""0"", ""0"", ""2""]",1000
D1,Vienna 4G/5G Drive-Test Dataset,data/raw/vienna_4g5g/Vienna-full-4G-5G-dataset-v1.0.3/scanner/scanner_data_5g.parquet,rsrp_dbm,float64,1000,0,0.0,"[""-84.2"", ""-83.9"", ""-117.1""]",1000
D1,Vienna 4G/5G Drive-Test Dataset,data/raw/vienna_4g5g/Vienna-full-4G-5G-dataset-v1.0.3/scanner/scanner_data_5g.parquet,rsrq_db,float64,1000,0,0.0,"[""-12.4"", ""-12.4"", ""-17.9""]",1000
D1,Vienna 4G/5G Drive-Test Dataset,data/raw/vienna_4g5g/Vienna-full-4G-5G-dataset-v1.0.3/scanner/scanner_data_5g.parquet,rssi_dbm,float64,1000,0,0.0,"[""-58.1"", ""-57.8"", ""-84.5""]",1000
D1,Vienna 4G/5G Drive-Test Dataset,data/raw/vienna_4g5g/Vienna-full-4G-5G-dataset-v1.0.3/scanner/scanner_data_5g.parquet,sinr_db,float64,1000,0,0.0,"[""5.5"", ""5.6"", ""-3.9""]",1000
D1,Vienna 4G/5G Drive-Test Dataset,data/raw/vienna_4g5g/Vienna-full-4G-5G-dataset-v1.0.3/scanner/scanner_data_5g.parquet,operator,object,1000,0,0.0,"[""A"", ""A"", ""A""]",1000
D1,Vienna 4G/5G Drive-Test Dataset,data/raw/vienna_4g5g/Vienna-full-4G-5G-dataset-v1.0.3/scanner/scanner_data_5g.parquet,frequency_khz,float64,1000,0,0.0,"[""2125450.0"", ""2125450.0"", ""3540000.0""]",1000
D1,Vienna 4G/5G Drive-Test Dataset,data/raw/vienna_4g5g/Vienna-full-4G-5G-dataset-v1.0.3/scanner/scanner_data_5g.parquet,channel_number,int32,1000,0,0.0,"[""425090"", ""425090"", ""636000""]",1000
D1,Vienna 4G/5G Drive-Test Dataset,data/raw/vienna_4g5g/Vienna-full-4G-5G-dataset-v1.0.3/scanner/scanner_data_5g.parquet,pci,int32,1000,0,0.0,"[""194"", ""194"", ""201""]",1000
D1,Vienna 4G/5G Drive-Test Dataset,data/raw/vienna_4g5g/Vienna-full-4G-5G-dataset-v1.0.3/scanner/scanner_data_5g.parquet,cell_id,int32,1000,0,0.0,"[""90996769"", ""90996769"", ""76840961""]",1000
D1,Vienna 4G/5G Drive-Test Dataset,data/raw/vienna_4g5g/Vienna-full-4G-5G-dataset-v1.0.3/scanner/scanner_data_5g.parquet,gnb_id,int64,1000,0,0.0,"[""5554"", ""5554"", ""4690""]",1000
D1,Vienna 4G/5G Drive-Test Dataset,data/raw/vienna_4g5g/Vienna-full-4G-5G-dataset-v1.0.3/scanner/scanner_data_5g.parquet,sector_id,int64,1000,0,0.0,"[""33"", ""33"", ""1""]",1000
D1,Vienna 4G/5G Drive-Test Dataset,data/raw/vienna_4g5g/Vienna-full-4G-5G-dataset-v1.0.3/scanner/scanner_data_5g.parquet,cell_id_dummy,Int32,1000,782,0.782,"[""17"", ""17"", ""17""]",1000
D1,Vienna 4G/5G Drive-Test Dataset,data/raw/vienna_4g5g/Vienna-full-4G-5G-dataset-v1.0.3/scanner/scanner_data_5g.parquet,gnb_id_dummy,Int32,1000,782,0.782,"[""11"", ""11"", ""11""]",1000
D1,Vienna 4G/5G Drive-Test Dataset,data/raw/vienna_4g5g/Vienna-full-4G-5G-dataset-v1.0.3/scanner/scanner_data_lte.parquet,measurement_id,int64,1000,0,0.0,"[""0"", ""0"", ""0""]",1000
D1,Vienna 4G/5G Drive-Test Dataset,data/raw/vienna_4g5g/Vienna-full-4G-5G-dataset-v1.0.3/scanner/scanner_data_lte.parquet,time,datetime64[ns],1000,0,0.0,"[""2024-06-27 11:27:09.709"", ""2024-06-27 11:27:09.709"", ""2024-06-27 11:27:09.709""]",1000
D1,Vienna 4G/5G Drive-Test Dataset,data/raw/vienna_4g5g/Vienna-full-4G-5G-dataset-v1.0.3/scanner/scanner_data_lte.parquet,longitude,float64,1000,0,0.0,"[""16.371616"", ""16.371616"", ""16.371616""]",1000
D1,Vienna 4G/5G Drive-Test Dataset,data/raw/vienna_4g5g/Vienna-full-4G-5G-dataset-v1.0.3/scanner/scanner_data_lte.parquet,latitude,float64,1000,0,0.0,"[""48.197479"", ""48.197479"", ""48.197479""]",1000
D1,Vienna 4G/5G Drive-Test Dataset,data/raw/vienna_4g5g/Vienna-full-4G-5G-dataset-v1.0.3/scanner/scanner_data_lte.parquet,rsrp_dbm,float64,1000,0,0.0,"[""-100.2"", ""-87.3"", ""-91.0""]",1000
D1,Vienna 4G/5G Drive-Test Dataset,data/raw/vienna_4g5g/Vienna-full-4G-5G-dataset-v1.0.3/scanner/scanner_data_lte.parquet,rsrq_db,float64,1000,0,0.0,"[""-26.4"", ""-13.5"", ""-17.3""]",1000
D1,Vienna 4G/5G Drive-Test Dataset,data/raw/vienna_4g5g/Vienna-full-4G-5G-dataset-v1.0.3/scanner/scanner_data_lte.parquet,rssi_dbm,float64,1000,0,0.0,"[""-55.0"", ""-55.0"", ""-55.0""]",1000
D1,Vienna 4G/5G Drive-Test Dataset,data/raw/vienna_4g5g/Vienna-full-4G-5G-dataset-v1.0.3/scanner/scanner_data_lte.parquet,cinr_db,float64,1000,0,0.0,"[""-15.7"", ""-0.4"", ""-7.8""]",1000
D1,Vienna 4G/5G Drive-Test Dataset,data/raw/vienna_4g5g/Vienna-full-4G-5G-dataset-v1.0.3/scanner/scanner_data_lte.parquet,operator,object,1000,0,0.0,"[""A"", ""A"", ""A""]",1000
D1,Vienna 4G/5G Drive-Test Dataset,data/raw/vienna_4g5g/Vienna-full-4G-5G-dataset-v1.0.3/scanner/scanner_data_lte.parquet,frequency_khz,float64,1000,0,0.0,"[""1872100.0"", ""1872100.0"", ""1872100.0""]",1000
D1,Vienna 4G/5G Drive-Test Dataset,data/raw/vienna_4g5g/Vienna-full-4G-5G-dataset-v1.0.3/scanner/scanner_data_lte.parquet,channel_number,int32,1000,0,0.0,"[""1871"", ""1871"", ""1871""]",1000
D1,Vienna 4G/5G Drive-Test Dataset,data/raw/vienna_4g5g/Vienna-full-4G-5G-dataset-v1.0.3/scanner/scanner_data_lte.parquet,pci,int32,1000,0,0.0,"[""368"", ""194"", ""192""]",1000
D1,Vienna 4G/5G Drive-Test Dataset,data/raw/vienna_4g5g/Vienna-full-4G-5G-dataset-v1.0.3/scanner/scanner_data_lte.parquet,cell_id,int32,1000,0,0.0,"[""70423"", ""151063"", ""151061""]",1000
D1,Vienna 4G/5G Drive-Test Dataset,data/raw/vienna_4g5g/Vienna-full-4G-5G-dataset-v1.0.3/scanner/scanner_data_lte.parquet,enb_id,int64,1000,0,0.0,"[""275"", ""590"", ""590""]",1000
D1,Vienna 4G/5G Drive-Test Dataset,data/raw/vienna_4g5g/Vienna-full-4G-5G-dataset-v1.0.3/scanner/scanner_data_lte.parquet,sector_id,int64,1000,0,0.0,"[""23"", ""23"", ""21""]",1000
D2,UCC Beyond Throughput 5G dataset,data/raw/ucc_5g_context/5G-production-dataset/Amazon_Prime/Driving/Season3-TheExpanse/B_2019.12.01_12.11.21.csv,Timestamp,object,673,0,0.0,"[""2019.12.01_12.11.21"", ""2019.12.01_12.11.21"", ""2019.12.01_12.11.22""]",1000
D2,UCC Beyond Throughput 5G dataset,data/raw/ucc_5g_context/5G-production-dataset/Amazon_Prime/Driving/Season3-TheExpanse/B_2019.12.01_12.11.21.csv,Longitude,float64,673,0,0.0,"[""-8.388167"", ""-8.388167"", ""-8.388338000000001""]",1000
D2,UCC Beyond Throughput 5G dataset,data/raw/ucc_5g_context/5G-production-dataset/Amazon_Prime/Driving/Season3-TheExpanse/B_2019.12.01_12.11.21.csv,Latitude,float64,673,0,0.0,"[""51.935618"", ""51.935618"", ""51.935625""]",1000
D2,UCC Beyond Throughput 5G dataset,data/raw/ucc_5g_context/5G-production-dataset/Amazon_Prime/Driving/Season3-TheExpanse/B_2019.12.01_12.11.21.csv,Speed,int64,673,0,0.0,"[""0"", ""0"", ""1""]",1000
D2,UCC Beyond Throughput 5G dataset,data/raw/ucc_5g_context/5G-production-dataset/Amazon_Prime/Driving/Season3-TheExpanse/B_2019.12.01_12.11.21.csv,Operatorname,object,673,0,0.0,"[""B"", ""B"", ""B""]",1000
D2,UCC Beyond Throughput 5G dataset,data/raw/ucc_5g_context/5G-production-dataset/Amazon_Prime/Driving/Season3-TheExpanse/B_2019.12.01_12.11.21.csv,CellID,int64,673,0,0.0,"[""2"", ""2"", ""2""]",1000
D2,UCC Beyond Throughput 5G dataset,data/raw/ucc_5g_context/5G-production-dataset/Amazon_Prime/Driving/Season3-TheExpanse/B_2019.12.01_12.11.21.csv,NetworkMode,object,673,0,0.0,"[""LTE"", ""LTE"", ""LTE""]",1000
D2,UCC Beyond Throughput 5G dataset,data/raw/ucc_5g_context/5G-production-dataset/Amazon_Prime/Driving/Season3-TheExpanse/B_2019.12.01_12.11.21.csv,RSRP,int64,673,0,0.0,"[""-92"", ""-93"", ""-93""]",1000
D2,UCC Beyond Throughput 5G dataset,data/raw/ucc_5g_context/5G-production-dataset/Amazon_Prime/Driving/Season3-TheExpanse/B_2019.12.01_12.11.21.csv,RSRQ,int64,673,0,0.0,"[""-11"", ""-10"", ""-10""]",1000
D2,UCC Beyond Throughput 5G dataset,data/raw/ucc_5g_context/5G-production-dataset/Amazon_Prime/Driving/Season3-TheExpanse/B_2019.12.01_12.11.21.csv,SNR,float64,673,0,0.0,"[""2.0"", ""2.0"", ""2.0""]",1000
D2,UCC Beyond Throughput 5G dataset,data/raw/ucc_5g_context/5G-production-dataset/Amazon_Prime/Driving/Season3-TheExpanse/B_2019.12.01_12.11.21.csv,CQI,int64,673,0,0.0,"[""8"", ""8"", ""9""]",1000
D2,UCC Beyond Throughput 5G dataset,data/raw/ucc_5g_context/5G-production-dataset/Amazon_Prime/Driving/Season3-TheExpanse/B_2019.12.01_12.11.21.csv,RSSI,object,673,0,0.0,"[""-76"", ""-76"", ""-78""]",1000
D2,UCC Beyond Throughput 5G dataset,data/raw/ucc_5g_context/5G-production-dataset/Amazon_Prime/Driving/Season3-TheExpanse/B_2019.12.01_12.11.21.csv,DL_bitrate,int64,673,0,0.0,"[""29"", ""29"", ""29""]",1000
D2,UCC Beyond Throughput 5G dataset,data/raw/ucc_5g_context/5G-production-dataset/Amazon_Prime/Driving/Season3-TheExpanse/B_2019.12.01_12.11.21.csv,UL_bitrate,int64,673,0,0.0,"[""13"", ""13"", ""13""]",1000
D2,UCC Beyond Throughput 5G dataset,data/raw/ucc_5g_context/5G-production-dataset/Amazon_Prime/Driving/Season3-TheExpanse/B_2019.12.01_12.11.21.csv,State,object,673,0,0.0,"[""D"", ""D"", ""D""]",1000
D2,UCC Beyond Throughput 5G dataset,data/raw/ucc_5g_context/5G-production-dataset/Amazon_Prime/Driving/Season3-TheExpanse/B_2019.12.01_12.11.21.csv,PINGAVG,object,673,0,0.0,"[""-"", ""-"", ""-""]",1000
D2,UCC Beyond Throughput 5G dataset,data/raw/ucc_5g_context/5G-production-dataset/Amazon_Prime/Driving/Season3-TheExpanse/B_2019.12.01_12.11.21.csv,PINGMIN,object,673,0,0.0,"[""-"", ""-"", ""-""]",1000
D2,UCC Beyond Throughput 5G dataset,data/raw/ucc_5g_context/5G-production-dataset/Amazon_Prime/Driving/Season3-TheExpanse/B_2019.12.01_12.11.21.csv,PINGMAX,object,673,0,0.0,"[""-"", ""-"", ""-""]",1000
D2,UCC Beyond Throughput 5G dataset,data/raw/ucc_5g_context/5G-production-dataset/Amazon_Prime/Driving/Season3-TheExpanse/B_2019.12.01_12.11.21.csv,PINGSTDEV,object,673,0,0.0,"[""-"", ""-"", ""-""]",1000
D2,UCC Beyond Throughput 5G dataset,data/raw/ucc_5g_context/5G-production-dataset/Amazon_Prime/Driving/Season3-TheExpanse/B_2019.12.01_12.11.21.csv,PINGLOSS,object,673,0,0.0,"[""-"", ""-"", ""-""]",1000
D2,UCC Beyond Throughput 5G dataset,data/raw/ucc_5g_context/5G-production-dataset/Amazon_Prime/Driving/Season3-TheExpanse/B_2019.12.01_12.11.21.csv,CELLHEX,object,673,0,0.0,"[""2"", ""2"", ""2""]",1000
D2,UCC Beyond Throughput 5G dataset,data/raw/ucc_5g_context/5G-production-dataset/Amazon_Prime/Driving/Season3-TheExpanse/B_2019.12.01_12.11.21.csv,NODEHEX,object,673,0,0.0,"[""A81B"", ""A81B"", ""A81B""]",1000
D2,UCC Beyond Throughput 5G dataset,data/raw/ucc_5g_context/5G-production-dataset/Amazon_Prime/Driving/Season3-TheExpanse/B_2019.12.01_12.11.21.csv,LACHEX,object,673,0,0.0,"[""9CBA"", ""9CBA"", ""9CBA""]",1000
D2,UCC Beyond Throughput 5G dataset,data/raw/ucc_5g_context/5G-production-dataset/Amazon_Prime/Driving/Season3-TheExpanse/B_2019.12.01_12.11.21.csv,RAWCELLID,int64,673,0,0.0,"[""11016962"", ""11016962"", ""11016962""]",1000
D2,UCC Beyond Throughput 5G dataset,data/raw/ucc_5g_context/5G-production-dataset/Amazon_Prime/Driving/Season3-TheExpanse/B_2019.12.01_12.11.21.csv,NRxRSRP,object,673,0,0.0,"[""-"", ""-"", ""-""]",1000
D2,UCC Beyond Throughput 5G dataset,data/raw/ucc_5g_context/5G-production-dataset/Amazon_Prime/Driving/Season3-TheExpanse/B_2019.12.01_12.11.21.csv,NRxRSRQ,object,673,0,0.0,"[""-"", ""-"", ""-""]",1000
D2,UCC Beyond Throughput 5G dataset,data/raw/ucc_5g_context/5G-production-dataset/Amazon_Prime/Driving/Season3-TheExpanse/B_2019.12.01_13.05.00.csv,Timestamp,object,919,0,0.0,"[""2019.12.01_13.05.00"", ""2019.12.01_13.05.00"", ""2019.12.01_13.05.01""]",1000
D2,UCC Beyond Throughput 5G dataset,data/raw/ucc_5g_context/5G-production-dataset/Amazon_Prime/Driving/Season3-TheExpanse/B_2019.12.01_13.05.00.csv,Longitude,float64,919,0,0.0,"[""-8.448095"", ""-8.448095"", ""-8.448756""]",1000
D2,UCC Beyond Throughput 5G dataset,data/raw/ucc_5g_context/5G-production-dataset/Amazon_Prime/Driving/Season3-TheExpanse/B_2019.12.01_13.05.00.csv,Latitude,float64,919,0,0.0,"[""51.916296"", ""51.916296"", ""51.915838""]",1000
D2,UCC Beyond Throughput 5G dataset,data/raw/ucc_5g_context/5G-production-dataset/Amazon_Prime/Driving/Season3-TheExpanse/B_2019.12.01_13.05.00.csv,Speed,int64,919,0,0.0,"[""0"", ""0"", ""1""]",1000
D2,UCC Beyond Throughput 5G dataset,data/raw/ucc_5g_context/5G-production-dataset/Amazon_Prime/Driving/Season3-TheExpanse/B_2019.12.01_13.05.00.csv,Operatorname,object,919,0,0.0,"[""B"", ""B"", ""B""]",1000
D2,UCC Beyond Throughput 5G dataset,data/raw/ucc_5g_context/5G-production-dataset/Amazon_Prime/Driving/Season3-TheExpanse/B_2019.12.01_13.05.00.csv,CellID,int64,919,0,0.0,"[""2"", ""2"", ""2""]",1000
D2,UCC Beyond Throughput 5G dataset,data/raw/ucc_5g_context/5G-production-dataset/Amazon_Prime/Driving/Season3-TheExpanse/B_2019.12.01_13.05.00.csv,NetworkMode,object,919,0,0.0,"[""LTE"", ""LTE"", ""LTE""]",1000
D2,UCC Beyond Throughput 5G dataset,data/raw/ucc_5g_context/5G-production-dataset/Amazon_Prime/Driving/Season3-TheExpanse/B_2019.12.01_13.05.00.csv,RSRP,int64,919,0,0.0,"[""-88"", ""-86"", ""-86""]",1000
D2,UCC Beyond Throughput 5G dataset,data/raw/ucc_5g_context/5G-production-dataset/Amazon_Prime/Driving/Season3-TheExpanse/B_2019.12.01_13.05.00.csv,RSRQ,int64,919,0,0.0,"[""-9"", ""-7"", ""-7""]",1000
D2,UCC Beyond Throughput 5G dataset,data/raw/ucc_5g_context/5G-production-dataset/Amazon_Prime/Driving/Season3-TheExpanse/B_2019.12.01_13.05.00.csv,SNR,float64,919,0,0.0,"[""9.0"", ""19.0"", ""19.0""]",1000
D2,UCC Beyond Throughput 5G dataset,data/raw/ucc_5g_context/5G-production-dataset/Amazon_Prime/Driving/Season3-TheExpanse/B_2019.12.01_13.05.00.csv,CQI,int64,919,0,0.0,"[""10"", ""10"", ""10""]",1000
D2,UCC Beyond Throughput 5G dataset,data/raw/ucc_5g_context/5G-production-dataset/Amazon_Prime/Driving/Season3-TheExpanse/B_2019.12.01_13.05.00.csv,RSSI,object,919,0,0.0,"[""-69"", ""-69"", ""-69""]",1000
D2,UCC Beyond Throughput 5G dataset,data/raw/ucc_5g_context/5G-production-dataset/Amazon_Prime/Driving/Season3-TheExpanse/B_2019.12.01_13.05.00.csv,DL_bitrate,int64,919,0,0.0,"[""261"", ""25"", ""25""]",1000
D2,UCC Beyond Throughput 5G dataset,data/raw/ucc_5g_context/5G-production-dataset/Amazon_Prime/Driving/Season3-TheExpanse/B_2019.12.01_13.05.00.csv,UL_bitrate,int64,919,0,0.0,"[""208"", ""8"", ""8""]",1000
D2,UCC Beyond Throughput 5G dataset,data/raw/ucc_5g_context/5G-production-dataset/Amazon_Prime/Driving/Season3-TheExpanse/B_2019.12.01_13.05.00.csv,State,object,919,0,0.0,"[""D"", ""D"", ""D""]",1000
D2,UCC Beyond Throughput 5G dataset,data/raw/ucc_5g_context/5G-production-dataset/Amazon_Prime/Driving/Season3-TheExpanse/B_2019.12.01_13.05.00.csv,PINGAVG,object,919,0,0.0,"[""-"", ""-"", ""-""]",1000
D2,UCC Beyond Throughput 5G dataset,data/raw/ucc_5g_context/5G-production-dataset/Amazon_Prime/Driving/Season3-TheExpanse/B_2019.12.01_13.05.00.csv,PINGMIN,object,919,0,0.0,"[""-"", ""-"", ""-""]",1000
D2,UCC Beyond Throughput 5G dataset,data/raw/ucc_5g_context/5G-production-dataset/Amazon_Prime/Driving/Season3-TheExpanse/B_2019.12.01_13.05.00.csv,PINGMAX,object,919,0,0.0,"[""-"", ""-"", ""-""]",1000
D2,UCC Beyond Throughput 5G dataset,data/raw/ucc_5g_context/5G-production-dataset/Amazon_Prime/Driving/Season3-TheExpanse/B_2019.12.01_13.05.00.csv,PINGSTDEV,object,919,0,0.0,"[""-"", ""-"", ""-""]",1000
D2,UCC Beyond Throughput 5G dataset,data/raw/ucc_5g_context/5G-production-dataset/Amazon_Prime/Driving/Season3-TheExpanse/B_2019.12.01_13.05.00.csv,PINGLOSS,object,919,0,0.0,"[""-"", ""-"", ""-""]",1000
D2,UCC Beyond Throughput 5G dataset,data/raw/ucc_5g_context/5G-production-dataset/Amazon_Prime/Driving/Season3-TheExpanse/B_2019.12.01_13.05.00.csv,CELLHEX,object,919,0,0.0,"[""2"", ""2"", ""2""]",1000
D2,UCC Beyond Throughput 5G dataset,data/raw/ucc_5g_context/5G-production-dataset/Amazon_Prime/Driving/Season3-TheExpanse/B_2019.12.01_13.05.00.csv,NODEHEX,object,919,0,0.0,"[""432AE"", ""432AE"", ""432AE""]",1000
D2,UCC Beyond Throughput 5G dataset,data/raw/ucc_5g_context/5G-production-dataset/Amazon_Prime/Driving/Season3-TheExpanse/B_2019.12.01_13.05.00.csv,LACHEX,object,919,0,0.0,"[""9CBA"", ""9CBA"", ""9CBA""]",1000
D2,UCC Beyond Throughput 5G dataset,data/raw/ucc_5g_context/5G-production-dataset/Amazon_Prime/Driving/Season3-TheExpanse/B_2019.12.01_13.05.00.csv,RAWCELLID,int64,919,0,0.0,"[""70430210"", ""70430210"", ""70430210""]",1000
D2,UCC Beyond Throughput 5G dataset,data/raw/ucc_5g_context/5G-production-dataset/Amazon_Prime/Driving/Season3-TheExpanse/B_2019.12.01_13.05.00.csv,NRxRSRP,object,919,0,0.0,"[""-"", ""-"", ""-""]",1000
D2,UCC Beyond Throughput 5G dataset,data/raw/ucc_5g_context/5G-production-dataset/Amazon_Prime/Driving/Season3-TheExpanse/B_2019.12.01_13.05.00.csv,NRxRSRQ,object,919,0,0.0,"[""-"", ""-"", ""-""]",1000
D2,UCC Beyond Throughput 5G dataset,data/raw/ucc_5g_context/5G-production-dataset/Amazon_Prime/Driving/Season3-TheExpanse/B_2019.12.02_07.26.15.csv,Timestamp,object,1000,0,0.0,"[""2019.12.02_07.26.15"", ""2019.12.02_07.26.15"", ""2019.12.02_07.26.16""]",1000
D2,UCC Beyond Throughput 5G dataset,data/raw/ucc_5g_context/5G-production-dataset/Amazon_Prime/Driving/Season3-TheExpanse/B_2019.12.02_07.26.15.csv,Longitude,float64,1000,0,0.0,"[""-8.38818"", ""-8.38818"", ""-8.387948""]",1000
D2,UCC Beyond Throughput 5G dataset,data/raw/ucc_5g_context/5G-production-dataset/Amazon_Prime/Driving/Season3-TheExpanse/B_2019.12.02_07.26.15.csv,Latitude,float64,1000,0,0.0,"[""51.935614"", ""51.935614"", ""51.935524""]",1000
D2,UCC Beyond Throughput 5G dataset,data/raw/ucc_5g_context/5G-production-dataset/Amazon_Prime/Driving/Season3-TheExpanse/B_2019.12.02_07.26.15.csv,Speed,int64,1000,0,0.0,"[""0"", ""0"", ""1""]",1000
D2,UCC Beyond Throughput 5G dataset,data/raw/ucc_5g_context/5G-production-dataset/Amazon_Prime/Driving/Season3-TheExpanse/B_2019.12.02_07.26.15.csv,Operatorname,object,1000,0,0.0,"[""B"", ""B"", ""B""]",1000
D2,UCC Beyond Throughput 5G dataset,data/raw/ucc_5g_context/5G-production-dataset/Amazon_Prime/Driving/Season3-TheExpanse/B_2019.12.02_07.26.15.csv,CellID,int64,1000,0,0.0,"[""2"", ""2"", ""2""]",1000
D2,UCC Beyond Throughput 5G dataset,data/raw/ucc_5g_context/5G-production-dataset/Amazon_Prime/Driving/Season3-TheExpanse/B_2019.12.02_07.26.15.csv,NetworkMode,object,1000,0,0.0,"[""LTE"", ""LTE"", ""LTE""]",1000
D2,UCC Beyond Throughput 5G dataset,data/raw/ucc_5g_context/5G-production-dataset/Amazon_Prime/Driving/Season3-TheExpanse/B_2019.12.02_07.26.15.csv,RSRP,int64,1000,0,0.0,"[""-93"", ""-96"", ""-96""]",1000
D2,UCC Beyond Throughput 5G dataset,data/raw/ucc_5g_context/5G-production-dataset/Amazon_Prime/Driving/Season3-TheExpanse/B_2019.12.02_07.26.15.csv,RSRQ,int64,1000,0,0.0,"[""-7"", ""-7"", ""-7""]",1000
D2,UCC Beyond Throughput 5G dataset,data/raw/ucc_5g_context/5G-production-dataset/Amazon_Prime/Driving/Season3-TheExpanse/B_2019.12.02_07.26.15.csv,SNR,float64,1000,0,0.0,"[""8.0"", ""8.0"", ""8.0""]",1000
D2,UCC Beyond Throughput 5G dataset,data/raw/ucc_5g_context/5G-production-dataset/Amazon_Prime/Driving/Season3-TheExpanse/B_2019.12.02_07.26.15.csv,CQI,int64,1000,0,0.0,"[""12"", ""12"", ""12""]",1000
D2,UCC Beyond Throughput 5G dataset,data/raw/ucc_5g_context/5G-production-dataset/Amazon_Prime/Driving/Season3-TheExpanse/B_2019.12.02_07.26.15.csv,RSSI,object,1000,0,0.0,"[""-78"", ""-78"", ""-78""]",1000
D2,UCC Beyond Throughput 5G dataset,data/raw/ucc_5g_context/5G-production-dataset/Amazon_Prime/Driving/Season3-TheExpanse/B_2019.12.02_07.26.15.csv,DL_bitrate,int64,1000,0,0.0,"[""28"", ""28"", ""28""]",1000
D2,UCC Beyond Throughput 5G dataset,data/raw/ucc_5g_context/5G-production-dataset/Amazon_Prime/Driving/Season3-TheExpanse/B_2019.12.02_07.26.15.csv,UL_bitrate,int64,1000,0,0.0,"[""6"", ""6"", ""6""]",1000
D2,UCC Beyond Throughput 5G dataset,data/raw/ucc_5g_context/5G-production-dataset/Amazon_Prime/Driving/Season3-TheExpanse/B_2019.12.02_07.26.15.csv,State,object,1000,0,0.0,"[""D"", ""D"", ""D""]",1000
D2,UCC Beyond Throughput 5G dataset,data/raw/ucc_5g_context/5G-production-dataset/Amazon_Prime/Driving/Season3-TheExpanse/B_2019.12.02_07.26.15.csv,PINGAVG,object,1000,0,0.0,"[""-"", ""-"", ""-""]",1000
D2,UCC Beyond Throughput 5G dataset,data/raw/ucc_5g_context/5G-production-dataset/Amazon_Prime/Driving/Season3-TheExpanse/B_2019.12.02_07.26.15.csv,PINGMIN,object,1000,0,0.0,"[""-"", ""-"", ""-""]",1000
D2,UCC Beyond Throughput 5G dataset,data/raw/ucc_5g_context/5G-production-dataset/Amazon_Prime/Driving/Season3-TheExpanse/B_2019.12.02_07.26.15.csv,PINGMAX,object,1000,0,0.0,"[""-"", ""-"", ""-""]",1000
D2,UCC Beyond Throughput 5G dataset,data/raw/ucc_5g_context/5G-production-dataset/Amazon_Prime/Driving/Season3-TheExpanse/B_2019.12.02_07.26.15.csv,PINGSTDEV,object,1000,0,0.0,"[""-"", ""-"", ""-""]",1000
D2,UCC Beyond Throughput 5G dataset,data/raw/ucc_5g_context/5G-production-dataset/Amazon_Prime/Driving/Season3-TheExpanse/B_2019.12.02_07.26.15.csv,PINGLOSS,object,1000,0,0.0,"[""-"", ""-"", ""-""]",1000
D2,UCC Beyond Throughput 5G dataset,data/raw/ucc_5g_context/5G-production-dataset/Amazon_Prime/Driving/Season3-TheExpanse/B_2019.12.02_07.26.15.csv,CELLHEX,object,1000,0,0.0,"[""2"", ""2"", ""2""]",1000
D2,UCC Beyond Throughput 5G dataset,data/raw/ucc_5g_context/5G-production-dataset/Amazon_Prime/Driving/Season3-TheExpanse/B_2019.12.02_07.26.15.csv,NODEHEX,object,1000,0,0.0,"[""A81B"", ""A81B"", ""A81B""]",1000
D2,UCC Beyond Throughput 5G dataset,data/raw/ucc_5g_context/5G-production-dataset/Amazon_Prime/Driving/Season3-TheExpanse/B_2019.12.02_07.26.15.csv,LACHEX,object,1000,0,0.0,"[""9CBA"", ""9CBA"", ""9CBA""]",1000
D2,UCC Beyond Throughput 5G dataset,data/raw/ucc_5g_context/5G-production-dataset/Amazon_Prime/Driving/Season3-TheExpanse/B_2019.12.02_07.26.15.csv,RAWCELLID,int64,1000,0,0.0,"[""11016962"", ""11016962"", ""11016962""]",1000
D2,UCC Beyond Throughput 5G dataset,data/raw/ucc_5g_context/5G-production-dataset/Amazon_Prime/Driving/Season3-TheExpanse/B_2019.12.02_07.26.15.csv,NRxRSRP,object,1000,0,0.0,"[""-104.0"", ""-105.0"", ""-105.0""]",1000
D2,UCC Beyond Throughput 5G dataset,data/raw/ucc_5g_context/5G-production-dataset/Amazon_Prime/Driving/Season3-TheExpanse/B_2019.12.02_07.26.15.csv,NRxRSRQ,object,1000,0,0.0,"[""-14.0"", ""-14.0"", ""-14.0""]",1000
D2,UCC Beyond Throughput 5G dataset,data/raw/ucc_5g_context/5G-production-dataset/Amazon_Prime/Driving/Season3-TheExpanse/B_2019.12.02_09.39.35.csv,Timestamp,object,1000,0,0.0,"[""2019.12.02_09.39.35"", ""2019.12.02_09.39.35"", ""2019.12.02_09.39.36""]",1000
D2,UCC Beyond Throughput 5G dataset,data/raw/ucc_5g_context/5G-production-dataset/Amazon_Prime/Driving/Season3-TheExpanse/B_2019.12.02_09.39.35.csv,Longitude,float64,1000,0,0.0,"[""-8.502171"", ""-8.502171"", ""-8.502171""]",1000
D2,UCC Beyond Throughput 5G dataset,data/raw/ucc_5g_context/5G-production-dataset/Amazon_Prime/Driving/Season3-TheExpanse/B_2019.12.02_09.39.35.csv,Latitude,float64,1000,0,0.0,"[""51.893421999999994"", ""51.893421999999994"", ""51.893421999999994""]",1000
D2,UCC Beyond Throughput 5G dataset,data/raw/ucc_5g_context/5G-production-dataset/Amazon_Prime/Driving/Season3-TheExpanse/B_2019.12.02_09.39.35.csv,Speed,int64,1000,0,0.0,"[""0"", ""0"", ""0""]",1000
D2,UCC Beyond Throughput 5G dataset,data/raw/ucc_5g_context/5G-production-dataset/Amazon_Prime/Driving/Season3-TheExpanse/B_2019.12.02_09.39.35.csv,Operatorname,object,1000,0,0.0,"[""B"", ""B"", ""B""]",1000
D2,UCC Beyond Throughput 5G dataset,data/raw/ucc_5g_context/5G-production-dataset/Amazon_Prime/Driving/Season3-TheExpanse/B_2019.12.02_09.39.35.csv,CellID,int64,1000,0,0.0,"[""3"", ""3"", ""3""]",1000
D2,UCC Beyond Throughput 5G dataset,data/raw/ucc_5g_context/5G-production-dataset/Amazon_Prime/Driving/Season3-TheExpanse/B_2019.12.02_09.39.35.csv,NetworkMode,object,1000,0,0.0,"[""LTE"", ""LTE"", ""LTE""]",1000
D2,UCC Beyond Throughput 5G dataset,data/raw/ucc_5g_context/5G-production-dataset/Amazon_Prime/Driving/Season3-TheExpanse/B_2019.12.02_09.39.35.csv,RSRP,int64,1000,0,0.0,"[""-73"", ""-73"", ""-73""]",1000
D2,UCC Beyond Throughput 5G dataset,data/raw/ucc_5g_context/5G-production-dataset/Amazon_Prime/Driving/Season3-TheExpanse/B_2019.12.02_09.39.35.csv,RSRQ,object,1000,0,0.0,"[""-7"", ""-8"", ""-8""]",1000
D2,UCC Beyond Throughput 5G dataset,data/raw/ucc_5g_context/5G-production-dataset/Amazon_Prime/Driving/Season3-TheExpanse/B_2019.12.02_09.39.35.csv,SNR,object,1000,0,0.0,"[""25.0"", ""22.0"", ""22.0""]",1000
D2,UCC Beyond Throughput 5G dataset,data/raw/ucc_5g_context/5G-production-dataset/Amazon_Prime/Driving/Season3-TheExpanse/B_2019.12.02_09.39.35.csv,CQI,object,1000,0,0.0,"[""12"", ""12"", ""12""]",1000
D2,UCC Beyond Throughput 5G dataset,data/raw/ucc_5g_context/5G-production-dataset/Amazon_Prime/Driving/Season3-TheExpanse/B_2019.12.02_09.39.35.csv,RSSI,object,1000,0,0.0,"[""-57"", ""-57"", ""-57""]",1000
D2,UCC Beyond Throughput 5G dataset,data/raw/ucc_5g_context/5G-production-dataset/Amazon_Prime/Driving/Season3-TheExpanse/B_2019.12.02_09.39.35.csv,DL_bitrate,int64,1000,0,0.0,"[""170"", ""124"", ""0""]",1000
D2,UCC Beyond Throughput 5G dataset,data/raw/ucc_5g_context/5G-production-dataset/Amazon_Prime/Driving/Season3-TheExpanse/B_2019.12.02_09.39.35.csv,UL_bitrate,int64,1000,0,0.0,"[""41"", ""8"", ""0""]",1000
D2,UCC Beyond Throughput 5G dataset,data/raw/ucc_5g_context/5G-production-dataset/Amazon_Prime/Driving/Season3-TheExpanse/B_2019.12.02_09.39.35.csv,State,object,1000,0,0.0,"[""D"", ""D"", ""I""]",1000
D2,UCC Beyond Throughput 5G dataset,data/raw/ucc_5g_context/5G-production-dataset/Amazon_Prime/Driving/Season3-TheExpanse/B_2019.12.02_09.39.35.csv,PINGAVG,object,1000,0,0.0,"[""-"", ""-"", ""-""]",1000
D2,UCC Beyond Throughput 5G dataset,data/raw/ucc_5g_context/5G-production-dataset/Amazon_Prime/Driving/Season3-TheExpanse/B_2019.12.02_09.39.35.csv,PINGMIN,object,1000,0,0.0,"[""-"", ""-"", ""-""]",1000
D2,UCC Beyond Throughput 5G dataset,data/raw/ucc_5g_context/5G-production-dataset/Amazon_Prime/Driving/Season3-TheExpanse/B_2019.12.02_09.39.35.csv,PINGMAX,object,1000,0,0.0,"[""-"", ""-"", ""-""]",1000
D2,UCC Beyond Throughput 5G dataset,data/raw/ucc_5g_context/5G-production-dataset/Amazon_Prime/Driving/Season3-TheExpanse/B_2019.12.02_09.39.35.csv,PINGSTDEV,object,1000,0,0.0,"[""-"", ""-"", ""-""]",1000
D2,UCC Beyond Throughput 5G dataset,data/raw/ucc_5g_context/5G-production-dataset/Amazon_Prime/Driving/Season3-TheExpanse/B_2019.12.02_09.39.35.csv,PINGLOSS,object,1000,0,0.0,"[""-"", ""-"", ""-""]",1000
D2,UCC Beyond Throughput 5G dataset,data/raw/ucc_5g_context/5G-production-dataset/Amazon_Prime/Driving/Season3-TheExpanse/B_2019.12.02_09.39.35.csv,CELLHEX,object,1000,0,0.0,"[""3"", ""3"", ""3""]",1000
D2,UCC Beyond Throughput 5G dataset,data/raw/ucc_5g_context/5G-production-dataset/Amazon_Prime/Driving/Season3-TheExpanse/B_2019.12.02_09.39.35.csv,NODEHEX,object,1000,0,0.0,"[""53BEA"", ""53BEA"", ""53BEA""]",1000
D2,UCC Beyond Throughput 5G dataset,data/raw/ucc_5g_context/5G-production-dataset/Amazon_Prime/Driving/Season3-TheExpanse/B_2019.12.02_09.39.35.csv,LACHEX,object,1000,0,0.0,"[""9CBA"", ""9CBA"", ""9CBA""]",1000
D2,UCC Beyond Throughput 5G dataset,data/raw/ucc_5g_context/5G-production-dataset/Amazon_Prime/Driving/Season3-TheExpanse/B_2019.12.02_09.39.35.csv,RAWCELLID,int64,1000,0,0.0,"[""87812611"", ""87812611"", ""87812611""]",1000
D2,UCC Beyond Throughput 5G dataset,data/raw/ucc_5g_context/5G-production-dataset/Amazon_Prime/Driving/Season3-TheExpanse/B_2019.12.02_09.39.35.csv,NRxRSRP,object,1000,0,0.0,"[""-91.0"", ""-"", ""-""]",1000
D2,UCC Beyond Throughput 5G dataset,data/raw/ucc_5g_context/5G-production-dataset/Amazon_Prime/Driving/Season3-TheExpanse/B_2019.12.02_09.39.35.csv,NRxRSRQ,object,1000,0,0.0,"[""-12.0"", ""-"", ""-""]",1000
D2,UCC Beyond Throughput 5G dataset,data/raw/ucc_5g_context/5G-production-dataset/Amazon_Prime/Driving/Season3-TheExpanse/B_2019.12.02_12.41.17.csv,Timestamp,object,1000,0,0.0,"[""2019.12.02_12.41.17"", ""2019.12.02_12.41.18"", ""2019.12.02_12.41.18""]",1000
D2,UCC Beyond Throughput 5G dataset,data/raw/ucc_5g_context/5G-production-dataset/Amazon_Prime/Driving/Season3-TheExpanse/B_2019.12.02_12.41.17.csv,Longitude,float64,1000,0,0.0,"[""-8.507374"", ""-8.507375999999999"", ""-8.507375999999999""]",1000
D2,UCC Beyond Throughput 5G dataset,data/raw/ucc_5g_context/5G-production-dataset/Amazon_Prime/Driving/Season3-TheExpanse/B_2019.12.02_12.41.17.csv,Latitude,float64,1000,0,0.0,"[""51.913687"", ""51.91368"", ""51.91368""]",1000
D2,UCC Beyond Throughput 5G dataset,data/raw/ucc_5g_context/5G-production-dataset/Amazon_Prime/Driving/Season3-TheExpanse/B_2019.12.02_12.41.17.csv,Speed,int64,1000,0,0.0,"[""1"", ""1"", ""1""]",1000
D2,UCC Beyond Throughput 5G dataset,data/raw/ucc_5g_context/5G-production-dataset/Amazon_Prime/Driving/Season3-TheExpanse/B_2019.12.02_12.41.17.csv,Operatorname,object,1000,0,0.0,"[""B"", ""B"", ""B""]",1000
D2,UCC Beyond Throughput 5G dataset,data/raw/ucc_5g_context/5G-production-dataset/Amazon_Prime/Driving/Season3-TheExpanse/B_2019.12.02_12.41.17.csv,CellID,int64,1000,0,0.0,"[""3"", ""3"", ""3""]",1000
D2,UCC Beyond Throughput 5G dataset,data/raw/ucc_5g_context/5G-production-dataset/Amazon_Prime/Driving/Season3-TheExpanse/B_2019.12.02_12.41.17.csv,NetworkMode,object,1000,0,0.0,"[""LTE"", ""LTE"", ""LTE""]",1000
D2,UCC Beyond Throughput 5G dataset,data/raw/ucc_5g_context/5G-production-dataset/Amazon_Prime/Driving/Season3-TheExpanse/B_2019.12.02_12.41.17.csv,RSRP,int64,1000,0,0.0,"[""-105"", ""-105"", ""-104""]",1000
D2,UCC Beyond Throughput 5G dataset,data/raw/ucc_5g_context/5G-production-dataset/Amazon_Prime/Driving/Season3-TheExpanse/B_2019.12.02_12.41.17.csv,RSRQ,int64,1000,0,0.0,"[""-13"", ""-13"", ""-12""]",1000
D2,UCC Beyond Throughput 5G dataset,data/raw/ucc_5g_context/5G-production-dataset/Amazon_Prime/Driving/Season3-TheExpanse/B_2019.12.02_12.41.17.csv,SNR,object,1000,0,0.0,"[""-1.0"", ""-1.0"", ""1.0""]",1000
D2,UCC Beyond Throughput 5G dataset,data/raw/ucc_5g_context/5G-production-dataset/Amazon_Prime/Driving/Season3-TheExpanse/B_2019.12.02_12.41.17.csv,CQI,object,1000,0,0.0,"[""9"", ""9"", ""9""]",1000
D2,UCC Beyond Throughput 5G dataset,data/raw/ucc_5g_context/5G-production-dataset/Amazon_Prime/Driving/Season3-TheExpanse/B_2019.12.02_12.41.17.csv,RSSI,object,1000,0,0.0,"[""-87"", ""-87"", ""-87""]",1000
D2,UCC Beyond Throughput 5G dataset,data/raw/ucc_5g_context/5G-production-dataset/Amazon_Prime/Driving/Season3-TheExpanse/B_2019.12.02_12.41.17.csv,DL_bitrate,int64,1000,0,0.0,"[""1"", ""1"", ""0""]",1000
D2,UCC Beyond Throughput 5G dataset,data/raw/ucc_5g_context/5G-production-dataset/Amazon_Prime/Driving/Season3-TheExpanse/B_2019.12.02_12.41.17.csv,UL_bitrate,int64,1000,0,0.0,"[""4"", ""4"", ""0""]",1000
D2,UCC Beyond Throughput 5G dataset,data/raw/ucc_5g_context/5G-production-dataset/Amazon_Prime/Driving/Season3-TheExpanse/B_2019.12.02_12.41.17.csv,State,object,1000,0,0.0,"[""D"", ""D"", ""D""]",1000
D2,UCC Beyond Throughput 5G dataset,data/raw/ucc_5g_context/5G-production-dataset/Amazon_Prime/Driving/Season3-TheExpanse/B_2019.12.02_12.41.17.csv,PINGAVG,object,1000,0,0.0,"[""-"", ""-"", ""-""]",1000
D2,UCC Beyond Throughput 5G dataset,data/raw/ucc_5g_context/5G-production-dataset/Amazon_Prime/Driving/Season3-TheExpanse/B_2019.12.02_12.41.17.csv,PINGMIN,object,1000,0,0.0,"[""-"", ""-"", ""-""]",1000
D2,UCC Beyond Throughput 5G dataset,data/raw/ucc_5g_context/5G-production-dataset/Amazon_Prime/Driving/Season3-TheExpanse/B_2019.12.02_12.41.17.csv,PINGMAX,object,1000,0,0.0,"[""-"", ""-"", ""-""]",1000
D2,UCC Beyond Throughput 5G dataset,data/raw/ucc_5g_context/5G-production-dataset/Amazon_Prime/Driving/Season3-TheExpanse/B_2019.12.02_12.41.17.csv,PINGSTDEV,object,1000,0,0.0,"[""-"", ""-"", ""-""]",1000
D2,UCC Beyond Throughput 5G dataset,data/raw/ucc_5g_context/5G-production-dataset/Amazon_Prime/Driving/Season3-TheExpanse/B_2019.12.02_12.41.17.csv,PINGLOSS,object,1000,0,0.0,"[""-"", ""-"", ""-""]",1000
D2,UCC Beyond Throughput 5G dataset,data/raw/ucc_5g_context/5G-production-dataset/Amazon_Prime/Driving/Season3-TheExpanse/B_2019.12.02_12.41.17.csv,CELLHEX,object,1000,0,0.0,"[""3"", ""3"", ""3""]",1000
D2,UCC Beyond Throughput 5G dataset,data/raw/ucc_5g_context/5G-production-dataset/Amazon_Prime/Driving/Season3-TheExpanse/B_2019.12.02_12.41.17.csv,NODEHEX,object,1000,0,0.0,"[""53802"", ""53802"", ""53802""]",1000
D2,UCC Beyond Throughput 5G dataset,data/raw/ucc_5g_context/5G-production-dataset/Amazon_Prime/Driving/Season3-TheExpanse/B_2019.12.02_12.41.17.csv,LACHEX,object,1000,0,0.0,"[""9CBA"", ""9CBA"", ""9CBA""]",1000
D2,UCC Beyond Throughput 5G dataset,data/raw/ucc_5g_context/5G-production-dataset/Amazon_Prime/Driving/Season3-TheExpanse/B_2019.12.02_12.41.17.csv,RAWCELLID,int64,1000,0,0.0,"[""87556611"", ""87556611"", ""87556611""]",1000
D2,UCC Beyond Throughput 5G dataset,data/raw/ucc_5g_context/5G-production-dataset/Amazon_Prime/Driving/Season3-TheExpanse/B_2019.12.02_12.41.17.csv,NRxRSRP,object,1000,0,0.0,"[""-"", ""-"", ""-""]",1000
D2,UCC Beyond Throughput 5G dataset,data/raw/ucc_5g_context/5G-production-dataset/Amazon_Prime/Driving/Season3-TheExpanse/B_2019.12.02_12.41.17.csv,NRxRSRQ,object,1000,0,0.0,"[""-"", ""-"", ""-""]",1000
D2,UCC Beyond Throughput 5G dataset,data/raw/ucc_5g_context/5G-production-dataset/Amazon_Prime/Driving/Season3-TheExpanse/B_2019.12.03_07.29.22.csv,Timestamp,object,1000,0,0.0,"[""2019.12.03_07.29.22"", ""2019.12.03_07.29.23"", ""2019.12.03_07.29.23""]",1000
D2,UCC Beyond Throughput 5G dataset,data/raw/ucc_5g_context/5G-production-dataset/Amazon_Prime/Driving/Season3-TheExpanse/B_2019.12.03_07.29.22.csv,Longitude,float64,1000,0,0.0,"[""-8.387911"", ""-8.388125"", ""-8.388125""]",1000
D2,UCC Beyond Throughput 5G dataset,data/raw/ucc_5g_context/5G-production-dataset/Amazon_Prime/Driving/Season3-TheExpanse/B_2019.12.03_07.29.22.csv,Latitude,float64,1000,0,0.0,"[""51.935522"", ""51.935657"", ""51.935657""]",1000
D2,UCC Beyond Throughput 5G dataset,data/raw/ucc_5g_context/5G-production-dataset/Amazon_Prime/Driving/Season3-TheExpanse/B_2019.12.03_07.29.22.csv,Speed,int64,1000,0,0.0,"[""2"", ""2"", ""2""]",1000
D2,UCC Beyond Throughput 5G dataset,data/raw/ucc_5g_context/5G-production-dataset/Amazon_Prime/Driving/Season3-TheExpanse/B_2019.12.03_07.29.22.csv,Operatorname,object,1000,0,0.0,"[""B"", ""B"", ""B""]",1000
D2,UCC Beyond Throughput 5G dataset,data/raw/ucc_5g_context/5G-production-dataset/Amazon_Prime/Driving/Season3-TheExpanse/B_2019.12.03_07.29.22.csv,CellID,int64,1000,0,0.0,"[""12"", ""12"", ""12""]",1000
D2,UCC Beyond Throughput 5G dataset,data/raw/ucc_5g_context/5G-production-dataset/Amazon_Prime/Driving/Season3-TheExpanse/B_2019.12.03_07.29.22.csv,NetworkMode,object,1000,0,0.0,"[""5G"", ""5G"", ""5G""]",1000
D2,UCC Beyond Throughput 5G dataset,data/raw/ucc_5g_context/5G-production-dataset/Amazon_Prime/Driving/Season3-TheExpanse/B_2019.12.03_07.29.22.csv,RSRP,int64,1000,0,0.0,"[""-100"", ""-100"", ""-101""]",1000
D2,UCC Beyond Throughput 5G dataset,data/raw/ucc_5g_context/5G-production-dataset/Amazon_Prime/Driving/Season3-TheExpanse/B_2019.12.03_07.29.22.csv,RSRQ,int64,1000,0,0.0,"[""-10"", ""-10"", ""-11""]",1000
D2,UCC Beyond Throughput 5G dataset,data/raw/ucc_5g_context/5G-production-dataset/Amazon_Prime/Driving/Season3-TheExpanse/B_2019.12.03_07.29.22.csv,SNR,float64,1000,0,0.0,"[""10.0"", ""10.0"", ""4.0""]",1000
D2,UCC Beyond Throughput 5G dataset,data/raw/ucc_5g_context/5G-production-dataset/Amazon_Prime/Driving/Season3-TheExpanse/B_2019.12.03_07.29.22.csv,CQI,int64,1000,0,0.0,"[""12"", ""13"", ""13""]",1000
D2,UCC Beyond Throughput 5G dataset,data/raw/ucc_5g_context/5G-production-dataset/Amazon_Prime/Driving/Season3-TheExpanse/B_2019.12.03_07.29.22.csv,RSSI,object,1000,0,0.0,"[""-"", ""-90"", ""-90""]",1000
D2,UCC Beyond Throughput 5G dataset,data/raw/ucc_5g_context/5G-production-dataset/Amazon_Prime/Driving/Season3-TheExpanse/B_2019.12.03_07.29.22.csv,DL_bitrate,int64,1000,0,0.0,"[""1"", ""1"", ""0""]",1000
D2,UCC Beyond Throughput 5G dataset,data/raw/ucc_5g_context/5G-production-dataset/Amazon_Prime/Driving/Season3-TheExpanse/B_2019.12.03_07.29.22.csv,UL_bitrate,int64,1000,0,0.0,"[""2"", ""2"", ""0""]",1000
D2,UCC Beyond Throughput 5G dataset,data/raw/ucc_5g_context/5G-production-dataset/Amazon_Prime/Driving/Season3-TheExpanse/B_2019.12.03_07.29.22.csv,State,object,1000,0,0.0,"[""D"", ""D"", ""I""]",1000
D2,UCC Beyond Throughput 5G dataset,data/raw/ucc_5g_context/5G-production-dataset/Amazon_Prime/Driving/Season3-TheExpanse/B_2019.12.03_07.29.22.csv,PINGAVG,object,1000,0,0.0,"[""-"", ""-"", ""-""]",1000
D2,UCC Beyond Throughput 5G dataset,data/raw/ucc_5g_context/5G-production-dataset/Amazon_Prime/Driving/Season3-TheExpanse/B_2019.12.03_07.29.22.csv,PINGMIN,object,1000,0,0.0,"[""-"", ""-"", ""-""]",1000
D2,UCC Beyond Throughput 5G dataset,data/raw/ucc_5g_context/5G-production-dataset/Amazon_Prime/Driving/Season3-TheExpanse/B_2019.12.03_07.29.22.csv,PINGMAX,object,1000,0,0.0,"[""-"", ""-"", ""-""]",1000
D2,UCC Beyond Throughput 5G dataset,data/raw/ucc_5g_context/5G-production-dataset/Amazon_Prime/Driving/Season3-TheExpanse/B_2019.12.03_07.29.22.csv,PINGSTDEV,object,1000,0,0.0,"[""-"", ""-"", ""-""]",1000
D2,UCC Beyond Throughput 5G dataset,data/raw/ucc_5g_context/5G-production-dataset/Amazon_Prime/Driving/Season3-TheExpanse/B_2019.12.03_07.29.22.csv,PINGLOSS,object,1000,0,0.0,"[""-"", ""-"", ""-""]",1000
D2,UCC Beyond Throughput 5G dataset,data/raw/ucc_5g_context/5G-production-dataset/Amazon_Prime/Driving/Season3-TheExpanse/B_2019.12.03_07.29.22.csv,CELLHEX,object,1000,0,0.0,"[""C"", ""C"", ""C""]",1000
D2,UCC Beyond Throughput 5G dataset,data/raw/ucc_5g_context/5G-production-dataset/Amazon_Prime/Driving/Season3-TheExpanse/B_2019.12.03_07.29.22.csv,NODEHEX,object,1000,0,0.0,"[""A81B"", ""A81B"", ""A81B""]",1000
D2,UCC Beyond Throughput 5G dataset,data/raw/ucc_5g_context/5G-production-dataset/Amazon_Prime/Driving/Season3-TheExpanse/B_2019.12.03_07.29.22.csv,LACHEX,object,1000,0,0.0,"[""9CBA"", ""9CBA"", ""9CBA""]",1000
D2,UCC Beyond Throughput 5G dataset,data/raw/ucc_5g_context/5G-production-dataset/Amazon_Prime/Driving/Season3-TheExpanse/B_2019.12.03_07.29.22.csv,RAWCELLID,int64,1000,0,0.0,"[""11016972"", ""11016972"", ""11016972""]",1000
D2,UCC Beyond Throughput 5G dataset,data/raw/ucc_5g_context/5G-production-dataset/Amazon_Prime/Driving/Season3-TheExpanse/B_2019.12.03_07.29.22.csv,NRxRSRP,object,1000,0,0.0,"[""-106.0"", ""-106.0"", ""-105.0""]",1000
D2,UCC Beyond Throughput 5G dataset,data/raw/ucc_5g_context/5G-production-dataset/Amazon_Prime/Driving/Season3-TheExpanse/B_2019.12.03_07.29.22.csv,NRxRSRQ,object,1000,0,0.0,"[""-13.0"", ""-13.0"", ""-15.0""]",1000
D2,UCC Beyond Throughput 5G dataset,data/raw/ucc_5g_context/5G-production-dataset/Amazon_Prime/Driving/Season3-TheExpanse/B_2019.12.03_10.42.14.csv,Timestamp,object,863,0,0.0,"[""2019.12.03_10.42.14"", ""2019.12.03_10.42.14"", ""2019.12.03_10.42.15""]",1000
D2,UCC Beyond Throughput 5G dataset,data/raw/ucc_5g_context/5G-production-dataset/Amazon_Prime/Driving/Season3-TheExpanse/B_2019.12.03_10.42.14.csv,Longitude,float64,863,0,0.0,"[""-8.481743"", ""-8.481743"", ""-8.482313000000001""]",1000
D2,UCC Beyond Throughput 5G dataset,data/raw/ucc_5g_context/5G-production-dataset/Amazon_Prime/Driving/Season3-TheExpanse/B_2019.12.03_10.42.14.csv,Latitude,float64,863,0,0.0,"[""51.900664"", ""51.900664"", ""51.900954""]",1000
D2,UCC Beyond Throughput 5G dataset,data/raw/ucc_5g_context/5G-production-dataset/Amazon_Prime/Driving/Season3-TheExpanse/B_2019.12.03_10.42.14.csv,Speed,int64,863,0,0.0,"[""0"", ""0"", ""0""]",1000
D2,UCC Beyond Throughput 5G dataset,data/raw/ucc_5g_context/5G-production-dataset/Amazon_Prime/Driving/Season3-TheExpanse/B_2019.12.03_10.42.14.csv,Operatorname,object,863,0,0.0,"[""B"", ""B"", ""B""]",1000
D2,UCC Beyond Throughput 5G dataset,data/raw/ucc_5g_context/5G-production-dataset/Amazon_Prime/Driving/Season3-TheExpanse/B_2019.12.03_10.42.14.csv,CellID,int64,863,0,0.0,"[""13"", ""13"", ""13""]",1000
D2,UCC Beyond Throughput 5G dataset,data/raw/ucc_5g_context/5G-production-dataset/Amazon_Prime/Driving/Season3-TheExpanse/B_2019.12.03_10.42.14.csv,NetworkMode,object,863,0,0.0,"[""5G"", ""5G"", ""5G""]",1000
D2,UCC Beyond Throughput 5G dataset,data/raw/ucc_5g_context/5G-production-dataset/Amazon_Prime/Driving/Season3-TheExpanse/B_2019.12.03_10.42.14.csv,RSRP,int64,863,0,0.0,"[""-84"", ""-78"", ""-78""]",1000
D2,UCC Beyond Throughput 5G dataset,data/raw/ucc_5g_context/5G-production-dataset/Amazon_Prime/Driving/Season3-TheExpanse/B_2019.12.03_10.42.14.csv,RSRQ,int64,863,0,0.0,"[""-11"", ""-11"", ""-11""]",1000
D2,UCC Beyond Throughput 5G dataset,data/raw/ucc_5g_context/5G-production-dataset/Amazon_Prime/Driving/Season3-TheExpanse/B_2019.12.03_10.42.14.csv,SNR,float64,863,0,0.0,"[""6.0"", ""1.0"", ""1.0""]",1000
D2,UCC Beyond Throughput 5G dataset,data/raw/ucc_5g_context/5G-production-dataset/Amazon_Prime/Driving/Season3-TheExpanse/B_2019.12.03_10.42.14.csv,CQI,int64,863,0,0.0,"[""11"", ""11"", ""11""]",1000
D2,UCC Beyond Throughput 5G dataset,data/raw/ucc_5g_context/5G-production-dataset/Amazon_Prime/Driving/Season3-TheExpanse/B_2019.12.03_10.42.14.csv,RSSI,object,863,0,0.0,"[""-71"", ""-71"", ""-71""]",1000
D2,UCC Beyond Throughput 5G dataset,data/raw/ucc_5g_context/5G-production-dataset/Amazon_Prime/Driving/Season3-TheExpanse/B_2019.12.03_10.42.14.csv,DL_bitrate,int64,863,0,0.0,"[""59"", ""1"", ""1""]",1000
D2,UCC Beyond Throughput 5G dataset,data/raw/ucc_5g_context/5G-production-dataset/Amazon_Prime/Driving/Season3-TheExpanse/B_2019.12.03_10.42.14.csv,UL_bitrate,int64,863,0,0.0,"[""19"", ""0"", ""0""]",1000
D2,UCC Beyond Throughput 5G dataset,data/raw/ucc_5g_context/5G-production-dataset/Amazon_Prime/Driving/Season3-TheExpanse/B_2019.12.03_10.42.14.csv,State,object,863,0,0.0,"[""D"", ""D"", ""D""]",1000
D2,UCC Beyond Throughput 5G dataset,data/raw/ucc_5g_context/5G-production-dataset/Amazon_Prime/Driving/Season3-TheExpanse/B_2019.12.03_10.42.14.csv,PINGAVG,object,863,0,0.0,"[""-"", ""-"", ""-""]",1000
D2,UCC Beyond Throughput 5G dataset,data/raw/ucc_5g_context/5G-production-dataset/Amazon_Prime/Driving/Season3-TheExpanse/B_2019.12.03_10.42.14.csv,PINGMIN,object,863,0,0.0,"[""-"", ""-"", ""-""]",1000
D2,UCC Beyond Throughput 5G dataset,data/raw/ucc_5g_context/5G-production-dataset/Amazon_Prime/Driving/Season3-TheExpanse/B_2019.12.03_10.42.14.csv,PINGMAX,object,863,0,0.0,"[""-"", ""-"", ""-""]",1000
D2,UCC Beyond Throughput 5G dataset,data/raw/ucc_5g_context/5G-production-dataset/Amazon_Prime/Driving/Season3-TheExpanse/B_2019.12.03_10.42.14.csv,PINGSTDEV,object,863,0,0.0,"[""-"", ""-"", ""-""]",1000
D2,UCC Beyond Throughput 5G dataset,data/raw/ucc_5g_context/5G-production-dataset/Amazon_Prime/Driving/Season3-TheExpanse/B_2019.12.03_10.42.14.csv,PINGLOSS,object,863,0,0.0,"[""-"", ""-"", ""-""]",1000
D2,UCC Beyond Throughput 5G dataset,data/raw/ucc_5g_context/5G-production-dataset/Amazon_Prime/Driving/Season3-TheExpanse/B_2019.12.03_10.42.14.csv,CELLHEX,object,863,0,0.0,"[""D"", ""D"", ""D""]",1000
D2,UCC Beyond Throughput 5G dataset,data/raw/ucc_5g_context/5G-production-dataset/Amazon_Prime/Driving/Season3-TheExpanse/B_2019.12.03_10.42.14.csv,NODEHEX,object,863,0,0.0,"[""A992"", ""A992"", ""A992""]",1000
D2,UCC Beyond Throughput 5G dataset,data/raw/ucc_5g_context/5G-production-dataset/Amazon_Prime/Driving/Season3-TheExpanse/B_2019.12.03_10.42.14.csv,LACHEX,object,863,0,0.0,"[""9CBA"", ""9CBA"", ""9CBA""]",1000
D2,UCC Beyond Throughput 5G dataset,data/raw/ucc_5g_context/5G-production-dataset/Amazon_Prime/Driving/Season3-TheExpanse/B_2019.12.03_10.42.14.csv,RAWCELLID,int64,863,0,0.0,"[""11112973"", ""11112973"", ""11112973""]",1000
D2,UCC Beyond Throughput 5G dataset,data/raw/ucc_5g_context/5G-production-dataset/Amazon_Prime/Driving/Season3-TheExpanse/B_2019.12.03_10.42.14.csv,NRxRSRP,object,863,0,0.0,"[""-83.0"", ""-83.0"", ""-83.0""]",1000
D2,UCC Beyond Throughput 5G dataset,data/raw/ucc_5g_context/5G-production-dataset/Amazon_Prime/Driving/Season3-TheExpanse/B_2019.12.03_10.42.14.csv,NRxRSRQ,object,863,0,0.0,"[""-10.0"", ""-11.0"", ""-11.0""]",1000
D2,UCC Beyond Throughput 5G dataset,data/raw/ucc_5g_context/5G-production-dataset/Amazon_Prime/Driving/Season3-TheExpanse/B_2019.12.03_13.58.03.csv,Timestamp,object,1000,0,0.0,"[""2019.12.03_13.58.03"", ""2019.12.03_13.58.04"", ""2019.12.03_13.58.05""]",1000
D2,UCC Beyond Throughput 5G dataset,data/raw/ucc_5g_context/5G-production-dataset/Amazon_Prime/Driving/Season3-TheExpanse/B_2019.12.03_13.58.03.csv,Longitude,float64,1000,0,0.0,"[""-8.471841"", ""-8.507278999999999"", ""-8.507456""]",1000
D2,UCC Beyond Throughput 5G dataset,data/raw/ucc_5g_context/5G-production-dataset/Amazon_Prime/Driving/Season3-TheExpanse/B_2019.12.03_13.58.03.csv,Latitude,float64,1000,0,0.0,"[""51.917164"", ""51.913388"", ""51.913434""]",1000
D2,UCC Beyond Throughput 5G dataset,data/raw/ucc_5g_context/5G-production-dataset/Amazon_Prime/Driving/Season3-TheExpanse/B_2019.12.03_13.58.03.csv,Speed,int64,1000,0,0.0,"[""0"", ""0"", ""5""]",1000
D2,UCC Beyond Throughput 5G dataset,data/raw/ucc_5g_context/5G-production-dataset/Amazon_Prime/Driving/Season3-TheExpanse/B_2019.12.03_13.58.03.csv,Operatorname,object,1000,0,0.0,"[""B"", ""B"", ""B""]",1000
D2,UCC Beyond Throughput 5G dataset,data/raw/ucc_5g_context/5G-production-dataset/Amazon_Prime/Driving/Season3-TheExpanse/B_2019.12.03_13.58.03.csv,CellID,int64,1000,0,0.0,"[""3"", ""3"", ""3""]",1000
D2,UCC Beyond Throughput 5G dataset,data/raw/ucc_5g_context/5G-production-dataset/Amazon_Prime/Driving/Season3-TheExpanse/B_2019.12.03_13.58.03.csv,NetworkMode,object,1000,0,0.0,"[""LTE"", ""LTE"", ""LTE""]",1000
D2,UCC Beyond Throughput 5G dataset,data/raw/ucc_5g_context/5G-production-dataset/Amazon_Prime/Driving/Season3-TheExpanse/B_2019.12.03_13.58.03.csv,RSRP,int64,1000,0,0.0,"[""-110"", ""-110"", ""-110""]",1000
D2,UCC Beyond Throughput 5G dataset,data/raw/ucc_5g_context/5G-production-dataset/Amazon_Prime/Driving/Season3-TheExpanse/B_2019.12.03_13.58.03.csv,RSRQ,int64,1000,0,0.0,"[""-15"", ""-15"", ""-15""]",1000
D2,UCC Beyond Throughput 5G dataset,data/raw/ucc_5g_context/5G-production-dataset/Amazon_Prime/Driving/Season3-TheExpanse/B_2019.12.03_13.58.03.csv,SNR,object,1000,0,0.0,"[""1.0"", ""1.0"", ""1.0""]",1000
D2,UCC Beyond Throughput 5G dataset,data/raw/ucc_5g_context/5G-production-dataset/Amazon_Prime/Driving/Season3-TheExpanse/B_2019.12.03_13.58.03.csv,CQI,object,1000,0,0.0,"[""14"", ""14"", ""14""]",1000
D2,UCC Beyond Throughput 5G dataset,data/raw/ucc_5g_context/5G-production-dataset/Amazon_Prime/Driving/Season3-TheExpanse/B_2019.12.03_13.58.03.csv,RSSI,object,1000,0,0.0,"[""-90"", ""-90"", ""-90""]",1000
D2,UCC Beyond Throughput 5G dataset,data/raw/ucc_5g_context/5G-production-dataset/Amazon_Prime/Driving/Season3-TheExpanse/B_2019.12.03_13.58.03.csv,DL_bitrate,int64,1000,0,0.0,"[""38"", ""61"", ""61""]",1000
D2,UCC Beyond Throughput 5G dataset,data/raw/ucc_5g_context/5G-production-dataset/Amazon_Prime/Driving/Season3-TheExpanse/B_2019.12.03_13.58.03.csv,UL_bitrate,int64,1000,0,0.0,"[""13"", ""11"", ""11""]",1000
D2,UCC Beyond Throughput 5G dataset,data/raw/ucc_5g_context/5G-production-dataset/Amazon_Prime/Driving/Season3-TheExpanse/B_2019.12.03_13.58.03.csv,State,object,1000,0,0.0,"[""D"", ""D"", ""D""]",1000
D2,UCC Beyond Throughput 5G dataset,data/raw/ucc_5g_context/5G-production-dataset/Amazon_Prime/Driving/Season3-TheExpanse/B_2019.12.03_13.58.03.csv,PINGAVG,object,1000,0,0.0,"[""-"", ""-"", ""-""]",1000
D2,UCC Beyond Throughput 5G dataset,data/raw/ucc_5g_context/5G-production-dataset/Amazon_Prime/Driving/Season3-TheExpanse/B_2019.12.03_13.58.03.csv,PINGMIN,object,1000,0,0.0,"[""-"", ""-"", ""-""]",1000
D2,UCC Beyond Throughput 5G dataset,data/raw/ucc_5g_context/5G-production-dataset/Amazon_Prime/Driving/Season3-TheExpanse/B_2019.12.03_13.58.03.csv,PINGMAX,object,1000,0,0.0,"[""-"", ""-"", ""-""]",1000
D2,UCC Beyond Throughput 5G dataset,data/raw/ucc_5g_context/5G-production-dataset/Amazon_Prime/Driving/Season3-TheExpanse/B_2019.12.03_13.58.03.csv,PINGSTDEV,object,1000,0,0.0,"[""-"", ""-"", ""-""]",1000
D2,UCC Beyond Throughput 5G dataset,data/raw/ucc_5g_context/5G-production-dataset/Amazon_Prime/Driving/Season3-TheExpanse/B_2019.12.03_13.58.03.csv,PINGLOSS,object,1000,0,0.0,"[""-"", ""-"", ""-""]",1000
D2,UCC Beyond Throughput 5G dataset,data/raw/ucc_5g_context/5G-production-dataset/Amazon_Prime/Driving/Season3-TheExpanse/B_2019.12.03_13.58.03.csv,CELLHEX,object,1000,0,0.0,"[""3"", ""3"", ""3""]",1000
D2,UCC Beyond Throughput 5G dataset,data/raw/ucc_5g_context/5G-production-dataset/Amazon_Prime/Driving/Season3-TheExpanse/B_2019.12.03_13.58.03.csv,NODEHEX,object,1000,0,0.0,"[""A81A"", ""A81A"", ""A81A""]",1000
D2,UCC Beyond Throughput 5G dataset,data/raw/ucc_5g_context/5G-production-dataset/Amazon_Prime/Driving/Season3-TheExpanse/B_2019.12.03_13.58.03.csv,LACHEX,object,1000,0,0.0,"[""9CB9"", ""9CB9"", ""9CB9""]",1000
D2,UCC Beyond Throughput 5G dataset,data/raw/ucc_5g_context/5G-production-dataset/Amazon_Prime/Driving/Season3-TheExpanse/B_2019.12.03_13.58.03.csv,RAWCELLID,int64,1000,0,0.0,"[""11016707"", ""11016707"", ""11016707""]",1000
D2,UCC Beyond Throughput 5G dataset,data/raw/ucc_5g_context/5G-production-dataset/Amazon_Prime/Driving/Season3-TheExpanse/B_2019.12.03_13.58.03.csv,NRxRSRP,object,1000,0,0.0,"[""-108.0"", ""-108.0"", ""-108.0""]",1000
D2,UCC Beyond Throughput 5G dataset,data/raw/ucc_5g_context/5G-production-dataset/Amazon_Prime/Driving/Season3-TheExpanse/B_2019.12.03_13.58.03.csv,NRxRSRQ,object,1000,0,0.0,"[""-10.0"", ""-10.0"", ""-10.0""]",1000
D2,UCC Beyond Throughput 5G dataset,data/raw/ucc_5g_context/5G-production-dataset/Amazon_Prime/Driving/Season3-TheExpanse/B_2019.12.04_07.26.30.csv,Timestamp,object,1000,0,0.0,"[""2019.12.04_07.26.30"", ""2019.12.04_07.26.30"", ""2019.12.04_07.26.31""]",1000
D2,UCC Beyond Throughput 5G dataset,data/raw/ucc_5g_context/5G-production-dataset/Amazon_Prime/Driving/Season3-TheExpanse/B_2019.12.04_07.26.30.csv,Longitude,float64,1000,0,0.0,"[""-8.388198"", ""-8.388198"", ""-8.388251""]",1000
D2,UCC Beyond Throughput 5G dataset,data/raw/ucc_5g_context/5G-production-dataset/Amazon_Prime/Driving/Season3-TheExpanse/B_2019.12.04_07.26.30.csv,Latitude,float64,1000,0,0.0,"[""51.9356"", ""51.9356"", ""51.935596""]",1000
D2,UCC Beyond Throughput 5G dataset,data/raw/ucc_5g_context/5G-production-dataset/Amazon_Prime/Driving/Season3-TheExpanse/B_2019.12.04_07.26.30.csv,Speed,int64,1000,0,0.0,"[""0"", ""0"", ""1""]",1000
D2,UCC Beyond Throughput 5G dataset,data/raw/ucc_5g_context/5G-production-dataset/Amazon_Prime/Driving/Season3-TheExpanse/B_2019.12.04_07.26.30.csv,Operatorname,object,1000,0,0.0,"[""B"", ""B"", ""B""]",1000
D2,UCC Beyond Throughput 5G dataset,data/raw/ucc_5g_context/5G-production-dataset/Amazon_Prime/Driving/Season3-TheExpanse/B_2019.12.04_07.26.30.csv,CellID,int64,1000,0,0.0,"[""12"", ""12"", ""12""]",1000
D2,UCC Beyond Throughput 5G dataset,data/raw/ucc_5g_context/5G-production-dataset/Amazon_Prime/Driving/Season3-TheExpanse/B_2019.12.04_07.26.30.csv,NetworkMode,object,1000,0,0.0,"[""5G"", ""5G"", ""5G""]",1000
D2,UCC Beyond Throughput 5G dataset,data/raw/ucc_5g_context/5G-production-dataset/Amazon_Prime/Driving/Season3-TheExpanse/B_2019.12.04_07.26.30.csv,RSRP,int64,1000,0,0.0,"[""-101"", ""-99"", ""-99""]",1000
D2,UCC Beyond Throughput 5G dataset,data/raw/ucc_5g_context/5G-production-dataset/Amazon_Prime/Driving/Season3-TheExpanse/B_2019.12.04_07.26.30.csv,RSRQ,int64,1000,0,0.0,"[""-16"", ""-15"", ""-15""]",1000
D2,UCC Beyond Throughput 5G dataset,data/raw/ucc_5g_context/5G-production-dataset/Amazon_Prime/Driving/Season3-TheExpanse/B_2019.12.04_07.26.30.csv,SNR,float64,1000,0,0.0,"[""9.0"", ""3.0"", ""3.0""]",1000
D2,UCC Beyond Throughput 5G dataset,data/raw/ucc_5g_context/5G-production-dataset/Amazon_Prime/Driving/Season3-TheExpanse/B_2019.12.04_07.26.30.csv,CQI,int64,1000,0,0.0,"[""12"", ""12"", ""12""]",1000
D2,UCC Beyond Throughput 5G dataset,data/raw/ucc_5g_context/5G-production-dataset/Amazon_Prime/Driving/Season3-TheExpanse/B_2019.12.04_07.26.30.csv,RSSI,object,1000,0,0.0,"[""-89"", ""-89"", ""-89""]",1000
D2,UCC Beyond Throughput 5G dataset,data/raw/ucc_5g_context/5G-production-dataset/Amazon_Prime/Driving/Season3-TheExpanse/B_2019.12.04_07.26.30.csv,DL_bitrate,int64,1000,0,0.0,"[""234"", ""9"", ""9""]",1000
D2,UCC Beyond Throughput 5G dataset,data/raw/ucc_5g_context/5G-production-dataset/Amazon_Prime/Driving/Season3-TheExpanse/B_2019.12.04_07.26.30.csv,UL_bitrate,int64,1000,0,0.0,"[""52"", ""2"", ""2""]",1000
D2,UCC Beyond Throughput 5G dataset,data/raw/ucc_5g_context/5G-production-dataset/Amazon_Prime/Driving/Season3-TheExpanse/B_2019.12.04_07.26.30.csv,State,object,1000,0,0.0,"[""D"", ""D"", ""D""]",1000
D2,UCC Beyond Throughput 5G dataset,data/raw/ucc_5g_context/5G-production-dataset/Amazon_Prime/Driving/Season3-TheExpanse/B_2019.12.04_07.26.30.csv,PINGAVG,object,1000,0,0.0,"[""-"", ""-"", ""-""]",1000
D2,UCC Beyond Throughput 5G dataset,data/raw/ucc_5g_context/5G-production-dataset/Amazon_Prime/Driving/Season3-TheExpanse/B_2019.12.04_07.26.30.csv,PINGMIN,object,1000,0,0.0,"[""-"", ""-"", ""-""]",1000
D2,UCC Beyond Throughput 5G dataset,data/raw/ucc_5g_context/5G-production-dataset/Amazon_Prime/Driving/Season3-TheExpanse/B_2019.12.04_07.26.30.csv,PINGMAX,object,1000,0,0.0,"[""-"", ""-"", ""-""]",1000
D2,UCC Beyond Throughput 5G dataset,data/raw/ucc_5g_context/5G-production-dataset/Amazon_Prime/Driving/Season3-TheExpanse/B_2019.12.04_07.26.30.csv,PINGSTDEV,object,1000,0,0.0,"[""-"", ""-"", ""-""]",1000
D2,UCC Beyond Throughput 5G dataset,data/raw/ucc_5g_context/5G-production-dataset/Amazon_Prime/Driving/Season3-TheExpanse/B_2019.12.04_07.26.30.csv,PINGLOSS,object,1000,0,0.0,"[""-"", ""-"", ""-""]",1000
D2,UCC Beyond Throughput 5G dataset,data/raw/ucc_5g_context/5G-production-dataset/Amazon_Prime/Driving/Season3-TheExpanse/B_2019.12.04_07.26.30.csv,CELLHEX,object,1000,0,0.0,"[""C"", ""C"", ""C""]",1000
D2,UCC Beyond Throughput 5G dataset,data/raw/ucc_5g_context/5G-production-dataset/Amazon_Prime/Driving/Season3-TheExpanse/B_2019.12.04_07.26.30.csv,NODEHEX,object,1000,0,0.0,"[""A81B"", ""A81B"", ""A81B""]",1000
D2,UCC Beyond Throughput 5G dataset,data/raw/ucc_5g_context/5G-production-dataset/Amazon_Prime/Driving/Season3-TheExpanse/B_2019.12.04_07.26.30.csv,LACHEX,object,1000,0,0.0,"[""9CBA"", ""9CBA"", ""9CBA""]",1000
D2,UCC Beyond Throughput 5G dataset,data/raw/ucc_5g_context/5G-production-dataset/Amazon_Prime/Driving/Season3-TheExpanse/B_2019.12.04_07.26.30.csv,RAWCELLID,int64,1000,0,0.0,"[""11016972"", ""11016972"", ""11016972""]",1000
D2,UCC Beyond Throughput 5G dataset,data/raw/ucc_5g_context/5G-production-dataset/Amazon_Prime/Driving/Season3-TheExpanse/B_2019.12.04_07.26.30.csv,NRxRSRP,object,1000,0,0.0,"[""-95.0"", ""-96.0"", ""-96.0""]",1000
D2,UCC Beyond Throughput 5G dataset,data/raw/ucc_5g_context/5G-production-dataset/Amazon_Prime/Driving/Season3-TheExpanse/B_2019.12.04_07.26.30.csv,NRxRSRQ,object,1000,0,0.0,"[""-13.0"", ""-13.0"", ""-13.0""]",1000
D2,UCC Beyond Throughput 5G dataset,data/raw/ucc_5g_context/5G-production-dataset/Amazon_Prime/Driving/Season3-TheExpanse/B_2019.12.04_11.58.01.csv,Timestamp,object,1000,0,0.0,"[""2019.12.04_11.58.01"", ""2019.12.04_11.58.02"", ""2019.12.04_11.58.03""]",1000
D2,UCC Beyond Throughput 5G dataset,data/raw/ucc_5g_context/5G-production-dataset/Amazon_Prime/Driving/Season3-TheExpanse/B_2019.12.04_11.58.01.csv,Longitude,float64,1000,0,0.0,"[""-8.474598"", ""-8.474598"", ""-8.474598""]",1000
D2,UCC Beyond Throughput 5G dataset,data/raw/ucc_5g_context/5G-production-dataset/Amazon_Prime/Driving/Season3-TheExpanse/B_2019.12.04_11.58.01.csv,Latitude,float64,1000,0,0.0,"[""51.899324"", ""51.899324"", ""51.899324""]",1000
D2,UCC Beyond Throughput 5G dataset,data/raw/ucc_5g_context/5G-production-dataset/Amazon_Prime/Driving/Season3-TheExpanse/B_2019.12.04_11.58.01.csv,Speed,int64,1000,0,0.0,"[""0"", ""0"", ""0""]",1000
D2,UCC Beyond Throughput 5G dataset,data/raw/ucc_5g_context/5G-production-dataset/Amazon_Prime/Driving/Season3-TheExpanse/B_2019.12.04_11.58.01.csv,Operatorname,object,1000,0,0.0,"[""B"", ""B"", ""B""]",1000
D2,UCC Beyond Throughput 5G dataset,data/raw/ucc_5g_context/5G-production-dataset/Amazon_Prime/Driving/Season3-TheExpanse/B_2019.12.04_11.58.01.csv,CellID,int64,1000,0,0.0,"[""12"", ""12"", ""12""]",1000
D2,UCC Beyond Throughput 5G dataset,data/raw/ucc_5g_context/5G-production-dataset/Amazon_Prime/Driving/Season3-TheExpanse/B_2019.12.04_11.58.01.csv,NetworkMode,object,1000,0,0.0,"[""5G"", ""5G"", ""5G""]",1000
D2,UCC Beyond Throughput 5G dataset,data/raw/ucc_5g_context/5G-production-dataset/Amazon_Prime/Driving/Season3-TheExpanse/B_2019.12.04_11.58.01.csv,RSRP,int64,1000,0,0.0,"[""-115"", ""-115"", ""-118""]",1000
D2,UCC Beyond Throughput 5G dataset,data/raw/ucc_5g_context/5G-production-dataset/Amazon_Prime/Driving/Season3-TheExpanse/B_2019.12.04_11.58.01.csv,RSRQ,int64,1000,0,0.0,"[""-15"", ""-15"", ""-17""]",1000
D2,UCC Beyond Throughput 5G dataset,data/raw/ucc_5g_context/5G-production-dataset/Amazon_Prime/Driving/Season3-TheExpanse/B_2019.12.04_11.58.01.csv,SNR,float64,1000,0,0.0,"[""-3.0"", ""-3.0"", ""-1.0""]",1000
D2,UCC Beyond Throughput 5G dataset,data/raw/ucc_5g_context/5G-production-dataset/Amazon_Prime/Driving/Season3-TheExpanse/B_2019.12.04_11.58.01.csv,CQI,int64,1000,0,0.0,"[""9"", ""8"", ""8""]",1000
D2,UCC Beyond Throughput 5G dataset,data/raw/ucc_5g_context/5G-production-dataset/Amazon_Prime/Driving/Season3-TheExpanse/B_2019.12.04_11.58.01.csv,RSSI,object,1000,0,0.0,"[""-94"", ""-94"", ""-94""]",1000
D2,UCC Beyond Throughput 5G dataset,data/raw/ucc_5g_context/5G-production-dataset/Amazon_Prime/Driving/Season3-TheExpanse/B_2019.12.04_11.58.01.csv,DL_bitrate,int64,1000,0,0.0,"[""38"", ""0"", ""0""]",1000
D2,UCC Beyond Throughput 5G dataset,data/raw/ucc_5g_context/5G-production-dataset/Amazon_Prime/Driving/Season3-TheExpanse/B_2019.12.04_11.58.01.csv,UL_bitrate,int64,1000,0,0.0,"[""6"", ""0"", ""0""]",1000
D2,UCC Beyond Throughput 5G dataset,data/raw/ucc_5g_context/5G-production-dataset/Amazon_Prime/Driving/Season3-TheExpanse/B_2019.12.04_11.58.01.csv,State,object,1000,0,0.0,"[""D"", ""I"", ""I""]",1000
D2,UCC Beyond Throughput 5G dataset,data/raw/ucc_5g_context/5G-production-dataset/Amazon_Prime/Driving/Season3-TheExpanse/B_2019.12.04_11.58.01.csv,PINGAVG,object,1000,0,0.0,"[""-"", ""-"", ""-""]",1000
D2,UCC Beyond Throughput 5G dataset,data/raw/ucc_5g_context/5G-production-dataset/Amazon_Prime/Driving/Season3-TheExpanse/B_2019.12.04_11.58.01.csv,PINGMIN,object,1000,0,0.0,"[""-"", ""-"", ""-""]",1000
D2,UCC Beyond Throughput 5G dataset,data/raw/ucc_5g_context/5G-production-dataset/Amazon_Prime/Driving/Season3-TheExpanse/B_2019.12.04_11.58.01.csv,PINGMAX,object,1000,0,0.0,"[""-"", ""-"", ""-""]",1000
D2,UCC Beyond Throughput 5G dataset,data/raw/ucc_5g_context/5G-production-dataset/Amazon_Prime/Driving/Season3-TheExpanse/B_2019.12.04_11.58.01.csv,PINGSTDEV,object,1000,0,0.0,"[""-"", ""-"", ""-""]",1000
D2,UCC Beyond Throughput 5G dataset,data/raw/ucc_5g_context/5G-production-dataset/Amazon_Prime/Driving/Season3-TheExpanse/B_2019.12.04_11.58.01.csv,PINGLOSS,object,1000,0,0.0,"[""-"", ""-"", ""-""]",1000
D2,UCC Beyond Throughput 5G dataset,data/raw/ucc_5g_context/5G-production-dataset/Amazon_Prime/Driving/Season3-TheExpanse/B_2019.12.04_11.58.01.csv,CELLHEX,object,1000,0,0.0,"[""C"", ""C"", ""C""]",1000
D2,UCC Beyond Throughput 5G dataset,data/raw/ucc_5g_context/5G-production-dataset/Amazon_Prime/Driving/Season3-TheExpanse/B_2019.12.04_11.58.01.csv,NODEHEX,object,1000,0,0.0,"[""A992"", ""A992"", ""A992""]",1000
D2,UCC Beyond Throughput 5G dataset,data/raw/ucc_5g_context/5G-production-dataset/Amazon_Prime/Driving/Season3-TheExpanse/B_2019.12.04_11.58.01.csv,LACHEX,object,1000,0,0.0,"[""9CBA"", ""9CBA"", ""9CBA""]",1000
D2,UCC Beyond Throughput 5G dataset,data/raw/ucc_5g_context/5G-production-dataset/Amazon_Prime/Driving/Season3-TheExpanse/B_2019.12.04_11.58.01.csv,RAWCELLID,int64,1000,0,0.0,"[""11112972"", ""11112972"", ""11112972""]",1000
D2,UCC Beyond Throughput 5G dataset,data/raw/ucc_5g_context/5G-production-dataset/Amazon_Prime/Driving/Season3-TheExpanse/B_2019.12.04_11.58.01.csv,NRxRSRP,object,1000,0,0.0,"[""-112.0"", ""-112.0"", ""-120.0""]",1000
D2,UCC Beyond Throughput 5G dataset,data/raw/ucc_5g_context/5G-production-dataset/Amazon_Prime/Driving/Season3-TheExpanse/B_2019.12.04_11.58.01.csv,NRxRSRQ,object,1000,0,0.0,"[""-38.0"", ""-38.0"", ""-16.0""]",1000
D2,UCC Beyond Throughput 5G dataset,data/raw/ucc_5g_context/5G-production-dataset/Amazon_Prime/Driving/Season3-TheExpanse/B_2019.12.04_14.24.21.csv,Timestamp,object,1000,0,0.0,"[""2019.12.04_14.24.21"", ""2019.12.04_14.24.21"", ""2019.12.04_14.24.21""]",1000
D2,UCC Beyond Throughput 5G dataset,data/raw/ucc_5g_context/5G-production-dataset/Amazon_Prime/Driving/Season3-TheExpanse/B_2019.12.04_14.24.21.csv,Longitude,float64,1000,0,0.0,"[""-8.395397"", ""-8.396519999999999"", ""-8.396519999999999""]",1000
D2,UCC Beyond Throughput 5G dataset,data/raw/ucc_5g_context/5G-production-dataset/Amazon_Prime/Driving/Season3-TheExpanse/B_2019.12.04_14.24.21.csv,Latitude,float64,1000,0,0.0,"[""51.886689"", ""51.886845"", ""51.886845""]",1000
D2,UCC Beyond Throughput 5G dataset,data/raw/ucc_5g_context/5G-production-dataset/Amazon_Prime/Driving/Season3-TheExpanse/B_2019.12.04_14.24.21.csv,Speed,int64,1000,0,0.0,"[""0"", ""2"", ""2""]",1000
D2,UCC Beyond Throughput 5G dataset,data/raw/ucc_5g_context/5G-production-dataset/Amazon_Prime/Driving/Season3-TheExpanse/B_2019.12.04_14.24.21.csv,Operatorname,object,1000,0,0.0,"[""B"", ""B"", ""B""]",1000
D2,UCC Beyond Throughput 5G dataset,data/raw/ucc_5g_context/5G-production-dataset/Amazon_Prime/Driving/Season3-TheExpanse/B_2019.12.04_14.24.21.csv,CellID,int64,1000,0,0.0,"[""11"", ""11"", ""11""]",1000
D2,UCC Beyond Throughput 5G dataset,data/raw/ucc_5g_context/5G-production-dataset/Amazon_Prime/Driving/Season3-TheExpanse/B_2019.12.04_14.24.21.csv,NetworkMode,object,1000,0,0.0,"[""5G"", ""5G"", ""5G""]",1000
D2,UCC Beyond Throughput 5G dataset,data/raw/ucc_5g_context/5G-production-dataset/Amazon_Prime/Driving/Season3-TheExpanse/B_2019.12.04_14.24.21.csv,RSRP,int64,1000,0,0.0,"[""-93"", ""-93"", ""-93""]",1000
D2,UCC Beyond Throughput 5G dataset,data/raw/ucc_5g_context/5G-production-dataset/Amazon_Prime/Driving/Season3-TheExpanse/B_2019.12.04_14.24.21.csv,RSRQ,int64,1000,0,0.0,"[""-12"", ""-12"", ""-12""]",1000
D2,UCC Beyond Throughput 5G dataset,data/raw/ucc_5g_context/5G-production-dataset/Amazon_Prime/Driving/Season3-TheExpanse/B_2019.12.04_14.24.21.csv,SNR,object,1000,0,0.0,"[""0.0"", ""0.0"", ""0.0""]",1000
D2,UCC Beyond Throughput 5G dataset,data/raw/ucc_5g_context/5G-production-dataset/Amazon_Prime/Driving/Season3-TheExpanse/B_2019.12.04_14.24.21.csv,CQI,object,1000,0,0.0,"[""13"", ""13"", ""13""]",1000
D2,UCC Beyond Throughput 5G dataset,data/raw/ucc_5g_context/5G-production-dataset/Amazon_Prime/Driving/Season3-TheExpanse/B_2019.12.04_14.24.21.csv,RSSI,object,1000,0,0.0,"[""-85"", ""-85"", ""-85""]",1000
D2,UCC Beyond Throughput 5G dataset,data/raw/ucc_5g_context/5G-production-dataset/Amazon_Prime/Driving/Season3-TheExpanse/B_2019.12.04_14.24.21.csv,DL_bitrate,int64,1000,0,0.0,"[""1"", ""1"", ""1""]",1000
D2,UCC Beyond Throughput 5G dataset,data/raw/ucc_5g_context/5G-production-dataset/Amazon_Prime/Driving/Season3-TheExpanse/B_2019.12.04_14.24.21.csv,UL_bitrate,int64,1000,0,0.0,"[""0"", ""0"", ""2""]",1000
D2,UCC Beyond Throughput 5G dataset,data/raw/ucc_5g_context/5G-production-dataset/Amazon_Prime/Driving/Season3-TheExpanse/B_2019.12.04_14.24.21.csv,State,object,1000,0,0.0,"[""D"", ""D"", ""D""]",1000
D2,UCC Beyond Throughput 5G dataset,data/raw/ucc_5g_context/5G-production-dataset/Amazon_Prime/Driving/Season3-TheExpanse/B_2019.12.04_14.24.21.csv,PINGAVG,object,1000,0,0.0,"[""-"", ""-"", ""-""]",1000
D2,UCC Beyond Throughput 5G dataset,data/raw/ucc_5g_context/5G-production-dataset/Amazon_Prime/Driving/Season3-TheExpanse/B_2019.12.04_14.24.21.csv,PINGMIN,object,1000,0,0.0,"[""-"", ""-"", ""-""]",1000
D2,UCC Beyond Throughput 5G dataset,data/raw/ucc_5g_context/5G-production-dataset/Amazon_Prime/Driving/Season3-TheExpanse/B_2019.12.04_14.24.21.csv,PINGMAX,object,1000,0,0.0,"[""-"", ""-"", ""-""]",1000
D2,UCC Beyond Throughput 5G dataset,data/raw/ucc_5g_context/5G-production-dataset/Amazon_Prime/Driving/Season3-TheExpanse/B_2019.12.04_14.24.21.csv,PINGSTDEV,object,1000,0,0.0,"[""-"", ""-"", ""-""]",1000
D2,UCC Beyond Throughput 5G dataset,data/raw/ucc_5g_context/5G-production-dataset/Amazon_Prime/Driving/Season3-TheExpanse/B_2019.12.04_14.24.21.csv,PINGLOSS,object,1000,0,0.0,"[""-"", ""-"", ""-""]",1000
D2,UCC Beyond Throughput 5G dataset,data/raw/ucc_5g_context/5G-production-dataset/Amazon_Prime/Driving/Season3-TheExpanse/B_2019.12.04_14.24.21.csv,CELLHEX,object,1000,0,0.0,"[""B"", ""B"", ""B""]",1000
D2,UCC Beyond Throughput 5G dataset,data/raw/ucc_5g_context/5G-production-dataset/Amazon_Prime/Driving/Season3-TheExpanse/B_2019.12.04_14.24.21.csv,NODEHEX,object,1000,0,0.0,"[""A4DF"", ""A4DF"", ""A4DF""]",1000
D2,UCC Beyond Throughput 5G dataset,data/raw/ucc_5g_context/5G-production-dataset/Amazon_Prime/Driving/Season3-TheExpanse/B_2019.12.04_14.24.21.csv,LACHEX,object,1000,0,0.0,"[""9CBA"", ""9CBA"", ""9CBA""]",1000
D2,UCC Beyond Throughput 5G dataset,data/raw/ucc_5g_context/5G-production-dataset/Amazon_Prime/Driving/Season3-TheExpanse/B_2019.12.04_14.24.21.csv,RAWCELLID,int64,1000,0,0.0,"[""10805003"", ""10805003"", ""10805003""]",1000
D2,UCC Beyond Throughput 5G dataset,data/raw/ucc_5g_context/5G-production-dataset/Amazon_Prime/Driving/Season3-TheExpanse/B_2019.12.04_14.24.21.csv,NRxRSRP,object,1000,0,0.0,"[""-99.0"", ""-99.0"", ""-99.0""]",1000
D2,UCC Beyond Throughput 5G dataset,data/raw/ucc_5g_context/5G-production-dataset/Amazon_Prime/Driving/Season3-TheExpanse/B_2019.12.04_14.24.21.csv,NRxRSRQ,object,1000,0,0.0,"[""-16.0"", ""-16.0"", ""-16.0""]",1000
D2,UCC Beyond Throughput 5G dataset,data/raw/ucc_5g_context/5G-production-dataset/Amazon_Prime/Driving/Season3-TheExpanse/B_2019.12.06_07.31.16.csv,Timestamp,object,1000,0,0.0,"[""2019.12.06_07.31.16"", ""2019.12.06_07.31.17"", ""2019.12.06_07.31.18""]",1000
D2,UCC Beyond Throughput 5G dataset,data/raw/ucc_5g_context/5G-production-dataset/Amazon_Prime/Driving/Season3-TheExpanse/B_2019.12.06_07.31.16.csv,Longitude,float64,1000,0,0.0,"[""-8.388174000000001"", ""-8.388174000000001"", ""-8.388235""]",1000
D2,UCC Beyond Throughput 5G dataset,data/raw/ucc_5g_context/5G-production-dataset/Amazon_Prime/Driving/Season3-TheExpanse/B_2019.12.06_07.31.16.csv,Latitude,float64,1000,0,0.0,"[""51.935613"", ""51.935613"", ""51.935599""]",1000
D2,UCC Beyond Throughput 5G dataset,data/raw/ucc_5g_context/5G-production-dataset/Amazon_Prime/Driving/Season3-TheExpanse/B_2019.12.06_07.31.16.csv,Speed,int64,1000,0,0.0,"[""0"", ""0"", ""1""]",1000
D2,UCC Beyond Throughput 5G dataset,data/raw/ucc_5g_context/5G-production-dataset/Amazon_Prime/Driving/Season3-TheExpanse/B_2019.12.06_07.31.16.csv,Operatorname,object,1000,0,0.0,"[""B"", ""B"", ""B""]",1000
D2,UCC Beyond Throughput 5G dataset,data/raw/ucc_5g_context/5G-production-dataset/Amazon_Prime/Driving/Season3-TheExpanse/B_2019.12.06_07.31.16.csv,CellID,int64,1000,0,0.0,"[""12"", ""12"", ""12""]",1000
D2,UCC Beyond Throughput 5G dataset,data/raw/ucc_5g_context/5G-production-dataset/Amazon_Prime/Driving/Season3-TheExpanse/B_2019.12.06_07.31.16.csv,NetworkMode,object,1000,0,0.0,"[""5G"", ""5G"", ""5G""]",1000
D2,UCC Beyond Throughput 5G dataset,data/raw/ucc_5g_context/5G-production-dataset/Amazon_Prime/Driving/Season3-TheExpanse/B_2019.12.06_07.31.16.csv,RSRP,int64,1000,0,0.0,"[""-99"", ""-97"", ""-97""]",1000
D2,UCC Beyond Throughput 5G dataset,data/raw/ucc_5g_context/5G-production-dataset/Amazon_Prime/Driving/Season3-TheExpanse/B_2019.12.06_07.31.16.csv,RSRQ,int64,1000,0,0.0,"[""-13"", ""-10"", ""-10""]",1000
D2,UCC Beyond Throughput 5G dataset,data/raw/ucc_5g_context/5G-production-dataset/Amazon_Prime/Driving/Season3-TheExpanse/B_2019.12.06_07.31.16.csv,SNR,float64,1000,0,0.0,"[""1.0"", ""9.0"", ""9.0""]",1000
D2,UCC Beyond Throughput 5G dataset,data/raw/ucc_5g_context/5G-production-dataset/Amazon_Prime/Driving/Season3-TheExpanse/B_2019.12.06_07.31.16.csv,CQI,int64,1000,0,0.0,"[""15"", ""12"", ""12""]",1000
D2,UCC Beyond Throughput 5G dataset,data/raw/ucc_5g_context/5G-production-dataset/Amazon_Prime/Driving/Season3-TheExpanse/B_2019.12.06_07.31.16.csv,RSSI,object,1000,0,0.0,"[""-86"", ""-84"", ""-84""]",1000
D2,UCC Beyond Throughput 5G dataset,data/raw/ucc_5g_context/5G-production-dataset/Amazon_Prime/Driving/Season3-TheExpanse/B_2019.12.06_07.31.16.csv,DL_bitrate,int64,1000,0,0.0,"[""78"", ""0"", ""0""]",1000
D2,UCC Beyond Throughput 5G dataset,data/raw/ucc_5g_context/5G-production-dataset/Amazon_Prime/Driving/Season3-TheExpanse/B_2019.12.06_07.31.16.csv,UL_bitrate,int64,1000,0,0.0,"[""21"", ""0"", ""0""]",1000
D2,UCC Beyond Throughput 5G dataset,data/raw/ucc_5g_context/5G-production-dataset/Amazon_Prime/Driving/Season3-TheExpanse/B_2019.12.06_07.31.16.csv,State,object,1000,0,0.0,"[""D"", ""I"", ""I""]",1000
D2,UCC Beyond Throughput 5G dataset,data/raw/ucc_5g_context/5G-production-dataset/Amazon_Prime/Driving/Season3-TheExpanse/B_2019.12.06_07.31.16.csv,PINGAVG,object,1000,0,0.0,"[""-"", ""-"", ""-""]",1000
D2,UCC Beyond Throughput 5G dataset,data/raw/ucc_5g_context/5G-production-dataset/Amazon_Prime/Driving/Season3-TheExpanse/B_2019.12.06_07.31.16.csv,PINGMIN,object,1000,0,0.0,"[""-"", ""-"", ""-""]",1000
D2,UCC Beyond Throughput 5G dataset,data/raw/ucc_5g_context/5G-production-dataset/Amazon_Prime/Driving/Season3-TheExpanse/B_2019.12.06_07.31.16.csv,PINGMAX,object,1000,0,0.0,"[""-"", ""-"", ""-""]",1000
D2,UCC Beyond Throughput 5G dataset,data/raw/ucc_5g_context/5G-production-dataset/Amazon_Prime/Driving/Season3-TheExpanse/B_2019.12.06_07.31.16.csv,PINGSTDEV,object,1000,0,0.0,"[""-"", ""-"", ""-""]",1000
D2,UCC Beyond Throughput 5G dataset,data/raw/ucc_5g_context/5G-production-dataset/Amazon_Prime/Driving/Season3-TheExpanse/B_2019.12.06_07.31.16.csv,PINGLOSS,object,1000,0,0.0,"[""-"", ""-"", ""-""]",1000
D2,UCC Beyond Throughput 5G dataset,data/raw/ucc_5g_context/5G-production-dataset/Amazon_Prime/Driving/Season3-TheExpanse/B_2019.12.06_07.31.16.csv,CELLHEX,object,1000,0,0.0,"[""C"", ""C"", ""C""]",1000
D2,UCC Beyond Throughput 5G dataset,data/raw/ucc_5g_context/5G-production-dataset/Amazon_Prime/Driving/Season3-TheExpanse/B_2019.12.06_07.31.16.csv,NODEHEX,object,1000,0,0.0,"[""A81B"", ""A81B"", ""A81B""]",1000
D2,UCC Beyond Throughput 5G dataset,data/raw/ucc_5g_context/5G-production-dataset/Amazon_Prime/Driving/Season3-TheExpanse/B_2019.12.06_07.31.16.csv,LACHEX,object,1000,0,0.0,"[""9CBA"", ""9CBA"", ""9CBA""]",1000
D2,UCC Beyond Throughput 5G dataset,data/raw/ucc_5g_context/5G-production-dataset/Amazon_Prime/Driving/Season3-TheExpanse/B_2019.12.06_07.31.16.csv,RAWCELLID,int64,1000,0,0.0,"[""11016972"", ""11016972"", ""11016972""]",1000
D2,UCC Beyond Throughput 5G dataset,data/raw/ucc_5g_context/5G-production-dataset/Amazon_Prime/Driving/Season3-TheExpanse/B_2019.12.06_07.31.16.csv,NRxRSRP,object,1000,0,0.0,"[""-102.0"", ""-100.0"", ""-100.0""]",1000
D2,UCC Beyond Throughput 5G dataset,data/raw/ucc_5g_context/5G-production-dataset/Amazon_Prime/Driving/Season3-TheExpanse/B_2019.12.06_07.31.16.csv,NRxRSRQ,object,1000,0,0.0,"[""-15.0"", ""-17.0"", ""-17.0""]",1000
D2,UCC Beyond Throughput 5G dataset,data/raw/ucc_5g_context/5G-production-dataset/Amazon_Prime/Driving/Season3-TheExpanse/B_2019.12.06_09.32.38.csv,Timestamp,object,914,0,0.0,"[""2019.12.06_09.32.38"", ""2019.12.06_09.32.38"", ""2019.12.06_09.32.38""]",1000
D2,UCC Beyond Throughput 5G dataset,data/raw/ucc_5g_context/5G-production-dataset/Amazon_Prime/Driving/Season3-TheExpanse/B_2019.12.06_09.32.38.csv,Longitude,float64,914,0,0.0,"[""-8.388194"", ""-8.388253"", ""-8.388253""]",1000
D2,UCC Beyond Throughput 5G dataset,data/raw/ucc_5g_context/5G-production-dataset/Amazon_Prime/Driving/Season3-TheExpanse/B_2019.12.06_09.32.38.csv,Latitude,float64,914,0,0.0,"[""51.935608"", ""51.935489"", ""51.935489""]",1000
D2,UCC Beyond Throughput 5G dataset,data/raw/ucc_5g_context/5G-production-dataset/Amazon_Prime/Driving/Season3-TheExpanse/B_2019.12.06_09.32.38.csv,Speed,int64,914,0,0.0,"[""0"", ""1"", ""1""]",1000
D2,UCC Beyond Throughput 5G dataset,data/raw/ucc_5g_context/5G-production-dataset/Amazon_Prime/Driving/Season3-TheExpanse/B_2019.12.06_09.32.38.csv,Operatorname,object,914,0,0.0,"[""B"", ""B"", ""B""]",1000
D2,UCC Beyond Throughput 5G dataset,data/raw/ucc_5g_context/5G-production-dataset/Amazon_Prime/Driving/Season3-TheExpanse/B_2019.12.06_09.32.38.csv,CellID,int64,914,0,0.0,"[""12"", ""12"", ""12""]",1000
D2,UCC Beyond Throughput 5G dataset,data/raw/ucc_5g_context/5G-production-dataset/Amazon_Prime/Driving/Season3-TheExpanse/B_2019.12.06_09.32.38.csv,NetworkMode,object,914,0,0.0,"[""5G"", ""5G"", ""5G""]",1000
D2,UCC Beyond Throughput 5G dataset,data/raw/ucc_5g_context/5G-production-dataset/Amazon_Prime/Driving/Season3-TheExpanse/B_2019.12.06_09.32.38.csv,RSRP,int64,914,0,0.0,"[""-95"", ""-95"", ""-95""]",1000
D2,UCC Beyond Throughput 5G dataset,data/raw/ucc_5g_context/5G-production-dataset/Amazon_Prime/Driving/Season3-TheExpanse/B_2019.12.06_09.32.38.csv,RSRQ,int64,914,0,0.0,"[""-9"", ""-9"", ""-9""]",1000
D2,UCC Beyond Throughput 5G dataset,data/raw/ucc_5g_context/5G-production-dataset/Amazon_Prime/Driving/Season3-TheExpanse/B_2019.12.06_09.32.38.csv,SNR,object,914,0,0.0,"[""16.0"", ""16.0"", ""16.0""]",1000
D2,UCC Beyond Throughput 5G dataset,data/raw/ucc_5g_context/5G-production-dataset/Amazon_Prime/Driving/Season3-TheExpanse/B_2019.12.06_09.32.38.csv,CQI,object,914,0,0.0,"[""14"", ""14"", ""14""]",1000
D2,UCC Beyond Throughput 5G dataset,data/raw/ucc_5g_context/5G-production-dataset/Amazon_Prime/Driving/Season3-TheExpanse/B_2019.12.06_09.32.38.csv,RSSI,object,914,0,0.0,"[""-87"", ""-87"", ""-87""]",1000
D2,UCC Beyond Throughput 5G dataset,data/raw/ucc_5g_context/5G-production-dataset/Amazon_Prime/Driving/Season3-TheExpanse/B_2019.12.06_09.32.38.csv,DL_bitrate,int64,914,0,0.0,"[""37"", ""37"", ""1""]",1000
D2,UCC Beyond Throughput 5G dataset,data/raw/ucc_5g_context/5G-production-dataset/Amazon_Prime/Driving/Season3-TheExpanse/B_2019.12.06_09.32.38.csv,UL_bitrate,int64,914,0,0.0,"[""8"", ""8"", ""4""]",1000
D2,UCC Beyond Throughput 5G dataset,data/raw/ucc_5g_context/5G-production-dataset/Amazon_Prime/Driving/Season3-TheExpanse/B_2019.12.06_09.32.38.csv,State,object,914,0,0.0,"[""D"", ""D"", ""D""]",1000
D2,UCC Beyond Throughput 5G dataset,data/raw/ucc_5g_context/5G-production-dataset/Amazon_Prime/Driving/Season3-TheExpanse/B_2019.12.06_09.32.38.csv,PINGAVG,object,914,0,0.0,"[""-"", ""-"", ""-""]",1000
D2,UCC Beyond Throughput 5G dataset,data/raw/ucc_5g_context/5G-production-dataset/Amazon_Prime/Driving/Season3-TheExpanse/B_2019.12.06_09.32.38.csv,PINGMIN,object,914,0,0.0,"[""-"", ""-"", ""-""]",1000
D2,UCC Beyond Throughput 5G dataset,data/raw/ucc_5g_context/5G-production-dataset/Amazon_Prime/Driving/Season3-TheExpanse/B_2019.12.06_09.32.38.csv,PINGMAX,object,914,0,0.0,"[""-"", ""-"", ""-""]",1000
D2,UCC Beyond Throughput 5G dataset,data/raw/ucc_5g_context/5G-production-dataset/Amazon_Prime/Driving/Season3-TheExpanse/B_2019.12.06_09.32.38.csv,PINGSTDEV,object,914,0,0.0,"[""-"", ""-"", ""-""]",1000
D2,UCC Beyond Throughput 5G dataset,data/raw/ucc_5g_context/5G-production-dataset/Amazon_Prime/Driving/Season3-TheExpanse/B_2019.12.06_09.32.38.csv,PINGLOSS,object,914,0,0.0,"[""-"", ""-"", ""-""]",1000
D2,UCC Beyond Throughput 5G dataset,data/raw/ucc_5g_context/5G-production-dataset/Amazon_Prime/Driving/Season3-TheExpanse/B_2019.12.06_09.32.38.csv,CELLHEX,object,914,0,0.0,"[""C"", ""C"", ""C""]",1000
D2,UCC Beyond Throughput 5G dataset,data/raw/ucc_5g_context/5G-production-dataset/Amazon_Prime/Driving/Season3-TheExpanse/B_2019.12.06_09.32.38.csv,NODEHEX,object,914,0,0.0,"[""A81B"", ""A81B"", ""A81B""]",1000
D2,UCC Beyond Throughput 5G dataset,data/raw/ucc_5g_context/5G-production-dataset/Amazon_Prime/Driving/Season3-TheExpanse/B_2019.12.06_09.32.38.csv,LACHEX,object,914,0,0.0,"[""9CBA"", ""9CBA"", ""9CBA""]",1000
D2,UCC Beyond Throughput 5G dataset,data/raw/ucc_5g_context/5G-production-dataset/Amazon_Prime/Driving/Season3-TheExpanse/B_2019.12.06_09.32.38.csv,RAWCELLID,int64,914,0,0.0,"[""11016972"", ""11016972"", ""11016972""]",1000
D2,UCC Beyond Throughput 5G dataset,data/raw/ucc_5g_context/5G-production-dataset/Amazon_Prime/Driving/Season3-TheExpanse/B_2019.12.06_09.32.38.csv,NRxRSRP,object,914,0,0.0,"[""-101.0"", ""-101.0"", ""-101.0""]",1000
D2,UCC Beyond Throughput 5G dataset,data/raw/ucc_5g_context/5G-production-dataset/Amazon_Prime/Driving/Season3-TheExpanse/B_2019.12.06_09.32.38.csv,NRxRSRQ,object,914,0,0.0,"[""-11.0"", ""-11.0"", ""-11.0""]",1000
D2,UCC Beyond Throughput 5G dataset,data/raw/ucc_5g_context/5G-production-dataset/Amazon_Prime/Driving/Season3-TheExpanse/B_2019.12.06_11.49.24.csv,Timestamp,object,1000,0,0.0,"[""2019.12.06_11.49.24"", ""2019.12.06_11.49.25"", ""2019.12.06_11.49.25""]",1000
D2,UCC Beyond Throughput 5G dataset,data/raw/ucc_5g_context/5G-production-dataset/Amazon_Prime/Driving/Season3-TheExpanse/B_2019.12.06_11.49.24.csv,Longitude,float64,1000,0,0.0,"[""-8.396287"", ""-8.396222999999999"", ""-8.396222999999999""]",1000
D2,UCC Beyond Throughput 5G dataset,data/raw/ucc_5g_context/5G-production-dataset/Amazon_Prime/Driving/Season3-TheExpanse/B_2019.12.06_11.49.24.csv,Latitude,float64,1000,0,0.0,"[""51.886914"", ""51.886932"", ""51.886932""]",1000
D2,UCC Beyond Throughput 5G dataset,data/raw/ucc_5g_context/5G-production-dataset/Amazon_Prime/Driving/Season3-TheExpanse/B_2019.12.06_11.49.24.csv,Speed,int64,1000,0,0.0,"[""0"", ""0"", ""0""]",1000
D2,UCC Beyond Throughput 5G dataset,data/raw/ucc_5g_context/5G-production-dataset/Amazon_Prime/Driving/Season3-TheExpanse/B_2019.12.06_11.49.24.csv,Operatorname,object,1000,0,0.0,"[""B"", ""B"", ""B""]",1000
D2,UCC Beyond Throughput 5G dataset,data/raw/ucc_5g_context/5G-production-dataset/Amazon_Prime/Driving/Season3-TheExpanse/B_2019.12.06_11.49.24.csv,CellID,int64,1000,0,0.0,"[""11"", ""11"", ""11""]",1000
D2,UCC Beyond Throughput 5G dataset,data/raw/ucc_5g_context/5G-production-dataset/Amazon_Prime/Driving/Season3-TheExpanse/B_2019.12.06_11.49.24.csv,NetworkMode,object,1000,0,0.0,"[""5G"", ""5G"", ""5G""]",1000
D2,UCC Beyond Throughput 5G dataset,data/raw/ucc_5g_context/5G-production-dataset/Amazon_Prime/Driving/Season3-TheExpanse/B_2019.12.06_11.49.24.csv,RSRP,int64,1000,0,0.0,"[""-95"", ""-95"", ""-96""]",1000
D2,UCC Beyond Throughput 5G dataset,data/raw/ucc_5g_context/5G-production-dataset/Amazon_Prime/Driving/Season3-TheExpanse/B_2019.12.06_11.49.24.csv,RSRQ,object,1000,0,0.0,"[""-12"", ""-12"", ""-14""]",1000
D2,UCC Beyond Throughput 5G dataset,data/raw/ucc_5g_context/5G-production-dataset/Amazon_Prime/Driving/Season3-TheExpanse/B_2019.12.06_11.49.24.csv,SNR,object,1000,0,0.0,"[""13.0"", ""13.0"", ""9.0""]",1000
D2,UCC Beyond Throughput 5G dataset,data/raw/ucc_5g_context/5G-production-dataset/Amazon_Prime/Driving/Season3-TheExpanse/B_2019.12.06_11.49.24.csv,CQI,object,1000,0,0.0,"[""12"", ""12"", ""12""]",1000
D2,UCC Beyond Throughput 5G dataset,data/raw/ucc_5g_context/5G-production-dataset/Amazon_Prime/Driving/Season3-TheExpanse/B_2019.12.06_11.49.24.csv,RSSI,object,1000,0,0.0,"[""-80"", ""-80"", ""-80""]",1000
D2,UCC Beyond Throughput 5G dataset,data/raw/ucc_5g_context/5G-production-dataset/Amazon_Prime/Driving/Season3-TheExpanse/B_2019.12.06_11.49.24.csv,DL_bitrate,int64,1000,0,0.0,"[""1"", ""1"", ""0""]",1000
D2,UCC Beyond Throughput 5G dataset,data/raw/ucc_5g_context/5G-production-dataset/Amazon_Prime/Driving/Season3-TheExpanse/B_2019.12.06_11.49.24.csv,UL_bitrate,int64,1000,0,0.0,"[""3"", ""3"", ""2""]",1000
D2,UCC Beyond Throughput 5G dataset,data/raw/ucc_5g_context/5G-production-dataset/Amazon_Prime/Driving/Season3-TheExpanse/B_2019.12.06_11.49.24.csv,State,object,1000,0,0.0,"[""D"", ""D"", ""D""]",1000
D2,UCC Beyond Throughput 5G dataset,data/raw/ucc_5g_context/5G-production-dataset/Amazon_Prime/Driving/Season3-TheExpanse/B_2019.12.06_11.49.24.csv,PINGAVG,object,1000,0,0.0,"[""-"", ""-"", ""-""]",1000
D2,UCC Beyond Throughput 5G dataset,data/raw/ucc_5g_context/5G-production-dataset/Amazon_Prime/Driving/Season3-TheExpanse/B_2019.12.06_11.49.24.csv,PINGMIN,object,1000,0,0.0,"[""-"", ""-"", ""-""]",1000
D2,UCC Beyond Throughput 5G dataset,data/raw/ucc_5g_context/5G-production-dataset/Amazon_Prime/Driving/Season3-TheExpanse/B_2019.12.06_11.49.24.csv,PINGMAX,object,1000,0,0.0,"[""-"", ""-"", ""-""]",1000
D2,UCC Beyond Throughput 5G dataset,data/raw/ucc_5g_context/5G-production-dataset/Amazon_Prime/Driving/Season3-TheExpanse/B_2019.12.06_11.49.24.csv,PINGSTDEV,object,1000,0,0.0,"[""-"", ""-"", ""-""]",1000
D2,UCC Beyond Throughput 5G dataset,data/raw/ucc_5g_context/5G-production-dataset/Amazon_Prime/Driving/Season3-TheExpanse/B_2019.12.06_11.49.24.csv,PINGLOSS,object,1000,0,0.0,"[""-"", ""-"", ""-""]",1000
D2,UCC Beyond Throughput 5G dataset,data/raw/ucc_5g_context/5G-production-dataset/Amazon_Prime/Driving/Season3-TheExpanse/B_2019.12.06_11.49.24.csv,CELLHEX,object,1000,0,0.0,"[""B"", ""B"", ""B""]",1000
D2,UCC Beyond Throughput 5G dataset,data/raw/ucc_5g_context/5G-production-dataset/Amazon_Prime/Driving/Season3-TheExpanse/B_2019.12.06_11.49.24.csv,NODEHEX,object,1000,0,0.0,"[""A4DF"", ""A4DF"", ""A4DF""]",1000
D2,UCC Beyond Throughput 5G dataset,data/raw/ucc_5g_context/5G-production-dataset/Amazon_Prime/Driving/Season3-TheExpanse/B_2019.12.06_11.49.24.csv,LACHEX,object,1000,0,0.0,"[""9CBA"", ""9CBA"", ""9CBA""]",1000
D2,UCC Beyond Throughput 5G dataset,data/raw/ucc_5g_context/5G-production-dataset/Amazon_Prime/Driving/Season3-TheExpanse/B_2019.12.06_11.49.24.csv,RAWCELLID,int64,1000,0,0.0,"[""10805003"", ""10805003"", ""10805003""]",1000
D2,UCC Beyond Throughput 5G dataset,data/raw/ucc_5g_context/5G-production-dataset/Amazon_Prime/Driving/Season3-TheExpanse/B_2019.12.06_11.49.24.csv,NRxRSRP,object,1000,0,0.0,"[""-97.0"", ""-97.0"", ""-97.0""]",1000
D2,UCC Beyond Throughput 5G dataset,data/raw/ucc_5g_context/5G-production-dataset/Amazon_Prime/Driving/Season3-TheExpanse/B_2019.12.06_11.49.24.csv,NRxRSRQ,object,1000,0,0.0,"[""-12.0"", ""-12.0"", ""-6.0""]",1000
D2,UCC Beyond Throughput 5G dataset,data/raw/ucc_5g_context/5G-production-dataset/Amazon_Prime/Driving/animated-AdventureTime/B_2019.11.28_07.27.57.csv,Timestamp,object,1000,0,0.0,"[""2019.11.28_07.27.57"", ""2019.11.28_07.27.57"", ""2019.11.28_07.27.58""]",1000
D2,UCC Beyond Throughput 5G dataset,data/raw/ucc_5g_context/5G-production-dataset/Amazon_Prime/Driving/animated-AdventureTime/B_2019.11.28_07.27.57.csv,Longitude,float64,1000,0,0.0,"[""-8.388193"", ""-8.388269000000001"", ""-8.388269000000001""]",1000
D2,UCC Beyond Throughput 5G dataset,data/raw/ucc_5g_context/5G-production-dataset/Amazon_Prime/Driving/animated-AdventureTime/B_2019.11.28_07.27.57.csv,Latitude,float64,1000,0,0.0,"[""51.935608"", ""51.935542"", ""51.935542""]",1000
D2,UCC Beyond Throughput 5G dataset,data/raw/ucc_5g_context/5G-production-dataset/Amazon_Prime/Driving/animated-AdventureTime/B_2019.11.28_07.27.57.csv,Speed,int64,1000,0,0.0,"[""0"", ""1"", ""1""]",1000
D2,UCC Beyond Throughput 5G dataset,data/raw/ucc_5g_context/5G-production-dataset/Amazon_Prime/Driving/animated-AdventureTime/B_2019.11.28_07.27.57.csv,Operatorname,object,1000,0,0.0,"[""B"", ""B"", ""B""]",1000
D2,UCC Beyond Throughput 5G dataset,data/raw/ucc_5g_context/5G-production-dataset/Amazon_Prime/Driving/animated-AdventureTime/B_2019.11.28_07.27.57.csv,CellID,int64,1000,0,0.0,"[""12"", ""12"", ""12""]",1000
D2,UCC Beyond Throughput 5G dataset,data/raw/ucc_5g_context/5G-production-dataset/Amazon_Prime/Driving/animated-AdventureTime/B_2019.11.28_07.27.57.csv,NetworkMode,object,1000,0,0.0,"[""5G"", ""5G"", ""5G""]",1000
D2,UCC Beyond Throughput 5G dataset,data/raw/ucc_5g_context/5G-production-dataset/Amazon_Prime/Driving/animated-AdventureTime/B_2019.11.28_07.27.57.csv,RSRP,int64,1000,0,0.0,"[""-102"", ""-102"", ""-102""]",1000
D2,UCC Beyond Throughput 5G dataset,data/raw/ucc_5g_context/5G-production-dataset/Amazon_Prime/Driving/animated-AdventureTime/B_2019.11.28_07.27.57.csv,RSRQ,int64,1000,0,0.0,"[""-10"", ""-10"", ""-10""]",1000
D2,UCC Beyond Throughput 5G dataset,data/raw/ucc_5g_context/5G-production-dataset/Amazon_Prime/Driving/animated-AdventureTime/B_2019.11.28_07.27.57.csv,SNR,object,1000,0,0.0,"[""8.0"", ""8.0"", ""8.0""]",1000
D2,UCC Beyond Throughput 5G dataset,data/raw/ucc_5g_context/5G-production-dataset/Amazon_Prime/Driving/animated-AdventureTime/B_2019.11.28_07.27.57.csv,CQI,object,1000,0,0.0,"[""14"", ""14"", ""14""]",1000
D2,UCC Beyond Throughput 5G dataset,data/raw/ucc_5g_context/5G-production-dataset/Amazon_Prime/Driving/animated-AdventureTime/B_2019.11.28_07.27.57.csv,RSSI,object,1000,0,0.0,"[""-"", ""-"", ""-""]",1000
D2,UCC Beyond Throughput 5G dataset,data/raw/ucc_5g_context/5G-production-dataset/Amazon_Prime/Driving/animated-AdventureTime/B_2019.11.28_07.27.57.csv,DL_bitrate,int64,1000,0,0.0,"[""0"", ""0"", ""0""]",1000
D2,UCC Beyond Throughput 5G dataset,data/raw/ucc_5g_context/5G-production-dataset/Amazon_Prime/Driving/animated-AdventureTime/B_2019.11.28_07.27.57.csv,UL_bitrate,int64,1000,0,0.0,"[""0"", ""0"", ""2""]",1000
D2,UCC Beyond Throughput 5G dataset,data/raw/ucc_5g_context/5G-production-dataset/Amazon_Prime/Driving/animated-AdventureTime/B_2019.11.28_07.27.57.csv,State,object,1000,0,0.0,"[""I"", ""I"", ""D""]",1000
D2,UCC Beyond Throughput 5G dataset,data/raw/ucc_5g_context/5G-production-dataset/Amazon_Prime/Driving/animated-AdventureTime/B_2019.11.28_07.27.57.csv,PINGAVG,object,1000,0,0.0,"[""-"", ""-"", ""-""]",1000
D2,UCC Beyond Throughput 5G dataset,data/raw/ucc_5g_context/5G-production-dataset/Amazon_Prime/Driving/animated-AdventureTime/B_2019.11.28_07.27.57.csv,PINGMIN,object,1000,0,0.0,"[""-"", ""-"", ""-""]",1000
D2,UCC Beyond Throughput 5G dataset,data/raw/ucc_5g_context/5G-production-dataset/Amazon_Prime/Driving/animated-AdventureTime/B_2019.11.28_07.27.57.csv,PINGMAX,object,1000,0,0.0,"[""-"", ""-"", ""-""]",1000
D2,UCC Beyond Throughput 5G dataset,data/raw/ucc_5g_context/5G-production-dataset/Amazon_Prime/Driving/animated-AdventureTime/B_2019.11.28_07.27.57.csv,PINGSTDEV,object,1000,0,0.0,"[""-"", ""-"", ""-""]",1000
D2,UCC Beyond Throughput 5G dataset,data/raw/ucc_5g_context/5G-production-dataset/Amazon_Prime/Driving/animated-AdventureTime/B_2019.11.28_07.27.57.csv,PINGLOSS,object,1000,0,0.0,"[""-"", ""-"", ""-""]",1000
D2,UCC Beyond Throughput 5G dataset,data/raw/ucc_5g_context/5G-production-dataset/Amazon_Prime/Driving/animated-AdventureTime/B_2019.11.28_07.27.57.csv,CELLHEX,object,1000,0,0.0,"[""C"", ""C"", ""C""]",1000
D2,UCC Beyond Throughput 5G dataset,data/raw/ucc_5g_context/5G-production-dataset/Amazon_Prime/Driving/animated-AdventureTime/B_2019.11.28_07.27.57.csv,NODEHEX,object,1000,0,0.0,"[""A81B"", ""A81B"", ""A81B""]",1000
D2,UCC Beyond Throughput 5G dataset,data/raw/ucc_5g_context/5G-production-dataset/Amazon_Prime/Driving/animated-AdventureTime/B_2019.11.28_07.27.57.csv,LACHEX,object,1000,0,0.0,"[""9CBA"", ""9CBA"", ""9CBA""]",1000
D2,UCC Beyond Throughput 5G dataset,data/raw/ucc_5g_context/5G-production-dataset/Amazon_Prime/Driving/animated-AdventureTime/B_2019.11.28_07.27.57.csv,RAWCELLID,int64,1000,0,0.0,"[""11016972"", ""11016972"", ""11016972""]",1000
D2,UCC Beyond Throughput 5G dataset,data/raw/ucc_5g_context/5G-production-dataset/Amazon_Prime/Driving/animated-AdventureTime/B_2019.11.28_07.27.57.csv,NRxRSRP,object,1000,0,0.0,"[""-102.0"", ""-102.0"", ""-102.0""]",1000
D2,UCC Beyond Throughput 5G dataset,data/raw/ucc_5g_context/5G-production-dataset/Amazon_Prime/Driving/animated-AdventureTime/B_2019.11.28_07.27.57.csv,NRxRSRQ,object,1000,0,0.0,"[""-1.0"", ""-1.0"", ""-1.0""]",1000
D2,UCC Beyond Throughput 5G dataset,data/raw/ucc_5g_context/5G-production-dataset/Amazon_Prime/Driving/animated-AdventureTime/B_2019.11.28_10.14.25.csv,Timestamp,object,1000,0,0.0,"[""2019.11.28_10.14.25"", ""2019.11.28_10.14.26"", ""2019.11.28_10.14.26""]",1000
D2,UCC Beyond Throughput 5G dataset,data/raw/ucc_5g_context/5G-production-dataset/Amazon_Prime/Driving/animated-AdventureTime/B_2019.11.28_10.14.25.csv,Longitude,float64,1000,0,0.0,"[""-8.483056"", ""-8.483158999999999"", ""-8.483158999999999""]",1000
D2,UCC Beyond Throughput 5G dataset,data/raw/ucc_5g_context/5G-production-dataset/Amazon_Prime/Driving/animated-AdventureTime/B_2019.11.28_10.14.25.csv,Latitude,float64,1000,0,0.0,"[""51.898898"", ""51.899183"", ""51.899183""]",1000
D2,UCC Beyond Throughput 5G dataset,data/raw/ucc_5g_context/5G-production-dataset/Amazon_Prime/Driving/animated-AdventureTime/B_2019.11.28_10.14.25.csv,Speed,int64,1000,0,0.0,"[""0"", ""0"", ""0""]",1000
D2,UCC Beyond Throughput 5G dataset,data/raw/ucc_5g_context/5G-production-dataset/Amazon_Prime/Driving/animated-AdventureTime/B_2019.11.28_10.14.25.csv,Operatorname,object,1000,0,0.0,"[""B"", ""B"", ""B""]",1000
D2,UCC Beyond Throughput 5G dataset,data/raw/ucc_5g_context/5G-production-dataset/Amazon_Prime/Driving/animated-AdventureTime/B_2019.11.28_10.14.25.csv,CellID,int64,1000,0,0.0,"[""13"", ""13"", ""13""]",1000
D2,UCC Beyond Throughput 5G dataset,data/raw/ucc_5g_context/5G-production-dataset/Amazon_Prime/Driving/animated-AdventureTime/B_2019.11.28_10.14.25.csv,NetworkMode,object,1000,0,0.0,"[""5G"", ""5G"", ""5G""]",1000
D2,UCC Beyond Throughput 5G dataset,data/raw/ucc_5g_context/5G-production-dataset/Amazon_Prime/Driving/animated-AdventureTime/B_2019.11.28_10.14.25.csv,RSRP,int64,1000,0,0.0,"[""-89"", ""-89"", ""-89""]",1000
D2,UCC Beyond Throughput 5G dataset,data/raw/ucc_5g_context/5G-production-dataset/Amazon_Prime/Driving/animated-AdventureTime/B_2019.11.28_10.14.25.csv,RSRQ,int64,1000,0,0.0,"[""-10"", ""-10"", ""-10""]",1000
D2,UCC Beyond Throughput 5G dataset,data/raw/ucc_5g_context/5G-production-dataset/Amazon_Prime/Driving/animated-AdventureTime/B_2019.11.28_10.14.25.csv,SNR,float64,1000,0,0.0,"[""-3.0"", ""-3.0"", ""-3.0""]",1000
D2,UCC Beyond Throughput 5G dataset,data/raw/ucc_5g_context/5G-production-dataset/Amazon_Prime/Driving/animated-AdventureTime/B_2019.11.28_10.14.25.csv,CQI,int64,1000,0,0.0,"[""11"", ""11"", ""11""]",1000
D2,UCC Beyond Throughput 5G dataset,data/raw/ucc_5g_context/5G-production-dataset/Amazon_Prime/Driving/animated-AdventureTime/B_2019.11.28_10.14.25.csv,RSSI,object,1000,0,0.0,"[""-70"", ""-70"", ""-70""]",1000
D2,UCC Beyond Throughput 5G dataset,data/raw/ucc_5g_context/5G-production-dataset/Amazon_Prime/Driving/animated-AdventureTime/B_2019.11.28_10.14.25.csv,DL_bitrate,int64,1000,0,0.0,"[""0"", ""0"", ""0""]",1000
D2,UCC Beyond Throughput 5G dataset,data/raw/ucc_5g_context/5G-production-dataset/Amazon_Prime/Driving/animated-AdventureTime/B_2019.11.28_10.14.25.csv,UL_bitrate,int64,1000,0,0.0,"[""0"", ""0"", ""2""]",1000
D2,UCC Beyond Throughput 5G dataset,data/raw/ucc_5g_context/5G-production-dataset/Amazon_Prime/Driving/animated-AdventureTime/B_2019.11.28_10.14.25.csv,State,object,1000,0,0.0,"[""D"", ""I"", ""D""]",1000
D2,UCC Beyond Throughput 5G dataset,data/raw/ucc_5g_context/5G-production-dataset/Amazon_Prime/Driving/animated-AdventureTime/B_2019.11.28_10.14.25.csv,PINGAVG,object,1000,0,0.0,"[""-"", ""-"", ""-""]",1000
D2,UCC Beyond Throughput 5G dataset,data/raw/ucc_5g_context/5G-production-dataset/Amazon_Prime/Driving/animated-AdventureTime/B_2019.11.28_10.14.25.csv,PINGMIN,object,1000,0,0.0,"[""-"", ""-"", ""-""]",1000
D2,UCC Beyond Throughput 5G dataset,data/raw/ucc_5g_context/5G-production-dataset/Amazon_Prime/Driving/animated-AdventureTime/B_2019.11.28_10.14.25.csv,PINGMAX,object,1000,0,0.0,"[""-"", ""-"", ""-""]",1000
D2,UCC Beyond Throughput 5G dataset,data/raw/ucc_5g_context/5G-production-dataset/Amazon_Prime/Driving/animated-AdventureTime/B_2019.11.28_10.14.25.csv,PINGSTDEV,object,1000,0,0.0,"[""-"", ""-"", ""-""]",1000
D2,UCC Beyond Throughput 5G dataset,data/raw/ucc_5g_context/5G-production-dataset/Amazon_Prime/Driving/animated-AdventureTime/B_2019.11.28_10.14.25.csv,PINGLOSS,object,1000,0,0.0,"[""-"", ""-"", ""-""]",1000
D2,UCC Beyond Throughput 5G dataset,data/raw/ucc_5g_context/5G-production-dataset/Amazon_Prime/Driving/animated-AdventureTime/B_2019.11.28_10.14.25.csv,CELLHEX,object,1000,0,0.0,"[""D"", ""D"", ""D""]",1000
D2,UCC Beyond Throughput 5G dataset,data/raw/ucc_5g_context/5G-production-dataset/Amazon_Prime/Driving/animated-AdventureTime/B_2019.11.28_10.14.25.csv,NODEHEX,object,1000,0,0.0,"[""A992"", ""A992"", ""A992""]",1000
D2,UCC Beyond Throughput 5G dataset,data/raw/ucc_5g_context/5G-production-dataset/Amazon_Prime/Driving/animated-AdventureTime/B_2019.11.28_10.14.25.csv,LACHEX,object,1000,0,0.0,"[""9CBA"", ""9CBA"", ""9CBA""]",1000
D2,UCC Beyond Throughput 5G dataset,data/raw/ucc_5g_context/5G-production-dataset/Amazon_Prime/Driving/animated-AdventureTime/B_2019.11.28_10.14.25.csv,RAWCELLID,int64,1000,0,0.0,"[""11112973"", ""11112973"", ""11112973""]",1000
D2,UCC Beyond Throughput 5G dataset,data/raw/ucc_5g_context/5G-production-dataset/Amazon_Prime/Driving/animated-AdventureTime/B_2019.11.28_10.14.25.csv,NRxRSRP,object,1000,0,0.0,"[""-87.0"", ""-87.0"", ""-87.0""]",1000
D2,UCC Beyond Throughput 5G dataset,data/raw/ucc_5g_context/5G-production-dataset/Amazon_Prime/Driving/animated-AdventureTime/B_2019.11.28_10.14.25.csv,NRxRSRQ,object,1000,0,0.0,"[""-13.0"", ""-13.0"", ""-13.0""]",1000
D2,UCC Beyond Throughput 5G dataset,data/raw/ucc_5g_context/5G-production-dataset/Amazon_Prime/Driving/animated-AdventureTime/B_2019.11.28_12.05.29.csv,Timestamp,object,963,0,0.0,"[""2019.11.28_12.05.30"", ""2019.11.28_12.05.30"", ""2019.11.28_12.05.31""]",1000
D2,UCC Beyond Throughput 5G dataset,data/raw/ucc_5g_context/5G-production-dataset/Amazon_Prime/Driving/animated-AdventureTime/B_2019.11.28_12.05.29.csv,Longitude,float64,963,0,0.0,"[""-8.388311"", ""-8.388311"", ""-8.388311""]",1000
D2,UCC Beyond Throughput 5G dataset,data/raw/ucc_5g_context/5G-production-dataset/Amazon_Prime/Driving/animated-AdventureTime/B_2019.11.28_12.05.29.csv,Latitude,float64,963,0,0.0,"[""51.935631"", ""51.935631"", ""51.935631""]",1000
D2,UCC Beyond Throughput 5G dataset,data/raw/ucc_5g_context/5G-production-dataset/Amazon_Prime/Driving/animated-AdventureTime/B_2019.11.28_12.05.29.csv,Speed,int64,963,0,0.0,"[""1"", ""1"", ""1""]",1000
D2,UCC Beyond Throughput 5G dataset,data/raw/ucc_5g_context/5G-production-dataset/Amazon_Prime/Driving/animated-AdventureTime/B_2019.11.28_12.05.29.csv,Operatorname,object,963,0,0.0,"[""B"", ""B"", ""B""]",1000
D2,UCC Beyond Throughput 5G dataset,data/raw/ucc_5g_context/5G-production-dataset/Amazon_Prime/Driving/animated-AdventureTime/B_2019.11.28_12.05.29.csv,CellID,int64,963,0,0.0,"[""12"", ""12"", ""12""]",1000
D2,UCC Beyond Throughput 5G dataset,data/raw/ucc_5g_context/5G-production-dataset/Amazon_Prime/Driving/animated-AdventureTime/B_2019.11.28_12.05.29.csv,NetworkMode,object,963,0,0.0,"[""5G"", ""5G"", ""5G""]",1000
D2,UCC Beyond Throughput 5G dataset,data/raw/ucc_5g_context/5G-production-dataset/Amazon_Prime/Driving/animated-AdventureTime/B_2019.11.28_12.05.29.csv,RSRP,int64,963,0,0.0,"[""-100"", ""-100"", ""-100""]",1000
D2,UCC Beyond Throughput 5G dataset,data/raw/ucc_5g_context/5G-production-dataset/Amazon_Prime/Driving/animated-AdventureTime/B_2019.11.28_12.05.29.csv,RSRQ,int64,963,0,0.0,"[""-10"", ""-10"", ""-10""]",1000
D2,UCC Beyond Throughput 5G dataset,data/raw/ucc_5g_context/5G-production-dataset/Amazon_Prime/Driving/animated-AdventureTime/B_2019.11.28_12.05.29.csv,SNR,object,963,0,0.0,"[""1.0"", ""1.0"", ""-1.0""]",1000
D2,UCC Beyond Throughput 5G dataset,data/raw/ucc_5g_context/5G-production-dataset/Amazon_Prime/Driving/animated-AdventureTime/B_2019.11.28_12.05.29.csv,CQI,object,963,0,0.0,"[""11"", ""11"", ""13""]",1000
D2,UCC Beyond Throughput 5G dataset,data/raw/ucc_5g_context/5G-production-dataset/Amazon_Prime/Driving/animated-AdventureTime/B_2019.11.28_12.05.29.csv,RSSI,object,963,0,0.0,"[""-84"", ""-84"", ""-""]",1000
D2,UCC Beyond Throughput 5G dataset,data/raw/ucc_5g_context/5G-production-dataset/Amazon_Prime/Driving/animated-AdventureTime/B_2019.11.28_12.05.29.csv,DL_bitrate,int64,963,0,0.0,"[""27"", ""0"", ""0""]",1000
D2,UCC Beyond Throughput 5G dataset,data/raw/ucc_5g_context/5G-production-dataset/Amazon_Prime/Driving/animated-AdventureTime/B_2019.11.28_12.05.29.csv,UL_bitrate,int64,963,0,0.0,"[""8"", ""1"", ""0""]",1000
D2,UCC Beyond Throughput 5G dataset,data/raw/ucc_5g_context/5G-production-dataset/Amazon_Prime/Driving/animated-AdventureTime/B_2019.11.28_12.05.29.csv,State,object,963,0,0.0,"[""D"", ""D"", ""D""]",1000
D2,UCC Beyond Throughput 5G dataset,data/raw/ucc_5g_context/5G-production-dataset/Amazon_Prime/Driving/animated-AdventureTime/B_2019.11.28_12.05.29.csv,PINGAVG,object,963,0,0.0,"[""-"", ""-"", ""-""]",1000
D2,UCC Beyond Throughput 5G dataset,data/raw/ucc_5g_context/5G-production-dataset/Amazon_Prime/Driving/animated-AdventureTime/B_2019.11.28_12.05.29.csv,PINGMIN,object,963,0,0.0,"[""-"", ""-"", ""-""]",1000
D2,UCC Beyond Throughput 5G dataset,data/raw/ucc_5g_context/5G-production-dataset/Amazon_Prime/Driving/animated-AdventureTime/B_2019.11.28_12.05.29.csv,PINGMAX,object,963,0,0.0,"[""-"", ""-"", ""-""]",1000
D2,UCC Beyond Throughput 5G dataset,data/raw/ucc_5g_context/5G-production-dataset/Amazon_Prime/Driving/animated-AdventureTime/B_2019.11.28_12.05.29.csv,PINGSTDEV,object,963,0,0.0,"[""-"", ""-"", ""-""]",1000
D2,UCC Beyond Throughput 5G dataset,data/raw/ucc_5g_context/5G-production-dataset/Amazon_Prime/Driving/animated-AdventureTime/B_2019.11.28_12.05.29.csv,PINGLOSS,object,963,0,0.0,"[""-"", ""-"", ""-""]",1000
D2,UCC Beyond Throughput 5G dataset,data/raw/ucc_5g_context/5G-production-dataset/Amazon_Prime/Driving/animated-AdventureTime/B_2019.11.28_12.05.29.csv,CELLHEX,object,963,0,0.0,"[""C"", ""C"", ""C""]",1000
D2,UCC Beyond Throughput 5G dataset,data/raw/ucc_5g_context/5G-production-dataset/Amazon_Prime/Driving/animated-AdventureTime/B_2019.11.28_12.05.29.csv,NODEHEX,object,963,0,0.0,"[""A81B"", ""A81B"", ""A81B""]",1000
D2,UCC Beyond Throughput 5G dataset,data/raw/ucc_5g_context/5G-production-dataset/Amazon_Prime/Driving/animated-AdventureTime/B_2019.11.28_12.05.29.csv,LACHEX,object,963,0,0.0,"[""9CBA"", ""9CBA"", ""9CBA""]",1000
D2,UCC Beyond Throughput 5G dataset,data/raw/ucc_5g_context/5G-production-dataset/Amazon_Prime/Driving/animated-AdventureTime/B_2019.11.28_12.05.29.csv,RAWCELLID,int64,963,0,0.0,"[""11016972"", ""11016972"", ""11016972""]",1000
D2,UCC Beyond Throughput 5G dataset,data/raw/ucc_5g_context/5G-production-dataset/Amazon_Prime/Driving/animated-AdventureTime/B_2019.11.28_12.05.29.csv,NRxRSRP,object,963,0,0.0,"[""-100.0"", ""-100.0"", ""-101.0""]",1000
D2,UCC Beyond Throughput 5G dataset,data/raw/ucc_5g_context/5G-production-dataset/Amazon_Prime/Driving/animated-AdventureTime/B_2019.11.28_12.05.29.csv,NRxRSRQ,object,963,0,0.0,"[""-204.0"", ""-204.0"", ""-8.0""]",1000
D2,UCC Beyond Throughput 5G dataset,data/raw/ucc_5g_context/5G-production-dataset/Amazon_Prime/Driving/animated-AdventureTime/B_2019.11.28_14.53.29.csv,Timestamp,object,1000,0,0.0,"[""2019.11.28_14.53.29"", ""2019.11.28_14.53.30"", ""2019.11.28_14.53.30""]",1000
D2,UCC Beyond Throughput 5G dataset,data/raw/ucc_5g_context/5G-production-dataset/Amazon_Prime/Driving/animated-AdventureTime/B_2019.11.28_14.53.29.csv,Longitude,float64,1000,0,0.0,"[""-8.395519"", ""-8.39645"", ""-8.39645""]",1000
D2,UCC Beyond Throughput 5G dataset,data/raw/ucc_5g_context/5G-production-dataset/Amazon_Prime/Driving/animated-AdventureTime/B_2019.11.28_14.53.29.csv,Latitude,float64,1000,0,0.0,"[""51.886694"", ""51.886864"", ""51.886864""]",1000
D2,UCC Beyond Throughput 5G dataset,data/raw/ucc_5g_context/5G-production-dataset/Amazon_Prime/Driving/animated-AdventureTime/B_2019.11.28_14.53.29.csv,Speed,int64,1000,0,0.0,"[""0"", ""1"", ""1""]",1000
D2,UCC Beyond Throughput 5G dataset,data/raw/ucc_5g_context/5G-production-dataset/Amazon_Prime/Driving/animated-AdventureTime/B_2019.11.28_14.53.29.csv,Operatorname,object,1000,0,0.0,"[""B"", ""B"", ""B""]",1000
D2,UCC Beyond Throughput 5G dataset,data/raw/ucc_5g_context/5G-production-dataset/Amazon_Prime/Driving/animated-AdventureTime/B_2019.11.28_14.53.29.csv,CellID,int64,1000,0,0.0,"[""11"", ""11"", ""11""]",1000
D2,UCC Beyond Throughput 5G dataset,data/raw/ucc_5g_context/5G-production-dataset/Amazon_Prime/Driving/animated-AdventureTime/B_2019.11.28_14.53.29.csv,NetworkMode,object,1000,0,0.0,"[""5G"", ""5G"", ""5G""]",1000
D2,UCC Beyond Throughput 5G dataset,data/raw/ucc_5g_context/5G-production-dataset/Amazon_Prime/Driving/animated-AdventureTime/B_2019.11.28_14.53.29.csv,RSRP,int64,1000,0,0.0,"[""-99"", ""-99"", ""-99""]",1000
D2,UCC Beyond Throughput 5G dataset,data/raw/ucc_5g_context/5G-production-dataset/Amazon_Prime/Driving/animated-AdventureTime/B_2019.11.28_14.53.29.csv,RSRQ,int64,1000,0,0.0,"[""-19"", ""-19"", ""-19""]",1000
D2,UCC Beyond Throughput 5G dataset,data/raw/ucc_5g_context/5G-production-dataset/Amazon_Prime/Driving/animated-AdventureTime/B_2019.11.28_14.53.29.csv,SNR,float64,1000,0,0.0,"[""-6.0"", ""-6.0"", ""-6.0""]",1000
D2,UCC Beyond Throughput 5G dataset,data/raw/ucc_5g_context/5G-production-dataset/Amazon_Prime/Driving/animated-AdventureTime/B_2019.11.28_14.53.29.csv,CQI,int64,1000,0,0.0,"[""8"", ""8"", ""8""]",1000
D2,UCC Beyond Throughput 5G dataset,data/raw/ucc_5g_context/5G-production-dataset/Amazon_Prime/Driving/animated-AdventureTime/B_2019.11.28_14.53.29.csv,RSSI,object,1000,0,0.0,"[""-88"", ""-88"", ""-88""]",1000
D2,UCC Beyond Throughput 5G dataset,data/raw/ucc_5g_context/5G-production-dataset/Amazon_Prime/Driving/animated-AdventureTime/B_2019.11.28_14.53.29.csv,DL_bitrate,int64,1000,0,0.0,"[""11"", ""11"", ""1""]",1000
D2,UCC Beyond Throughput 5G dataset,data/raw/ucc_5g_context/5G-production-dataset/Amazon_Prime/Driving/animated-AdventureTime/B_2019.11.28_14.53.29.csv,UL_bitrate,int64,1000,0,0.0,"[""3"", ""3"", ""2""]",1000
D2,UCC Beyond Throughput 5G dataset,data/raw/ucc_5g_context/5G-production-dataset/Amazon_Prime/Driving/animated-AdventureTime/B_2019.11.28_14.53.29.csv,State,object,1000,0,0.0,"[""D"", ""D"", ""D""]",1000
D2,UCC Beyond Throughput 5G dataset,data/raw/ucc_5g_context/5G-production-dataset/Amazon_Prime/Driving/animated-AdventureTime/B_2019.11.28_14.53.29.csv,PINGAVG,object,1000,0,0.0,"[""-"", ""-"", ""-""]",1000
D2,UCC Beyond Throughput 5G dataset,data/raw/ucc_5g_context/5G-production-dataset/Amazon_Prime/Driving/animated-AdventureTime/B_2019.11.28_14.53.29.csv,PINGMIN,object,1000,0,0.0,"[""-"", ""-"", ""-""]",1000
D2,UCC Beyond Throughput 5G dataset,data/raw/ucc_5g_context/5G-production-dataset/Amazon_Prime/Driving/animated-AdventureTime/B_2019.11.28_14.53.29.csv,PINGMAX,object,1000,0,0.0,"[""-"", ""-"", ""-""]",1000
D2,UCC Beyond Throughput 5G dataset,data/raw/ucc_5g_context/5G-production-dataset/Amazon_Prime/Driving/animated-AdventureTime/B_2019.11.28_14.53.29.csv,PINGSTDEV,object,1000,0,0.0,"[""-"", ""-"", ""-""]",1000
D2,UCC Beyond Throughput 5G dataset,data/raw/ucc_5g_context/5G-production-dataset/Amazon_Prime/Driving/animated-AdventureTime/B_2019.11.28_14.53.29.csv,PINGLOSS,object,1000,0,0.0,"[""-"", ""-"", ""-""]",1000
D2,UCC Beyond Throughput 5G dataset,data/raw/ucc_5g_context/5G-production-dataset/Amazon_Prime/Driving/animated-AdventureTime/B_2019.11.28_14.53.29.csv,CELLHEX,object,1000,0,0.0,"[""B"", ""B"", ""B""]",1000
D2,UCC Beyond Throughput 5G dataset,data/raw/ucc_5g_context/5G-production-dataset/Amazon_Prime/Driving/animated-AdventureTime/B_2019.11.28_14.53.29.csv,NODEHEX,object,1000,0,0.0,"[""A4DF"", ""A4DF"", ""A4DF""]",1000
D2,UCC Beyond Throughput 5G dataset,data/raw/ucc_5g_context/5G-production-dataset/Amazon_Prime/Driving/animated-AdventureTime/B_2019.11.28_14.53.29.csv,LACHEX,object,1000,0,0.0,"[""9CBA"", ""9CBA"", ""9CBA""]",1000
D2,UCC Beyond Throughput 5G dataset,data/raw/ucc_5g_context/5G-production-dataset/Amazon_Prime/Driving/animated-AdventureTime/B_2019.11.28_14.53.29.csv,RAWCELLID,int64,1000,0,0.0,"[""10805003"", ""10805003"", ""10805003""]",1000
D2,UCC Beyond Throughput 5G dataset,data/raw/ucc_5g_context/5G-production-dataset/Amazon_Prime/Driving/animated-AdventureTime/B_2019.11.28_14.53.29.csv,NRxRSRP,object,1000,0,0.0,"[""-99.0"", ""-99.0"", ""-99.0""]",1000
D2,UCC Beyond Throughput 5G dataset,data/raw/ucc_5g_context/5G-production-dataset/Amazon_Prime/Driving/animated-AdventureTime/B_2019.11.28_14.53.29.csv,NRxRSRQ,object,1000,0,0.0,"[""-19.0"", ""-19.0"", ""-19.0""]",1000
D2,UCC Beyond Throughput 5G dataset,data/raw/ucc_5g_context/5G-production-dataset/Amazon_Prime/Driving/animated-AdventureTime/B_2019.11.28_17.18.56.csv,Timestamp,object,972,0,0.0,"[""2019.11.28_17.18.56"", ""2019.11.28_17.18.57"", ""2019.11.28_17.18.58""]",1000
D2,UCC Beyond Throughput 5G dataset,data/raw/ucc_5g_context/5G-production-dataset/Amazon_Prime/Driving/animated-AdventureTime/B_2019.11.28_17.18.56.csv,Longitude,float64,972,0,0.0,"[""-8.388175"", ""-8.388175"", ""-8.388175""]",1000
D2,UCC Beyond Throughput 5G dataset,data/raw/ucc_5g_context/5G-production-dataset/Amazon_Prime/Driving/animated-AdventureTime/B_2019.11.28_17.18.56.csv,Latitude,float64,972,0,0.0,"[""51.935617"", ""51.935617"", ""51.935617""]",1000
D2,UCC Beyond Throughput 5G dataset,data/raw/ucc_5g_context/5G-production-dataset/Amazon_Prime/Driving/animated-AdventureTime/B_2019.11.28_17.18.56.csv,Speed,int64,972,0,0.0,"[""0"", ""0"", ""0""]",1000
D2,UCC Beyond Throughput 5G dataset,data/raw/ucc_5g_context/5G-production-dataset/Amazon_Prime/Driving/animated-AdventureTime/B_2019.11.28_17.18.56.csv,Operatorname,object,972,0,0.0,"[""B"", ""B"", ""B""]",1000
D2,UCC Beyond Throughput 5G dataset,data/raw/ucc_5g_context/5G-production-dataset/Amazon_Prime/Driving/animated-AdventureTime/B_2019.11.28_17.18.56.csv,CellID,int64,972,0,0.0,"[""12"", ""12"", ""12""]",1000
D2,UCC Beyond Throughput 5G dataset,data/raw/ucc_5g_context/5G-production-dataset/Amazon_Prime/Driving/animated-AdventureTime/B_2019.11.28_17.18.56.csv,NetworkMode,object,972,0,0.0,"[""5G"", ""5G"", ""5G""]",1000
D2,UCC Beyond Throughput 5G dataset,data/raw/ucc_5g_context/5G-production-dataset/Amazon_Prime/Driving/animated-AdventureTime/B_2019.11.28_17.18.56.csv,RSRP,int64,972,0,0.0,"[""-101"", ""-102"", ""-102""]",1000
D2,UCC Beyond Throughput 5G dataset,data/raw/ucc_5g_context/5G-production-dataset/Amazon_Prime/Driving/animated-AdventureTime/B_2019.11.28_17.18.56.csv,RSRQ,int64,972,0,0.0,"[""-11"", ""-13"", ""-13""]",1000
D2,UCC Beyond Throughput 5G dataset,data/raw/ucc_5g_context/5G-production-dataset/Amazon_Prime/Driving/animated-AdventureTime/B_2019.11.28_17.18.56.csv,SNR,float64,972,0,0.0,"[""5.0"", ""3.0"", ""3.0""]",1000
D2,UCC Beyond Throughput 5G dataset,data/raw/ucc_5g_context/5G-production-dataset/Amazon_Prime/Driving/animated-AdventureTime/B_2019.11.28_17.18.56.csv,CQI,int64,972,0,0.0,"[""12"", ""12"", ""12""]",1000
D2,UCC Beyond Throughput 5G dataset,data/raw/ucc_5g_context/5G-production-dataset/Amazon_Prime/Driving/animated-AdventureTime/B_2019.11.28_17.18.56.csv,RSSI,object,972,0,0.0,"[""-85"", ""-85"", ""-85""]",1000
D2,UCC Beyond Throughput 5G dataset,data/raw/ucc_5g_context/5G-production-dataset/Amazon_Prime/Driving/animated-AdventureTime/B_2019.11.28_17.18.56.csv,DL_bitrate,int64,972,0,0.0,"[""177"", ""32"", ""3""]",1000
D2,UCC Beyond Throughput 5G dataset,data/raw/ucc_5g_context/5G-production-dataset/Amazon_Prime/Driving/animated-AdventureTime/B_2019.11.28_17.18.56.csv,UL_bitrate,int64,972,0,0.0,"[""42"", ""7"", ""7""]",1000
D2,UCC Beyond Throughput 5G dataset,data/raw/ucc_5g_context/5G-production-dataset/Amazon_Prime/Driving/animated-AdventureTime/B_2019.11.28_17.18.56.csv,State,object,972,0,0.0,"[""D"", ""D"", ""D""]",1000
D2,UCC Beyond Throughput 5G dataset,data/raw/ucc_5g_context/5G-production-dataset/Amazon_Prime/Driving/animated-AdventureTime/B_2019.11.28_17.18.56.csv,PINGAVG,object,972,0,0.0,"[""-"", ""-"", ""-""]",1000
D2,UCC Beyond Throughput 5G dataset,data/raw/ucc_5g_context/5G-production-dataset/Amazon_Prime/Driving/animated-AdventureTime/B_2019.11.28_17.18.56.csv,PINGMIN,object,972,0,0.0,"[""-"", ""-"", ""-""]",1000
D2,UCC Beyond Throughput 5G dataset,data/raw/ucc_5g_context/5G-production-dataset/Amazon_Prime/Driving/animated-AdventureTime/B_2019.11.28_17.18.56.csv,PINGMAX,object,972,0,0.0,"[""-"", ""-"", ""-""]",1000
D2,UCC Beyond Throughput 5G dataset,data/raw/ucc_5g_context/5G-production-dataset/Amazon_Prime/Driving/animated-AdventureTime/B_2019.11.28_17.18.56.csv,PINGSTDEV,object,972,0,0.0,"[""-"", ""-"", ""-""]",1000
D2,UCC Beyond Throughput 5G dataset,data/raw/ucc_5g_context/5G-production-dataset/Amazon_Prime/Driving/animated-AdventureTime/B_2019.11.28_17.18.56.csv,PINGLOSS,object,972,0,0.0,"[""-"", ""-"", ""-""]",1000
D2,UCC Beyond Throughput 5G dataset,data/raw/ucc_5g_context/5G-production-dataset/Amazon_Prime/Driving/animated-AdventureTime/B_2019.11.28_17.18.56.csv,CELLHEX,object,972,0,0.0,"[""C"", ""C"", ""C""]",1000
D2,UCC Beyond Throughput 5G dataset,data/raw/ucc_5g_context/5G-production-dataset/Amazon_Prime/Driving/animated-AdventureTime/B_2019.11.28_17.18.56.csv,NODEHEX,object,972,0,0.0,"[""A81B"", ""A81B"", ""A81B""]",1000
D2,UCC Beyond Throughput 5G dataset,data/raw/ucc_5g_context/5G-production-dataset/Amazon_Prime/Driving/animated-AdventureTime/B_2019.11.28_17.18.56.csv,LACHEX,object,972,0,0.0,"[""9CBA"", ""9CBA"", ""9CBA""]",1000
D2,UCC Beyond Throughput 5G dataset,data/raw/ucc_5g_context/5G-production-dataset/Amazon_Prime/Driving/animated-AdventureTime/B_2019.11.28_17.18.56.csv,RAWCELLID,int64,972,0,0.0,"[""11016972"", ""11016972"", ""11016972""]",1000
D2,UCC Beyond Throughput 5G dataset,data/raw/ucc_5g_context/5G-production-dataset/Amazon_Prime/Driving/animated-AdventureTime/B_2019.11.28_17.18.56.csv,NRxRSRP,object,972,0,0.0,"[""-98.0"", ""-99.0"", ""-99.0""]",1000
D2,UCC Beyond Throughput 5G dataset,data/raw/ucc_5g_context/5G-production-dataset/Amazon_Prime/Driving/animated-AdventureTime/B_2019.11.28_17.18.56.csv,NRxRSRQ,object,972,0,0.0,"[""-14.0"", ""-14.0"", ""-14.0""]",1000
D2,UCC Beyond Throughput 5G dataset,data/raw/ucc_5g_context/5G-production-dataset/Amazon_Prime/Driving/animated-AdventureTime/B_2019.11.29_09.37.23.csv,Timestamp,object,1000,0,0.0,"[""2019.11.29_09.37.23"", ""2019.11.29_09.37.23"", ""2019.11.29_09.37.24""]",1000
D2,UCC Beyond Throughput 5G dataset,data/raw/ucc_5g_context/5G-production-dataset/Amazon_Prime/Driving/animated-AdventureTime/B_2019.11.29_09.37.23.csv,Longitude,float64,1000,0,0.0,"[""-8.381711"", ""-8.381711"", ""-8.381932""]",1000
D2,UCC Beyond Throughput 5G dataset,data/raw/ucc_5g_context/5G-production-dataset/Amazon_Prime/Driving/animated-AdventureTime/B_2019.11.29_09.37.23.csv,Latitude,float64,1000,0,0.0,"[""51.93158"", ""51.93158"", ""51.931603""]",1000
D2,UCC Beyond Throughput 5G dataset,data/raw/ucc_5g_context/5G-production-dataset/Amazon_Prime/Driving/animated-AdventureTime/B_2019.11.29_09.37.23.csv,Speed,int64,1000,0,0.0,"[""0"", ""0"", ""1""]",1000
D2,UCC Beyond Throughput 5G dataset,data/raw/ucc_5g_context/5G-production-dataset/Amazon_Prime/Driving/animated-AdventureTime/B_2019.11.29_09.37.23.csv,Operatorname,object,1000,0,0.0,"[""B"", ""B"", ""B""]",1000
D2,UCC Beyond Throughput 5G dataset,data/raw/ucc_5g_context/5G-production-dataset/Amazon_Prime/Driving/animated-AdventureTime/B_2019.11.29_09.37.23.csv,CellID,int64,1000,0,0.0,"[""12"", ""12"", ""12""]",1000
D2,UCC Beyond Throughput 5G dataset,data/raw/ucc_5g_context/5G-production-dataset/Amazon_Prime/Driving/animated-AdventureTime/B_2019.11.29_09.37.23.csv,NetworkMode,object,1000,0,0.0,"[""5G"", ""5G"", ""5G""]",1000
D2,UCC Beyond Throughput 5G dataset,data/raw/ucc_5g_context/5G-production-dataset/Amazon_Prime/Driving/animated-AdventureTime/B_2019.11.29_09.37.23.csv,RSRP,int64,1000,0,0.0,"[""-84"", ""-83"", ""-83""]",1000
D2,UCC Beyond Throughput 5G dataset,data/raw/ucc_5g_context/5G-production-dataset/Amazon_Prime/Driving/animated-AdventureTime/B_2019.11.29_09.37.23.csv,RSRQ,int64,1000,0,0.0,"[""-12"", ""-14"", ""-14""]",1000
D2,UCC Beyond Throughput 5G dataset,data/raw/ucc_5g_context/5G-production-dataset/Amazon_Prime/Driving/animated-AdventureTime/B_2019.11.29_09.37.23.csv,SNR,object,1000,0,0.0,"[""5.0"", ""9.0"", ""9.0""]",1000
D2,UCC Beyond Throughput 5G dataset,data/raw/ucc_5g_context/5G-production-dataset/Amazon_Prime/Driving/animated-AdventureTime/B_2019.11.29_09.37.23.csv,CQI,object,1000,0,0.0,"[""15"", ""15"", ""15""]",1000
D2,UCC Beyond Throughput 5G dataset,data/raw/ucc_5g_context/5G-production-dataset/Amazon_Prime/Driving/animated-AdventureTime/B_2019.11.29_09.37.23.csv,RSSI,object,1000,0,0.0,"[""-67"", ""-67"", ""-69""]",1000
D2,UCC Beyond Throughput 5G dataset,data/raw/ucc_5g_context/5G-production-dataset/Amazon_Prime/Driving/animated-AdventureTime/B_2019.11.29_09.37.23.csv,DL_bitrate,int64,1000,0,0.0,"[""313"", ""35"", ""35""]",1000
D2,UCC Beyond Throughput 5G dataset,data/raw/ucc_5g_context/5G-production-dataset/Amazon_Prime/Driving/animated-AdventureTime/B_2019.11.29_09.37.23.csv,UL_bitrate,int64,1000,0,0.0,"[""53"", ""8"", ""8""]",1000
D2,UCC Beyond Throughput 5G dataset,data/raw/ucc_5g_context/5G-production-dataset/Amazon_Prime/Driving/animated-AdventureTime/B_2019.11.29_09.37.23.csv,State,object,1000,0,0.0,"[""D"", ""D"", ""D""]",1000
D2,UCC Beyond Throughput 5G dataset,data/raw/ucc_5g_context/5G-production-dataset/Amazon_Prime/Driving/animated-AdventureTime/B_2019.11.29_09.37.23.csv,PINGAVG,object,1000,0,0.0,"[""-"", ""-"", ""-""]",1000
D2,UCC Beyond Throughput 5G dataset,data/raw/ucc_5g_context/5G-production-dataset/Amazon_Prime/Driving/animated-AdventureTime/B_2019.11.29_09.37.23.csv,PINGMIN,object,1000,0,0.0,"[""-"", ""-"", ""-""]",1000
D2,UCC Beyond Throughput 5G dataset,data/raw/ucc_5g_context/5G-production-dataset/Amazon_Prime/Driving/animated-AdventureTime/B_2019.11.29_09.37.23.csv,PINGMAX,object,1000,0,0.0,"[""-"", ""-"", ""-""]",1000
D2,UCC Beyond Throughput 5G dataset,data/raw/ucc_5g_context/5G-production-dataset/Amazon_Prime/Driving/animated-AdventureTime/B_2019.11.29_09.37.23.csv,PINGSTDEV,object,1000,0,0.0,"[""-"", ""-"", ""-""]",1000
D2,UCC Beyond Throughput 5G dataset,data/raw/ucc_5g_context/5G-production-dataset/Amazon_Prime/Driving/animated-AdventureTime/B_2019.11.29_09.37.23.csv,PINGLOSS,object,1000,0,0.0,"[""-"", ""-"", ""-""]",1000
D2,UCC Beyond Throughput 5G dataset,data/raw/ucc_5g_context/5G-production-dataset/Amazon_Prime/Driving/animated-AdventureTime/B_2019.11.29_09.37.23.csv,CELLHEX,object,1000,0,0.0,"[""C"", ""C"", ""C""]",1000
D2,UCC Beyond Throughput 5G dataset,data/raw/ucc_5g_context/5G-production-dataset/Amazon_Prime/Driving/animated-AdventureTime/B_2019.11.29_09.37.23.csv,NODEHEX,object,1000,0,0.0,"[""A81B"", ""A81B"", ""A81B""]",1000
D2,UCC Beyond Throughput 5G dataset,data/raw/ucc_5g_context/5G-production-dataset/Amazon_Prime/Driving/animated-AdventureTime/B_2019.11.29_09.37.23.csv,LACHEX,object,1000,0,0.0,"[""9CBA"", ""9CBA"", ""9CBA""]",1000
D2,UCC Beyond Throughput 5G dataset,data/raw/ucc_5g_context/5G-production-dataset/Amazon_Prime/Driving/animated-AdventureTime/B_2019.11.29_09.37.23.csv,RAWCELLID,int64,1000,0,0.0,"[""11016972"", ""11016972"", ""11016972""]",1000
D2,UCC Beyond Throughput 5G dataset,data/raw/ucc_5g_context/5G-production-dataset/Amazon_Prime/Driving/animated-AdventureTime/B_2019.11.29_09.37.23.csv,NRxRSRP,object,1000,0,0.0,"[""-87.0"", ""-86.0"", ""-86.0""]",1000
D2,UCC Beyond Throughput 5G dataset,data/raw/ucc_5g_context/5G-production-dataset/Amazon_Prime/Driving/animated-AdventureTime/B_2019.11.29_09.37.23.csv,NRxRSRQ,object,1000,0,0.0,"[""-17.0"", ""-16.0"", ""-16.0""]",1000
D2,UCC Beyond Throughput 5G dataset,data/raw/ucc_5g_context/5G-production-dataset/Amazon_Prime/Driving/animated-AdventureTime/B_2019.11.29_13.05.25.csv,Timestamp,object,1000,0,0.0,"[""2019.11.29_13.05.25"", ""2019.11.29_13.05.26"", ""2019.11.29_13.05.27""]",1000
D2,UCC Beyond Throughput 5G dataset,data/raw/ucc_5g_context/5G-production-dataset/Amazon_Prime/Driving/animated-AdventureTime/B_2019.11.29_13.05.25.csv,Longitude,float64,1000,0,0.0,"[""-8.474592"", ""-8.474592"", ""-8.474592""]",1000
D2,UCC Beyond Throughput 5G dataset,data/raw/ucc_5g_context/5G-production-dataset/Amazon_Prime/Driving/animated-AdventureTime/B_2019.11.29_13.05.25.csv,Latitude,float64,1000,0,0.0,"[""51.899325"", ""51.899325"", ""51.899325""]",1000
D2,UCC Beyond Throughput 5G dataset,data/raw/ucc_5g_context/5G-production-dataset/Amazon_Prime/Driving/animated-AdventureTime/B_2019.11.29_13.05.25.csv,Speed,int64,1000,0,0.0,"[""0"", ""0"", ""0""]",1000
D2,UCC Beyond Throughput 5G dataset,data/raw/ucc_5g_context/5G-production-dataset/Amazon_Prime/Driving/animated-AdventureTime/B_2019.11.29_13.05.25.csv,Operatorname,object,1000,0,0.0,"[""B"", ""B"", ""B""]",1000
D2,UCC Beyond Throughput 5G dataset,data/raw/ucc_5g_context/5G-production-dataset/Amazon_Prime/Driving/animated-AdventureTime/B_2019.11.29_13.05.25.csv,CellID,int64,1000,0,0.0,"[""2"", ""2"", ""2""]",1000
D2,UCC Beyond Throughput 5G dataset,data/raw/ucc_5g_context/5G-production-dataset/Amazon_Prime/Driving/animated-AdventureTime/B_2019.11.29_13.05.25.csv,NetworkMode,object,1000,0,0.0,"[""LTE"", ""LTE"", ""LTE""]",1000
D2,UCC Beyond Throughput 5G dataset,data/raw/ucc_5g_context/5G-production-dataset/Amazon_Prime/Driving/animated-AdventureTime/B_2019.11.29_13.05.25.csv,RSRP,int64,1000,0,0.0,"[""-104"", ""-104"", ""-104""]",1000
D2,UCC Beyond Throughput 5G dataset,data/raw/ucc_5g_context/5G-production-dataset/Amazon_Prime/Driving/animated-AdventureTime/B_2019.11.29_13.05.25.csv,RSRQ,int64,1000,0,0.0,"[""-16"", ""-16"", ""-16""]",1000
D2,UCC Beyond Throughput 5G dataset,data/raw/ucc_5g_context/5G-production-dataset/Amazon_Prime/Driving/animated-AdventureTime/B_2019.11.29_13.05.25.csv,SNR,object,1000,0,0.0,"[""-9.0"", ""-8.0"", ""-8.0""]",1000
D2,UCC Beyond Throughput 5G dataset,data/raw/ucc_5g_context/5G-production-dataset/Amazon_Prime/Driving/animated-AdventureTime/B_2019.11.29_13.05.25.csv,CQI,object,1000,0,0.0,"[""8"", ""8"", ""8""]",1000
D2,UCC Beyond Throughput 5G dataset,data/raw/ucc_5g_context/5G-production-dataset/Amazon_Prime/Driving/animated-AdventureTime/B_2019.11.29_13.05.25.csv,RSSI,object,1000,0,0.0,"[""-86"", ""-86"", ""-86""]",1000
D2,UCC Beyond Throughput 5G dataset,data/raw/ucc_5g_context/5G-production-dataset/Amazon_Prime/Driving/animated-AdventureTime/B_2019.11.29_13.05.25.csv,DL_bitrate,int64,1000,0,0.0,"[""0"", ""0"", ""115""]",1000
D2,UCC Beyond Throughput 5G dataset,data/raw/ucc_5g_context/5G-production-dataset/Amazon_Prime/Driving/animated-AdventureTime/B_2019.11.29_13.05.25.csv,UL_bitrate,int64,1000,0,0.0,"[""0"", ""0"", ""46""]",1000
D2,UCC Beyond Throughput 5G dataset,data/raw/ucc_5g_context/5G-production-dataset/Amazon_Prime/Driving/animated-AdventureTime/B_2019.11.29_13.05.25.csv,State,object,1000,0,0.0,"[""D"", ""I"", ""D""]",1000
D2,UCC Beyond Throughput 5G dataset,data/raw/ucc_5g_context/5G-production-dataset/Amazon_Prime/Driving/animated-AdventureTime/B_2019.11.29_13.05.25.csv,PINGAVG,object,1000,0,0.0,"[""-"", ""-"", ""-""]",1000
D2,UCC Beyond Throughput 5G dataset,data/raw/ucc_5g_context/5G-production-dataset/Amazon_Prime/Driving/animated-AdventureTime/B_2019.11.29_13.05.25.csv,PINGMIN,object,1000,0,0.0,"[""-"", ""-"", ""-""]",1000
D2,UCC Beyond Throughput 5G dataset,data/raw/ucc_5g_context/5G-production-dataset/Amazon_Prime/Driving/animated-AdventureTime/B_2019.11.29_13.05.25.csv,PINGMAX,object,1000,0,0.0,"[""-"", ""-"", ""-""]",1000
D2,UCC Beyond Throughput 5G dataset,data/raw/ucc_5g_context/5G-production-dataset/Amazon_Prime/Driving/animated-AdventureTime/B_2019.11.29_13.05.25.csv,PINGSTDEV,object,1000,0,0.0,"[""-"", ""-"", ""-""]",1000
D2,UCC Beyond Throughput 5G dataset,data/raw/ucc_5g_context/5G-production-dataset/Amazon_Prime/Driving/animated-AdventureTime/B_2019.11.29_13.05.25.csv,PINGLOSS,object,1000,0,0.0,"[""-"", ""-"", ""-""]",1000
D2,UCC Beyond Throughput 5G dataset,data/raw/ucc_5g_context/5G-production-dataset/Amazon_Prime/Driving/animated-AdventureTime/B_2019.11.29_13.05.25.csv,CELLHEX,object,1000,0,0.0,"[""2"", ""2"", ""2""]",1000
D2,UCC Beyond Throughput 5G dataset,data/raw/ucc_5g_context/5G-production-dataset/Amazon_Prime/Driving/animated-AdventureTime/B_2019.11.29_13.05.25.csv,NODEHEX,object,1000,0,0.0,"[""5328A"", ""5328A"", ""5328A""]",1000
D2,UCC Beyond Throughput 5G dataset,data/raw/ucc_5g_context/5G-production-dataset/Amazon_Prime/Driving/animated-AdventureTime/B_2019.11.29_13.05.25.csv,LACHEX,object,1000,0,0.0,"[""9CBA"", ""9CBA"", ""9CBA""]",1000
D2,UCC Beyond Throughput 5G dataset,data/raw/ucc_5g_context/5G-production-dataset/Amazon_Prime/Driving/animated-AdventureTime/B_2019.11.29_13.05.25.csv,RAWCELLID,int64,1000,0,0.0,"[""87198210"", ""87198210"", ""87198210""]",1000
D2,UCC Beyond Throughput 5G dataset,data/raw/ucc_5g_context/5G-production-dataset/Amazon_Prime/Driving/animated-AdventureTime/B_2019.11.29_13.05.25.csv,NRxRSRP,object,1000,0,0.0,"[""-"", ""-"", ""-""]",1000
D2,UCC Beyond Throughput 5G dataset,data/raw/ucc_5g_context/5G-production-dataset/Amazon_Prime/Driving/animated-AdventureTime/B_2019.11.29_13.05.25.csv,NRxRSRQ,object,1000,0,0.0,"[""-"", ""-"", ""-""]",1000
D2,UCC Beyond Throughput 5G dataset,data/raw/ucc_5g_context/5G-production-dataset/Amazon_Prime/Static/Season3-TheExpanse/B_2019.12.19_15.00.47.csv,Timestamp,object,1000,0,0.0,"[""2019.12.19_15.00.47"", ""2019.12.19_15.00.47"", ""2019.12.19_15.00.48""]",1000
D2,UCC Beyond Throughput 5G dataset,data/raw/ucc_5g_context/5G-production-dataset/Amazon_Prime/Static/Season3-TheExpanse/B_2019.12.19_15.00.47.csv,Longitude,float64,1000,0,0.0,"[""-8.394808"", ""-8.394813000000001"", ""-8.394813000000001""]",1000
D2,UCC Beyond Throughput 5G dataset,data/raw/ucc_5g_context/5G-production-dataset/Amazon_Prime/Static/Season3-TheExpanse/B_2019.12.19_15.00.47.csv,Latitude,float64,1000,0,0.0,"[""51.886267"", ""51.886271"", ""51.886271""]",1000
D2,UCC Beyond Throughput 5G dataset,data/raw/ucc_5g_context/5G-production-dataset/Amazon_Prime/Static/Season3-TheExpanse/B_2019.12.19_15.00.47.csv,Speed,int64,1000,0,0.0,"[""0"", ""0"", ""0""]",1000
D2,UCC Beyond Throughput 5G dataset,data/raw/ucc_5g_context/5G-production-dataset/Amazon_Prime/Static/Season3-TheExpanse/B_2019.12.19_15.00.47.csv,Operatorname,object,1000,0,0.0,"[""B"", ""B"", ""B""]",1000
D2,UCC Beyond Throughput 5G dataset,data/raw/ucc_5g_context/5G-production-dataset/Amazon_Prime/Static/Season3-TheExpanse/B_2019.12.19_15.00.47.csv,CellID,int64,1000,0,0.0,"[""11"", ""11"", ""11""]",1000
D2,UCC Beyond Throughput 5G dataset,data/raw/ucc_5g_context/5G-production-dataset/Amazon_Prime/Static/Season3-TheExpanse/B_2019.12.19_15.00.47.csv,NetworkMode,object,1000,0,0.0,"[""5G"", ""5G"", ""5G""]",1000
D2,UCC Beyond Throughput 5G dataset,data/raw/ucc_5g_context/5G-production-dataset/Amazon_Prime/Static/Season3-TheExpanse/B_2019.12.19_15.00.47.csv,RSRP,int64,1000,0,0.0,"[""-104"", ""-104"", ""-104""]",1000
D2,UCC Beyond Throughput 5G dataset,data/raw/ucc_5g_context/5G-production-dataset/Amazon_Prime/Static/Season3-TheExpanse/B_2019.12.19_15.00.47.csv,RSRQ,int64,1000,0,0.0,"[""-15"", ""-15"", ""-15""]",1000
D2,UCC Beyond Throughput 5G dataset,data/raw/ucc_5g_context/5G-production-dataset/Amazon_Prime/Static/Season3-TheExpanse/B_2019.12.19_15.00.47.csv,SNR,float64,1000,0,0.0,"[""-4.0"", ""-4.0"", ""-4.0""]",1000
D2,UCC Beyond Throughput 5G dataset,data/raw/ucc_5g_context/5G-production-dataset/Amazon_Prime/Static/Season3-TheExpanse/B_2019.12.19_15.00.47.csv,CQI,int64,1000,0,0.0,"[""9"", ""9"", ""9""]",1000
D2,UCC Beyond Throughput 5G dataset,data/raw/ucc_5g_context/5G-production-dataset/Amazon_Prime/Static/Season3-TheExpanse/B_2019.12.19_15.00.47.csv,RSSI,object,1000,0,0.0,"[""-87"", ""-87"", ""-87""]",1000
D2,UCC Beyond Throughput 5G dataset,data/raw/ucc_5g_context/5G-production-dataset/Amazon_Prime/Static/Season3-TheExpanse/B_2019.12.19_15.00.47.csv,DL_bitrate,int64,1000,0,0.0,"[""0"", ""0"", ""0""]",1000
D2,UCC Beyond Throughput 5G dataset,data/raw/ucc_5g_context/5G-production-dataset/Amazon_Prime/Static/Season3-TheExpanse/B_2019.12.19_15.00.47.csv,UL_bitrate,int64,1000,0,0.0,"[""0"", ""0"", ""0""]",1000
D2,UCC Beyond Throughput 5G dataset,data/raw/ucc_5g_context/5G-production-dataset/Amazon_Prime/Static/Season3-TheExpanse/B_2019.12.19_15.00.47.csv,State,object,1000,0,0.0,"[""D"", ""D"", ""I""]",1000
D2,UCC Beyond Throughput 5G dataset,data/raw/ucc_5g_context/5G-production-dataset/Amazon_Prime/Static/Season3-TheExpanse/B_2019.12.19_15.00.47.csv,PINGAVG,object,1000,0,0.0,"[""-"", ""-"", ""-""]",1000
D2,UCC Beyond Throughput 5G dataset,data/raw/ucc_5g_context/5G-production-dataset/Amazon_Prime/Static/Season3-TheExpanse/B_2019.12.19_15.00.47.csv,PINGMIN,object,1000,0,0.0,"[""-"", ""-"", ""-""]",1000
D2,UCC Beyond Throughput 5G dataset,data/raw/ucc_5g_context/5G-production-dataset/Amazon_Prime/Static/Season3-TheExpanse/B_2019.12.19_15.00.47.csv,PINGMAX,object,1000,0,0.0,"[""-"", ""-"", ""-""]",1000
D2,UCC Beyond Throughput 5G dataset,data/raw/ucc_5g_context/5G-production-dataset/Amazon_Prime/Static/Season3-TheExpanse/B_2019.12.19_15.00.47.csv,PINGSTDEV,object,1000,0,0.0,"[""-"", ""-"", ""-""]",1000
D2,UCC Beyond Throughput 5G dataset,data/raw/ucc_5g_context/5G-production-dataset/Amazon_Prime/Static/Season3-TheExpanse/B_2019.12.19_15.00.47.csv,PINGLOSS,object,1000,0,0.0,"[""-"", ""-"", ""-""]",1000
D2,UCC Beyond Throughput 5G dataset,data/raw/ucc_5g_context/5G-production-dataset/Amazon_Prime/Static/Season3-TheExpanse/B_2019.12.19_15.00.47.csv,CELLHEX,object,1000,0,0.0,"[""B"", ""B"", ""B""]",1000
D2,UCC Beyond Throughput 5G dataset,data/raw/ucc_5g_context/5G-production-dataset/Amazon_Prime/Static/Season3-TheExpanse/B_2019.12.19_15.00.47.csv,NODEHEX,object,1000,0,0.0,"[""A4DF"", ""A4DF"", ""A4DF""]",1000
D2,UCC Beyond Throughput 5G dataset,data/raw/ucc_5g_context/5G-production-dataset/Amazon_Prime/Static/Season3-TheExpanse/B_2019.12.19_15.00.47.csv,LACHEX,object,1000,0,0.0,"[""9CBA"", ""9CBA"", ""9CBA""]",1000
D2,UCC Beyond Throughput 5G dataset,data/raw/ucc_5g_context/5G-production-dataset/Amazon_Prime/Static/Season3-TheExpanse/B_2019.12.19_15.00.47.csv,RAWCELLID,int64,1000,0,0.0,"[""10805003"", ""10805003"", ""10805003""]",1000
D2,UCC Beyond Throughput 5G dataset,data/raw/ucc_5g_context/5G-production-dataset/Amazon_Prime/Static/Season3-TheExpanse/B_2019.12.19_15.00.47.csv,NRxRSRP,float64,1000,0,0.0,"[""-104.0"", ""-104.0"", ""-104.0""]",1000
D2,UCC Beyond Throughput 5G dataset,data/raw/ucc_5g_context/5G-production-dataset/Amazon_Prime/Static/Season3-TheExpanse/B_2019.12.19_15.00.47.csv,NRxRSRQ,float64,1000,0,0.0,"[""-8.0"", ""-8.0"", ""-8.0""]",1000
D2,UCC Beyond Throughput 5G dataset,data/raw/ucc_5g_context/5G-production-dataset/Amazon_Prime/Static/Season3-TheExpanse/B_2019.12.23_10.30.35.csv,Timestamp,object,1000,0,0.0,"[""2019.12.23_10.30.35"", ""2019.12.23_10.30.36"", ""2019.12.23_10.30.36""]",1000
D2,UCC Beyond Throughput 5G dataset,data/raw/ucc_5g_context/5G-production-dataset/Amazon_Prime/Static/Season3-TheExpanse/B_2019.12.23_10.30.35.csv,Longitude,float64,1000,0,0.0,"[""-8.394631"", ""-8.394631"", ""-8.394681""]",1000
D2,UCC Beyond Throughput 5G dataset,data/raw/ucc_5g_context/5G-production-dataset/Amazon_Prime/Static/Season3-TheExpanse/B_2019.12.23_10.30.35.csv,Latitude,float64,1000,0,0.0,"[""51.886187"", ""51.886187"", ""51.886109999999995""]",1000
D2,UCC Beyond Throughput 5G dataset,data/raw/ucc_5g_context/5G-production-dataset/Amazon_Prime/Static/Season3-TheExpanse/B_2019.12.23_10.30.35.csv,Speed,int64,1000,0,0.0,"[""0"", ""0"", ""3""]",1000
D2,UCC Beyond Throughput 5G dataset,data/raw/ucc_5g_context/5G-production-dataset/Amazon_Prime/Static/Season3-TheExpanse/B_2019.12.23_10.30.35.csv,Operatorname,object,1000,0,0.0,"[""B"", ""B"", ""B""]",1000
D2,UCC Beyond Throughput 5G dataset,data/raw/ucc_5g_context/5G-production-dataset/Amazon_Prime/Static/Season3-TheExpanse/B_2019.12.23_10.30.35.csv,CellID,int64,1000,0,0.0,"[""11"", ""11"", ""11""]",1000
D2,UCC Beyond Throughput 5G dataset,data/raw/ucc_5g_context/5G-production-dataset/Amazon_Prime/Static/Season3-TheExpanse/B_2019.12.23_10.30.35.csv,NetworkMode,object,1000,0,0.0,"[""5G"", ""5G"", ""5G""]",1000
D2,UCC Beyond Throughput 5G dataset,data/raw/ucc_5g_context/5G-production-dataset/Amazon_Prime/Static/Season3-TheExpanse/B_2019.12.23_10.30.35.csv,RSRP,int64,1000,0,0.0,"[""-100"", ""-100"", ""-100""]",1000
D2,UCC Beyond Throughput 5G dataset,data/raw/ucc_5g_context/5G-production-dataset/Amazon_Prime/Static/Season3-TheExpanse/B_2019.12.23_10.30.35.csv,RSRQ,object,1000,0,0.0,"[""-10"", ""-10"", ""-10""]",1000
D2,UCC Beyond Throughput 5G dataset,data/raw/ucc_5g_context/5G-production-dataset/Amazon_Prime/Static/Season3-TheExpanse/B_2019.12.23_10.30.35.csv,SNR,object,1000,0,0.0,"[""1.0"", ""1.0"", ""1.0""]",1000
D2,UCC Beyond Throughput 5G dataset,data/raw/ucc_5g_context/5G-production-dataset/Amazon_Prime/Static/Season3-TheExpanse/B_2019.12.23_10.30.35.csv,CQI,object,1000,0,0.0,"[""10"", ""10"", ""10""]",1000
D2,UCC Beyond Throughput 5G dataset,data/raw/ucc_5g_context/5G-production-dataset/Amazon_Prime/Static/Season3-TheExpanse/B_2019.12.23_10.30.35.csv,RSSI,object,1000,0,0.0,"[""-"", ""-"", ""-""]",1000
D2,UCC Beyond Throughput 5G dataset,data/raw/ucc_5g_context/5G-production-dataset/Amazon_Prime/Static/Season3-TheExpanse/B_2019.12.23_10.30.35.csv,DL_bitrate,int64,1000,0,0.0,"[""165"", ""94"", ""94""]",1000
D2,UCC Beyond Throughput 5G dataset,data/raw/ucc_5g_context/5G-production-dataset/Amazon_Prime/Static/Season3-TheExpanse/B_2019.12.23_10.30.35.csv,UL_bitrate,int64,1000,0,0.0,"[""55"", ""18"", ""18""]",1000
D2,UCC Beyond Throughput 5G dataset,data/raw/ucc_5g_context/5G-production-dataset/Amazon_Prime/Static/Season3-TheExpanse/B_2019.12.23_10.30.35.csv,State,object,1000,0,0.0,"[""D"", ""D"", ""D""]",1000
D2,UCC Beyond Throughput 5G dataset,data/raw/ucc_5g_context/5G-production-dataset/Amazon_Prime/Static/Season3-TheExpanse/B_2019.12.23_10.30.35.csv,PINGAVG,object,1000,0,0.0,"[""-"", ""-"", ""-""]",1000
D2,UCC Beyond Throughput 5G dataset,data/raw/ucc_5g_context/5G-production-dataset/Amazon_Prime/Static/Season3-TheExpanse/B_2019.12.23_10.30.35.csv,PINGMIN,object,1000,0,0.0,"[""-"", ""-"", ""-""]",1000
D2,UCC Beyond Throughput 5G dataset,data/raw/ucc_5g_context/5G-production-dataset/Amazon_Prime/Static/Season3-TheExpanse/B_2019.12.23_10.30.35.csv,PINGMAX,object,1000,0,0.0,"[""-"", ""-"", ""-""]",1000
D2,UCC Beyond Throughput 5G dataset,data/raw/ucc_5g_context/5G-production-dataset/Amazon_Prime/Static/Season3-TheExpanse/B_2019.12.23_10.30.35.csv,PINGSTDEV,object,1000,0,0.0,"[""-"", ""-"", ""-""]",1000
D2,UCC Beyond Throughput 5G dataset,data/raw/ucc_5g_context/5G-production-dataset/Amazon_Prime/Static/Season3-TheExpanse/B_2019.12.23_10.30.35.csv,PINGLOSS,object,1000,0,0.0,"[""-"", ""-"", ""-""]",1000
D2,UCC Beyond Throughput 5G dataset,data/raw/ucc_5g_context/5G-production-dataset/Amazon_Prime/Static/Season3-TheExpanse/B_2019.12.23_10.30.35.csv,CELLHEX,object,1000,0,0.0,"[""B"", ""B"", ""B""]",1000
D2,UCC Beyond Throughput 5G dataset,data/raw/ucc_5g_context/5G-production-dataset/Amazon_Prime/Static/Season3-TheExpanse/B_2019.12.23_10.30.35.csv,NODEHEX,object,1000,0,0.0,"[""A4DF"", ""A4DF"", ""A4DF""]",1000
D2,UCC Beyond Throughput 5G dataset,data/raw/ucc_5g_context/5G-production-dataset/Amazon_Prime/Static/Season3-TheExpanse/B_2019.12.23_10.30.35.csv,LACHEX,object,1000,0,0.0,"[""9CBA"", ""9CBA"", ""9CBA""]",1000
D2,UCC Beyond Throughput 5G dataset,data/raw/ucc_5g_context/5G-production-dataset/Amazon_Prime/Static/Season3-TheExpanse/B_2019.12.23_10.30.35.csv,RAWCELLID,int64,1000,0,0.0,"[""10805003"", ""10805003"", ""10805003""]",1000
D2,UCC Beyond Throughput 5G dataset,data/raw/ucc_5g_context/5G-production-dataset/Amazon_Prime/Static/Season3-TheExpanse/B_2019.12.23_10.30.35.csv,NRxRSRP,float64,1000,0,0.0,"[""-105.0"", ""-105.0"", ""-105.0""]",1000
D2,UCC Beyond Throughput 5G dataset,data/raw/ucc_5g_context/5G-production-dataset/Amazon_Prime/Static/Season3-TheExpanse/B_2019.12.23_10.30.35.csv,NRxRSRQ,float64,1000,0,0.0,"[""-15.0"", ""-15.0"", ""-15.0""]",1000
D2,UCC Beyond Throughput 5G dataset,data/raw/ucc_5g_context/5G-production-dataset/Amazon_Prime/Static/Season3-TheExpanse/B_2020.01.03_08.59.40.csv,Timestamp,object,1000,0,0.0,"[""2020.01.03_08.59.40"", ""2020.01.03_08.59.41"", ""2020.01.03_08.59.41""]",1000
D2,UCC Beyond Throughput 5G dataset,data/raw/ucc_5g_context/5G-production-dataset/Amazon_Prime/Static/Season3-TheExpanse/B_2020.01.03_08.59.40.csv,Longitude,float64,1000,0,0.0,"[""-8.394511"", ""-8.394549000000001"", ""-8.394549000000001""]",1000
D2,UCC Beyond Throughput 5G dataset,data/raw/ucc_5g_context/5G-production-dataset/Amazon_Prime/Static/Season3-TheExpanse/B_2020.01.03_08.59.40.csv,Latitude,float64,1000,0,0.0,"[""51.886219"", ""51.886207"", ""51.886207""]",1000
D2,UCC Beyond Throughput 5G dataset,data/raw/ucc_5g_context/5G-production-dataset/Amazon_Prime/Static/Season3-TheExpanse/B_2020.01.03_08.59.40.csv,Speed,int64,1000,0,0.0,"[""0"", ""0"", ""0""]",1000
D2,UCC Beyond Throughput 5G dataset,data/raw/ucc_5g_context/5G-production-dataset/Amazon_Prime/Static/Season3-TheExpanse/B_2020.01.03_08.59.40.csv,Operatorname,object,1000,0,0.0,"[""B"", ""B"", ""B""]",1000
D2,UCC Beyond Throughput 5G dataset,data/raw/ucc_5g_context/5G-production-dataset/Amazon_Prime/Static/Season3-TheExpanse/B_2020.01.03_08.59.40.csv,CellID,int64,1000,0,0.0,"[""11"", ""11"", ""11""]",1000
D2,UCC Beyond Throughput 5G dataset,data/raw/ucc_5g_context/5G-production-dataset/Amazon_Prime/Static/Season3-TheExpanse/B_2020.01.03_08.59.40.csv,NetworkMode,object,1000,0,0.0,"[""5G"", ""5G"", ""5G""]",1000
D2,UCC Beyond Throughput 5G dataset,data/raw/ucc_5g_context/5G-production-dataset/Amazon_Prime/Static/Season3-TheExpanse/B_2020.01.03_08.59.40.csv,RSRP,int64,1000,0,0.0,"[""-99"", ""-99"", ""-99""]",1000
D2,UCC Beyond Throughput 5G dataset,data/raw/ucc_5g_context/5G-production-dataset/Amazon_Prime/Static/Season3-TheExpanse/B_2020.01.03_08.59.40.csv,RSRQ,int64,1000,0,0.0,"[""-9"", ""-9"", ""-9""]",1000
D2,UCC Beyond Throughput 5G dataset,data/raw/ucc_5g_context/5G-production-dataset/Amazon_Prime/Static/Season3-TheExpanse/B_2020.01.03_08.59.40.csv,SNR,float64,1000,0,0.0,"[""2.0"", ""2.0"", ""2.0""]",1000
D2,UCC Beyond Throughput 5G dataset,data/raw/ucc_5g_context/5G-production-dataset/Amazon_Prime/Static/Season3-TheExpanse/B_2020.01.03_08.59.40.csv,CQI,int64,1000,0,0.0,"[""11"", ""11"", ""11""]",1000
D2,UCC Beyond Throughput 5G dataset,data/raw/ucc_5g_context/5G-production-dataset/Amazon_Prime/Static/Season3-TheExpanse/B_2020.01.03_08.59.40.csv,RSSI,object,1000,0,0.0,"[""-"", ""-"", ""-""]",1000
D2,UCC Beyond Throughput 5G dataset,data/raw/ucc_5g_context/5G-production-dataset/Amazon_Prime/Static/Season3-TheExpanse/B_2020.01.03_08.59.40.csv,DL_bitrate,int64,1000,0,0.0,"[""0"", ""0"", ""0""]",1000
D2,UCC Beyond Throughput 5G dataset,data/raw/ucc_5g_context/5G-production-dataset/Amazon_Prime/Static/Season3-TheExpanse/B_2020.01.03_08.59.40.csv,UL_bitrate,int64,1000,0,0.0,"[""0"", ""0"", ""0""]",1000
D2,UCC Beyond Throughput 5G dataset,data/raw/ucc_5g_context/5G-production-dataset/Amazon_Prime/Static/Season3-TheExpanse/B_2020.01.03_08.59.40.csv,State,object,1000,0,0.0,"[""I"", ""D"", ""D""]",1000
D2,UCC Beyond Throughput 5G dataset,data/raw/ucc_5g_context/5G-production-dataset/Amazon_Prime/Static/Season3-TheExpanse/B_2020.01.03_08.59.40.csv,PINGAVG,object,1000,0,0.0,"[""-"", ""-"", ""-""]",1000
D2,UCC Beyond Throughput 5G dataset,data/raw/ucc_5g_context/5G-production-dataset/Amazon_Prime/Static/Season3-TheExpanse/B_2020.01.03_08.59.40.csv,PINGMIN,object,1000,0,0.0,"[""-"", ""-"", ""-""]",1000
D2,UCC Beyond Throughput 5G dataset,data/raw/ucc_5g_context/5G-production-dataset/Amazon_Prime/Static/Season3-TheExpanse/B_2020.01.03_08.59.40.csv,PINGMAX,object,1000,0,0.0,"[""-"", ""-"", ""-""]",1000
D2,UCC Beyond Throughput 5G dataset,data/raw/ucc_5g_context/5G-production-dataset/Amazon_Prime/Static/Season3-TheExpanse/B_2020.01.03_08.59.40.csv,PINGSTDEV,object,1000,0,0.0,"[""-"", ""-"", ""-""]",1000
D2,UCC Beyond Throughput 5G dataset,data/raw/ucc_5g_context/5G-production-dataset/Amazon_Prime/Static/Season3-TheExpanse/B_2020.01.03_08.59.40.csv,PINGLOSS,object,1000,0,0.0,"[""-"", ""-"", ""-""]",1000
D2,UCC Beyond Throughput 5G dataset,data/raw/ucc_5g_context/5G-production-dataset/Amazon_Prime/Static/Season3-TheExpanse/B_2020.01.03_08.59.40.csv,CELLHEX,object,1000,0,0.0,"[""B"", ""B"", ""B""]",1000
D2,UCC Beyond Throughput 5G dataset,data/raw/ucc_5g_context/5G-production-dataset/Amazon_Prime/Static/Season3-TheExpanse/B_2020.01.03_08.59.40.csv,NODEHEX,object,1000,0,0.0,"[""A4DF"", ""A4DF"", ""A4DF""]",1000
D2,UCC Beyond Throughput 5G dataset,data/raw/ucc_5g_context/5G-production-dataset/Amazon_Prime/Static/Season3-TheExpanse/B_2020.01.03_08.59.40.csv,LACHEX,object,1000,0,0.0,"[""9CBA"", ""9CBA"", ""9CBA""]",1000
D2,UCC Beyond Throughput 5G dataset,data/raw/ucc_5g_context/5G-production-dataset/Amazon_Prime/Static/Season3-TheExpanse/B_2020.01.03_08.59.40.csv,RAWCELLID,int64,1000,0,0.0,"[""10805003"", ""10805003"", ""10805003""]",1000
D2,UCC Beyond Throughput 5G dataset,data/raw/ucc_5g_context/5G-production-dataset/Amazon_Prime/Static/Season3-TheExpanse/B_2020.01.03_08.59.40.csv,NRxRSRP,object,1000,0,0.0,"[""-104.0"", ""-"", ""-104.0""]",1000
D2,UCC Beyond Throughput 5G dataset,data/raw/ucc_5g_context/5G-production-dataset/Amazon_Prime/Static/Season3-TheExpanse/B_2020.01.03_08.59.40.csv,NRxRSRQ,object,1000,0,0.0,"[""-9.0"", ""-"", ""-9.0""]",1000
D2,UCC Beyond Throughput 5G dataset,data/raw/ucc_5g_context/5G-production-dataset/Amazon_Prime/Static/Season3-TheExpanse/B_2020.01.03_10.54.39.csv,Timestamp,object,1000,0,0.0,"[""2020.01.03_10.54.39"", ""2020.01.03_10.54.40"", ""2020.01.03_10.54.40""]",1000
D2,UCC Beyond Throughput 5G dataset,data/raw/ucc_5g_context/5G-production-dataset/Amazon_Prime/Static/Season3-TheExpanse/B_2020.01.03_10.54.39.csv,Longitude,float64,1000,0,0.0,"[""-8.394638"", ""-8.394638"", ""-8.394741999999999""]",1000
D2,UCC Beyond Throughput 5G dataset,data/raw/ucc_5g_context/5G-production-dataset/Amazon_Prime/Static/Season3-TheExpanse/B_2020.01.03_10.54.39.csv,Latitude,float64,1000,0,0.0,"[""51.886262"", ""51.886262"", ""51.886153""]",1000
D2,UCC Beyond Throughput 5G dataset,data/raw/ucc_5g_context/5G-production-dataset/Amazon_Prime/Static/Season3-TheExpanse/B_2020.01.03_10.54.39.csv,Speed,int64,1000,0,0.0,"[""0"", ""0"", ""0""]",1000
D2,UCC Beyond Throughput 5G dataset,data/raw/ucc_5g_context/5G-production-dataset/Amazon_Prime/Static/Season3-TheExpanse/B_2020.01.03_10.54.39.csv,Operatorname,object,1000,0,0.0,"[""B"", ""B"", ""B""]",1000
D2,UCC Beyond Throughput 5G dataset,data/raw/ucc_5g_context/5G-production-dataset/Amazon_Prime/Static/Season3-TheExpanse/B_2020.01.03_10.54.39.csv,CellID,int64,1000,0,0.0,"[""11"", ""11"", ""11""]",1000
D2,UCC Beyond Throughput 5G dataset,data/raw/ucc_5g_context/5G-production-dataset/Amazon_Prime/Static/Season3-TheExpanse/B_2020.01.03_10.54.39.csv,NetworkMode,object,1000,0,0.0,"[""5G"", ""5G"", ""5G""]",1000
D2,UCC Beyond Throughput 5G dataset,data/raw/ucc_5g_context/5G-production-dataset/Amazon_Prime/Static/Season3-TheExpanse/B_2020.01.03_10.54.39.csv,RSRP,int64,1000,0,0.0,"[""-103"", ""-102"", ""-102""]",1000
D2,UCC Beyond Throughput 5G dataset,data/raw/ucc_5g_context/5G-production-dataset/Amazon_Prime/Static/Season3-TheExpanse/B_2020.01.03_10.54.39.csv,RSRQ,int64,1000,0,0.0,"[""-13"", ""-12"", ""-12""]",1000
D2,UCC Beyond Throughput 5G dataset,data/raw/ucc_5g_context/5G-production-dataset/Amazon_Prime/Static/Season3-TheExpanse/B_2020.01.03_10.54.39.csv,SNR,float64,1000,0,0.0,"[""-2.0"", ""0.0"", ""0.0""]",1000
D2,UCC Beyond Throughput 5G dataset,data/raw/ucc_5g_context/5G-production-dataset/Amazon_Prime/Static/Season3-TheExpanse/B_2020.01.03_10.54.39.csv,CQI,int64,1000,0,0.0,"[""11"", ""8"", ""8""]",1000
D2,UCC Beyond Throughput 5G dataset,data/raw/ucc_5g_context/5G-production-dataset/Amazon_Prime/Static/Season3-TheExpanse/B_2020.01.03_10.54.39.csv,RSSI,object,1000,0,0.0,"[""-"", ""-"", ""-""]",1000
D2,UCC Beyond Throughput 5G dataset,data/raw/ucc_5g_context/5G-production-dataset/Amazon_Prime/Static/Season3-TheExpanse/B_2020.01.03_10.54.39.csv,DL_bitrate,int64,1000,0,0.0,"[""0"", ""4"", ""4""]",1000
D2,UCC Beyond Throughput 5G dataset,data/raw/ucc_5g_context/5G-production-dataset/Amazon_Prime/Static/Season3-TheExpanse/B_2020.01.03_10.54.39.csv,UL_bitrate,int64,1000,0,0.0,"[""0"", ""5"", ""5""]",1000
D2,UCC Beyond Throughput 5G dataset,data/raw/ucc_5g_context/5G-production-dataset/Amazon_Prime/Static/Season3-TheExpanse/B_2020.01.03_10.54.39.csv,State,object,1000,0,0.0,"[""I"", ""D"", ""D""]",1000
D2,UCC Beyond Throughput 5G dataset,data/raw/ucc_5g_context/5G-production-dataset/Amazon_Prime/Static/Season3-TheExpanse/B_2020.01.03_10.54.39.csv,PINGAVG,object,1000,0,0.0,"[""-"", ""-"", ""-""]",1000
D2,UCC Beyond Throughput 5G dataset,data/raw/ucc_5g_context/5G-production-dataset/Amazon_Prime/Static/Season3-TheExpanse/B_2020.01.03_10.54.39.csv,PINGMIN,object,1000,0,0.0,"[""-"", ""-"", ""-""]",1000
D2,UCC Beyond Throughput 5G dataset,data/raw/ucc_5g_context/5G-production-dataset/Amazon_Prime/Static/Season3-TheExpanse/B_2020.01.03_10.54.39.csv,PINGMAX,object,1000,0,0.0,"[""-"", ""-"", ""-""]",1000
D2,UCC Beyond Throughput 5G dataset,data/raw/ucc_5g_context/5G-production-dataset/Amazon_Prime/Static/Season3-TheExpanse/B_2020.01.03_10.54.39.csv,PINGSTDEV,object,1000,0,0.0,"[""-"", ""-"", ""-""]",1000
D2,UCC Beyond Throughput 5G dataset,data/raw/ucc_5g_context/5G-production-dataset/Amazon_Prime/Static/Season3-TheExpanse/B_2020.01.03_10.54.39.csv,PINGLOSS,object,1000,0,0.0,"[""-"", ""-"", ""-""]",1000
D2,UCC Beyond Throughput 5G dataset,data/raw/ucc_5g_context/5G-production-dataset/Amazon_Prime/Static/Season3-TheExpanse/B_2020.01.03_10.54.39.csv,CELLHEX,object,1000,0,0.0,"[""B"", ""B"", ""B""]",1000
D2,UCC Beyond Throughput 5G dataset,data/raw/ucc_5g_context/5G-production-dataset/Amazon_Prime/Static/Season3-TheExpanse/B_2020.01.03_10.54.39.csv,NODEHEX,object,1000,0,0.0,"[""A4DF"", ""A4DF"", ""A4DF""]",1000
D2,UCC Beyond Throughput 5G dataset,data/raw/ucc_5g_context/5G-production-dataset/Amazon_Prime/Static/Season3-TheExpanse/B_2020.01.03_10.54.39.csv,LACHEX,object,1000,0,0.0,"[""9CBA"", ""9CBA"", ""9CBA""]",1000
D2,UCC Beyond Throughput 5G dataset,data/raw/ucc_5g_context/5G-production-dataset/Amazon_Prime/Static/Season3-TheExpanse/B_2020.01.03_10.54.39.csv,RAWCELLID,int64,1000,0,0.0,"[""10805003"", ""10805003"", ""10805003""]",1000
D2,UCC Beyond Throughput 5G dataset,data/raw/ucc_5g_context/5G-production-dataset/Amazon_Prime/Static/Season3-TheExpanse/B_2020.01.03_10.54.39.csv,NRxRSRP,float64,1000,0,0.0,"[""-106.0"", ""-107.0"", ""-107.0""]",1000
D2,UCC Beyond Throughput 5G dataset,data/raw/ucc_5g_context/5G-production-dataset/Amazon_Prime/Static/Season3-TheExpanse/B_2020.01.03_10.54.39.csv,NRxRSRQ,float64,1000,0,0.0,"[""-8.0"", ""-8.0"", ""-8.0""]",1000
D2,UCC Beyond Throughput 5G dataset,data/raw/ucc_5g_context/5G-production-dataset/Amazon_Prime/Static/Season3-TheExpanse/B_2020.01.05_14.55.57.csv,Timestamp,object,1000,0,0.0,"[""2020.01.05_14.55.57"", ""2020.01.05_14.55.58"", ""2020.01.05_14.55.59""]",1000
D2,UCC Beyond Throughput 5G dataset,data/raw/ucc_5g_context/5G-production-dataset/Amazon_Prime/Static/Season3-TheExpanse/B_2020.01.05_14.55.57.csv,Longitude,float64,1000,0,0.0,"[""-8.394703999999999"", ""-8.394703999999999"", ""-8.394703999999999""]",1000
D2,UCC Beyond Throughput 5G dataset,data/raw/ucc_5g_context/5G-production-dataset/Amazon_Prime/Static/Season3-TheExpanse/B_2020.01.05_14.55.57.csv,Latitude,float64,1000,0,0.0,"[""51.886183"", ""51.886183"", ""51.886183""]",1000
D2,UCC Beyond Throughput 5G dataset,data/raw/ucc_5g_context/5G-production-dataset/Amazon_Prime/Static/Season3-TheExpanse/B_2020.01.05_14.55.57.csv,Speed,int64,1000,0,0.0,"[""0"", ""0"", ""0""]",1000
D2,UCC Beyond Throughput 5G dataset,data/raw/ucc_5g_context/5G-production-dataset/Amazon_Prime/Static/Season3-TheExpanse/B_2020.01.05_14.55.57.csv,Operatorname,object,1000,0,0.0,"[""B"", ""B"", ""B""]",1000
D2,UCC Beyond Throughput 5G dataset,data/raw/ucc_5g_context/5G-production-dataset/Amazon_Prime/Static/Season3-TheExpanse/B_2020.01.05_14.55.57.csv,CellID,int64,1000,0,0.0,"[""11"", ""11"", ""11""]",1000
D2,UCC Beyond Throughput 5G dataset,data/raw/ucc_5g_context/5G-production-dataset/Amazon_Prime/Static/Season3-TheExpanse/B_2020.01.05_14.55.57.csv,NetworkMode,object,1000,0,0.0,"[""5G"", ""5G"", ""5G""]",1000
D2,UCC Beyond Throughput 5G dataset,data/raw/ucc_5g_context/5G-production-dataset/Amazon_Prime/Static/Season3-TheExpanse/B_2020.01.05_14.55.57.csv,RSRP,int64,1000,0,0.0,"[""-97"", ""-96"", ""-100""]",1000
D2,UCC Beyond Throughput 5G dataset,data/raw/ucc_5g_context/5G-production-dataset/Amazon_Prime/Static/Season3-TheExpanse/B_2020.01.05_14.55.57.csv,RSRQ,int64,1000,0,0.0,"[""-13"", ""-15"", ""-12""]",1000
D2,UCC Beyond Throughput 5G dataset,data/raw/ucc_5g_context/5G-production-dataset/Amazon_Prime/Static/Season3-TheExpanse/B_2020.01.05_14.55.57.csv,SNR,float64,1000,0,0.0,"[""-3.0"", ""4.0"", ""4.0""]",1000
D2,UCC Beyond Throughput 5G dataset,data/raw/ucc_5g_context/5G-production-dataset/Amazon_Prime/Static/Season3-TheExpanse/B_2020.01.05_14.55.57.csv,CQI,int64,1000,0,0.0,"[""6"", ""10"", ""12""]",1000
D2,UCC Beyond Throughput 5G dataset,data/raw/ucc_5g_context/5G-production-dataset/Amazon_Prime/Static/Season3-TheExpanse/B_2020.01.05_14.55.57.csv,RSSI,object,1000,0,0.0,"[""-"", ""-"", ""-""]",1000
D2,UCC Beyond Throughput 5G dataset,data/raw/ucc_5g_context/5G-production-dataset/Amazon_Prime/Static/Season3-TheExpanse/B_2020.01.05_14.55.57.csv,DL_bitrate,int64,1000,0,0.0,"[""100"", ""0"", ""0""]",1000
D2,UCC Beyond Throughput 5G dataset,data/raw/ucc_5g_context/5G-production-dataset/Amazon_Prime/Static/Season3-TheExpanse/B_2020.01.05_14.55.57.csv,UL_bitrate,int64,1000,0,0.0,"[""30"", ""0"", ""0""]",1000
D2,UCC Beyond Throughput 5G dataset,data/raw/ucc_5g_context/5G-production-dataset/Amazon_Prime/Static/Season3-TheExpanse/B_2020.01.05_14.55.57.csv,State,object,1000,0,0.0,"[""D"", ""I"", ""I""]",1000
D2,UCC Beyond Throughput 5G dataset,data/raw/ucc_5g_context/5G-production-dataset/Amazon_Prime/Static/Season3-TheExpanse/B_2020.01.05_14.55.57.csv,PINGAVG,object,1000,0,0.0,"[""-"", ""-"", ""-""]",1000
D2,UCC Beyond Throughput 5G dataset,data/raw/ucc_5g_context/5G-production-dataset/Amazon_Prime/Static/Season3-TheExpanse/B_2020.01.05_14.55.57.csv,PINGMIN,object,1000,0,0.0,"[""-"", ""-"", ""-""]",1000
D2,UCC Beyond Throughput 5G dataset,data/raw/ucc_5g_context/5G-production-dataset/Amazon_Prime/Static/Season3-TheExpanse/B_2020.01.05_14.55.57.csv,PINGMAX,object,1000,0,0.0,"[""-"", ""-"", ""-""]",1000
D2,UCC Beyond Throughput 5G dataset,data/raw/ucc_5g_context/5G-production-dataset/Amazon_Prime/Static/Season3-TheExpanse/B_2020.01.05_14.55.57.csv,PINGSTDEV,object,1000,0,0.0,"[""-"", ""-"", ""-""]",1000
D2,UCC Beyond Throughput 5G dataset,data/raw/ucc_5g_context/5G-production-dataset/Amazon_Prime/Static/Season3-TheExpanse/B_2020.01.05_14.55.57.csv,PINGLOSS,object,1000,0,0.0,"[""-"", ""-"", ""-""]",1000
D2,UCC Beyond Throughput 5G dataset,data/raw/ucc_5g_context/5G-production-dataset/Amazon_Prime/Static/Season3-TheExpanse/B_2020.01.05_14.55.57.csv,CELLHEX,object,1000,0,0.0,"[""B"", ""B"", ""B""]",1000
D2,UCC Beyond Throughput 5G dataset,data/raw/ucc_5g_context/5G-production-dataset/Amazon_Prime/Static/Season3-TheExpanse/B_2020.01.05_14.55.57.csv,NODEHEX,object,1000,0,0.0,"[""A4DF"", ""A4DF"", ""A4DF""]",1000
D2,UCC Beyond Throughput 5G dataset,data/raw/ucc_5g_context/5G-production-dataset/Amazon_Prime/Static/Season3-TheExpanse/B_2020.01.05_14.55.57.csv,LACHEX,object,1000,0,0.0,"[""9CBA"", ""9CBA"", ""9CBA""]",1000
D2,UCC Beyond Throughput 5G dataset,data/raw/ucc_5g_context/5G-production-dataset/Amazon_Prime/Static/Season3-TheExpanse/B_2020.01.05_14.55.57.csv,RAWCELLID,int64,1000,0,0.0,"[""10805003"", ""10805003"", ""10805003""]",1000
D2,UCC Beyond Throughput 5G dataset,data/raw/ucc_5g_context/5G-production-dataset/Amazon_Prime/Static/Season3-TheExpanse/B_2020.01.05_14.55.57.csv,NRxRSRP,object,1000,0,0.0,"[""-107.0"", ""-102.0"", ""-106.0""]",1000
D2,UCC Beyond Throughput 5G dataset,data/raw/ucc_5g_context/5G-production-dataset/Amazon_Prime/Static/Season3-TheExpanse/B_2020.01.05_14.55.57.csv,NRxRSRQ,object,1000,0,0.0,"[""-20.0"", ""-20.0"", ""-18.0""]",1000
D2,UCC Beyond Throughput 5G dataset,data/raw/ucc_5g_context/5G-production-dataset/Amazon_Prime/Static/animated-Ninjago/B_2020.01.06_09.55.13.csv,Timestamp,object,1000,0,0.0,"[""2020.01.06_09.55.14"", ""2020.01.06_09.55.15"", ""2020.01.06_09.55.16""]",1000
D2,UCC Beyond Throughput 5G dataset,data/raw/ucc_5g_context/5G-production-dataset/Amazon_Prime/Static/animated-Ninjago/B_2020.01.06_09.55.13.csv,Longitude,float64,1000,0,0.0,"[""-8.394744000000001"", ""-8.394744000000001"", ""-8.394744000000001""]",1000
D2,UCC Beyond Throughput 5G dataset,data/raw/ucc_5g_context/5G-production-dataset/Amazon_Prime/Static/animated-Ninjago/B_2020.01.06_09.55.13.csv,Latitude,float64,1000,0,0.0,"[""51.886171999999995"", ""51.886171999999995"", ""51.886171999999995""]",1000
D2,UCC Beyond Throughput 5G dataset,data/raw/ucc_5g_context/5G-production-dataset/Amazon_Prime/Static/animated-Ninjago/B_2020.01.06_09.55.13.csv,Speed,int64,1000,0,0.0,"[""0"", ""0"", ""0""]",1000
D2,UCC Beyond Throughput 5G dataset,data/raw/ucc_5g_context/5G-production-dataset/Amazon_Prime/Static/animated-Ninjago/B_2020.01.06_09.55.13.csv,Operatorname,object,1000,0,0.0,"[""B"", ""B"", ""B""]",1000
D2,UCC Beyond Throughput 5G dataset,data/raw/ucc_5g_context/5G-production-dataset/Amazon_Prime/Static/animated-Ninjago/B_2020.01.06_09.55.13.csv,CellID,int64,1000,0,0.0,"[""11"", ""11"", ""11""]",1000
D2,UCC Beyond Throughput 5G dataset,data/raw/ucc_5g_context/5G-production-dataset/Amazon_Prime/Static/animated-Ninjago/B_2020.01.06_09.55.13.csv,NetworkMode,object,1000,0,0.0,"[""5G"", ""5G"", ""5G""]",1000
D2,UCC Beyond Throughput 5G dataset,data/raw/ucc_5g_context/5G-production-dataset/Amazon_Prime/Static/animated-Ninjago/B_2020.01.06_09.55.13.csv,RSRP,int64,1000,0,0.0,"[""-103"", ""-102"", ""-102""]",1000
D2,UCC Beyond Throughput 5G dataset,data/raw/ucc_5g_context/5G-production-dataset/Amazon_Prime/Static/animated-Ninjago/B_2020.01.06_09.55.13.csv,RSRQ,int64,1000,0,0.0,"[""-10"", ""-10"", ""-10""]",1000
D2,UCC Beyond Throughput 5G dataset,data/raw/ucc_5g_context/5G-production-dataset/Amazon_Prime/Static/animated-Ninjago/B_2020.01.06_09.55.13.csv,SNR,float64,1000,0,0.0,"[""2.0"", ""2.0"", ""2.0""]",1000
D2,UCC Beyond Throughput 5G dataset,data/raw/ucc_5g_context/5G-production-dataset/Amazon_Prime/Static/animated-Ninjago/B_2020.01.06_09.55.13.csv,CQI,int64,1000,0,0.0,"[""12"", ""11"", ""11""]",1000
D2,UCC Beyond Throughput 5G dataset,data/raw/ucc_5g_context/5G-production-dataset/Amazon_Prime/Static/animated-Ninjago/B_2020.01.06_09.55.13.csv,RSSI,object,1000,0,0.0,"[""-"", ""-"", ""-""]",1000
D2,UCC Beyond Throughput 5G dataset,data/raw/ucc_5g_context/5G-production-dataset/Amazon_Prime/Static/animated-Ninjago/B_2020.01.06_09.55.13.csv,DL_bitrate,int64,1000,0,0.0,"[""0"", ""0"", ""0""]",1000
D2,UCC Beyond Throughput 5G dataset,data/raw/ucc_5g_context/5G-production-dataset/Amazon_Prime/Static/animated-Ninjago/B_2020.01.06_09.55.13.csv,UL_bitrate,int64,1000,0,0.0,"[""0"", ""0"", ""0""]",1000
D2,UCC Beyond Throughput 5G dataset,data/raw/ucc_5g_context/5G-production-dataset/Amazon_Prime/Static/animated-Ninjago/B_2020.01.06_09.55.13.csv,State,object,1000,0,0.0,"[""I"", ""I"", ""I""]",1000
D2,UCC Beyond Throughput 5G dataset,data/raw/ucc_5g_context/5G-production-dataset/Amazon_Prime/Static/animated-Ninjago/B_2020.01.06_09.55.13.csv,PINGAVG,object,1000,0,0.0,"[""-"", ""-"", ""-""]",1000
D2,UCC Beyond Throughput 5G dataset,data/raw/ucc_5g_context/5G-production-dataset/Amazon_Prime/Static/animated-Ninjago/B_2020.01.06_09.55.13.csv,PINGMIN,object,1000,0,0.0,"[""-"", ""-"", ""-""]",1000
D2,UCC Beyond Throughput 5G dataset,data/raw/ucc_5g_context/5G-production-dataset/Amazon_Prime/Static/animated-Ninjago/B_2020.01.06_09.55.13.csv,PINGMAX,object,1000,0,0.0,"[""-"", ""-"", ""-""]",1000
D2,UCC Beyond Throughput 5G dataset,data/raw/ucc_5g_context/5G-production-dataset/Amazon_Prime/Static/animated-Ninjago/B_2020.01.06_09.55.13.csv,PINGSTDEV,object,1000,0,0.0,"[""-"", ""-"", ""-""]",1000
D2,UCC Beyond Throughput 5G dataset,data/raw/ucc_5g_context/5G-production-dataset/Amazon_Prime/Static/animated-Ninjago/B_2020.01.06_09.55.13.csv,PINGLOSS,object,1000,0,0.0,"[""-"", ""-"", ""-""]",1000
D2,UCC Beyond Throughput 5G dataset,data/raw/ucc_5g_context/5G-production-dataset/Amazon_Prime/Static/animated-Ninjago/B_2020.01.06_09.55.13.csv,CELLHEX,object,1000,0,0.0,"[""B"", ""B"", ""B""]",1000
D2,UCC Beyond Throughput 5G dataset,data/raw/ucc_5g_context/5G-production-dataset/Amazon_Prime/Static/animated-Ninjago/B_2020.01.06_09.55.13.csv,NODEHEX,object,1000,0,0.0,"[""A4DF"", ""A4DF"", ""A4DF""]",1000
D2,UCC Beyond Throughput 5G dataset,data/raw/ucc_5g_context/5G-production-dataset/Amazon_Prime/Static/animated-Ninjago/B_2020.01.06_09.55.13.csv,LACHEX,object,1000,0,0.0,"[""9CBA"", ""9CBA"", ""9CBA""]",1000
D2,UCC Beyond Throughput 5G dataset,data/raw/ucc_5g_context/5G-production-dataset/Amazon_Prime/Static/animated-Ninjago/B_2020.01.06_09.55.13.csv,RAWCELLID,int64,1000,0,0.0,"[""10805003"", ""10805003"", ""10805003""]",1000
D2,UCC Beyond Throughput 5G dataset,data/raw/ucc_5g_context/5G-production-dataset/Amazon_Prime/Static/animated-Ninjago/B_2020.01.06_09.55.13.csv,NRxRSRP,object,1000,0,0.0,"[""-104.0"", ""-104.0"", ""-104.0""]",1000
D2,UCC Beyond Throughput 5G dataset,data/raw/ucc_5g_context/5G-production-dataset/Amazon_Prime/Static/animated-Ninjago/B_2020.01.06_09.55.13.csv,NRxRSRQ,object,1000,0,0.0,"[""-14.0"", ""-8.0"", ""-8.0""]",1000
D2,UCC Beyond Throughput 5G dataset,data/raw/ucc_5g_context/5G-production-dataset/Amazon_Prime/Static/animated-Ninjago/B_2020.01.06_11.08.12.csv,Timestamp,object,1000,0,0.0,"[""2020.01.06_11.08.12"", ""2020.01.06_11.08.12"", ""2020.01.06_11.08.13""]",1000
D2,UCC Beyond Throughput 5G dataset,data/raw/ucc_5g_context/5G-production-dataset/Amazon_Prime/Static/animated-Ninjago/B_2020.01.06_11.08.12.csv,Longitude,float64,1000,0,0.0,"[""-8.394616000000001"", ""-8.394616000000001"", ""-8.394627999999999""]",1000
D2,UCC Beyond Throughput 5G dataset,data/raw/ucc_5g_context/5G-production-dataset/Amazon_Prime/Static/animated-Ninjago/B_2020.01.06_11.08.12.csv,Latitude,float64,1000,0,0.0,"[""51.886192"", ""51.886192"", ""51.886188""]",1000
D2,UCC Beyond Throughput 5G dataset,data/raw/ucc_5g_context/5G-production-dataset/Amazon_Prime/Static/animated-Ninjago/B_2020.01.06_11.08.12.csv,Speed,int64,1000,0,0.0,"[""0"", ""0"", ""0""]",1000
D2,UCC Beyond Throughput 5G dataset,data/raw/ucc_5g_context/5G-production-dataset/Amazon_Prime/Static/animated-Ninjago/B_2020.01.06_11.08.12.csv,Operatorname,object,1000,0,0.0,"[""B"", ""B"", ""B""]",1000
D2,UCC Beyond Throughput 5G dataset,data/raw/ucc_5g_context/5G-production-dataset/Amazon_Prime/Static/animated-Ninjago/B_2020.01.06_11.08.12.csv,CellID,int64,1000,0,0.0,"[""11"", ""11"", ""11""]",1000
D2,UCC Beyond Throughput 5G dataset,data/raw/ucc_5g_context/5G-production-dataset/Amazon_Prime/Static/animated-Ninjago/B_2020.01.06_11.08.12.csv,NetworkMode,object,1000,0,0.0,"[""5G"", ""5G"", ""5G""]",1000
D2,UCC Beyond Throughput 5G dataset,data/raw/ucc_5g_context/5G-production-dataset/Amazon_Prime/Static/animated-Ninjago/B_2020.01.06_11.08.12.csv,RSRP,int64,1000,0,0.0,"[""-98"", ""-99"", ""-99""]",1000
D2,UCC Beyond Throughput 5G dataset,data/raw/ucc_5g_context/5G-production-dataset/Amazon_Prime/Static/animated-Ninjago/B_2020.01.06_11.08.12.csv,RSRQ,object,1000,0,0.0,"[""-14"", ""-14"", ""-14""]",1000
D2,UCC Beyond Throughput 5G dataset,data/raw/ucc_5g_context/5G-production-dataset/Amazon_Prime/Static/animated-Ninjago/B_2020.01.06_11.08.12.csv,SNR,object,1000,0,0.0,"[""12.0"", ""9.0"", ""9.0""]",1000
D2,UCC Beyond Throughput 5G dataset,data/raw/ucc_5g_context/5G-production-dataset/Amazon_Prime/Static/animated-Ninjago/B_2020.01.06_11.08.12.csv,CQI,object,1000,0,0.0,"[""11"", ""12"", ""12""]",1000
D2,UCC Beyond Throughput 5G dataset,data/raw/ucc_5g_context/5G-production-dataset/Amazon_Prime/Static/animated-Ninjago/B_2020.01.06_11.08.12.csv,RSSI,object,1000,0,0.0,"[""-"", ""-"", ""-""]",1000
D2,UCC Beyond Throughput 5G dataset,data/raw/ucc_5g_context/5G-production-dataset/Amazon_Prime/Static/animated-Ninjago/B_2020.01.06_11.08.12.csv,DL_bitrate,int64,1000,0,0.0,"[""0"", ""0"", ""0""]",1000
D2,UCC Beyond Throughput 5G dataset,data/raw/ucc_5g_context/5G-production-dataset/Amazon_Prime/Static/animated-Ninjago/B_2020.01.06_11.08.12.csv,UL_bitrate,int64,1000,0,0.0,"[""0"", ""0"", ""0""]",1000
D2,UCC Beyond Throughput 5G dataset,data/raw/ucc_5g_context/5G-production-dataset/Amazon_Prime/Static/animated-Ninjago/B_2020.01.06_11.08.12.csv,State,object,1000,0,0.0,"[""D"", ""D"", ""D""]",1000
D2,UCC Beyond Throughput 5G dataset,data/raw/ucc_5g_context/5G-production-dataset/Amazon_Prime/Static/animated-Ninjago/B_2020.01.06_11.08.12.csv,PINGAVG,object,1000,0,0.0,"[""-"", ""-"", ""-""]",1000
D2,UCC Beyond Throughput 5G dataset,data/raw/ucc_5g_context/5G-production-dataset/Amazon_Prime/Static/animated-Ninjago/B_2020.01.06_11.08.12.csv,PINGMIN,object,1000,0,0.0,"[""-"", ""-"", ""-""]",1000
D2,UCC Beyond Throughput 5G dataset,data/raw/ucc_5g_context/5G-production-dataset/Amazon_Prime/Static/animated-Ninjago/B_2020.01.06_11.08.12.csv,PINGMAX,object,1000,0,0.0,"[""-"", ""-"", ""-""]",1000
D2,UCC Beyond Throughput 5G dataset,data/raw/ucc_5g_context/5G-production-dataset/Amazon_Prime/Static/animated-Ninjago/B_2020.01.06_11.08.12.csv,PINGSTDEV,object,1000,0,0.0,"[""-"", ""-"", ""-""]",1000
D2,UCC Beyond Throughput 5G dataset,data/raw/ucc_5g_context/5G-production-dataset/Amazon_Prime/Static/animated-Ninjago/B_2020.01.06_11.08.12.csv,PINGLOSS,object,1000,0,0.0,"[""-"", ""-"", ""-""]",1000
D2,UCC Beyond Throughput 5G dataset,data/raw/ucc_5g_context/5G-production-dataset/Amazon_Prime/Static/animated-Ninjago/B_2020.01.06_11.08.12.csv,CELLHEX,object,1000,0,0.0,"[""B"", ""B"", ""B""]",1000
D2,UCC Beyond Throughput 5G dataset,data/raw/ucc_5g_context/5G-production-dataset/Amazon_Prime/Static/animated-Ninjago/B_2020.01.06_11.08.12.csv,NODEHEX,object,1000,0,0.0,"[""A4DF"", ""A4DF"", ""A4DF""]",1000
D2,UCC Beyond Throughput 5G dataset,data/raw/ucc_5g_context/5G-production-dataset/Amazon_Prime/Static/animated-Ninjago/B_2020.01.06_11.08.12.csv,LACHEX,object,1000,0,0.0,"[""9CBA"", ""9CBA"", ""9CBA""]",1000
D2,UCC Beyond Throughput 5G dataset,data/raw/ucc_5g_context/5G-production-dataset/Amazon_Prime/Static/animated-Ninjago/B_2020.01.06_11.08.12.csv,RAWCELLID,int64,1000,0,0.0,"[""10805003"", ""10805003"", ""10805003""]",1000
D2,UCC Beyond Throughput 5G dataset,data/raw/ucc_5g_context/5G-production-dataset/Amazon_Prime/Static/animated-Ninjago/B_2020.01.06_11.08.12.csv,NRxRSRP,object,1000,0,0.0,"[""-104.0"", ""-104.0"", ""-104.0""]",1000
D2,UCC Beyond Throughput 5G dataset,data/raw/ucc_5g_context/5G-production-dataset/Amazon_Prime/Static/animated-Ninjago/B_2020.01.06_11.08.12.csv,NRxRSRQ,object,1000,0,0.0,"[""-19.0"", ""-19.0"", ""-19.0""]",1000
D2,UCC Beyond Throughput 5G dataset,data/raw/ucc_5g_context/5G-production-dataset/Amazon_Prime/Static/animated-Ninjago/B_2020.01.06_11.40.29.csv,Timestamp,object,1000,0,0.0,"[""2020.01.06_11.40.29"", ""2020.01.06_11.40.29"", ""2020.01.06_11.40.29""]",1000
D2,UCC Beyond Throughput 5G dataset,data/raw/ucc_5g_context/5G-production-dataset/Amazon_Prime/Static/animated-Ninjago/B_2020.01.06_11.40.29.csv,Longitude,float64,1000,0,0.0,"[""-8.394575999999999"", ""-8.394577"", ""-8.394577""]",1000
D2,UCC Beyond Throughput 5G dataset,data/raw/ucc_5g_context/5G-production-dataset/Amazon_Prime/Static/animated-Ninjago/B_2020.01.06_11.40.29.csv,Latitude,float64,1000,0,0.0,"[""51.886123"", ""51.886123"", ""51.886123""]",1000
D2,UCC Beyond Throughput 5G dataset,data/raw/ucc_5g_context/5G-production-dataset/Amazon_Prime/Static/animated-Ninjago/B_2020.01.06_11.40.29.csv,Speed,int64,1000,0,0.0,"[""0"", ""0"", ""0""]",1000
D2,UCC Beyond Throughput 5G dataset,data/raw/ucc_5g_context/5G-production-dataset/Amazon_Prime/Static/animated-Ninjago/B_2020.01.06_11.40.29.csv,Operatorname,object,1000,0,0.0,"[""B"", ""B"", ""B""]",1000
D2,UCC Beyond Throughput 5G dataset,data/raw/ucc_5g_context/5G-production-dataset/Amazon_Prime/Static/animated-Ninjago/B_2020.01.06_11.40.29.csv,CellID,int64,1000,0,0.0,"[""11"", ""11"", ""11""]",1000
D2,UCC Beyond Throughput 5G dataset,data/raw/ucc_5g_context/5G-production-dataset/Amazon_Prime/Static/animated-Ninjago/B_2020.01.06_11.40.29.csv,NetworkMode,object,1000,0,0.0,"[""5G"", ""5G"", ""5G""]",1000
D2,UCC Beyond Throughput 5G dataset,data/raw/ucc_5g_context/5G-production-dataset/Amazon_Prime/Static/animated-Ninjago/B_2020.01.06_11.40.29.csv,RSRP,int64,1000,0,0.0,"[""-100"", ""-100"", ""-99""]",1000
D2,UCC Beyond Throughput 5G dataset,data/raw/ucc_5g_context/5G-production-dataset/Amazon_Prime/Static/animated-Ninjago/B_2020.01.06_11.40.29.csv,RSRQ,object,1000,0,0.0,"[""-10"", ""-10"", ""-9""]",1000
D2,UCC Beyond Throughput 5G dataset,data/raw/ucc_5g_context/5G-production-dataset/Amazon_Prime/Static/animated-Ninjago/B_2020.01.06_11.40.29.csv,SNR,object,1000,0,0.0,"[""-6.0"", ""-6.0"", ""5.0""]",1000
D2,UCC Beyond Throughput 5G dataset,data/raw/ucc_5g_context/5G-production-dataset/Amazon_Prime/Static/animated-Ninjago/B_2020.01.06_11.40.29.csv,CQI,object,1000,0,0.0,"[""14"", ""14"", ""14""]",1000
D2,UCC Beyond Throughput 5G dataset,data/raw/ucc_5g_context/5G-production-dataset/Amazon_Prime/Static/animated-Ninjago/B_2020.01.06_11.40.29.csv,RSSI,object,1000,0,0.0,"[""-"", ""-"", ""-""]",1000
D2,UCC Beyond Throughput 5G dataset,data/raw/ucc_5g_context/5G-production-dataset/Amazon_Prime/Static/animated-Ninjago/B_2020.01.06_11.40.29.csv,DL_bitrate,int64,1000,0,0.0,"[""160"", ""160"", ""74""]",1000
D2,UCC Beyond Throughput 5G dataset,data/raw/ucc_5g_context/5G-production-dataset/Amazon_Prime/Static/animated-Ninjago/B_2020.01.06_11.40.29.csv,UL_bitrate,int64,1000,0,0.0,"[""626"", ""626"", ""582""]",1000
D2,UCC Beyond Throughput 5G dataset,data/raw/ucc_5g_context/5G-production-dataset/Amazon_Prime/Static/animated-Ninjago/B_2020.01.06_11.40.29.csv,State,object,1000,0,0.0,"[""D"", ""D"", ""D""]",1000
D2,UCC Beyond Throughput 5G dataset,data/raw/ucc_5g_context/5G-production-dataset/Amazon_Prime/Static/animated-Ninjago/B_2020.01.06_11.40.29.csv,PINGAVG,object,1000,0,0.0,"[""-"", ""-"", ""-""]",1000
D2,UCC Beyond Throughput 5G dataset,data/raw/ucc_5g_context/5G-production-dataset/Amazon_Prime/Static/animated-Ninjago/B_2020.01.06_11.40.29.csv,PINGMIN,object,1000,0,0.0,"[""-"", ""-"", ""-""]",1000
D2,UCC Beyond Throughput 5G dataset,data/raw/ucc_5g_context/5G-production-dataset/Amazon_Prime/Static/animated-Ninjago/B_2020.01.06_11.40.29.csv,PINGMAX,object,1000,0,0.0,"[""-"", ""-"", ""-""]",1000
D2,UCC Beyond Throughput 5G dataset,data/raw/ucc_5g_context/5G-production-dataset/Amazon_Prime/Static/animated-Ninjago/B_2020.01.06_11.40.29.csv,PINGSTDEV,object,1000,0,0.0,"[""-"", ""-"", ""-""]",1000
D2,UCC Beyond Throughput 5G dataset,data/raw/ucc_5g_context/5G-production-dataset/Amazon_Prime/Static/animated-Ninjago/B_2020.01.06_11.40.29.csv,PINGLOSS,object,1000,0,0.0,"[""-"", ""-"", ""-""]",1000
D2,UCC Beyond Throughput 5G dataset,data/raw/ucc_5g_context/5G-production-dataset/Amazon_Prime/Static/animated-Ninjago/B_2020.01.06_11.40.29.csv,CELLHEX,object,1000,0,0.0,"[""B"", ""B"", ""B""]",1000
D2,UCC Beyond Throughput 5G dataset,data/raw/ucc_5g_context/5G-production-dataset/Amazon_Prime/Static/animated-Ninjago/B_2020.01.06_11.40.29.csv,NODEHEX,object,1000,0,0.0,"[""A4DF"", ""A4DF"", ""A4DF""]",1000
D2,UCC Beyond Throughput 5G dataset,data/raw/ucc_5g_context/5G-production-dataset/Amazon_Prime/Static/animated-Ninjago/B_2020.01.06_11.40.29.csv,LACHEX,object,1000,0,0.0,"[""9CBA"", ""9CBA"", ""9CBA""]",1000
D2,UCC Beyond Throughput 5G dataset,data/raw/ucc_5g_context/5G-production-dataset/Amazon_Prime/Static/animated-Ninjago/B_2020.01.06_11.40.29.csv,RAWCELLID,int64,1000,0,0.0,"[""10805003"", ""10805003"", ""10805003""]",1000
D2,UCC Beyond Throughput 5G dataset,data/raw/ucc_5g_context/5G-production-dataset/Amazon_Prime/Static/animated-Ninjago/B_2020.01.06_11.40.29.csv,NRxRSRP,object,1000,0,0.0,"[""-104.0"", ""-104.0"", ""-105.0""]",1000
D2,UCC Beyond Throughput 5G dataset,data/raw/ucc_5g_context/5G-production-dataset/Amazon_Prime/Static/animated-Ninjago/B_2020.01.06_11.40.29.csv,NRxRSRQ,object,1000,0,0.0,"[""-19.0"", ""-19.0"", ""-11.0""]",1000
D2,UCC Beyond Throughput 5G dataset,data/raw/ucc_5g_context/5G-production-dataset/Download/Driving/B_2019.12.14_10.16.30.csv,Timestamp,object,1000,0,0.0,"[""2019.12.14_10.16.30"", ""2019.12.14_10.16.31"", ""2019.12.14_10.16.31""]",1000
D2,UCC Beyond Throughput 5G dataset,data/raw/ucc_5g_context/5G-production-dataset/Download/Driving/B_2019.12.14_10.16.30.csv,Longitude,float64,1000,0,0.0,"[""-8.388186"", ""-8.38847"", ""-8.38847""]",1000
D2,UCC Beyond Throughput 5G dataset,data/raw/ucc_5g_context/5G-production-dataset/Download/Driving/B_2019.12.14_10.16.30.csv,Latitude,float64,1000,0,0.0,"[""51.935604"", ""51.935739"", ""51.935739""]",1000
D2,UCC Beyond Throughput 5G dataset,data/raw/ucc_5g_context/5G-production-dataset/Download/Driving/B_2019.12.14_10.16.30.csv,Speed,int64,1000,0,0.0,"[""0"", ""1"", ""1""]",1000
D2,UCC Beyond Throughput 5G dataset,data/raw/ucc_5g_context/5G-production-dataset/Download/Driving/B_2019.12.14_10.16.30.csv,Operatorname,object,1000,0,0.0,"[""B"", ""B"", ""B""]",1000
D2,UCC Beyond Throughput 5G dataset,data/raw/ucc_5g_context/5G-production-dataset/Download/Driving/B_2019.12.14_10.16.30.csv,CellID,int64,1000,0,0.0,"[""12"", ""12"", ""12""]",1000
D2,UCC Beyond Throughput 5G dataset,data/raw/ucc_5g_context/5G-production-dataset/Download/Driving/B_2019.12.14_10.16.30.csv,NetworkMode,object,1000,0,0.0,"[""5G"", ""5G"", ""5G""]",1000
D2,UCC Beyond Throughput 5G dataset,data/raw/ucc_5g_context/5G-production-dataset/Download/Driving/B_2019.12.14_10.16.30.csv,RSRP,int64,1000,0,0.0,"[""-99"", ""-99"", ""-99""]",1000
D2,UCC Beyond Throughput 5G dataset,data/raw/ucc_5g_context/5G-production-dataset/Download/Driving/B_2019.12.14_10.16.30.csv,RSRQ,int64,1000,0,0.0,"[""-15"", ""-15"", ""-15""]",1000
D2,UCC Beyond Throughput 5G dataset,data/raw/ucc_5g_context/5G-production-dataset/Download/Driving/B_2019.12.14_10.16.30.csv,SNR,object,1000,0,0.0,"[""6.0"", ""6.0"", ""6.0""]",1000
D2,UCC Beyond Throughput 5G dataset,data/raw/ucc_5g_context/5G-production-dataset/Download/Driving/B_2019.12.14_10.16.30.csv,CQI,object,1000,0,0.0,"[""12"", ""12"", ""12""]",1000
D2,UCC Beyond Throughput 5G dataset,data/raw/ucc_5g_context/5G-production-dataset/Download/Driving/B_2019.12.14_10.16.30.csv,RSSI,object,1000,0,0.0,"[""-90"", ""-90"", ""-90""]",1000
D2,UCC Beyond Throughput 5G dataset,data/raw/ucc_5g_context/5G-production-dataset/Download/Driving/B_2019.12.14_10.16.30.csv,DL_bitrate,int64,1000,0,0.0,"[""7"", ""7"", ""0""]",1000
D2,UCC Beyond Throughput 5G dataset,data/raw/ucc_5g_context/5G-production-dataset/Download/Driving/B_2019.12.14_10.16.30.csv,UL_bitrate,int64,1000,0,0.0,"[""1"", ""1"", ""0""]",1000
D2,UCC Beyond Throughput 5G dataset,data/raw/ucc_5g_context/5G-production-dataset/Download/Driving/B_2019.12.14_10.16.30.csv,State,object,1000,0,0.0,"[""D"", ""D"", ""D""]",1000
D2,UCC Beyond Throughput 5G dataset,data/raw/ucc_5g_context/5G-production-dataset/Download/Driving/B_2019.12.14_10.16.30.csv,PINGAVG,object,1000,0,0.0,"[""-"", ""-"", ""-""]",1000
D2,UCC Beyond Throughput 5G dataset,data/raw/ucc_5g_context/5G-production-dataset/Download/Driving/B_2019.12.14_10.16.30.csv,PINGMIN,object,1000,0,0.0,"[""-"", ""-"", ""-""]",1000
D2,UCC Beyond Throughput 5G dataset,data/raw/ucc_5g_context/5G-production-dataset/Download/Driving/B_2019.12.14_10.16.30.csv,PINGMAX,object,1000,0,0.0,"[""-"", ""-"", ""-""]",1000
D2,UCC Beyond Throughput 5G dataset,data/raw/ucc_5g_context/5G-production-dataset/Download/Driving/B_2019.12.14_10.16.30.csv,PINGSTDEV,object,1000,0,0.0,"[""-"", ""-"", ""-""]",1000
D2,UCC Beyond Throughput 5G dataset,data/raw/ucc_5g_context/5G-production-dataset/Download/Driving/B_2019.12.14_10.16.30.csv,PINGLOSS,object,1000,0,0.0,"[""-"", ""-"", ""-""]",1000
D2,UCC Beyond Throughput 5G dataset,data/raw/ucc_5g_context/5G-production-dataset/Download/Driving/B_2019.12.14_10.16.30.csv,CELLHEX,object,1000,0,0.0,"[""C"", ""C"", ""C""]",1000
D2,UCC Beyond Throughput 5G dataset,data/raw/ucc_5g_context/5G-production-dataset/Download/Driving/B_2019.12.14_10.16.30.csv,NODEHEX,object,1000,0,0.0,"[""A81B"", ""A81B"", ""A81B""]",1000
D2,UCC Beyond Throughput 5G dataset,data/raw/ucc_5g_context/5G-production-dataset/Download/Driving/B_2019.12.14_10.16.30.csv,LACHEX,object,1000,0,0.0,"[""9CBA"", ""9CBA"", ""9CBA""]",1000
D2,UCC Beyond Throughput 5G dataset,data/raw/ucc_5g_context/5G-production-dataset/Download/Driving/B_2019.12.14_10.16.30.csv,RAWCELLID,int64,1000,0,0.0,"[""11016972"", ""11016972"", ""11016972""]",1000
D2,UCC Beyond Throughput 5G dataset,data/raw/ucc_5g_context/5G-production-dataset/Download/Driving/B_2019.12.14_10.16.30.csv,NRxRSRP,object,1000,0,0.0,"[""-100.0"", ""-100.0"", ""-100.0""]",1000
D2,UCC Beyond Throughput 5G dataset,data/raw/ucc_5g_context/5G-production-dataset/Download/Driving/B_2019.12.14_10.16.30.csv,NRxRSRQ,object,1000,0,0.0,"[""-15.0"", ""-15.0"", ""-15.0""]",1000
D2,UCC Beyond Throughput 5G dataset,data/raw/ucc_5g_context/5G-production-dataset/Download/Driving/B_2019.12.16_07.22.43.csv,Timestamp,object,1000,0,0.0,"[""2019.12.16_07.22.43"", ""2019.12.16_07.22.43"", ""2019.12.16_07.22.44""]",1000
D2,UCC Beyond Throughput 5G dataset,data/raw/ucc_5g_context/5G-production-dataset/Download/Driving/B_2019.12.16_07.22.43.csv,Longitude,float64,1000,0,0.0,"[""-8.388197"", ""-8.388197"", ""-8.388396""]",1000
D2,UCC Beyond Throughput 5G dataset,data/raw/ucc_5g_context/5G-production-dataset/Download/Driving/B_2019.12.16_07.22.43.csv,Latitude,float64,1000,0,0.0,"[""51.935609"", ""51.935609"", ""51.935745""]",1000
D2,UCC Beyond Throughput 5G dataset,data/raw/ucc_5g_context/5G-production-dataset/Download/Driving/B_2019.12.16_07.22.43.csv,Speed,int64,1000,0,0.0,"[""0"", ""0"", ""1""]",1000
D2,UCC Beyond Throughput 5G dataset,data/raw/ucc_5g_context/5G-production-dataset/Download/Driving/B_2019.12.16_07.22.43.csv,Operatorname,object,1000,0,0.0,"[""B"", ""B"", ""B""]",1000
D2,UCC Beyond Throughput 5G dataset,data/raw/ucc_5g_context/5G-production-dataset/Download/Driving/B_2019.12.16_07.22.43.csv,CellID,int64,1000,0,0.0,"[""12"", ""12"", ""12""]",1000
D2,UCC Beyond Throughput 5G dataset,data/raw/ucc_5g_context/5G-production-dataset/Download/Driving/B_2019.12.16_07.22.43.csv,NetworkMode,object,1000,0,0.0,"[""5G"", ""5G"", ""5G""]",1000
D2,UCC Beyond Throughput 5G dataset,data/raw/ucc_5g_context/5G-production-dataset/Download/Driving/B_2019.12.16_07.22.43.csv,RSRP,int64,1000,0,0.0,"[""-98"", ""-99"", ""-99""]",1000
D2,UCC Beyond Throughput 5G dataset,data/raw/ucc_5g_context/5G-production-dataset/Download/Driving/B_2019.12.16_07.22.43.csv,RSRQ,int64,1000,0,0.0,"[""-10"", ""-9"", ""-9""]",1000
D2,UCC Beyond Throughput 5G dataset,data/raw/ucc_5g_context/5G-production-dataset/Download/Driving/B_2019.12.16_07.22.43.csv,SNR,float64,1000,0,0.0,"[""3.0"", ""9.0"", ""9.0""]",1000
D2,UCC Beyond Throughput 5G dataset,data/raw/ucc_5g_context/5G-production-dataset/Download/Driving/B_2019.12.16_07.22.43.csv,CQI,int64,1000,0,0.0,"[""12"", ""12"", ""12""]",1000
D2,UCC Beyond Throughput 5G dataset,data/raw/ucc_5g_context/5G-production-dataset/Download/Driving/B_2019.12.16_07.22.43.csv,RSSI,object,1000,0,0.0,"[""-88"", ""-88"", ""-88""]",1000
D2,UCC Beyond Throughput 5G dataset,data/raw/ucc_5g_context/5G-production-dataset/Download/Driving/B_2019.12.16_07.22.43.csv,DL_bitrate,int64,1000,0,0.0,"[""222"", ""8"", ""8""]",1000
D2,UCC Beyond Throughput 5G dataset,data/raw/ucc_5g_context/5G-production-dataset/Download/Driving/B_2019.12.16_07.22.43.csv,UL_bitrate,int64,1000,0,0.0,"[""53"", ""2"", ""2""]",1000
D2,UCC Beyond Throughput 5G dataset,data/raw/ucc_5g_context/5G-production-dataset/Download/Driving/B_2019.12.16_07.22.43.csv,State,object,1000,0,0.0,"[""D"", ""D"", ""D""]",1000
D2,UCC Beyond Throughput 5G dataset,data/raw/ucc_5g_context/5G-production-dataset/Download/Driving/B_2019.12.16_07.22.43.csv,PINGAVG,object,1000,0,0.0,"[""-"", ""-"", ""-""]",1000
D2,UCC Beyond Throughput 5G dataset,data/raw/ucc_5g_context/5G-production-dataset/Download/Driving/B_2019.12.16_07.22.43.csv,PINGMIN,object,1000,0,0.0,"[""-"", ""-"", ""-""]",1000
D2,UCC Beyond Throughput 5G dataset,data/raw/ucc_5g_context/5G-production-dataset/Download/Driving/B_2019.12.16_07.22.43.csv,PINGMAX,object,1000,0,0.0,"[""-"", ""-"", ""-""]",1000
D2,UCC Beyond Throughput 5G dataset,data/raw/ucc_5g_context/5G-production-dataset/Download/Driving/B_2019.12.16_07.22.43.csv,PINGSTDEV,object,1000,0,0.0,"[""-"", ""-"", ""-""]",1000
D2,UCC Beyond Throughput 5G dataset,data/raw/ucc_5g_context/5G-production-dataset/Download/Driving/B_2019.12.16_07.22.43.csv,PINGLOSS,object,1000,0,0.0,"[""-"", ""-"", ""-""]",1000
D2,UCC Beyond Throughput 5G dataset,data/raw/ucc_5g_context/5G-production-dataset/Download/Driving/B_2019.12.16_07.22.43.csv,CELLHEX,object,1000,0,0.0,"[""C"", ""C"", ""C""]",1000
D2,UCC Beyond Throughput 5G dataset,data/raw/ucc_5g_context/5G-production-dataset/Download/Driving/B_2019.12.16_07.22.43.csv,NODEHEX,object,1000,0,0.0,"[""A81B"", ""A81B"", ""A81B""]",1000
D2,UCC Beyond Throughput 5G dataset,data/raw/ucc_5g_context/5G-production-dataset/Download/Driving/B_2019.12.16_07.22.43.csv,LACHEX,object,1000,0,0.0,"[""9CBA"", ""9CBA"", ""9CBA""]",1000
D2,UCC Beyond Throughput 5G dataset,data/raw/ucc_5g_context/5G-production-dataset/Download/Driving/B_2019.12.16_07.22.43.csv,RAWCELLID,int64,1000,0,0.0,"[""11016972"", ""11016972"", ""11016972""]",1000
D2,UCC Beyond Throughput 5G dataset,data/raw/ucc_5g_context/5G-production-dataset/Download/Driving/B_2019.12.16_07.22.43.csv,NRxRSRP,object,1000,0,0.0,"[""-100.0"", ""-100.0"", ""-100.0""]",1000
D2,UCC Beyond Throughput 5G dataset,data/raw/ucc_5g_context/5G-production-dataset/Download/Driving/B_2019.12.16_07.22.43.csv,NRxRSRQ,object,1000,0,0.0,"[""-15.0"", ""-15.0"", ""-15.0""]",1000
D2,UCC Beyond Throughput 5G dataset,data/raw/ucc_5g_context/5G-production-dataset/Download/Driving/B_2019.12.16_11.49.59.csv,Timestamp,object,401,0,0.0,"[""2019.12.16_11.49.59"", ""2019.12.16_11.49.59"", ""2019.12.16_11.49.59""]",1000
D2,UCC Beyond Throughput 5G dataset,data/raw/ucc_5g_context/5G-production-dataset/Download/Driving/B_2019.12.16_11.49.59.csv,Longitude,float64,401,0,0.0,"[""-8.390767"", ""-8.40052"", ""-8.40052""]",1000
D2,UCC Beyond Throughput 5G dataset,data/raw/ucc_5g_context/5G-production-dataset/Download/Driving/B_2019.12.16_11.49.59.csv,Latitude,float64,401,0,0.0,"[""51.917984"", ""51.952999"", ""51.952999""]",1000
D2,UCC Beyond Throughput 5G dataset,data/raw/ucc_5g_context/5G-production-dataset/Download/Driving/B_2019.12.16_11.49.59.csv,Speed,int64,401,0,0.0,"[""0"", ""2"", ""2""]",1000
D2,UCC Beyond Throughput 5G dataset,data/raw/ucc_5g_context/5G-production-dataset/Download/Driving/B_2019.12.16_11.49.59.csv,Operatorname,object,401,0,0.0,"[""B"", ""B"", ""B""]",1000
D2,UCC Beyond Throughput 5G dataset,data/raw/ucc_5g_context/5G-production-dataset/Download/Driving/B_2019.12.16_11.49.59.csv,CellID,int64,401,0,0.0,"[""57661"", ""57661"", ""57661""]",1000
D2,UCC Beyond Throughput 5G dataset,data/raw/ucc_5g_context/5G-production-dataset/Download/Driving/B_2019.12.16_11.49.59.csv,NetworkMode,object,401,0,0.0,"[""HSDPA"", ""HSDPA"", ""HSDPA""]",1000
D2,UCC Beyond Throughput 5G dataset,data/raw/ucc_5g_context/5G-production-dataset/Download/Driving/B_2019.12.16_11.49.59.csv,RSRP,int64,401,0,0.0,"[""-91"", ""-91"", ""-91""]",1000
D2,UCC Beyond Throughput 5G dataset,data/raw/ucc_5g_context/5G-production-dataset/Download/Driving/B_2019.12.16_11.49.59.csv,RSRQ,int64,401,0,0.0,"[""-2"", ""-2"", ""-2""]",1000
D2,UCC Beyond Throughput 5G dataset,data/raw/ucc_5g_context/5G-production-dataset/Download/Driving/B_2019.12.16_11.49.59.csv,SNR,object,401,0,0.0,"[""-"", ""-"", ""-""]",1000
D2,UCC Beyond Throughput 5G dataset,data/raw/ucc_5g_context/5G-production-dataset/Download/Driving/B_2019.12.16_11.49.59.csv,CQI,object,401,0,0.0,"[""-"", ""-"", ""-""]",1000
D2,UCC Beyond Throughput 5G dataset,data/raw/ucc_5g_context/5G-production-dataset/Download/Driving/B_2019.12.16_11.49.59.csv,RSSI,object,401,0,0.0,"[""-"", ""-"", ""-""]",1000
D2,UCC Beyond Throughput 5G dataset,data/raw/ucc_5g_context/5G-production-dataset/Download/Driving/B_2019.12.16_11.49.59.csv,DL_bitrate,int64,401,0,0.0,"[""22"", ""22"", ""73""]",1000
D2,UCC Beyond Throughput 5G dataset,data/raw/ucc_5g_context/5G-production-dataset/Download/Driving/B_2019.12.16_11.49.59.csv,UL_bitrate,int64,401,0,0.0,"[""36"", ""36"", ""27""]",1000
D2,UCC Beyond Throughput 5G dataset,data/raw/ucc_5g_context/5G-production-dataset/Download/Driving/B_2019.12.16_11.49.59.csv,State,object,401,0,0.0,"[""D"", ""D"", ""D""]",1000
D2,UCC Beyond Throughput 5G dataset,data/raw/ucc_5g_context/5G-production-dataset/Download/Driving/B_2019.12.16_11.49.59.csv,PINGAVG,object,401,0,0.0,"[""-"", ""-"", ""-""]",1000
D2,UCC Beyond Throughput 5G dataset,data/raw/ucc_5g_context/5G-production-dataset/Download/Driving/B_2019.12.16_11.49.59.csv,PINGMIN,object,401,0,0.0,"[""-"", ""-"", ""-""]",1000
D2,UCC Beyond Throughput 5G dataset,data/raw/ucc_5g_context/5G-production-dataset/Download/Driving/B_2019.12.16_11.49.59.csv,PINGMAX,object,401,0,0.0,"[""-"", ""-"", ""-""]",1000
D2,UCC Beyond Throughput 5G dataset,data/raw/ucc_5g_context/5G-production-dataset/Download/Driving/B_2019.12.16_11.49.59.csv,PINGSTDEV,object,401,0,0.0,"[""-"", ""-"", ""-""]",1000
D2,UCC Beyond Throughput 5G dataset,data/raw/ucc_5g_context/5G-production-dataset/Download/Driving/B_2019.12.16_11.49.59.csv,PINGLOSS,object,401,0,0.0,"[""-"", ""-"", ""-""]",1000
D2,UCC Beyond Throughput 5G dataset,data/raw/ucc_5g_context/5G-production-dataset/Download/Driving/B_2019.12.16_11.49.59.csv,CELLHEX,object,401,0,0.0,"[""E13D"", ""E13D"", ""E13D""]",1000
D2,UCC Beyond Throughput 5G dataset,data/raw/ucc_5g_context/5G-production-dataset/Download/Driving/B_2019.12.16_11.49.59.csv,NODEHEX,object,401,0,0.0,"[""C"", ""C"", ""C""]",1000
D2,UCC Beyond Throughput 5G dataset,data/raw/ucc_5g_context/5G-production-dataset/Download/Driving/B_2019.12.16_11.49.59.csv,LACHEX,object,401,0,0.0,"[""75AA"", ""75AA"", ""75AA""]",1000
D2,UCC Beyond Throughput 5G dataset,data/raw/ucc_5g_context/5G-production-dataset/Download/Driving/B_2019.12.16_11.49.59.csv,RAWCELLID,int64,401,0,0.0,"[""844093"", ""844093"", ""844093""]",1000
D2,UCC Beyond Throughput 5G dataset,data/raw/ucc_5g_context/5G-production-dataset/Download/Driving/B_2019.12.16_11.49.59.csv,NRxRSRP,int64,401,0,0.0,"[""-51"", ""-51"", ""-51""]",1000
D2,UCC Beyond Throughput 5G dataset,data/raw/ucc_5g_context/5G-production-dataset/Download/Driving/B_2019.12.16_11.49.59.csv,NRxRSRQ,int64,401,0,0.0,"[""-24"", ""-24"", ""-24""]",1000
D2,UCC Beyond Throughput 5G dataset,data/raw/ucc_5g_context/5G-production-dataset/Download/Driving/B_2019.12.16_12.27.05.csv,Timestamp,object,1000,0,0.0,"[""2019.12.16_12.27.05"", ""2019.12.16_12.27.06"", ""2019.12.16_12.27.06""]",1000
D2,UCC Beyond Throughput 5G dataset,data/raw/ucc_5g_context/5G-production-dataset/Download/Driving/B_2019.12.16_12.27.05.csv,Longitude,float64,1000,0,0.0,"[""-8.388209"", ""-8.388363"", ""-8.388363""]",1000
D2,UCC Beyond Throughput 5G dataset,data/raw/ucc_5g_context/5G-production-dataset/Download/Driving/B_2019.12.16_12.27.05.csv,Latitude,float64,1000,0,0.0,"[""51.935592"", ""51.93558"", ""51.93558""]",1000
D2,UCC Beyond Throughput 5G dataset,data/raw/ucc_5g_context/5G-production-dataset/Download/Driving/B_2019.12.16_12.27.05.csv,Speed,int64,1000,0,0.0,"[""0"", ""0"", ""0""]",1000
D2,UCC Beyond Throughput 5G dataset,data/raw/ucc_5g_context/5G-production-dataset/Download/Driving/B_2019.12.16_12.27.05.csv,Operatorname,object,1000,0,0.0,"[""B"", ""B"", ""B""]",1000
D2,UCC Beyond Throughput 5G dataset,data/raw/ucc_5g_context/5G-production-dataset/Download/Driving/B_2019.12.16_12.27.05.csv,CellID,int64,1000,0,0.0,"[""12"", ""12"", ""12""]",1000
D2,UCC Beyond Throughput 5G dataset,data/raw/ucc_5g_context/5G-production-dataset/Download/Driving/B_2019.12.16_12.27.05.csv,NetworkMode,object,1000,0,0.0,"[""5G"", ""5G"", ""5G""]",1000
D2,UCC Beyond Throughput 5G dataset,data/raw/ucc_5g_context/5G-production-dataset/Download/Driving/B_2019.12.16_12.27.05.csv,RSRP,int64,1000,0,0.0,"[""-100"", ""-100"", ""-100""]",1000
D2,UCC Beyond Throughput 5G dataset,data/raw/ucc_5g_context/5G-production-dataset/Download/Driving/B_2019.12.16_12.27.05.csv,RSRQ,int64,1000,0,0.0,"[""-11"", ""-11"", ""-11""]",1000
D2,UCC Beyond Throughput 5G dataset,data/raw/ucc_5g_context/5G-production-dataset/Download/Driving/B_2019.12.16_12.27.05.csv,SNR,object,1000,0,0.0,"[""5.0"", ""5.0"", ""5.0""]",1000
D2,UCC Beyond Throughput 5G dataset,data/raw/ucc_5g_context/5G-production-dataset/Download/Driving/B_2019.12.16_12.27.05.csv,CQI,object,1000,0,0.0,"[""12"", ""12"", ""12""]",1000
D2,UCC Beyond Throughput 5G dataset,data/raw/ucc_5g_context/5G-production-dataset/Download/Driving/B_2019.12.16_12.27.05.csv,RSSI,object,1000,0,0.0,"[""-90"", ""-90"", ""-90""]",1000
D2,UCC Beyond Throughput 5G dataset,data/raw/ucc_5g_context/5G-production-dataset/Download/Driving/B_2019.12.16_12.27.05.csv,DL_bitrate,int64,1000,0,0.0,"[""30"", ""30"", ""2""]",1000
D2,UCC Beyond Throughput 5G dataset,data/raw/ucc_5g_context/5G-production-dataset/Download/Driving/B_2019.12.16_12.27.05.csv,UL_bitrate,int64,1000,0,0.0,"[""8"", ""8"", ""1""]",1000
D2,UCC Beyond Throughput 5G dataset,data/raw/ucc_5g_context/5G-production-dataset/Download/Driving/B_2019.12.16_12.27.05.csv,State,object,1000,0,0.0,"[""D"", ""D"", ""D""]",1000
D2,UCC Beyond Throughput 5G dataset,data/raw/ucc_5g_context/5G-production-dataset/Download/Driving/B_2019.12.16_12.27.05.csv,PINGAVG,object,1000,0,0.0,"[""-"", ""-"", ""-""]",1000
D2,UCC Beyond Throughput 5G dataset,data/raw/ucc_5g_context/5G-production-dataset/Download/Driving/B_2019.12.16_12.27.05.csv,PINGMIN,object,1000,0,0.0,"[""-"", ""-"", ""-""]",1000
D2,UCC Beyond Throughput 5G dataset,data/raw/ucc_5g_context/5G-production-dataset/Download/Driving/B_2019.12.16_12.27.05.csv,PINGMAX,object,1000,0,0.0,"[""-"", ""-"", ""-""]",1000
D2,UCC Beyond Throughput 5G dataset,data/raw/ucc_5g_context/5G-production-dataset/Download/Driving/B_2019.12.16_12.27.05.csv,PINGSTDEV,object,1000,0,0.0,"[""-"", ""-"", ""-""]",1000
D2,UCC Beyond Throughput 5G dataset,data/raw/ucc_5g_context/5G-production-dataset/Download/Driving/B_2019.12.16_12.27.05.csv,PINGLOSS,object,1000,0,0.0,"[""-"", ""-"", ""-""]",1000
D2,UCC Beyond Throughput 5G dataset,data/raw/ucc_5g_context/5G-production-dataset/Download/Driving/B_2019.12.16_12.27.05.csv,CELLHEX,object,1000,0,0.0,"[""C"", ""C"", ""C""]",1000
D2,UCC Beyond Throughput 5G dataset,data/raw/ucc_5g_context/5G-production-dataset/Download/Driving/B_2019.12.16_12.27.05.csv,NODEHEX,object,1000,0,0.0,"[""A81B"", ""A81B"", ""A81B""]",1000
D2,UCC Beyond Throughput 5G dataset,data/raw/ucc_5g_context/5G-production-dataset/Download/Driving/B_2019.12.16_12.27.05.csv,LACHEX,object,1000,0,0.0,"[""9CBA"", ""9CBA"", ""9CBA""]",1000
D2,UCC Beyond Throughput 5G dataset,data/raw/ucc_5g_context/5G-production-dataset/Download/Driving/B_2019.12.16_12.27.05.csv,RAWCELLID,int64,1000,0,0.0,"[""11016972"", ""11016972"", ""11016972""]",1000
D2,UCC Beyond Throughput 5G dataset,data/raw/ucc_5g_context/5G-production-dataset/Download/Driving/B_2019.12.16_12.27.05.csv,NRxRSRP,object,1000,0,0.0,"[""-106.0"", ""-106.0"", ""-106.0""]",1000
D2,UCC Beyond Throughput 5G dataset,data/raw/ucc_5g_context/5G-production-dataset/Download/Driving/B_2019.12.16_12.27.05.csv,NRxRSRQ,object,1000,0,0.0,"[""-13.0"", ""-13.0"", ""-13.0""]",1000
D2,UCC Beyond Throughput 5G dataset,data/raw/ucc_5g_context/5G-production-dataset/Download/Driving/B_2019.12.16_14.23.32.csv,Timestamp,object,1000,0,0.0,"[""2019.12.16_14.23.32"", ""2019.12.16_14.23.32"", ""2019.12.16_14.23.33""]",1000
D2,UCC Beyond Throughput 5G dataset,data/raw/ucc_5g_context/5G-production-dataset/Download/Driving/B_2019.12.16_14.23.32.csv,Longitude,float64,1000,0,0.0,"[""-8.395234"", ""-8.395234"", ""-8.396001""]",1000
D2,UCC Beyond Throughput 5G dataset,data/raw/ucc_5g_context/5G-production-dataset/Download/Driving/B_2019.12.16_14.23.32.csv,Latitude,float64,1000,0,0.0,"[""51.886583"", ""51.886583"", ""51.886804999999995""]",1000
D2,UCC Beyond Throughput 5G dataset,data/raw/ucc_5g_context/5G-production-dataset/Download/Driving/B_2019.12.16_14.23.32.csv,Speed,int64,1000,0,0.0,"[""0"", ""0"", ""1""]",1000
D2,UCC Beyond Throughput 5G dataset,data/raw/ucc_5g_context/5G-production-dataset/Download/Driving/B_2019.12.16_14.23.32.csv,Operatorname,object,1000,0,0.0,"[""B"", ""B"", ""B""]",1000
D2,UCC Beyond Throughput 5G dataset,data/raw/ucc_5g_context/5G-production-dataset/Download/Driving/B_2019.12.16_14.23.32.csv,CellID,int64,1000,0,0.0,"[""11"", ""11"", ""11""]",1000
D2,UCC Beyond Throughput 5G dataset,data/raw/ucc_5g_context/5G-production-dataset/Download/Driving/B_2019.12.16_14.23.32.csv,NetworkMode,object,1000,0,0.0,"[""5G"", ""5G"", ""5G""]",1000
D2,UCC Beyond Throughput 5G dataset,data/raw/ucc_5g_context/5G-production-dataset/Download/Driving/B_2019.12.16_14.23.32.csv,RSRP,int64,1000,0,0.0,"[""-92"", ""-93"", ""-93""]",1000
D2,UCC Beyond Throughput 5G dataset,data/raw/ucc_5g_context/5G-production-dataset/Download/Driving/B_2019.12.16_14.23.32.csv,RSRQ,int64,1000,0,0.0,"[""-19"", ""-19"", ""-19""]",1000
D2,UCC Beyond Throughput 5G dataset,data/raw/ucc_5g_context/5G-production-dataset/Download/Driving/B_2019.12.16_14.23.32.csv,SNR,float64,1000,0,0.0,"[""-11.0"", ""-11.0"", ""-11.0""]",1000
D2,UCC Beyond Throughput 5G dataset,data/raw/ucc_5g_context/5G-production-dataset/Download/Driving/B_2019.12.16_14.23.32.csv,CQI,int64,1000,0,0.0,"[""8"", ""5"", ""5""]",1000
D2,UCC Beyond Throughput 5G dataset,data/raw/ucc_5g_context/5G-production-dataset/Download/Driving/B_2019.12.16_14.23.32.csv,RSSI,object,1000,0,0.0,"[""-85"", ""-75"", ""-75""]",1000
D2,UCC Beyond Throughput 5G dataset,data/raw/ucc_5g_context/5G-production-dataset/Download/Driving/B_2019.12.16_14.23.32.csv,DL_bitrate,int64,1000,0,0.0,"[""100"", ""98"", ""98""]",1000
D2,UCC Beyond Throughput 5G dataset,data/raw/ucc_5g_context/5G-production-dataset/Download/Driving/B_2019.12.16_14.23.32.csv,UL_bitrate,int64,1000,0,0.0,"[""66"", ""36"", ""36""]",1000
D2,UCC Beyond Throughput 5G dataset,data/raw/ucc_5g_context/5G-production-dataset/Download/Driving/B_2019.12.16_14.23.32.csv,State,object,1000,0,0.0,"[""D"", ""D"", ""D""]",1000
D2,UCC Beyond Throughput 5G dataset,data/raw/ucc_5g_context/5G-production-dataset/Download/Driving/B_2019.12.16_14.23.32.csv,PINGAVG,object,1000,0,0.0,"[""-"", ""-"", ""-""]",1000
D2,UCC Beyond Throughput 5G dataset,data/raw/ucc_5g_context/5G-production-dataset/Download/Driving/B_2019.12.16_14.23.32.csv,PINGMIN,object,1000,0,0.0,"[""-"", ""-"", ""-""]",1000
D2,UCC Beyond Throughput 5G dataset,data/raw/ucc_5g_context/5G-production-dataset/Download/Driving/B_2019.12.16_14.23.32.csv,PINGMAX,object,1000,0,0.0,"[""-"", ""-"", ""-""]",1000
D2,UCC Beyond Throughput 5G dataset,data/raw/ucc_5g_context/5G-production-dataset/Download/Driving/B_2019.12.16_14.23.32.csv,PINGSTDEV,object,1000,0,0.0,"[""-"", ""-"", ""-""]",1000
D2,UCC Beyond Throughput 5G dataset,data/raw/ucc_5g_context/5G-production-dataset/Download/Driving/B_2019.12.16_14.23.32.csv,PINGLOSS,object,1000,0,0.0,"[""-"", ""-"", ""-""]",1000
D2,UCC Beyond Throughput 5G dataset,data/raw/ucc_5g_context/5G-production-dataset/Download/Driving/B_2019.12.16_14.23.32.csv,CELLHEX,object,1000,0,0.0,"[""B"", ""B"", ""B""]",1000
D2,UCC Beyond Throughput 5G dataset,data/raw/ucc_5g_context/5G-production-dataset/Download/Driving/B_2019.12.16_14.23.32.csv,NODEHEX,object,1000,0,0.0,"[""A4DF"", ""A4DF"", ""A4DF""]",1000
D2,UCC Beyond Throughput 5G dataset,data/raw/ucc_5g_context/5G-production-dataset/Download/Driving/B_2019.12.16_14.23.32.csv,LACHEX,object,1000,0,0.0,"[""9CBA"", ""9CBA"", ""9CBA""]",1000
D2,UCC Beyond Throughput 5G dataset,data/raw/ucc_5g_context/5G-production-dataset/Download/Driving/B_2019.12.16_14.23.32.csv,RAWCELLID,int64,1000,0,0.0,"[""10805003"", ""10805003"", ""10805003""]",1000
D2,UCC Beyond Throughput 5G dataset,data/raw/ucc_5g_context/5G-production-dataset/Download/Driving/B_2019.12.16_14.23.32.csv,NRxRSRP,object,1000,0,0.0,"[""-91.0"", ""-90.0"", ""-90.0""]",1000
D2,UCC Beyond Throughput 5G dataset,data/raw/ucc_5g_context/5G-production-dataset/Download/Driving/B_2019.12.16_14.23.32.csv,NRxRSRQ,object,1000,0,0.0,"[""-18.0"", ""-17.0"", ""-17.0""]",1000
D2,UCC Beyond Throughput 5G dataset,data/raw/ucc_5g_context/5G-production-dataset/Download/Driving/B_2019.12.17_07.32.39.csv,Timestamp,object,1000,0,0.0,"[""2019.12.17_07.32.39"", ""2019.12.17_07.32.39"", ""2019.12.17_07.32.40""]",1000
D2,UCC Beyond Throughput 5G dataset,data/raw/ucc_5g_context/5G-production-dataset/Download/Driving/B_2019.12.17_07.32.39.csv,Longitude,float64,1000,0,0.0,"[""-8.388195"", ""-8.388195"", ""-8.388401""]",1000
D2,UCC Beyond Throughput 5G dataset,data/raw/ucc_5g_context/5G-production-dataset/Download/Driving/B_2019.12.17_07.32.39.csv,Latitude,float64,1000,0,0.0,"[""51.935601"", ""51.935601"", ""51.93557""]",1000
D2,UCC Beyond Throughput 5G dataset,data/raw/ucc_5g_context/5G-production-dataset/Download/Driving/B_2019.12.17_07.32.39.csv,Speed,int64,1000,0,0.0,"[""0"", ""0"", ""4""]",1000
D2,UCC Beyond Throughput 5G dataset,data/raw/ucc_5g_context/5G-production-dataset/Download/Driving/B_2019.12.17_07.32.39.csv,Operatorname,object,1000,0,0.0,"[""B"", ""B"", ""B""]",1000
D2,UCC Beyond Throughput 5G dataset,data/raw/ucc_5g_context/5G-production-dataset/Download/Driving/B_2019.12.17_07.32.39.csv,CellID,int64,1000,0,0.0,"[""12"", ""12"", ""12""]",1000
D2,UCC Beyond Throughput 5G dataset,data/raw/ucc_5g_context/5G-production-dataset/Download/Driving/B_2019.12.17_07.32.39.csv,NetworkMode,object,1000,0,0.0,"[""5G"", ""5G"", ""5G""]",1000
D2,UCC Beyond Throughput 5G dataset,data/raw/ucc_5g_context/5G-production-dataset/Download/Driving/B_2019.12.17_07.32.39.csv,RSRP,int64,1000,0,0.0,"[""-103"", ""-103"", ""-103""]",1000
D2,UCC Beyond Throughput 5G dataset,data/raw/ucc_5g_context/5G-production-dataset/Download/Driving/B_2019.12.17_07.32.39.csv,RSRQ,int64,1000,0,0.0,"[""-11"", ""-10"", ""-10""]",1000
D2,UCC Beyond Throughput 5G dataset,data/raw/ucc_5g_context/5G-production-dataset/Download/Driving/B_2019.12.17_07.32.39.csv,SNR,float64,1000,0,0.0,"[""0.0"", ""7.0"", ""7.0""]",1000
D2,UCC Beyond Throughput 5G dataset,data/raw/ucc_5g_context/5G-production-dataset/Download/Driving/B_2019.12.17_07.32.39.csv,CQI,int64,1000,0,0.0,"[""11"", ""11"", ""11""]",1000
D2,UCC Beyond Throughput 5G dataset,data/raw/ucc_5g_context/5G-production-dataset/Download/Driving/B_2019.12.17_07.32.39.csv,RSSI,object,1000,0,0.0,"[""-87"", ""-87"", ""-87""]",1000
D2,UCC Beyond Throughput 5G dataset,data/raw/ucc_5g_context/5G-production-dataset/Download/Driving/B_2019.12.17_07.32.39.csv,DL_bitrate,int64,1000,0,0.0,"[""199"", ""1"", ""1""]",1000
D2,UCC Beyond Throughput 5G dataset,data/raw/ucc_5g_context/5G-production-dataset/Download/Driving/B_2019.12.17_07.32.39.csv,UL_bitrate,int64,1000,0,0.0,"[""51"", ""0"", ""0""]",1000
D2,UCC Beyond Throughput 5G dataset,data/raw/ucc_5g_context/5G-production-dataset/Download/Driving/B_2019.12.17_07.32.39.csv,State,object,1000,0,0.0,"[""D"", ""D"", ""D""]",1000
D2,UCC Beyond Throughput 5G dataset,data/raw/ucc_5g_context/5G-production-dataset/Download/Driving/B_2019.12.17_07.32.39.csv,PINGAVG,object,1000,0,0.0,"[""-"", ""-"", ""-""]",1000
D2,UCC Beyond Throughput 5G dataset,data/raw/ucc_5g_context/5G-production-dataset/Download/Driving/B_2019.12.17_07.32.39.csv,PINGMIN,object,1000,0,0.0,"[""-"", ""-"", ""-""]",1000
D2,UCC Beyond Throughput 5G dataset,data/raw/ucc_5g_context/5G-production-dataset/Download/Driving/B_2019.12.17_07.32.39.csv,PINGMAX,object,1000,0,0.0,"[""-"", ""-"", ""-""]",1000
D2,UCC Beyond Throughput 5G dataset,data/raw/ucc_5g_context/5G-production-dataset/Download/Driving/B_2019.12.17_07.32.39.csv,PINGSTDEV,object,1000,0,0.0,"[""-"", ""-"", ""-""]",1000
D2,UCC Beyond Throughput 5G dataset,data/raw/ucc_5g_context/5G-production-dataset/Download/Driving/B_2019.12.17_07.32.39.csv,PINGLOSS,object,1000,0,0.0,"[""-"", ""-"", ""-""]",1000
D2,UCC Beyond Throughput 5G dataset,data/raw/ucc_5g_context/5G-production-dataset/Download/Driving/B_2019.12.17_07.32.39.csv,CELLHEX,object,1000,0,0.0,"[""C"", ""C"", ""C""]",1000
D2,UCC Beyond Throughput 5G dataset,data/raw/ucc_5g_context/5G-production-dataset/Download/Driving/B_2019.12.17_07.32.39.csv,NODEHEX,object,1000,0,0.0,"[""A81B"", ""A81B"", ""A81B""]",1000
D2,UCC Beyond Throughput 5G dataset,data/raw/ucc_5g_context/5G-production-dataset/Download/Driving/B_2019.12.17_07.32.39.csv,LACHEX,object,1000,0,0.0,"[""9CBA"", ""9CBA"", ""9CBA""]",1000
D2,UCC Beyond Throughput 5G dataset,data/raw/ucc_5g_context/5G-production-dataset/Download/Driving/B_2019.12.17_07.32.39.csv,RAWCELLID,int64,1000,0,0.0,"[""11016972"", ""11016972"", ""11016972""]",1000
D2,UCC Beyond Throughput 5G dataset,data/raw/ucc_5g_context/5G-production-dataset/Download/Driving/B_2019.12.17_07.32.39.csv,NRxRSRP,object,1000,0,0.0,"[""-104.0"", ""-104.0"", ""-104.0""]",1000
D2,UCC Beyond Throughput 5G dataset,data/raw/ucc_5g_context/5G-production-dataset/Download/Driving/B_2019.12.17_07.32.39.csv,NRxRSRQ,object,1000,0,0.0,"[""-204.0"", ""-204.0"", ""-204.0""]",1000
D2,UCC Beyond Throughput 5G dataset,data/raw/ucc_5g_context/5G-production-dataset/Download/Driving/B_2020.01.16_07.26.43.csv,Timestamp,object,1000,0,0.0,"[""2020.01.16_07.26.43"", ""2020.01.16_07.26.44"", ""2020.01.16_07.26.45""]",1000
D2,UCC Beyond Throughput 5G dataset,data/raw/ucc_5g_context/5G-production-dataset/Download/Driving/B_2020.01.16_07.26.43.csv,Longitude,float64,1000,0,0.0,"[""-8.388183999999999"", ""-8.388183999999999"", ""-8.388183999999999""]",1000
D2,UCC Beyond Throughput 5G dataset,data/raw/ucc_5g_context/5G-production-dataset/Download/Driving/B_2020.01.16_07.26.43.csv,Latitude,float64,1000,0,0.0,"[""51.935599"", ""51.935599"", ""51.935599""]",1000
D2,UCC Beyond Throughput 5G dataset,data/raw/ucc_5g_context/5G-production-dataset/Download/Driving/B_2020.01.16_07.26.43.csv,Speed,int64,1000,0,0.0,"[""1"", ""1"", ""1""]",1000
D2,UCC Beyond Throughput 5G dataset,data/raw/ucc_5g_context/5G-production-dataset/Download/Driving/B_2020.01.16_07.26.43.csv,Operatorname,object,1000,0,0.0,"[""B"", ""B"", ""B""]",1000
D2,UCC Beyond Throughput 5G dataset,data/raw/ucc_5g_context/5G-production-dataset/Download/Driving/B_2020.01.16_07.26.43.csv,CellID,int64,1000,0,0.0,"[""12"", ""12"", ""12""]",1000
D2,UCC Beyond Throughput 5G dataset,data/raw/ucc_5g_context/5G-production-dataset/Download/Driving/B_2020.01.16_07.26.43.csv,NetworkMode,object,1000,0,0.0,"[""5G"", ""5G"", ""5G""]",1000
D2,UCC Beyond Throughput 5G dataset,data/raw/ucc_5g_context/5G-production-dataset/Download/Driving/B_2020.01.16_07.26.43.csv,RSRP,int64,1000,0,0.0,"[""-104"", ""-104"", ""-104""]",1000
D2,UCC Beyond Throughput 5G dataset,data/raw/ucc_5g_context/5G-production-dataset/Download/Driving/B_2020.01.16_07.26.43.csv,RSRQ,int64,1000,0,0.0,"[""-11"", ""-11"", ""-11""]",1000
D2,UCC Beyond Throughput 5G dataset,data/raw/ucc_5g_context/5G-production-dataset/Download/Driving/B_2020.01.16_07.26.43.csv,SNR,float64,1000,0,0.0,"[""7.0"", ""0.0"", ""0.0""]",1000
D2,UCC Beyond Throughput 5G dataset,data/raw/ucc_5g_context/5G-production-dataset/Download/Driving/B_2020.01.16_07.26.43.csv,CQI,int64,1000,0,0.0,"[""8"", ""8"", ""8""]",1000
D2,UCC Beyond Throughput 5G dataset,data/raw/ucc_5g_context/5G-production-dataset/Download/Driving/B_2020.01.16_07.26.43.csv,RSSI,int64,1000,0,0.0,"[""-105"", ""-105"", ""-105""]",1000
D2,UCC Beyond Throughput 5G dataset,data/raw/ucc_5g_context/5G-production-dataset/Download/Driving/B_2020.01.16_07.26.43.csv,DL_bitrate,int64,1000,0,0.0,"[""0"", ""1"", ""0""]",1000
D2,UCC Beyond Throughput 5G dataset,data/raw/ucc_5g_context/5G-production-dataset/Download/Driving/B_2020.01.16_07.26.43.csv,UL_bitrate,int64,1000,0,0.0,"[""0"", ""1"", ""0""]",1000
D2,UCC Beyond Throughput 5G dataset,data/raw/ucc_5g_context/5G-production-dataset/Download/Driving/B_2020.01.16_07.26.43.csv,State,object,1000,0,0.0,"[""I"", ""D"", ""I""]",1000
D2,UCC Beyond Throughput 5G dataset,data/raw/ucc_5g_context/5G-production-dataset/Download/Driving/B_2020.01.16_07.26.43.csv,PINGAVG,object,1000,0,0.0,"[""-"", ""-"", ""-""]",1000
D2,UCC Beyond Throughput 5G dataset,data/raw/ucc_5g_context/5G-production-dataset/Download/Driving/B_2020.01.16_07.26.43.csv,PINGMIN,object,1000,0,0.0,"[""-"", ""-"", ""-""]",1000
D2,UCC Beyond Throughput 5G dataset,data/raw/ucc_5g_context/5G-production-dataset/Download/Driving/B_2020.01.16_07.26.43.csv,PINGMAX,object,1000,0,0.0,"[""-"", ""-"", ""-""]",1000
D2,UCC Beyond Throughput 5G dataset,data/raw/ucc_5g_context/5G-production-dataset/Download/Driving/B_2020.01.16_07.26.43.csv,PINGSTDEV,object,1000,0,0.0,"[""-"", ""-"", ""-""]",1000
D2,UCC Beyond Throughput 5G dataset,data/raw/ucc_5g_context/5G-production-dataset/Download/Driving/B_2020.01.16_07.26.43.csv,PINGLOSS,object,1000,0,0.0,"[""-"", ""-"", ""-""]",1000
D2,UCC Beyond Throughput 5G dataset,data/raw/ucc_5g_context/5G-production-dataset/Download/Driving/B_2020.01.16_07.26.43.csv,CELLHEX,object,1000,0,0.0,"[""C"", ""C"", ""C""]",1000
D2,UCC Beyond Throughput 5G dataset,data/raw/ucc_5g_context/5G-production-dataset/Download/Driving/B_2020.01.16_07.26.43.csv,NODEHEX,object,1000,0,0.0,"[""A81B"", ""A81B"", ""A81B""]",1000
D2,UCC Beyond Throughput 5G dataset,data/raw/ucc_5g_context/5G-production-dataset/Download/Driving/B_2020.01.16_07.26.43.csv,LACHEX,object,1000,0,0.0,"[""9CBA"", ""9CBA"", ""9CBA""]",1000
D2,UCC Beyond Throughput 5G dataset,data/raw/ucc_5g_context/5G-production-dataset/Download/Driving/B_2020.01.16_07.26.43.csv,RAWCELLID,int64,1000,0,0.0,"[""11016972"", ""11016972"", ""11016972""]",1000
D2,UCC Beyond Throughput 5G dataset,data/raw/ucc_5g_context/5G-production-dataset/Download/Driving/B_2020.01.16_07.26.43.csv,NRxRSRP,object,1000,0,0.0,"[""-107.0"", ""-106.0"", ""-106.0""]",1000
D2,UCC Beyond Throughput 5G dataset,data/raw/ucc_5g_context/5G-production-dataset/Download/Driving/B_2020.01.16_07.26.43.csv,NRxRSRQ,object,1000,0,0.0,"[""-13.0"", ""-12.0"", ""-12.0""]",1000
D2,UCC Beyond Throughput 5G dataset,data/raw/ucc_5g_context/5G-production-dataset/Download/Driving/B_2020.01.16_09.56.56.csv,Timestamp,object,1000,0,0.0,"[""2020.01.16_09.56.56"", ""2020.01.16_09.56.57"", ""2020.01.16_09.56.57""]",1000
D2,UCC Beyond Throughput 5G dataset,data/raw/ucc_5g_context/5G-production-dataset/Download/Driving/B_2020.01.16_09.56.56.csv,Longitude,float64,1000,0,0.0,"[""-8.506829"", ""-8.506205"", ""-8.506205""]",1000
D2,UCC Beyond Throughput 5G dataset,data/raw/ucc_5g_context/5G-production-dataset/Download/Driving/B_2020.01.16_09.56.56.csv,Latitude,float64,1000,0,0.0,"[""51.901234"", ""51.900914"", ""51.900914""]",1000
D2,UCC Beyond Throughput 5G dataset,data/raw/ucc_5g_context/5G-production-dataset/Download/Driving/B_2020.01.16_09.56.56.csv,Speed,int64,1000,0,0.0,"[""0"", ""1"", ""1""]",1000
D2,UCC Beyond Throughput 5G dataset,data/raw/ucc_5g_context/5G-production-dataset/Download/Driving/B_2020.01.16_09.56.56.csv,Operatorname,object,1000,0,0.0,"[""B"", ""B"", ""B""]",1000
D2,UCC Beyond Throughput 5G dataset,data/raw/ucc_5g_context/5G-production-dataset/Download/Driving/B_2020.01.16_09.56.56.csv,CellID,int64,1000,0,0.0,"[""13"", ""13"", ""13""]",1000
D2,UCC Beyond Throughput 5G dataset,data/raw/ucc_5g_context/5G-production-dataset/Download/Driving/B_2020.01.16_09.56.56.csv,NetworkMode,object,1000,0,0.0,"[""5G"", ""5G"", ""5G""]",1000
D2,UCC Beyond Throughput 5G dataset,data/raw/ucc_5g_context/5G-production-dataset/Download/Driving/B_2020.01.16_09.56.56.csv,RSRP,int64,1000,0,0.0,"[""-99"", ""-99"", ""-99""]",1000
D2,UCC Beyond Throughput 5G dataset,data/raw/ucc_5g_context/5G-production-dataset/Download/Driving/B_2020.01.16_09.56.56.csv,RSRQ,int64,1000,0,0.0,"[""-10"", ""-10"", ""-10""]",1000
D2,UCC Beyond Throughput 5G dataset,data/raw/ucc_5g_context/5G-production-dataset/Download/Driving/B_2020.01.16_09.56.56.csv,SNR,float64,1000,0,0.0,"[""4.0"", ""4.0"", ""4.0""]",1000
D2,UCC Beyond Throughput 5G dataset,data/raw/ucc_5g_context/5G-production-dataset/Download/Driving/B_2020.01.16_09.56.56.csv,CQI,int64,1000,0,0.0,"[""11"", ""11"", ""11""]",1000
D2,UCC Beyond Throughput 5G dataset,data/raw/ucc_5g_context/5G-production-dataset/Download/Driving/B_2020.01.16_09.56.56.csv,RSSI,int64,1000,0,0.0,"[""-101"", ""-95"", ""-95""]",1000
D2,UCC Beyond Throughput 5G dataset,data/raw/ucc_5g_context/5G-production-dataset/Download/Driving/B_2020.01.16_09.56.56.csv,DL_bitrate,int64,1000,0,0.0,"[""129"", ""129"", ""1""]",1000
D2,UCC Beyond Throughput 5G dataset,data/raw/ucc_5g_context/5G-production-dataset/Download/Driving/B_2020.01.16_09.56.56.csv,UL_bitrate,int64,1000,0,0.0,"[""27"", ""27"", ""2""]",1000
D2,UCC Beyond Throughput 5G dataset,data/raw/ucc_5g_context/5G-production-dataset/Download/Driving/B_2020.01.16_09.56.56.csv,State,object,1000,0,0.0,"[""D"", ""D"", ""D""]",1000
D2,UCC Beyond Throughput 5G dataset,data/raw/ucc_5g_context/5G-production-dataset/Download/Driving/B_2020.01.16_09.56.56.csv,PINGAVG,object,1000,0,0.0,"[""-"", ""-"", ""-""]",1000
D2,UCC Beyond Throughput 5G dataset,data/raw/ucc_5g_context/5G-production-dataset/Download/Driving/B_2020.01.16_09.56.56.csv,PINGMIN,object,1000,0,0.0,"[""-"", ""-"", ""-""]",1000
D2,UCC Beyond Throughput 5G dataset,data/raw/ucc_5g_context/5G-production-dataset/Download/Driving/B_2020.01.16_09.56.56.csv,PINGMAX,object,1000,0,0.0,"[""-"", ""-"", ""-""]",1000
D2,UCC Beyond Throughput 5G dataset,data/raw/ucc_5g_context/5G-production-dataset/Download/Driving/B_2020.01.16_09.56.56.csv,PINGSTDEV,object,1000,0,0.0,"[""-"", ""-"", ""-""]",1000
D2,UCC Beyond Throughput 5G dataset,data/raw/ucc_5g_context/5G-production-dataset/Download/Driving/B_2020.01.16_09.56.56.csv,PINGLOSS,object,1000,0,0.0,"[""-"", ""-"", ""-""]",1000
D2,UCC Beyond Throughput 5G dataset,data/raw/ucc_5g_context/5G-production-dataset/Download/Driving/B_2020.01.16_09.56.56.csv,CELLHEX,object,1000,0,0.0,"[""D"", ""D"", ""D""]",1000
D2,UCC Beyond Throughput 5G dataset,data/raw/ucc_5g_context/5G-production-dataset/Download/Driving/B_2020.01.16_09.56.56.csv,NODEHEX,object,1000,0,0.0,"[""A705"", ""A705"", ""A705""]",1000
D2,UCC Beyond Throughput 5G dataset,data/raw/ucc_5g_context/5G-production-dataset/Download/Driving/B_2020.01.16_09.56.56.csv,LACHEX,object,1000,0,0.0,"[""9CBA"", ""9CBA"", ""9CBA""]",1000
D2,UCC Beyond Throughput 5G dataset,data/raw/ucc_5g_context/5G-production-dataset/Download/Driving/B_2020.01.16_09.56.56.csv,RAWCELLID,int64,1000,0,0.0,"[""10945805"", ""10945805"", ""10945805""]",1000
D2,UCC Beyond Throughput 5G dataset,data/raw/ucc_5g_context/5G-production-dataset/Download/Driving/B_2020.01.16_09.56.56.csv,NRxRSRP,object,1000,0,0.0,"[""-100.0"", ""-100.0"", ""-100.0""]",1000
D2,UCC Beyond Throughput 5G dataset,data/raw/ucc_5g_context/5G-production-dataset/Download/Driving/B_2020.01.16_09.56.56.csv,NRxRSRQ,object,1000,0,0.0,"[""2147483647.0"", ""2147483647.0"", ""2147483647.0""]",1000
D2,UCC Beyond Throughput 5G dataset,data/raw/ucc_5g_context/5G-production-dataset/Download/Driving/B_2020.01.16_12.10.03.csv,Timestamp,object,384,0,0.0,"[""2020.01.16_12.10.03"", ""2020.01.16_12.10.03"", ""2020.01.16_12.10.04""]",1000
D2,UCC Beyond Throughput 5G dataset,data/raw/ucc_5g_context/5G-production-dataset/Download/Driving/B_2020.01.16_12.10.03.csv,Longitude,float64,384,0,0.0,"[""-8.396377000000001"", ""-8.396377000000001"", ""-8.396357""]",1000
D2,UCC Beyond Throughput 5G dataset,data/raw/ucc_5g_context/5G-production-dataset/Download/Driving/B_2020.01.16_12.10.03.csv,Latitude,float64,384,0,0.0,"[""51.886662"", ""51.886662"", ""51.886663""]",1000
D2,UCC Beyond Throughput 5G dataset,data/raw/ucc_5g_context/5G-production-dataset/Download/Driving/B_2020.01.16_12.10.03.csv,Speed,int64,384,0,0.0,"[""1"", ""1"", ""2""]",1000
D2,UCC Beyond Throughput 5G dataset,data/raw/ucc_5g_context/5G-production-dataset/Download/Driving/B_2020.01.16_12.10.03.csv,Operatorname,object,384,0,0.0,"[""B"", ""B"", ""B""]",1000
D2,UCC Beyond Throughput 5G dataset,data/raw/ucc_5g_context/5G-production-dataset/Download/Driving/B_2020.01.16_12.10.03.csv,CellID,int64,384,0,0.0,"[""11"", ""11"", ""11""]",1000
D2,UCC Beyond Throughput 5G dataset,data/raw/ucc_5g_context/5G-production-dataset/Download/Driving/B_2020.01.16_12.10.03.csv,NetworkMode,object,384,0,0.0,"[""5G"", ""5G"", ""5G""]",1000
D2,UCC Beyond Throughput 5G dataset,data/raw/ucc_5g_context/5G-production-dataset/Download/Driving/B_2020.01.16_12.10.03.csv,RSRP,int64,384,0,0.0,"[""-100"", ""-100"", ""-100""]",1000
D2,UCC Beyond Throughput 5G dataset,data/raw/ucc_5g_context/5G-production-dataset/Download/Driving/B_2020.01.16_12.10.03.csv,RSRQ,int64,384,0,0.0,"[""-18"", ""-18"", ""-18""]",1000
D2,UCC Beyond Throughput 5G dataset,data/raw/ucc_5g_context/5G-production-dataset/Download/Driving/B_2020.01.16_12.10.03.csv,SNR,float64,384,0,0.0,"[""-9.0"", ""-9.0"", ""-9.0""]",1000
D2,UCC Beyond Throughput 5G dataset,data/raw/ucc_5g_context/5G-production-dataset/Download/Driving/B_2020.01.16_12.10.03.csv,CQI,int64,384,0,0.0,"[""9"", ""9"", ""9""]",1000
D2,UCC Beyond Throughput 5G dataset,data/raw/ucc_5g_context/5G-production-dataset/Download/Driving/B_2020.01.16_12.10.03.csv,RSSI,int64,384,0,0.0,"[""-101"", ""-101"", ""-105""]",1000
D2,UCC Beyond Throughput 5G dataset,data/raw/ucc_5g_context/5G-production-dataset/Download/Driving/B_2020.01.16_12.10.03.csv,DL_bitrate,int64,384,0,0.0,"[""1"", ""1"", ""1""]",1000
D2,UCC Beyond Throughput 5G dataset,data/raw/ucc_5g_context/5G-production-dataset/Download/Driving/B_2020.01.16_12.10.03.csv,UL_bitrate,int64,384,0,0.0,"[""0"", ""2"", ""2""]",1000
D2,UCC Beyond Throughput 5G dataset,data/raw/ucc_5g_context/5G-production-dataset/Download/Driving/B_2020.01.16_12.10.03.csv,State,object,384,0,0.0,"[""D"", ""D"", ""D""]",1000
D2,UCC Beyond Throughput 5G dataset,data/raw/ucc_5g_context/5G-production-dataset/Download/Driving/B_2020.01.16_12.10.03.csv,PINGAVG,object,384,0,0.0,"[""-"", ""-"", ""-""]",1000
D2,UCC Beyond Throughput 5G dataset,data/raw/ucc_5g_context/5G-production-dataset/Download/Driving/B_2020.01.16_12.10.03.csv,PINGMIN,object,384,0,0.0,"[""-"", ""-"", ""-""]",1000
D2,UCC Beyond Throughput 5G dataset,data/raw/ucc_5g_context/5G-production-dataset/Download/Driving/B_2020.01.16_12.10.03.csv,PINGMAX,object,384,0,0.0,"[""-"", ""-"", ""-""]",1000
D2,UCC Beyond Throughput 5G dataset,data/raw/ucc_5g_context/5G-production-dataset/Download/Driving/B_2020.01.16_12.10.03.csv,PINGSTDEV,object,384,0,0.0,"[""-"", ""-"", ""-""]",1000
D2,UCC Beyond Throughput 5G dataset,data/raw/ucc_5g_context/5G-production-dataset/Download/Driving/B_2020.01.16_12.10.03.csv,PINGLOSS,object,384,0,0.0,"[""-"", ""-"", ""-""]",1000
D2,UCC Beyond Throughput 5G dataset,data/raw/ucc_5g_context/5G-production-dataset/Download/Driving/B_2020.01.16_12.10.03.csv,CELLHEX,object,384,0,0.0,"[""B"", ""B"", ""B""]",1000
D2,UCC Beyond Throughput 5G dataset,data/raw/ucc_5g_context/5G-production-dataset/Download/Driving/B_2020.01.16_12.10.03.csv,NODEHEX,object,384,0,0.0,"[""A4DF"", ""A4DF"", ""A4DF""]",1000
D2,UCC Beyond Throughput 5G dataset,data/raw/ucc_5g_context/5G-production-dataset/Download/Driving/B_2020.01.16_12.10.03.csv,LACHEX,object,384,0,0.0,"[""9CBA"", ""9CBA"", ""9CBA""]",1000
D2,UCC Beyond Throughput 5G dataset,data/raw/ucc_5g_context/5G-production-dataset/Download/Driving/B_2020.01.16_12.10.03.csv,RAWCELLID,int64,384,0,0.0,"[""10805003"", ""10805003"", ""10805003""]",1000
D2,UCC Beyond Throughput 5G dataset,data/raw/ucc_5g_context/5G-production-dataset/Download/Driving/B_2020.01.16_12.10.03.csv,NRxRSRP,object,384,0,0.0,"[""-99.0"", ""-99.0"", ""-99.0""]",1000
D2,UCC Beyond Throughput 5G dataset,data/raw/ucc_5g_context/5G-production-dataset/Download/Driving/B_2020.01.16_12.10.03.csv,NRxRSRQ,object,384,0,0.0,"[""-16.0"", ""-16.0"", ""-16.0""]",1000
D2,UCC Beyond Throughput 5G dataset,data/raw/ucc_5g_context/5G-production-dataset/Download/Driving/B_2020.02.13_13.03.24.csv,Timestamp,object,1000,0,0.0,"[""2020.02.13_13.03.24"", ""2020.02.13_13.03.24"", ""2020.02.13_13.03.25""]",1000
D2,UCC Beyond Throughput 5G dataset,data/raw/ucc_5g_context/5G-production-dataset/Download/Driving/B_2020.02.13_13.03.24.csv,Longitude,float64,1000,0,0.0,"[""-8.388185"", ""-8.388186"", ""-8.388186""]",1000
D2,UCC Beyond Throughput 5G dataset,data/raw/ucc_5g_context/5G-production-dataset/Download/Driving/B_2020.02.13_13.03.24.csv,Latitude,float64,1000,0,0.0,"[""51.935607"", ""51.935634"", ""51.935634""]",1000
D2,UCC Beyond Throughput 5G dataset,data/raw/ucc_5g_context/5G-production-dataset/Download/Driving/B_2020.02.13_13.03.24.csv,Speed,int64,1000,0,0.0,"[""0"", ""0"", ""0""]",1000
D2,UCC Beyond Throughput 5G dataset,data/raw/ucc_5g_context/5G-production-dataset/Download/Driving/B_2020.02.13_13.03.24.csv,Operatorname,object,1000,0,0.0,"[""B"", ""B"", ""B""]",1000
D2,UCC Beyond Throughput 5G dataset,data/raw/ucc_5g_context/5G-production-dataset/Download/Driving/B_2020.02.13_13.03.24.csv,CellID,int64,1000,0,0.0,"[""12"", ""12"", ""12""]",1000
D2,UCC Beyond Throughput 5G dataset,data/raw/ucc_5g_context/5G-production-dataset/Download/Driving/B_2020.02.13_13.03.24.csv,NetworkMode,object,1000,0,0.0,"[""5G"", ""5G"", ""5G""]",1000
D2,UCC Beyond Throughput 5G dataset,data/raw/ucc_5g_context/5G-production-dataset/Download/Driving/B_2020.02.13_13.03.24.csv,RSRP,int64,1000,0,0.0,"[""-100"", ""-100"", ""-100""]",1000
D2,UCC Beyond Throughput 5G dataset,data/raw/ucc_5g_context/5G-production-dataset/Download/Driving/B_2020.02.13_13.03.24.csv,RSRQ,object,1000,0,0.0,"[""-13"", ""-13"", ""-13""]",1000
D2,UCC Beyond Throughput 5G dataset,data/raw/ucc_5g_context/5G-production-dataset/Download/Driving/B_2020.02.13_13.03.24.csv,SNR,object,1000,0,0.0,"[""1.0"", ""1.0"", ""1.0""]",1000
D2,UCC Beyond Throughput 5G dataset,data/raw/ucc_5g_context/5G-production-dataset/Download/Driving/B_2020.02.13_13.03.24.csv,CQI,object,1000,0,0.0,"[""13"", ""13"", ""13""]",1000
D2,UCC Beyond Throughput 5G dataset,data/raw/ucc_5g_context/5G-production-dataset/Download/Driving/B_2020.02.13_13.03.24.csv,RSSI,object,1000,0,0.0,"[""-103"", ""-103"", ""-103""]",1000
D2,UCC Beyond Throughput 5G dataset,data/raw/ucc_5g_context/5G-production-dataset/Download/Driving/B_2020.02.13_13.03.24.csv,DL_bitrate,int64,1000,0,0.0,"[""24"", ""24"", ""3""]",1000
D2,UCC Beyond Throughput 5G dataset,data/raw/ucc_5g_context/5G-production-dataset/Download/Driving/B_2020.02.13_13.03.24.csv,UL_bitrate,int64,1000,0,0.0,"[""3"", ""3"", ""5""]",1000
D2,UCC Beyond Throughput 5G dataset,data/raw/ucc_5g_context/5G-production-dataset/Download/Driving/B_2020.02.13_13.03.24.csv,State,object,1000,0,0.0,"[""D"", ""D"", ""D""]",1000
D2,UCC Beyond Throughput 5G dataset,data/raw/ucc_5g_context/5G-production-dataset/Download/Driving/B_2020.02.13_13.03.24.csv,PINGAVG,object,1000,0,0.0,"[""-"", ""-"", ""-""]",1000
D2,UCC Beyond Throughput 5G dataset,data/raw/ucc_5g_context/5G-production-dataset/Download/Driving/B_2020.02.13_13.03.24.csv,PINGMIN,object,1000,0,0.0,"[""-"", ""-"", ""-""]",1000
D2,UCC Beyond Throughput 5G dataset,data/raw/ucc_5g_context/5G-production-dataset/Download/Driving/B_2020.02.13_13.03.24.csv,PINGMAX,object,1000,0,0.0,"[""-"", ""-"", ""-""]",1000
D2,UCC Beyond Throughput 5G dataset,data/raw/ucc_5g_context/5G-production-dataset/Download/Driving/B_2020.02.13_13.03.24.csv,PINGSTDEV,object,1000,0,0.0,"[""-"", ""-"", ""-""]",1000
D2,UCC Beyond Throughput 5G dataset,data/raw/ucc_5g_context/5G-production-dataset/Download/Driving/B_2020.02.13_13.03.24.csv,PINGLOSS,object,1000,0,0.0,"[""-"", ""-"", ""-""]",1000
D2,UCC Beyond Throughput 5G dataset,data/raw/ucc_5g_context/5G-production-dataset/Download/Driving/B_2020.02.13_13.03.24.csv,CELLHEX,object,1000,0,0.0,"[""C"", ""C"", ""C""]",1000
D2,UCC Beyond Throughput 5G dataset,data/raw/ucc_5g_context/5G-production-dataset/Download/Driving/B_2020.02.13_13.03.24.csv,NODEHEX,object,1000,0,0.0,"[""A81B"", ""A81B"", ""A81B""]",1000
D2,UCC Beyond Throughput 5G dataset,data/raw/ucc_5g_context/5G-production-dataset/Download/Driving/B_2020.02.13_13.03.24.csv,LACHEX,object,1000,0,0.0,"[""9CBA"", ""9CBA"", ""9CBA""]",1000
D2,UCC Beyond Throughput 5G dataset,data/raw/ucc_5g_context/5G-production-dataset/Download/Driving/B_2020.02.13_13.03.24.csv,RAWCELLID,int64,1000,0,0.0,"[""11016972"", ""11016972"", ""11016972""]",1000
D2,UCC Beyond Throughput 5G dataset,data/raw/ucc_5g_context/5G-production-dataset/Download/Driving/B_2020.02.13_13.03.24.csv,NRxRSRP,object,1000,0,0.0,"[""-103.0"", ""-103.0"", ""-103.0""]",1000
D2,UCC Beyond Throughput 5G dataset,data/raw/ucc_5g_context/5G-production-dataset/Download/Driving/B_2020.02.13_13.03.24.csv,NRxRSRQ,object,1000,0,0.0,"[""-14.0"", ""-14.0"", ""-14.0""]",1000
D2,UCC Beyond Throughput 5G dataset,data/raw/ucc_5g_context/5G-production-dataset/Download/Driving/B_2020.02.13_15.02.01.csv,Timestamp,object,1000,0,0.0,"[""2020.02.13_15.02.01"", ""2020.02.13_15.02.02"", ""2020.02.13_15.02.03""]",1000
D2,UCC Beyond Throughput 5G dataset,data/raw/ucc_5g_context/5G-production-dataset/Download/Driving/B_2020.02.13_15.02.01.csv,Longitude,float64,1000,0,0.0,"[""-8.396102"", ""-8.396102"", ""-8.396102""]",1000
D2,UCC Beyond Throughput 5G dataset,data/raw/ucc_5g_context/5G-production-dataset/Download/Driving/B_2020.02.13_15.02.01.csv,Latitude,float64,1000,0,0.0,"[""51.887069"", ""51.887069"", ""51.887069""]",1000
D2,UCC Beyond Throughput 5G dataset,data/raw/ucc_5g_context/5G-production-dataset/Download/Driving/B_2020.02.13_15.02.01.csv,Speed,int64,1000,0,0.0,"[""0"", ""0"", ""0""]",1000
D2,UCC Beyond Throughput 5G dataset,data/raw/ucc_5g_context/5G-production-dataset/Download/Driving/B_2020.02.13_15.02.01.csv,Operatorname,object,1000,0,0.0,"[""B"", ""B"", ""B""]",1000
D2,UCC Beyond Throughput 5G dataset,data/raw/ucc_5g_context/5G-production-dataset/Download/Driving/B_2020.02.13_15.02.01.csv,CellID,int64,1000,0,0.0,"[""11"", ""11"", ""11""]",1000
D2,UCC Beyond Throughput 5G dataset,data/raw/ucc_5g_context/5G-production-dataset/Download/Driving/B_2020.02.13_15.02.01.csv,NetworkMode,object,1000,0,0.0,"[""5G"", ""5G"", ""5G""]",1000
D2,UCC Beyond Throughput 5G dataset,data/raw/ucc_5g_context/5G-production-dataset/Download/Driving/B_2020.02.13_15.02.01.csv,RSRP,int64,1000,0,0.0,"[""-93"", ""-94"", ""-94""]",1000
D2,UCC Beyond Throughput 5G dataset,data/raw/ucc_5g_context/5G-production-dataset/Download/Driving/B_2020.02.13_15.02.01.csv,RSRQ,int64,1000,0,0.0,"[""-15"", ""-17"", ""-17""]",1000
D2,UCC Beyond Throughput 5G dataset,data/raw/ucc_5g_context/5G-production-dataset/Download/Driving/B_2020.02.13_15.02.01.csv,SNR,float64,1000,0,0.0,"[""-3.0"", ""-7.0"", ""-7.0""]",1000
D2,UCC Beyond Throughput 5G dataset,data/raw/ucc_5g_context/5G-production-dataset/Download/Driving/B_2020.02.13_15.02.01.csv,CQI,int64,1000,0,0.0,"[""10"", ""11"", ""11""]",1000
D2,UCC Beyond Throughput 5G dataset,data/raw/ucc_5g_context/5G-production-dataset/Download/Driving/B_2020.02.13_15.02.01.csv,RSSI,int64,1000,0,0.0,"[""-107"", ""-109"", ""-107""]",1000
D2,UCC Beyond Throughput 5G dataset,data/raw/ucc_5g_context/5G-production-dataset/Download/Driving/B_2020.02.13_15.02.01.csv,DL_bitrate,int64,1000,0,0.0,"[""0"", ""0"", ""0""]",1000
D2,UCC Beyond Throughput 5G dataset,data/raw/ucc_5g_context/5G-production-dataset/Download/Driving/B_2020.02.13_15.02.01.csv,UL_bitrate,int64,1000,0,0.0,"[""0"", ""0"", ""0""]",1000
D2,UCC Beyond Throughput 5G dataset,data/raw/ucc_5g_context/5G-production-dataset/Download/Driving/B_2020.02.13_15.02.01.csv,State,object,1000,0,0.0,"[""I"", ""I"", ""I""]",1000
D2,UCC Beyond Throughput 5G dataset,data/raw/ucc_5g_context/5G-production-dataset/Download/Driving/B_2020.02.13_15.02.01.csv,PINGAVG,object,1000,0,0.0,"[""-"", ""-"", ""-""]",1000
D2,UCC Beyond Throughput 5G dataset,data/raw/ucc_5g_context/5G-production-dataset/Download/Driving/B_2020.02.13_15.02.01.csv,PINGMIN,object,1000,0,0.0,"[""-"", ""-"", ""-""]",1000
D2,UCC Beyond Throughput 5G dataset,data/raw/ucc_5g_context/5G-production-dataset/Download/Driving/B_2020.02.13_15.02.01.csv,PINGMAX,object,1000,0,0.0,"[""-"", ""-"", ""-""]",1000
D2,UCC Beyond Throughput 5G dataset,data/raw/ucc_5g_context/5G-production-dataset/Download/Driving/B_2020.02.13_15.02.01.csv,PINGSTDEV,object,1000,0,0.0,"[""-"", ""-"", ""-""]",1000
D2,UCC Beyond Throughput 5G dataset,data/raw/ucc_5g_context/5G-production-dataset/Download/Driving/B_2020.02.13_15.02.01.csv,PINGLOSS,object,1000,0,0.0,"[""-"", ""-"", ""-""]",1000
D2,UCC Beyond Throughput 5G dataset,data/raw/ucc_5g_context/5G-production-dataset/Download/Driving/B_2020.02.13_15.02.01.csv,CELLHEX,object,1000,0,0.0,"[""B"", ""B"", ""B""]",1000
D2,UCC Beyond Throughput 5G dataset,data/raw/ucc_5g_context/5G-production-dataset/Download/Driving/B_2020.02.13_15.02.01.csv,NODEHEX,object,1000,0,0.0,"[""A4DF"", ""A4DF"", ""A4DF""]",1000
D2,UCC Beyond Throughput 5G dataset,data/raw/ucc_5g_context/5G-production-dataset/Download/Driving/B_2020.02.13_15.02.01.csv,LACHEX,object,1000,0,0.0,"[""9CBA"", ""9CBA"", ""9CBA""]",1000
D2,UCC Beyond Throughput 5G dataset,data/raw/ucc_5g_context/5G-production-dataset/Download/Driving/B_2020.02.13_15.02.01.csv,RAWCELLID,int64,1000,0,0.0,"[""10805003"", ""10805003"", ""10805003""]",1000
D2,UCC Beyond Throughput 5G dataset,data/raw/ucc_5g_context/5G-production-dataset/Download/Driving/B_2020.02.13_15.02.01.csv,NRxRSRP,object,1000,0,0.0,"[""-93.0"", ""-92.0"", ""-92.0""]",1000
D2,UCC Beyond Throughput 5G dataset,data/raw/ucc_5g_context/5G-production-dataset/Download/Driving/B_2020.02.13_15.02.01.csv,NRxRSRQ,object,1000,0,0.0,"[""-13.0"", ""-14.0"", ""-14.0""]",1000
D2,UCC Beyond Throughput 5G dataset,data/raw/ucc_5g_context/5G-production-dataset/Download/Driving/B_2020.02.14_07.29.00.csv,Timestamp,object,1000,0,0.0,"[""2020.02.14_07.29.00"", ""2020.02.14_07.29.00"", ""2020.02.14_07.29.01""]",1000
D2,UCC Beyond Throughput 5G dataset,data/raw/ucc_5g_context/5G-production-dataset/Download/Driving/B_2020.02.14_07.29.00.csv,Longitude,float64,1000,0,0.0,"[""-8.388198"", ""-8.388198"", ""-8.388252""]",1000
D2,UCC Beyond Throughput 5G dataset,data/raw/ucc_5g_context/5G-production-dataset/Download/Driving/B_2020.02.14_07.29.00.csv,Latitude,float64,1000,0,0.0,"[""51.935590000000005"", ""51.935590000000005"", ""51.935459""]",1000
D2,UCC Beyond Throughput 5G dataset,data/raw/ucc_5g_context/5G-production-dataset/Download/Driving/B_2020.02.14_07.29.00.csv,Speed,int64,1000,0,0.0,"[""0"", ""0"", ""0""]",1000
D2,UCC Beyond Throughput 5G dataset,data/raw/ucc_5g_context/5G-production-dataset/Download/Driving/B_2020.02.14_07.29.00.csv,Operatorname,object,1000,0,0.0,"[""B"", ""B"", ""B""]",1000
D2,UCC Beyond Throughput 5G dataset,data/raw/ucc_5g_context/5G-production-dataset/Download/Driving/B_2020.02.14_07.29.00.csv,CellID,int64,1000,0,0.0,"[""2"", ""2"", ""2""]",1000
D2,UCC Beyond Throughput 5G dataset,data/raw/ucc_5g_context/5G-production-dataset/Download/Driving/B_2020.02.14_07.29.00.csv,NetworkMode,object,1000,0,0.0,"[""LTE"", ""LTE"", ""LTE""]",1000
D2,UCC Beyond Throughput 5G dataset,data/raw/ucc_5g_context/5G-production-dataset/Download/Driving/B_2020.02.14_07.29.00.csv,RSRP,int64,1000,0,0.0,"[""-90"", ""-90"", ""-90""]",1000
D2,UCC Beyond Throughput 5G dataset,data/raw/ucc_5g_context/5G-production-dataset/Download/Driving/B_2020.02.14_07.29.00.csv,RSRQ,int64,1000,0,0.0,"[""-8"", ""-8"", ""-8""]",1000
D2,UCC Beyond Throughput 5G dataset,data/raw/ucc_5g_context/5G-production-dataset/Download/Driving/B_2020.02.14_07.29.00.csv,SNR,float64,1000,0,0.0,"[""5.0"", ""5.0"", ""5.0""]",1000
D2,UCC Beyond Throughput 5G dataset,data/raw/ucc_5g_context/5G-production-dataset/Download/Driving/B_2020.02.14_07.29.00.csv,CQI,int64,1000,0,0.0,"[""10"", ""10"", ""10""]",1000
D2,UCC Beyond Throughput 5G dataset,data/raw/ucc_5g_context/5G-production-dataset/Download/Driving/B_2020.02.14_07.29.00.csv,RSSI,int64,1000,0,0.0,"[""-105"", ""-107"", ""-107""]",1000
D2,UCC Beyond Throughput 5G dataset,data/raw/ucc_5g_context/5G-production-dataset/Download/Driving/B_2020.02.14_07.29.00.csv,DL_bitrate,int64,1000,0,0.0,"[""10"", ""0"", ""0""]",1000
D2,UCC Beyond Throughput 5G dataset,data/raw/ucc_5g_context/5G-production-dataset/Download/Driving/B_2020.02.14_07.29.00.csv,UL_bitrate,int64,1000,0,0.0,"[""4"", ""0"", ""0""]",1000
D2,UCC Beyond Throughput 5G dataset,data/raw/ucc_5g_context/5G-production-dataset/Download/Driving/B_2020.02.14_07.29.00.csv,State,object,1000,0,0.0,"[""D"", ""I"", ""I""]",1000
D2,UCC Beyond Throughput 5G dataset,data/raw/ucc_5g_context/5G-production-dataset/Download/Driving/B_2020.02.14_07.29.00.csv,PINGAVG,object,1000,0,0.0,"[""-"", ""-"", ""-""]",1000
D2,UCC Beyond Throughput 5G dataset,data/raw/ucc_5g_context/5G-production-dataset/Download/Driving/B_2020.02.14_07.29.00.csv,PINGMIN,object,1000,0,0.0,"[""-"", ""-"", ""-""]",1000
D2,UCC Beyond Throughput 5G dataset,data/raw/ucc_5g_context/5G-production-dataset/Download/Driving/B_2020.02.14_07.29.00.csv,PINGMAX,object,1000,0,0.0,"[""-"", ""-"", ""-""]",1000
D2,UCC Beyond Throughput 5G dataset,data/raw/ucc_5g_context/5G-production-dataset/Download/Driving/B_2020.02.14_07.29.00.csv,PINGSTDEV,object,1000,0,0.0,"[""-"", ""-"", ""-""]",1000
D2,UCC Beyond Throughput 5G dataset,data/raw/ucc_5g_context/5G-production-dataset/Download/Driving/B_2020.02.14_07.29.00.csv,PINGLOSS,object,1000,0,0.0,"[""-"", ""-"", ""-""]",1000
D2,UCC Beyond Throughput 5G dataset,data/raw/ucc_5g_context/5G-production-dataset/Download/Driving/B_2020.02.14_07.29.00.csv,CELLHEX,object,1000,0,0.0,"[""2"", ""2"", ""2""]",1000
D2,UCC Beyond Throughput 5G dataset,data/raw/ucc_5g_context/5G-production-dataset/Download/Driving/B_2020.02.14_07.29.00.csv,NODEHEX,object,1000,0,0.0,"[""A81B"", ""A81B"", ""A81B""]",1000
D2,UCC Beyond Throughput 5G dataset,data/raw/ucc_5g_context/5G-production-dataset/Download/Driving/B_2020.02.14_07.29.00.csv,LACHEX,object,1000,0,0.0,"[""9CBA"", ""9CBA"", ""9CBA""]",1000
D2,UCC Beyond Throughput 5G dataset,data/raw/ucc_5g_context/5G-production-dataset/Download/Driving/B_2020.02.14_07.29.00.csv,RAWCELLID,int64,1000,0,0.0,"[""11016962"", ""11016962"", ""11016962""]",1000
D2,UCC Beyond Throughput 5G dataset,data/raw/ucc_5g_context/5G-production-dataset/Download/Driving/B_2020.02.14_07.29.00.csv,NRxRSRP,object,1000,0,0.0,"[""-95.0"", ""-95.0"", ""-95.0""]",1000
D2,UCC Beyond Throughput 5G dataset,data/raw/ucc_5g_context/5G-production-dataset/Download/Driving/B_2020.02.14_07.29.00.csv,NRxRSRQ,object,1000,0,0.0,"[""-10.0"", ""-10.0"", ""-10.0""]",1000
D2,UCC Beyond Throughput 5G dataset,data/raw/ucc_5g_context/5G-production-dataset/Download/Driving/B_2020.02.14_09.38.22.csv,Timestamp,object,1000,0,0.0,"[""2020.02.14_09.38.22"", ""2020.02.14_09.38.22"", ""2020.02.14_09.38.25""]",1000
D2,UCC Beyond Throughput 5G dataset,data/raw/ucc_5g_context/5G-production-dataset/Download/Driving/B_2020.02.14_09.38.22.csv,Longitude,float64,1000,0,0.0,"[""-8.501713"", ""-8.501713"", ""-8.501624000000001""]",1000
D2,UCC Beyond Throughput 5G dataset,data/raw/ucc_5g_context/5G-production-dataset/Download/Driving/B_2020.02.14_09.38.22.csv,Latitude,float64,1000,0,0.0,"[""51.894271999999994"", ""51.894271999999994"", ""51.89424""]",1000
D2,UCC Beyond Throughput 5G dataset,data/raw/ucc_5g_context/5G-production-dataset/Download/Driving/B_2020.02.14_09.38.22.csv,Speed,int64,1000,0,0.0,"[""2"", ""2"", ""0""]",1000
D2,UCC Beyond Throughput 5G dataset,data/raw/ucc_5g_context/5G-production-dataset/Download/Driving/B_2020.02.14_09.38.22.csv,Operatorname,object,1000,0,0.0,"[""B"", ""B"", ""B""]",1000
D2,UCC Beyond Throughput 5G dataset,data/raw/ucc_5g_context/5G-production-dataset/Download/Driving/B_2020.02.14_09.38.22.csv,CellID,int64,1000,0,0.0,"[""1"", ""1"", ""1""]",1000
D2,UCC Beyond Throughput 5G dataset,data/raw/ucc_5g_context/5G-production-dataset/Download/Driving/B_2020.02.14_09.38.22.csv,NetworkMode,object,1000,0,0.0,"[""LTE"", ""LTE"", ""LTE""]",1000
D2,UCC Beyond Throughput 5G dataset,data/raw/ucc_5g_context/5G-production-dataset/Download/Driving/B_2020.02.14_09.38.22.csv,RSRP,int64,1000,0,0.0,"[""-89"", ""-87"", ""-88""]",1000
D2,UCC Beyond Throughput 5G dataset,data/raw/ucc_5g_context/5G-production-dataset/Download/Driving/B_2020.02.14_09.38.22.csv,RSRQ,object,1000,0,0.0,"[""-12"", ""-9"", ""-10""]",1000
D2,UCC Beyond Throughput 5G dataset,data/raw/ucc_5g_context/5G-production-dataset/Download/Driving/B_2020.02.14_09.38.22.csv,SNR,float64,1000,0,0.0,"[""1.0"", ""3.0"", ""1.0""]",1000
D2,UCC Beyond Throughput 5G dataset,data/raw/ucc_5g_context/5G-production-dataset/Download/Driving/B_2020.02.14_09.38.22.csv,CQI,int64,1000,0,0.0,"[""10"", ""11"", ""10""]",1000
D2,UCC Beyond Throughput 5G dataset,data/raw/ucc_5g_context/5G-production-dataset/Download/Driving/B_2020.02.14_09.38.22.csv,RSSI,int64,1000,0,0.0,"[""-89"", ""-89"", ""-89""]",1000
D2,UCC Beyond Throughput 5G dataset,data/raw/ucc_5g_context/5G-production-dataset/Download/Driving/B_2020.02.14_09.38.22.csv,DL_bitrate,int64,1000,0,0.0,"[""0"", ""0"", ""0""]",1000
D2,UCC Beyond Throughput 5G dataset,data/raw/ucc_5g_context/5G-production-dataset/Download/Driving/B_2020.02.14_09.38.22.csv,UL_bitrate,int64,1000,0,0.0,"[""0"", ""0"", ""0""]",1000
D2,UCC Beyond Throughput 5G dataset,data/raw/ucc_5g_context/5G-production-dataset/Download/Driving/B_2020.02.14_09.38.22.csv,State,object,1000,0,0.0,"[""D"", ""D"", ""D""]",1000
D2,UCC Beyond Throughput 5G dataset,data/raw/ucc_5g_context/5G-production-dataset/Download/Driving/B_2020.02.14_09.38.22.csv,PINGAVG,object,1000,0,0.0,"[""-"", ""-"", ""-""]",1000
D2,UCC Beyond Throughput 5G dataset,data/raw/ucc_5g_context/5G-production-dataset/Download/Driving/B_2020.02.14_09.38.22.csv,PINGMIN,object,1000,0,0.0,"[""-"", ""-"", ""-""]",1000
D2,UCC Beyond Throughput 5G dataset,data/raw/ucc_5g_context/5G-production-dataset/Download/Driving/B_2020.02.14_09.38.22.csv,PINGMAX,object,1000,0,0.0,"[""-"", ""-"", ""-""]",1000
D2,UCC Beyond Throughput 5G dataset,data/raw/ucc_5g_context/5G-production-dataset/Download/Driving/B_2020.02.14_09.38.22.csv,PINGSTDEV,object,1000,0,0.0,"[""-"", ""-"", ""-""]",1000
D2,UCC Beyond Throughput 5G dataset,data/raw/ucc_5g_context/5G-production-dataset/Download/Driving/B_2020.02.14_09.38.22.csv,PINGLOSS,object,1000,0,0.0,"[""-"", ""-"", ""-""]",1000
D2,UCC Beyond Throughput 5G dataset,data/raw/ucc_5g_context/5G-production-dataset/Download/Driving/B_2020.02.14_09.38.22.csv,CELLHEX,object,1000,0,0.0,"[""1"", ""1"", ""1""]",1000
D2,UCC Beyond Throughput 5G dataset,data/raw/ucc_5g_context/5G-production-dataset/Download/Driving/B_2020.02.14_09.38.22.csv,NODEHEX,object,1000,0,0.0,"[""53B22"", ""53B22"", ""53B22""]",1000
D2,UCC Beyond Throughput 5G dataset,data/raw/ucc_5g_context/5G-production-dataset/Download/Driving/B_2020.02.14_09.38.22.csv,LACHEX,object,1000,0,0.0,"[""9CBA"", ""9CBA"", ""9CBA""]",1000
D2,UCC Beyond Throughput 5G dataset,data/raw/ucc_5g_context/5G-production-dataset/Download/Driving/B_2020.02.14_09.38.22.csv,RAWCELLID,int64,1000,0,0.0,"[""87761409"", ""87761409"", ""87761409""]",1000
D2,UCC Beyond Throughput 5G dataset,data/raw/ucc_5g_context/5G-production-dataset/Download/Driving/B_2020.02.14_09.38.22.csv,NRxRSRP,object,1000,0,0.0,"[""-89.0"", ""-88.0"", ""-88.0""]",1000
D2,UCC Beyond Throughput 5G dataset,data/raw/ucc_5g_context/5G-production-dataset/Download/Driving/B_2020.02.14_09.38.22.csv,NRxRSRQ,object,1000,0,0.0,"[""-13.0"", ""-13.0"", ""-13.0""]",1000
D2,UCC Beyond Throughput 5G dataset,data/raw/ucc_5g_context/5G-production-dataset/Download/Driving/B_2020.02.14_12.58.17.csv,Timestamp,object,960,0,0.0,"[""2020.02.14_12.58.17"", ""2020.02.14_12.58.17"", ""2020.02.14_12.58.18""]",1000
D2,UCC Beyond Throughput 5G dataset,data/raw/ucc_5g_context/5G-production-dataset/Download/Driving/B_2020.02.14_12.58.17.csv,Longitude,float64,960,0,0.0,"[""-8.395887"", ""-8.395887"", ""-8.395887""]",1000
D2,UCC Beyond Throughput 5G dataset,data/raw/ucc_5g_context/5G-production-dataset/Download/Driving/B_2020.02.14_12.58.17.csv,Latitude,float64,960,0,0.0,"[""51.928515"", ""51.928515"", ""51.928515""]",1000
D2,UCC Beyond Throughput 5G dataset,data/raw/ucc_5g_context/5G-production-dataset/Download/Driving/B_2020.02.14_12.58.17.csv,Speed,int64,960,0,0.0,"[""0"", ""0"", ""0""]",1000
D2,UCC Beyond Throughput 5G dataset,data/raw/ucc_5g_context/5G-production-dataset/Download/Driving/B_2020.02.14_12.58.17.csv,Operatorname,object,960,0,0.0,"[""B"", ""B"", ""B""]",1000
D2,UCC Beyond Throughput 5G dataset,data/raw/ucc_5g_context/5G-production-dataset/Download/Driving/B_2020.02.14_12.58.17.csv,CellID,int64,960,0,0.0,"[""13"", ""13"", ""13""]",1000
D2,UCC Beyond Throughput 5G dataset,data/raw/ucc_5g_context/5G-production-dataset/Download/Driving/B_2020.02.14_12.58.17.csv,NetworkMode,object,960,0,0.0,"[""5G"", ""5G"", ""5G""]",1000
D2,UCC Beyond Throughput 5G dataset,data/raw/ucc_5g_context/5G-production-dataset/Download/Driving/B_2020.02.14_12.58.17.csv,RSRP,int64,960,0,0.0,"[""-98"", ""-98"", ""-99""]",1000
D2,UCC Beyond Throughput 5G dataset,data/raw/ucc_5g_context/5G-production-dataset/Download/Driving/B_2020.02.14_12.58.17.csv,RSRQ,object,960,0,0.0,"[""-11"", ""-11"", ""-9""]",1000
D2,UCC Beyond Throughput 5G dataset,data/raw/ucc_5g_context/5G-production-dataset/Download/Driving/B_2020.02.14_12.58.17.csv,SNR,object,960,0,0.0,"[""4.0"", ""4.0"", ""8.0""]",1000
D2,UCC Beyond Throughput 5G dataset,data/raw/ucc_5g_context/5G-production-dataset/Download/Driving/B_2020.02.14_12.58.17.csv,CQI,object,960,0,0.0,"[""10"", ""10"", ""14""]",1000
D2,UCC Beyond Throughput 5G dataset,data/raw/ucc_5g_context/5G-production-dataset/Download/Driving/B_2020.02.14_12.58.17.csv,RSSI,object,960,0,0.0,"[""-105"", ""-107"", ""-107""]",1000
D2,UCC Beyond Throughput 5G dataset,data/raw/ucc_5g_context/5G-production-dataset/Download/Driving/B_2020.02.14_12.58.17.csv,DL_bitrate,int64,960,0,0.0,"[""39"", ""0"", ""0""]",1000
D2,UCC Beyond Throughput 5G dataset,data/raw/ucc_5g_context/5G-production-dataset/Download/Driving/B_2020.02.14_12.58.17.csv,UL_bitrate,int64,960,0,0.0,"[""8"", ""0"", ""0""]",1000
D2,UCC Beyond Throughput 5G dataset,data/raw/ucc_5g_context/5G-production-dataset/Download/Driving/B_2020.02.14_12.58.17.csv,State,object,960,0,0.0,"[""D"", ""I"", ""I""]",1000
D2,UCC Beyond Throughput 5G dataset,data/raw/ucc_5g_context/5G-production-dataset/Download/Driving/B_2020.02.14_12.58.17.csv,PINGAVG,object,960,0,0.0,"[""-"", ""-"", ""-""]",1000
D2,UCC Beyond Throughput 5G dataset,data/raw/ucc_5g_context/5G-production-dataset/Download/Driving/B_2020.02.14_12.58.17.csv,PINGMIN,object,960,0,0.0,"[""-"", ""-"", ""-""]",1000
D2,UCC Beyond Throughput 5G dataset,data/raw/ucc_5g_context/5G-production-dataset/Download/Driving/B_2020.02.14_12.58.17.csv,PINGMAX,object,960,0,0.0,"[""-"", ""-"", ""-""]",1000
D2,UCC Beyond Throughput 5G dataset,data/raw/ucc_5g_context/5G-production-dataset/Download/Driving/B_2020.02.14_12.58.17.csv,PINGSTDEV,object,960,0,0.0,"[""-"", ""-"", ""-""]",1000
D2,UCC Beyond Throughput 5G dataset,data/raw/ucc_5g_context/5G-production-dataset/Download/Driving/B_2020.02.14_12.58.17.csv,PINGLOSS,object,960,0,0.0,"[""-"", ""-"", ""-""]",1000
D2,UCC Beyond Throughput 5G dataset,data/raw/ucc_5g_context/5G-production-dataset/Download/Driving/B_2020.02.14_12.58.17.csv,CELLHEX,object,960,0,0.0,"[""D"", ""D"", ""D""]",1000
D2,UCC Beyond Throughput 5G dataset,data/raw/ucc_5g_context/5G-production-dataset/Download/Driving/B_2020.02.14_12.58.17.csv,NODEHEX,object,960,0,0.0,"[""A81B"", ""A81B"", ""A81B""]",1000
D2,UCC Beyond Throughput 5G dataset,data/raw/ucc_5g_context/5G-production-dataset/Download/Driving/B_2020.02.14_12.58.17.csv,LACHEX,object,960,0,0.0,"[""9CBA"", ""9CBA"", ""9CBA""]",1000
D2,UCC Beyond Throughput 5G dataset,data/raw/ucc_5g_context/5G-production-dataset/Download/Driving/B_2020.02.14_12.58.17.csv,RAWCELLID,int64,960,0,0.0,"[""11016973"", ""11016973"", ""11016973""]",1000
D2,UCC Beyond Throughput 5G dataset,data/raw/ucc_5g_context/5G-production-dataset/Download/Driving/B_2020.02.14_12.58.17.csv,NRxRSRP,int64,960,0,0.0,"[""-100"", ""-100"", ""-100""]",1000
D2,UCC Beyond Throughput 5G dataset,data/raw/ucc_5g_context/5G-production-dataset/Download/Driving/B_2020.02.14_12.58.17.csv,NRxRSRQ,object,960,0,0.0,"[""-14.0"", ""-14.0"", ""-11.0""]",1000
D2,UCC Beyond Throughput 5G dataset,data/raw/ucc_5g_context/5G-production-dataset/Download/Driving/B_2020.02.27_17.30.15.csv,Timestamp,object,866,0,0.0,"[""2020.02.27_17.30.15"", ""2020.02.27_17.30.15"", ""2020.02.27_17.30.16""]",1000
D2,UCC Beyond Throughput 5G dataset,data/raw/ucc_5g_context/5G-production-dataset/Download/Driving/B_2020.02.27_17.30.15.csv,Longitude,float64,866,0,0.0,"[""-8.395388"", ""-8.395388"", ""-8.395515""]",1000
D2,UCC Beyond Throughput 5G dataset,data/raw/ucc_5g_context/5G-production-dataset/Download/Driving/B_2020.02.27_17.30.15.csv,Latitude,float64,866,0,0.0,"[""51.928074"", ""51.928074"", ""51.928295""]",1000
D2,UCC Beyond Throughput 5G dataset,data/raw/ucc_5g_context/5G-production-dataset/Download/Driving/B_2020.02.27_17.30.15.csv,Speed,int64,866,0,0.0,"[""0"", ""0"", ""2""]",1000
D2,UCC Beyond Throughput 5G dataset,data/raw/ucc_5g_context/5G-production-dataset/Download/Driving/B_2020.02.27_17.30.15.csv,Operatorname,object,866,0,0.0,"[""B"", ""B"", ""B""]",1000
D2,UCC Beyond Throughput 5G dataset,data/raw/ucc_5g_context/5G-production-dataset/Download/Driving/B_2020.02.27_17.30.15.csv,CellID,int64,866,0,0.0,"[""13"", ""13"", ""13""]",1000
D2,UCC Beyond Throughput 5G dataset,data/raw/ucc_5g_context/5G-production-dataset/Download/Driving/B_2020.02.27_17.30.15.csv,NetworkMode,object,866,0,0.0,"[""5G"", ""5G"", ""5G""]",1000
D2,UCC Beyond Throughput 5G dataset,data/raw/ucc_5g_context/5G-production-dataset/Download/Driving/B_2020.02.27_17.30.15.csv,RSRP,int64,866,0,0.0,"[""-99"", ""-99"", ""-99""]",1000
D2,UCC Beyond Throughput 5G dataset,data/raw/ucc_5g_context/5G-production-dataset/Download/Driving/B_2020.02.27_17.30.15.csv,RSRQ,object,866,0,0.0,"[""-12"", ""-13"", ""-13""]",1000
D2,UCC Beyond Throughput 5G dataset,data/raw/ucc_5g_context/5G-production-dataset/Download/Driving/B_2020.02.27_17.30.15.csv,SNR,object,866,0,0.0,"[""-1.0"", ""-2.0"", ""-2.0""]",1000
D2,UCC Beyond Throughput 5G dataset,data/raw/ucc_5g_context/5G-production-dataset/Download/Driving/B_2020.02.27_17.30.15.csv,CQI,object,866,0,0.0,"[""14"", ""14"", ""14""]",1000
D2,UCC Beyond Throughput 5G dataset,data/raw/ucc_5g_context/5G-production-dataset/Download/Driving/B_2020.02.27_17.30.15.csv,RSSI,object,866,0,0.0,"[""-105"", ""-105"", ""-105""]",1000
D2,UCC Beyond Throughput 5G dataset,data/raw/ucc_5g_context/5G-production-dataset/Download/Driving/B_2020.02.27_17.30.15.csv,DL_bitrate,int64,866,0,0.0,"[""214"", ""86"", ""86""]",1000
D2,UCC Beyond Throughput 5G dataset,data/raw/ucc_5g_context/5G-production-dataset/Download/Driving/B_2020.02.27_17.30.15.csv,UL_bitrate,int64,866,0,0.0,"[""94"", ""313"", ""313""]",1000
D2,UCC Beyond Throughput 5G dataset,data/raw/ucc_5g_context/5G-production-dataset/Download/Driving/B_2020.02.27_17.30.15.csv,State,object,866,0,0.0,"[""D"", ""D"", ""D""]",1000
D2,UCC Beyond Throughput 5G dataset,data/raw/ucc_5g_context/5G-production-dataset/Download/Driving/B_2020.02.27_17.30.15.csv,PINGAVG,object,866,0,0.0,"[""-"", ""-"", ""-""]",1000
D2,UCC Beyond Throughput 5G dataset,data/raw/ucc_5g_context/5G-production-dataset/Download/Driving/B_2020.02.27_17.30.15.csv,PINGMIN,object,866,0,0.0,"[""-"", ""-"", ""-""]",1000
D2,UCC Beyond Throughput 5G dataset,data/raw/ucc_5g_context/5G-production-dataset/Download/Driving/B_2020.02.27_17.30.15.csv,PINGMAX,object,866,0,0.0,"[""-"", ""-"", ""-""]",1000
D2,UCC Beyond Throughput 5G dataset,data/raw/ucc_5g_context/5G-production-dataset/Download/Driving/B_2020.02.27_17.30.15.csv,PINGSTDEV,object,866,0,0.0,"[""-"", ""-"", ""-""]",1000
D2,UCC Beyond Throughput 5G dataset,data/raw/ucc_5g_context/5G-production-dataset/Download/Driving/B_2020.02.27_17.30.15.csv,PINGLOSS,object,866,0,0.0,"[""-"", ""-"", ""-""]",1000
D2,UCC Beyond Throughput 5G dataset,data/raw/ucc_5g_context/5G-production-dataset/Download/Driving/B_2020.02.27_17.30.15.csv,CELLHEX,object,866,0,0.0,"[""D"", ""D"", ""D""]",1000
D2,UCC Beyond Throughput 5G dataset,data/raw/ucc_5g_context/5G-production-dataset/Download/Driving/B_2020.02.27_17.30.15.csv,NODEHEX,object,866,0,0.0,"[""A81B"", ""A81B"", ""A81B""]",1000
D2,UCC Beyond Throughput 5G dataset,data/raw/ucc_5g_context/5G-production-dataset/Download/Driving/B_2020.02.27_17.30.15.csv,LACHEX,object,866,0,0.0,"[""9CBA"", ""9CBA"", ""9CBA""]",1000
D2,UCC Beyond Throughput 5G dataset,data/raw/ucc_5g_context/5G-production-dataset/Download/Driving/B_2020.02.27_17.30.15.csv,RAWCELLID,int64,866,0,0.0,"[""11016973"", ""11016973"", ""11016973""]",1000
D2,UCC Beyond Throughput 5G dataset,data/raw/ucc_5g_context/5G-production-dataset/Download/Driving/B_2020.02.27_17.30.15.csv,NRxRSRP,object,866,0,0.0,"[""-101.0"", ""-101.0"", ""-101.0""]",1000
D2,UCC Beyond Throughput 5G dataset,data/raw/ucc_5g_context/5G-production-dataset/Download/Driving/B_2020.02.27_17.30.15.csv,NRxRSRQ,object,866,0,0.0,"[""-14.0"", ""-13.0"", ""-13.0""]",1000
D2,UCC Beyond Throughput 5G dataset,data/raw/ucc_5g_context/5G-production-dataset/Download/Driving/B_2020.02.27_20.35.57.csv,Timestamp,object,858,0,0.0,"[""2020.02.27_20.35.57"", ""2020.02.27_20.35.58"", ""2020.02.27_20.35.59""]",1000
D2,UCC Beyond Throughput 5G dataset,data/raw/ucc_5g_context/5G-production-dataset/Download/Driving/B_2020.02.27_20.35.57.csv,Longitude,float64,858,0,0.0,"[""-8.39527"", ""-8.39527"", ""-8.39527""]",1000
D2,UCC Beyond Throughput 5G dataset,data/raw/ucc_5g_context/5G-production-dataset/Download/Driving/B_2020.02.27_20.35.57.csv,Latitude,float64,858,0,0.0,"[""51.886814"", ""51.886814"", ""51.886814""]",1000
D2,UCC Beyond Throughput 5G dataset,data/raw/ucc_5g_context/5G-production-dataset/Download/Driving/B_2020.02.27_20.35.57.csv,Speed,int64,858,0,0.0,"[""0"", ""0"", ""0""]",1000
D2,UCC Beyond Throughput 5G dataset,data/raw/ucc_5g_context/5G-production-dataset/Download/Driving/B_2020.02.27_20.35.57.csv,Operatorname,object,858,0,0.0,"[""B"", ""B"", ""B""]",1000
D2,UCC Beyond Throughput 5G dataset,data/raw/ucc_5g_context/5G-production-dataset/Download/Driving/B_2020.02.27_20.35.57.csv,CellID,int64,858,0,0.0,"[""12"", ""12"", ""12""]",1000
D2,UCC Beyond Throughput 5G dataset,data/raw/ucc_5g_context/5G-production-dataset/Download/Driving/B_2020.02.27_20.35.57.csv,NetworkMode,object,858,0,0.0,"[""5G"", ""5G"", ""5G""]",1000
D2,UCC Beyond Throughput 5G dataset,data/raw/ucc_5g_context/5G-production-dataset/Download/Driving/B_2020.02.27_20.35.57.csv,RSRP,int64,858,0,0.0,"[""-101"", ""-102"", ""-102""]",1000
D2,UCC Beyond Throughput 5G dataset,data/raw/ucc_5g_context/5G-production-dataset/Download/Driving/B_2020.02.27_20.35.57.csv,RSRQ,object,858,0,0.0,"[""-14"", ""-12"", ""-12""]",1000
D2,UCC Beyond Throughput 5G dataset,data/raw/ucc_5g_context/5G-production-dataset/Download/Driving/B_2020.02.27_20.35.57.csv,SNR,object,858,0,0.0,"[""1.0"", ""0.0"", ""0.0""]",1000
D2,UCC Beyond Throughput 5G dataset,data/raw/ucc_5g_context/5G-production-dataset/Download/Driving/B_2020.02.27_20.35.57.csv,CQI,object,858,0,0.0,"[""-"", ""14"", ""14""]",1000
D2,UCC Beyond Throughput 5G dataset,data/raw/ucc_5g_context/5G-production-dataset/Download/Driving/B_2020.02.27_20.35.57.csv,RSSI,object,858,0,0.0,"[""-101"", ""-101"", ""-101""]",1000
D2,UCC Beyond Throughput 5G dataset,data/raw/ucc_5g_context/5G-production-dataset/Download/Driving/B_2020.02.27_20.35.57.csv,DL_bitrate,int64,858,0,0.0,"[""207"", ""10"", ""1""]",1000
D2,UCC Beyond Throughput 5G dataset,data/raw/ucc_5g_context/5G-production-dataset/Download/Driving/B_2020.02.27_20.35.57.csv,UL_bitrate,int64,858,0,0.0,"[""101"", ""3"", ""3""]",1000
D2,UCC Beyond Throughput 5G dataset,data/raw/ucc_5g_context/5G-production-dataset/Download/Driving/B_2020.02.27_20.35.57.csv,State,object,858,0,0.0,"[""D"", ""D"", ""D""]",1000
D2,UCC Beyond Throughput 5G dataset,data/raw/ucc_5g_context/5G-production-dataset/Download/Driving/B_2020.02.27_20.35.57.csv,PINGAVG,object,858,0,0.0,"[""-"", ""-"", ""-""]",1000
D2,UCC Beyond Throughput 5G dataset,data/raw/ucc_5g_context/5G-production-dataset/Download/Driving/B_2020.02.27_20.35.57.csv,PINGMIN,object,858,0,0.0,"[""-"", ""-"", ""-""]",1000
D2,UCC Beyond Throughput 5G dataset,data/raw/ucc_5g_context/5G-production-dataset/Download/Driving/B_2020.02.27_20.35.57.csv,PINGMAX,object,858,0,0.0,"[""-"", ""-"", ""-""]",1000
D2,UCC Beyond Throughput 5G dataset,data/raw/ucc_5g_context/5G-production-dataset/Download/Driving/B_2020.02.27_20.35.57.csv,PINGSTDEV,object,858,0,0.0,"[""-"", ""-"", ""-""]",1000
D2,UCC Beyond Throughput 5G dataset,data/raw/ucc_5g_context/5G-production-dataset/Download/Driving/B_2020.02.27_20.35.57.csv,PINGLOSS,object,858,0,0.0,"[""-"", ""-"", ""-""]",1000
D2,UCC Beyond Throughput 5G dataset,data/raw/ucc_5g_context/5G-production-dataset/Download/Driving/B_2020.02.27_20.35.57.csv,CELLHEX,object,858,0,0.0,"[""C"", ""C"", ""C""]",1000
D2,UCC Beyond Throughput 5G dataset,data/raw/ucc_5g_context/5G-production-dataset/Download/Driving/B_2020.02.27_20.35.57.csv,NODEHEX,object,858,0,0.0,"[""A709"", ""A709"", ""A709""]",1000
D2,UCC Beyond Throughput 5G dataset,data/raw/ucc_5g_context/5G-production-dataset/Download/Driving/B_2020.02.27_20.35.57.csv,LACHEX,object,858,0,0.0,"[""9CBA"", ""9CBA"", ""9CBA""]",1000
D2,UCC Beyond Throughput 5G dataset,data/raw/ucc_5g_context/5G-production-dataset/Download/Driving/B_2020.02.27_20.35.57.csv,RAWCELLID,int64,858,0,0.0,"[""10946828"", ""10946828"", ""10946828""]",1000
D2,UCC Beyond Throughput 5G dataset,data/raw/ucc_5g_context/5G-production-dataset/Download/Driving/B_2020.02.27_20.35.57.csv,NRxRSRP,object,858,0,0.0,"[""-100.0"", ""-107.0"", ""-107.0""]",1000
D2,UCC Beyond Throughput 5G dataset,data/raw/ucc_5g_context/5G-production-dataset/Download/Driving/B_2020.02.27_20.35.57.csv,NRxRSRQ,object,858,0,0.0,"[""-15.0"", ""-16.0"", ""-16.0""]",1000
D2,UCC Beyond Throughput 5G dataset,data/raw/ucc_5g_context/5G-production-dataset/Download/Static/B_2019.12.16_13.40.04.csv,Timestamp,object,1000,0,0.0,"[""2019.12.16_13.40.04"", ""2019.12.16_13.40.05"", ""2019.12.16_13.40.05""]",1000
D2,UCC Beyond Throughput 5G dataset,data/raw/ucc_5g_context/5G-production-dataset/Download/Static/B_2019.12.16_13.40.04.csv,Longitude,float64,1000,0,0.0,"[""-8.394624"", ""-8.394624"", ""-8.394627999999999""]",1000
D2,UCC Beyond Throughput 5G dataset,data/raw/ucc_5g_context/5G-production-dataset/Download/Static/B_2019.12.16_13.40.04.csv,Latitude,float64,1000,0,0.0,"[""51.886140999999995"", ""51.886140999999995"", ""51.886144""]",1000
D2,UCC Beyond Throughput 5G dataset,data/raw/ucc_5g_context/5G-production-dataset/Download/Static/B_2019.12.16_13.40.04.csv,Speed,int64,1000,0,0.0,"[""0"", ""0"", ""0""]",1000
D2,UCC Beyond Throughput 5G dataset,data/raw/ucc_5g_context/5G-production-dataset/Download/Static/B_2019.12.16_13.40.04.csv,Operatorname,object,1000,0,0.0,"[""B"", ""B"", ""B""]",1000
D2,UCC Beyond Throughput 5G dataset,data/raw/ucc_5g_context/5G-production-dataset/Download/Static/B_2019.12.16_13.40.04.csv,CellID,int64,1000,0,0.0,"[""11"", ""11"", ""11""]",1000
D2,UCC Beyond Throughput 5G dataset,data/raw/ucc_5g_context/5G-production-dataset/Download/Static/B_2019.12.16_13.40.04.csv,NetworkMode,object,1000,0,0.0,"[""5G"", ""5G"", ""5G""]",1000
D2,UCC Beyond Throughput 5G dataset,data/raw/ucc_5g_context/5G-production-dataset/Download/Static/B_2019.12.16_13.40.04.csv,RSRP,int64,1000,0,0.0,"[""-103"", ""-102"", ""-102""]",1000
D2,UCC Beyond Throughput 5G dataset,data/raw/ucc_5g_context/5G-production-dataset/Download/Static/B_2019.12.16_13.40.04.csv,RSRQ,int64,1000,0,0.0,"[""-15"", ""-16"", ""-16""]",1000
D2,UCC Beyond Throughput 5G dataset,data/raw/ucc_5g_context/5G-production-dataset/Download/Static/B_2019.12.16_13.40.04.csv,SNR,float64,1000,0,0.0,"[""1.0"", ""7.0"", ""7.0""]",1000
D2,UCC Beyond Throughput 5G dataset,data/raw/ucc_5g_context/5G-production-dataset/Download/Static/B_2019.12.16_13.40.04.csv,CQI,int64,1000,0,0.0,"[""15"", ""15"", ""15""]",1000
D2,UCC Beyond Throughput 5G dataset,data/raw/ucc_5g_context/5G-production-dataset/Download/Static/B_2019.12.16_13.40.04.csv,RSSI,object,1000,0,0.0,"[""-90"", ""-90"", ""-90""]",1000
D2,UCC Beyond Throughput 5G dataset,data/raw/ucc_5g_context/5G-production-dataset/Download/Static/B_2019.12.16_13.40.04.csv,DL_bitrate,int64,1000,0,0.0,"[""72"", ""0"", ""0""]",1000
D2,UCC Beyond Throughput 5G dataset,data/raw/ucc_5g_context/5G-production-dataset/Download/Static/B_2019.12.16_13.40.04.csv,UL_bitrate,int64,1000,0,0.0,"[""20"", ""0"", ""0""]",1000
D2,UCC Beyond Throughput 5G dataset,data/raw/ucc_5g_context/5G-production-dataset/Download/Static/B_2019.12.16_13.40.04.csv,State,object,1000,0,0.0,"[""D"", ""I"", ""I""]",1000
D2,UCC Beyond Throughput 5G dataset,data/raw/ucc_5g_context/5G-production-dataset/Download/Static/B_2019.12.16_13.40.04.csv,PINGAVG,object,1000,0,0.0,"[""-"", ""-"", ""-""]",1000
D2,UCC Beyond Throughput 5G dataset,data/raw/ucc_5g_context/5G-production-dataset/Download/Static/B_2019.12.16_13.40.04.csv,PINGMIN,object,1000,0,0.0,"[""-"", ""-"", ""-""]",1000
D2,UCC Beyond Throughput 5G dataset,data/raw/ucc_5g_context/5G-production-dataset/Download/Static/B_2019.12.16_13.40.04.csv,PINGMAX,object,1000,0,0.0,"[""-"", ""-"", ""-""]",1000
D2,UCC Beyond Throughput 5G dataset,data/raw/ucc_5g_context/5G-production-dataset/Download/Static/B_2019.12.16_13.40.04.csv,PINGSTDEV,object,1000,0,0.0,"[""-"", ""-"", ""-""]",1000
D2,UCC Beyond Throughput 5G dataset,data/raw/ucc_5g_context/5G-production-dataset/Download/Static/B_2019.12.16_13.40.04.csv,PINGLOSS,object,1000,0,0.0,"[""-"", ""-"", ""-""]",1000
D2,UCC Beyond Throughput 5G dataset,data/raw/ucc_5g_context/5G-production-dataset/Download/Static/B_2019.12.16_13.40.04.csv,CELLHEX,object,1000,0,0.0,"[""B"", ""B"", ""B""]",1000
D2,UCC Beyond Throughput 5G dataset,data/raw/ucc_5g_context/5G-production-dataset/Download/Static/B_2019.12.16_13.40.04.csv,NODEHEX,object,1000,0,0.0,"[""A4DF"", ""A4DF"", ""A4DF""]",1000
D2,UCC Beyond Throughput 5G dataset,data/raw/ucc_5g_context/5G-production-dataset/Download/Static/B_2019.12.16_13.40.04.csv,LACHEX,object,1000,0,0.0,"[""9CBA"", ""9CBA"", ""9CBA""]",1000
D2,UCC Beyond Throughput 5G dataset,data/raw/ucc_5g_context/5G-production-dataset/Download/Static/B_2019.12.16_13.40.04.csv,RAWCELLID,int64,1000,0,0.0,"[""10805003"", ""10805003"", ""10805003""]",1000
D2,UCC Beyond Throughput 5G dataset,data/raw/ucc_5g_context/5G-production-dataset/Download/Static/B_2019.12.16_13.40.04.csv,NRxRSRP,float64,1000,0,0.0,"[""-106.0"", ""-107.0"", ""-107.0""]",1000
D2,UCC Beyond Throughput 5G dataset,data/raw/ucc_5g_context/5G-production-dataset/Download/Static/B_2019.12.16_13.40.04.csv,NRxRSRQ,float64,1000,0,0.0,"[""-11.0"", ""-20.0"", ""-20.0""]",1000
D2,UCC Beyond Throughput 5G dataset,data/raw/ucc_5g_context/5G-production-dataset/Download/Static/B_2020.01.16_10.43.34.csv,Timestamp,object,1000,0,0.0,"[""2020.01.16_10.43.34"", ""2020.01.16_10.43.35"", ""2020.01.16_10.43.36""]",1000
D2,UCC Beyond Throughput 5G dataset,data/raw/ucc_5g_context/5G-production-dataset/Download/Static/B_2020.01.16_10.43.34.csv,Longitude,float64,1000,0,0.0,"[""-8.394544999999999"", ""-8.394544999999999"", ""-8.394544999999999""]",1000
D2,UCC Beyond Throughput 5G dataset,data/raw/ucc_5g_context/5G-production-dataset/Download/Static/B_2020.01.16_10.43.34.csv,Latitude,float64,1000,0,0.0,"[""51.886113"", ""51.886113"", ""51.886113""]",1000
D2,UCC Beyond Throughput 5G dataset,data/raw/ucc_5g_context/5G-production-dataset/Download/Static/B_2020.01.16_10.43.34.csv,Speed,int64,1000,0,0.0,"[""0"", ""0"", ""0""]",1000
D2,UCC Beyond Throughput 5G dataset,data/raw/ucc_5g_context/5G-production-dataset/Download/Static/B_2020.01.16_10.43.34.csv,Operatorname,object,1000,0,0.0,"[""B"", ""B"", ""B""]",1000
D2,UCC Beyond Throughput 5G dataset,data/raw/ucc_5g_context/5G-production-dataset/Download/Static/B_2020.01.16_10.43.34.csv,CellID,int64,1000,0,0.0,"[""11"", ""11"", ""11""]",1000
D2,UCC Beyond Throughput 5G dataset,data/raw/ucc_5g_context/5G-production-dataset/Download/Static/B_2020.01.16_10.43.34.csv,NetworkMode,object,1000,0,0.0,"[""5G"", ""5G"", ""5G""]",1000
D2,UCC Beyond Throughput 5G dataset,data/raw/ucc_5g_context/5G-production-dataset/Download/Static/B_2020.01.16_10.43.34.csv,RSRP,int64,1000,0,0.0,"[""-99"", ""-100"", ""-100""]",1000
D2,UCC Beyond Throughput 5G dataset,data/raw/ucc_5g_context/5G-production-dataset/Download/Static/B_2020.01.16_10.43.34.csv,RSRQ,int64,1000,0,0.0,"[""-10"", ""-10"", ""-10""]",1000
D2,UCC Beyond Throughput 5G dataset,data/raw/ucc_5g_context/5G-production-dataset/Download/Static/B_2020.01.16_10.43.34.csv,SNR,float64,1000,0,0.0,"[""9.0"", ""4.0"", ""4.0""]",1000
D2,UCC Beyond Throughput 5G dataset,data/raw/ucc_5g_context/5G-production-dataset/Download/Static/B_2020.01.16_10.43.34.csv,CQI,int64,1000,0,0.0,"[""14"", ""12"", ""12""]",1000
D2,UCC Beyond Throughput 5G dataset,data/raw/ucc_5g_context/5G-production-dataset/Download/Static/B_2020.01.16_10.43.34.csv,RSSI,int64,1000,0,0.0,"[""-107"", ""-107"", ""-105""]",1000
D2,UCC Beyond Throughput 5G dataset,data/raw/ucc_5g_context/5G-production-dataset/Download/Static/B_2020.01.16_10.43.34.csv,DL_bitrate,int64,1000,0,0.0,"[""0"", ""0"", ""0""]",1000
D2,UCC Beyond Throughput 5G dataset,data/raw/ucc_5g_context/5G-production-dataset/Download/Static/B_2020.01.16_10.43.34.csv,UL_bitrate,int64,1000,0,0.0,"[""0"", ""0"", ""0""]",1000
D2,UCC Beyond Throughput 5G dataset,data/raw/ucc_5g_context/5G-production-dataset/Download/Static/B_2020.01.16_10.43.34.csv,State,object,1000,0,0.0,"[""I"", ""D"", ""I""]",1000
D2,UCC Beyond Throughput 5G dataset,data/raw/ucc_5g_context/5G-production-dataset/Download/Static/B_2020.01.16_10.43.34.csv,PINGAVG,object,1000,0,0.0,"[""-"", ""-"", ""-""]",1000
D2,UCC Beyond Throughput 5G dataset,data/raw/ucc_5g_context/5G-production-dataset/Download/Static/B_2020.01.16_10.43.34.csv,PINGMIN,object,1000,0,0.0,"[""-"", ""-"", ""-""]",1000
D2,UCC Beyond Throughput 5G dataset,data/raw/ucc_5g_context/5G-production-dataset/Download/Static/B_2020.01.16_10.43.34.csv,PINGMAX,object,1000,0,0.0,"[""-"", ""-"", ""-""]",1000
D2,UCC Beyond Throughput 5G dataset,data/raw/ucc_5g_context/5G-production-dataset/Download/Static/B_2020.01.16_10.43.34.csv,PINGSTDEV,object,1000,0,0.0,"[""-"", ""-"", ""-""]",1000
D2,UCC Beyond Throughput 5G dataset,data/raw/ucc_5g_context/5G-production-dataset/Download/Static/B_2020.01.16_10.43.34.csv,PINGLOSS,object,1000,0,0.0,"[""-"", ""-"", ""-""]",1000
D2,UCC Beyond Throughput 5G dataset,data/raw/ucc_5g_context/5G-production-dataset/Download/Static/B_2020.01.16_10.43.34.csv,CELLHEX,object,1000,0,0.0,"[""B"", ""B"", ""B""]",1000
D2,UCC Beyond Throughput 5G dataset,data/raw/ucc_5g_context/5G-production-dataset/Download/Static/B_2020.01.16_10.43.34.csv,NODEHEX,object,1000,0,0.0,"[""A4DF"", ""A4DF"", ""A4DF""]",1000
D2,UCC Beyond Throughput 5G dataset,data/raw/ucc_5g_context/5G-production-dataset/Download/Static/B_2020.01.16_10.43.34.csv,LACHEX,object,1000,0,0.0,"[""9CBA"", ""9CBA"", ""9CBA""]",1000
D2,UCC Beyond Throughput 5G dataset,data/raw/ucc_5g_context/5G-production-dataset/Download/Static/B_2020.01.16_10.43.34.csv,RAWCELLID,int64,1000,0,0.0,"[""10805003"", ""10805003"", ""10805003""]",1000
D2,UCC Beyond Throughput 5G dataset,data/raw/ucc_5g_context/5G-production-dataset/Download/Static/B_2020.01.16_10.43.34.csv,NRxRSRP,object,1000,0,0.0,"[""-104.0"", ""-106.0"", ""-106.0""]",1000
D2,UCC Beyond Throughput 5G dataset,data/raw/ucc_5g_context/5G-production-dataset/Download/Static/B_2020.01.16_10.43.34.csv,NRxRSRQ,object,1000,0,0.0,"[""-16.0"", ""-18.0"", ""-18.0""]",1000
D2,UCC Beyond Throughput 5G dataset,data/raw/ucc_5g_context/5G-production-dataset/Download/Static/B_2020.02.13_13.57.29.csv,Timestamp,object,1000,0,0.0,"[""2020.02.13_13.57.29"", ""2020.02.13_13.57.29"", ""2020.02.13_13.57.30""]",1000
D2,UCC Beyond Throughput 5G dataset,data/raw/ucc_5g_context/5G-production-dataset/Download/Static/B_2020.02.13_13.57.29.csv,Longitude,float64,1000,0,0.0,"[""-8.394565"", ""-8.394565"", ""-8.394564""]",1000
D2,UCC Beyond Throughput 5G dataset,data/raw/ucc_5g_context/5G-production-dataset/Download/Static/B_2020.02.13_13.57.29.csv,Latitude,float64,1000,0,0.0,"[""51.886188"", ""51.886188"", ""51.886198""]",1000
D2,UCC Beyond Throughput 5G dataset,data/raw/ucc_5g_context/5G-production-dataset/Download/Static/B_2020.02.13_13.57.29.csv,Speed,int64,1000,0,0.0,"[""0"", ""0"", ""0""]",1000
D2,UCC Beyond Throughput 5G dataset,data/raw/ucc_5g_context/5G-production-dataset/Download/Static/B_2020.02.13_13.57.29.csv,Operatorname,object,1000,0,0.0,"[""B"", ""B"", ""B""]",1000
D2,UCC Beyond Throughput 5G dataset,data/raw/ucc_5g_context/5G-production-dataset/Download/Static/B_2020.02.13_13.57.29.csv,CellID,int64,1000,0,0.0,"[""11"", ""11"", ""11""]",1000
D2,UCC Beyond Throughput 5G dataset,data/raw/ucc_5g_context/5G-production-dataset/Download/Static/B_2020.02.13_13.57.29.csv,NetworkMode,object,1000,0,0.0,"[""5G"", ""5G"", ""5G""]",1000
D2,UCC Beyond Throughput 5G dataset,data/raw/ucc_5g_context/5G-production-dataset/Download/Static/B_2020.02.13_13.57.29.csv,RSRP,int64,1000,0,0.0,"[""-101"", ""-101"", ""-101""]",1000
D2,UCC Beyond Throughput 5G dataset,data/raw/ucc_5g_context/5G-production-dataset/Download/Static/B_2020.02.13_13.57.29.csv,RSRQ,int64,1000,0,0.0,"[""-15"", ""-12"", ""-12""]",1000
D2,UCC Beyond Throughput 5G dataset,data/raw/ucc_5g_context/5G-production-dataset/Download/Static/B_2020.02.13_13.57.29.csv,SNR,float64,1000,0,0.0,"[""4.0"", ""1.0"", ""1.0""]",1000
D2,UCC Beyond Throughput 5G dataset,data/raw/ucc_5g_context/5G-production-dataset/Download/Static/B_2020.02.13_13.57.29.csv,CQI,int64,1000,0,0.0,"[""11"", ""9"", ""9""]",1000
D2,UCC Beyond Throughput 5G dataset,data/raw/ucc_5g_context/5G-production-dataset/Download/Static/B_2020.02.13_13.57.29.csv,RSSI,int64,1000,0,0.0,"[""-103"", ""-103"", ""-103""]",1000
D2,UCC Beyond Throughput 5G dataset,data/raw/ucc_5g_context/5G-production-dataset/Download/Static/B_2020.02.13_13.57.29.csv,DL_bitrate,int64,1000,0,0.0,"[""169"", ""169"", ""169""]",1000
D2,UCC Beyond Throughput 5G dataset,data/raw/ucc_5g_context/5G-production-dataset/Download/Static/B_2020.02.13_13.57.29.csv,UL_bitrate,int64,1000,0,0.0,"[""129"", ""129"", ""129""]",1000
D2,UCC Beyond Throughput 5G dataset,data/raw/ucc_5g_context/5G-production-dataset/Download/Static/B_2020.02.13_13.57.29.csv,State,object,1000,0,0.0,"[""D"", ""D"", ""D""]",1000
D2,UCC Beyond Throughput 5G dataset,data/raw/ucc_5g_context/5G-production-dataset/Download/Static/B_2020.02.13_13.57.29.csv,PINGAVG,object,1000,0,0.0,"[""-"", ""-"", ""-""]",1000
D2,UCC Beyond Throughput 5G dataset,data/raw/ucc_5g_context/5G-production-dataset/Download/Static/B_2020.02.13_13.57.29.csv,PINGMIN,object,1000,0,0.0,"[""-"", ""-"", ""-""]",1000
D2,UCC Beyond Throughput 5G dataset,data/raw/ucc_5g_context/5G-production-dataset/Download/Static/B_2020.02.13_13.57.29.csv,PINGMAX,object,1000,0,0.0,"[""-"", ""-"", ""-""]",1000
D2,UCC Beyond Throughput 5G dataset,data/raw/ucc_5g_context/5G-production-dataset/Download/Static/B_2020.02.13_13.57.29.csv,PINGSTDEV,object,1000,0,0.0,"[""-"", ""-"", ""-""]",1000
D2,UCC Beyond Throughput 5G dataset,data/raw/ucc_5g_context/5G-production-dataset/Download/Static/B_2020.02.13_13.57.29.csv,PINGLOSS,object,1000,0,0.0,"[""-"", ""-"", ""-""]",1000
D2,UCC Beyond Throughput 5G dataset,data/raw/ucc_5g_context/5G-production-dataset/Download/Static/B_2020.02.13_13.57.29.csv,CELLHEX,object,1000,0,0.0,"[""B"", ""B"", ""B""]",1000
D2,UCC Beyond Throughput 5G dataset,data/raw/ucc_5g_context/5G-production-dataset/Download/Static/B_2020.02.13_13.57.29.csv,NODEHEX,object,1000,0,0.0,"[""A4DF"", ""A4DF"", ""A4DF""]",1000
D2,UCC Beyond Throughput 5G dataset,data/raw/ucc_5g_context/5G-production-dataset/Download/Static/B_2020.02.13_13.57.29.csv,LACHEX,object,1000,0,0.0,"[""9CBA"", ""9CBA"", ""9CBA""]",1000
D2,UCC Beyond Throughput 5G dataset,data/raw/ucc_5g_context/5G-production-dataset/Download/Static/B_2020.02.13_13.57.29.csv,RAWCELLID,int64,1000,0,0.0,"[""10805003"", ""10805003"", ""10805003""]",1000
D2,UCC Beyond Throughput 5G dataset,data/raw/ucc_5g_context/5G-production-dataset/Download/Static/B_2020.02.13_13.57.29.csv,NRxRSRP,int64,1000,0,0.0,"[""-103"", ""-104"", ""-104""]",1000
D2,UCC Beyond Throughput 5G dataset,data/raw/ucc_5g_context/5G-production-dataset/Download/Static/B_2020.02.13_13.57.29.csv,NRxRSRQ,int64,1000,0,0.0,"[""-11"", ""-11"", ""-11""]",1000
D2,UCC Beyond Throughput 5G dataset,data/raw/ucc_5g_context/5G-production-dataset/Download/Static/B_2020.02.14_13.21.26.csv,Timestamp,object,1000,0,0.0,"[""2020.02.14_13.21.26"", ""2020.02.14_13.21.27"", ""2020.02.14_13.21.27""]",1000
D2,UCC Beyond Throughput 5G dataset,data/raw/ucc_5g_context/5G-production-dataset/Download/Static/B_2020.02.14_13.21.26.csv,Longitude,float64,1000,0,0.0,"[""-8.394571000000001"", ""-8.394571000000001"", ""-8.394571000000001""]",1000
D2,UCC Beyond Throughput 5G dataset,data/raw/ucc_5g_context/5G-production-dataset/Download/Static/B_2020.02.14_13.21.26.csv,Latitude,float64,1000,0,0.0,"[""51.886244"", ""51.886244"", ""51.886244""]",1000
D2,UCC Beyond Throughput 5G dataset,data/raw/ucc_5g_context/5G-production-dataset/Download/Static/B_2020.02.14_13.21.26.csv,Speed,int64,1000,0,0.0,"[""0"", ""0"", ""0""]",1000
D2,UCC Beyond Throughput 5G dataset,data/raw/ucc_5g_context/5G-production-dataset/Download/Static/B_2020.02.14_13.21.26.csv,Operatorname,object,1000,0,0.0,"[""B"", ""B"", ""B""]",1000
D2,UCC Beyond Throughput 5G dataset,data/raw/ucc_5g_context/5G-production-dataset/Download/Static/B_2020.02.14_13.21.26.csv,CellID,int64,1000,0,0.0,"[""11"", ""11"", ""11""]",1000
D2,UCC Beyond Throughput 5G dataset,data/raw/ucc_5g_context/5G-production-dataset/Download/Static/B_2020.02.14_13.21.26.csv,NetworkMode,object,1000,0,0.0,"[""5G"", ""5G"", ""5G""]",1000
D2,UCC Beyond Throughput 5G dataset,data/raw/ucc_5g_context/5G-production-dataset/Download/Static/B_2020.02.14_13.21.26.csv,RSRP,int64,1000,0,0.0,"[""-103"", ""-103"", ""-102""]",1000
D2,UCC Beyond Throughput 5G dataset,data/raw/ucc_5g_context/5G-production-dataset/Download/Static/B_2020.02.14_13.21.26.csv,RSRQ,int64,1000,0,0.0,"[""-15"", ""-15"", ""-15""]",1000
D2,UCC Beyond Throughput 5G dataset,data/raw/ucc_5g_context/5G-production-dataset/Download/Static/B_2020.02.14_13.21.26.csv,SNR,float64,1000,0,0.0,"[""5.0"", ""5.0"", ""1.0""]",1000
D2,UCC Beyond Throughput 5G dataset,data/raw/ucc_5g_context/5G-production-dataset/Download/Static/B_2020.02.14_13.21.26.csv,CQI,int64,1000,0,0.0,"[""12"", ""12"", ""12""]",1000
D2,UCC Beyond Throughput 5G dataset,data/raw/ucc_5g_context/5G-production-dataset/Download/Static/B_2020.02.14_13.21.26.csv,RSSI,int64,1000,0,0.0,"[""-107"", ""-107"", ""-107""]",1000
D2,UCC Beyond Throughput 5G dataset,data/raw/ucc_5g_context/5G-production-dataset/Download/Static/B_2020.02.14_13.21.26.csv,DL_bitrate,int64,1000,0,0.0,"[""63"", ""2"", ""2""]",1000
D2,UCC Beyond Throughput 5G dataset,data/raw/ucc_5g_context/5G-production-dataset/Download/Static/B_2020.02.14_13.21.26.csv,UL_bitrate,int64,1000,0,0.0,"[""20"", ""4"", ""4""]",1000
D2,UCC Beyond Throughput 5G dataset,data/raw/ucc_5g_context/5G-production-dataset/Download/Static/B_2020.02.14_13.21.26.csv,State,object,1000,0,0.0,"[""D"", ""D"", ""D""]",1000
D2,UCC Beyond Throughput 5G dataset,data/raw/ucc_5g_context/5G-production-dataset/Download/Static/B_2020.02.14_13.21.26.csv,PINGAVG,object,1000,0,0.0,"[""-"", ""-"", ""-""]",1000
D2,UCC Beyond Throughput 5G dataset,data/raw/ucc_5g_context/5G-production-dataset/Download/Static/B_2020.02.14_13.21.26.csv,PINGMIN,object,1000,0,0.0,"[""-"", ""-"", ""-""]",1000
D2,UCC Beyond Throughput 5G dataset,data/raw/ucc_5g_context/5G-production-dataset/Download/Static/B_2020.02.14_13.21.26.csv,PINGMAX,object,1000,0,0.0,"[""-"", ""-"", ""-""]",1000
D2,UCC Beyond Throughput 5G dataset,data/raw/ucc_5g_context/5G-production-dataset/Download/Static/B_2020.02.14_13.21.26.csv,PINGSTDEV,object,1000,0,0.0,"[""-"", ""-"", ""-""]",1000
D2,UCC Beyond Throughput 5G dataset,data/raw/ucc_5g_context/5G-production-dataset/Download/Static/B_2020.02.14_13.21.26.csv,PINGLOSS,object,1000,0,0.0,"[""-"", ""-"", ""-""]",1000
D2,UCC Beyond Throughput 5G dataset,data/raw/ucc_5g_context/5G-production-dataset/Download/Static/B_2020.02.14_13.21.26.csv,CELLHEX,object,1000,0,0.0,"[""B"", ""B"", ""B""]",1000
D2,UCC Beyond Throughput 5G dataset,data/raw/ucc_5g_context/5G-production-dataset/Download/Static/B_2020.02.14_13.21.26.csv,NODEHEX,object,1000,0,0.0,"[""A4DF"", ""A4DF"", ""A4DF""]",1000
D2,UCC Beyond Throughput 5G dataset,data/raw/ucc_5g_context/5G-production-dataset/Download/Static/B_2020.02.14_13.21.26.csv,LACHEX,object,1000,0,0.0,"[""9CBA"", ""9CBA"", ""9CBA""]",1000
D2,UCC Beyond Throughput 5G dataset,data/raw/ucc_5g_context/5G-production-dataset/Download/Static/B_2020.02.14_13.21.26.csv,RAWCELLID,int64,1000,0,0.0,"[""10805003"", ""10805003"", ""10805003""]",1000
D2,UCC Beyond Throughput 5G dataset,data/raw/ucc_5g_context/5G-production-dataset/Download/Static/B_2020.02.14_13.21.26.csv,NRxRSRP,int64,1000,0,0.0,"[""-105"", ""-105"", ""-105""]",1000
D2,UCC Beyond Throughput 5G dataset,data/raw/ucc_5g_context/5G-production-dataset/Download/Static/B_2020.02.14_13.21.26.csv,NRxRSRQ,int64,1000,0,0.0,"[""-10"", ""-10"", ""-10""]",1000
D2,UCC Beyond Throughput 5G dataset,data/raw/ucc_5g_context/5G-production-dataset/Download/Static/B_2020.02.27_18.39.27.csv,Timestamp,object,1000,0,0.0,"[""2020.02.27_18.39.27"", ""2020.02.27_18.39.28"", ""2020.02.27_18.39.28""]",1000
D2,UCC Beyond Throughput 5G dataset,data/raw/ucc_5g_context/5G-production-dataset/Download/Static/B_2020.02.27_18.39.27.csv,Longitude,float64,1000,0,0.0,"[""-8.394632000000001"", ""-8.394656"", ""-8.394656""]",1000
D2,UCC Beyond Throughput 5G dataset,data/raw/ucc_5g_context/5G-production-dataset/Download/Static/B_2020.02.27_18.39.27.csv,Latitude,float64,1000,0,0.0,"[""51.886254"", ""51.886262"", ""51.886262""]",1000
D2,UCC Beyond Throughput 5G dataset,data/raw/ucc_5g_context/5G-production-dataset/Download/Static/B_2020.02.27_18.39.27.csv,Speed,int64,1000,0,0.0,"[""0"", ""0"", ""0""]",1000
D2,UCC Beyond Throughput 5G dataset,data/raw/ucc_5g_context/5G-production-dataset/Download/Static/B_2020.02.27_18.39.27.csv,Operatorname,object,1000,0,0.0,"[""B"", ""B"", ""B""]",1000
D2,UCC Beyond Throughput 5G dataset,data/raw/ucc_5g_context/5G-production-dataset/Download/Static/B_2020.02.27_18.39.27.csv,CellID,int64,1000,0,0.0,"[""11"", ""11"", ""11""]",1000
D2,UCC Beyond Throughput 5G dataset,data/raw/ucc_5g_context/5G-production-dataset/Download/Static/B_2020.02.27_18.39.27.csv,NetworkMode,object,1000,0,0.0,"[""5G"", ""5G"", ""5G""]",1000
D2,UCC Beyond Throughput 5G dataset,data/raw/ucc_5g_context/5G-production-dataset/Download/Static/B_2020.02.27_18.39.27.csv,RSRP,int64,1000,0,0.0,"[""-101"", ""-101"", ""-101""]",1000
D2,UCC Beyond Throughput 5G dataset,data/raw/ucc_5g_context/5G-production-dataset/Download/Static/B_2020.02.27_18.39.27.csv,RSRQ,int64,1000,0,0.0,"[""-10"", ""-10"", ""-10""]",1000
D2,UCC Beyond Throughput 5G dataset,data/raw/ucc_5g_context/5G-production-dataset/Download/Static/B_2020.02.27_18.39.27.csv,SNR,float64,1000,0,0.0,"[""0.0"", ""0.0"", ""0.0""]",1000
D2,UCC Beyond Throughput 5G dataset,data/raw/ucc_5g_context/5G-production-dataset/Download/Static/B_2020.02.27_18.39.27.csv,CQI,int64,1000,0,0.0,"[""12"", ""12"", ""12""]",1000
D2,UCC Beyond Throughput 5G dataset,data/raw/ucc_5g_context/5G-production-dataset/Download/Static/B_2020.02.27_18.39.27.csv,RSSI,int64,1000,0,0.0,"[""-103"", ""-103"", ""-103""]",1000
D2,UCC Beyond Throughput 5G dataset,data/raw/ucc_5g_context/5G-production-dataset/Download/Static/B_2020.02.27_18.39.27.csv,DL_bitrate,int64,1000,0,0.0,"[""12"", ""12"", ""0""]",1000
D2,UCC Beyond Throughput 5G dataset,data/raw/ucc_5g_context/5G-production-dataset/Download/Static/B_2020.02.27_18.39.27.csv,UL_bitrate,int64,1000,0,0.0,"[""3"", ""3"", ""0""]",1000
D2,UCC Beyond Throughput 5G dataset,data/raw/ucc_5g_context/5G-production-dataset/Download/Static/B_2020.02.27_18.39.27.csv,State,object,1000,0,0.0,"[""D"", ""D"", ""D""]",1000
D2,UCC Beyond Throughput 5G dataset,data/raw/ucc_5g_context/5G-production-dataset/Download/Static/B_2020.02.27_18.39.27.csv,PINGAVG,object,1000,0,0.0,"[""-"", ""-"", ""-""]",1000
D2,UCC Beyond Throughput 5G dataset,data/raw/ucc_5g_context/5G-production-dataset/Download/Static/B_2020.02.27_18.39.27.csv,PINGMIN,object,1000,0,0.0,"[""-"", ""-"", ""-""]",1000
D2,UCC Beyond Throughput 5G dataset,data/raw/ucc_5g_context/5G-production-dataset/Download/Static/B_2020.02.27_18.39.27.csv,PINGMAX,object,1000,0,0.0,"[""-"", ""-"", ""-""]",1000
D2,UCC Beyond Throughput 5G dataset,data/raw/ucc_5g_context/5G-production-dataset/Download/Static/B_2020.02.27_18.39.27.csv,PINGSTDEV,object,1000,0,0.0,"[""-"", ""-"", ""-""]",1000
D2,UCC Beyond Throughput 5G dataset,data/raw/ucc_5g_context/5G-production-dataset/Download/Static/B_2020.02.27_18.39.27.csv,PINGLOSS,object,1000,0,0.0,"[""-"", ""-"", ""-""]",1000
D2,UCC Beyond Throughput 5G dataset,data/raw/ucc_5g_context/5G-production-dataset/Download/Static/B_2020.02.27_18.39.27.csv,CELLHEX,object,1000,0,0.0,"[""B"", ""B"", ""B""]",1000
D2,UCC Beyond Throughput 5G dataset,data/raw/ucc_5g_context/5G-production-dataset/Download/Static/B_2020.02.27_18.39.27.csv,NODEHEX,object,1000,0,0.0,"[""A4DF"", ""A4DF"", ""A4DF""]",1000
D2,UCC Beyond Throughput 5G dataset,data/raw/ucc_5g_context/5G-production-dataset/Download/Static/B_2020.02.27_18.39.27.csv,LACHEX,object,1000,0,0.0,"[""9CBA"", ""9CBA"", ""9CBA""]",1000
D2,UCC Beyond Throughput 5G dataset,data/raw/ucc_5g_context/5G-production-dataset/Download/Static/B_2020.02.27_18.39.27.csv,RAWCELLID,int64,1000,0,0.0,"[""10805003"", ""10805003"", ""10805003""]",1000
D2,UCC Beyond Throughput 5G dataset,data/raw/ucc_5g_context/5G-production-dataset/Download/Static/B_2020.02.27_18.39.27.csv,NRxRSRP,float64,1000,0,0.0,"[""-104.0"", ""-104.0"", ""-104.0""]",1000
D2,UCC Beyond Throughput 5G dataset,data/raw/ucc_5g_context/5G-production-dataset/Download/Static/B_2020.02.27_18.39.27.csv,NRxRSRQ,float64,1000,0,0.0,"[""-9.0"", ""-9.0"", ""-9.0""]",1000
D2,UCC Beyond Throughput 5G dataset,data/raw/ucc_5g_context/5G-production-dataset/Netflix/Driving/Season3-StrangerThings/B_2019.11.23_12.27.34.csv,Timestamp,object,1000,0,0.0,"[""2019.11.23_12.27.34"", ""2019.11.23_12.27.35"", ""2019.11.23_12.27.35""]",1000
D2,UCC Beyond Throughput 5G dataset,data/raw/ucc_5g_context/5G-production-dataset/Netflix/Driving/Season3-StrangerThings/B_2019.11.23_12.27.34.csv,Longitude,float64,1000,0,0.0,"[""-8.52006"", ""-8.52006"", ""-8.52005""]",1000
D2,UCC Beyond Throughput 5G dataset,data/raw/ucc_5g_context/5G-production-dataset/Netflix/Driving/Season3-StrangerThings/B_2019.11.23_12.27.34.csv,Latitude,float64,1000,0,0.0,"[""51.874192"", ""51.874192"", ""51.874204""]",1000
D2,UCC Beyond Throughput 5G dataset,data/raw/ucc_5g_context/5G-production-dataset/Netflix/Driving/Season3-StrangerThings/B_2019.11.23_12.27.34.csv,Speed,int64,1000,0,0.0,"[""1"", ""1"", ""0""]",1000
D2,UCC Beyond Throughput 5G dataset,data/raw/ucc_5g_context/5G-production-dataset/Netflix/Driving/Season3-StrangerThings/B_2019.11.23_12.27.34.csv,Operatorname,object,1000,0,0.0,"[""B"", ""B"", ""B""]",1000
D2,UCC Beyond Throughput 5G dataset,data/raw/ucc_5g_context/5G-production-dataset/Netflix/Driving/Season3-StrangerThings/B_2019.11.23_12.27.34.csv,CellID,int64,1000,0,0.0,"[""13"", ""13"", ""13""]",1000
D2,UCC Beyond Throughput 5G dataset,data/raw/ucc_5g_context/5G-production-dataset/Netflix/Driving/Season3-StrangerThings/B_2019.11.23_12.27.34.csv,NetworkMode,object,1000,0,0.0,"[""5G"", ""5G"", ""5G""]",1000
D2,UCC Beyond Throughput 5G dataset,data/raw/ucc_5g_context/5G-production-dataset/Netflix/Driving/Season3-StrangerThings/B_2019.11.23_12.27.34.csv,RSRP,int64,1000,0,0.0,"[""-85"", ""-87"", ""-87""]",1000
D2,UCC Beyond Throughput 5G dataset,data/raw/ucc_5g_context/5G-production-dataset/Netflix/Driving/Season3-StrangerThings/B_2019.11.23_12.27.34.csv,RSRQ,int64,1000,0,0.0,"[""-10"", ""-12"", ""-12""]",1000
D2,UCC Beyond Throughput 5G dataset,data/raw/ucc_5g_context/5G-production-dataset/Netflix/Driving/Season3-StrangerThings/B_2019.11.23_12.27.34.csv,SNR,object,1000,0,0.0,"[""7.0"", ""4.0"", ""4.0""]",1000
D2,UCC Beyond Throughput 5G dataset,data/raw/ucc_5g_context/5G-production-dataset/Netflix/Driving/Season3-StrangerThings/B_2019.11.23_12.27.34.csv,CQI,object,1000,0,0.0,"[""13"", ""13"", ""10""]",1000
D2,UCC Beyond Throughput 5G dataset,data/raw/ucc_5g_context/5G-production-dataset/Netflix/Driving/Season3-StrangerThings/B_2019.11.23_12.27.34.csv,RSSI,object,1000,0,0.0,"[""-71"", ""-71"", ""-""]",1000
D2,UCC Beyond Throughput 5G dataset,data/raw/ucc_5g_context/5G-production-dataset/Netflix/Driving/Season3-StrangerThings/B_2019.11.23_12.27.34.csv,DL_bitrate,int64,1000,0,0.0,"[""1"", ""0"", ""0""]",1000
D2,UCC Beyond Throughput 5G dataset,data/raw/ucc_5g_context/5G-production-dataset/Netflix/Driving/Season3-StrangerThings/B_2019.11.23_12.27.34.csv,UL_bitrate,int64,1000,0,0.0,"[""2"", ""0"", ""0""]",1000
D2,UCC Beyond Throughput 5G dataset,data/raw/ucc_5g_context/5G-production-dataset/Netflix/Driving/Season3-StrangerThings/B_2019.11.23_12.27.34.csv,State,object,1000,0,0.0,"[""D"", ""D"", ""I""]",1000
D2,UCC Beyond Throughput 5G dataset,data/raw/ucc_5g_context/5G-production-dataset/Netflix/Driving/Season3-StrangerThings/B_2019.11.23_12.27.34.csv,PINGAVG,object,1000,0,0.0,"[""-"", ""-"", ""-""]",1000
D2,UCC Beyond Throughput 5G dataset,data/raw/ucc_5g_context/5G-production-dataset/Netflix/Driving/Season3-StrangerThings/B_2019.11.23_12.27.34.csv,PINGMIN,object,1000,0,0.0,"[""-"", ""-"", ""-""]",1000
D2,UCC Beyond Throughput 5G dataset,data/raw/ucc_5g_context/5G-production-dataset/Netflix/Driving/Season3-StrangerThings/B_2019.11.23_12.27.34.csv,PINGMAX,object,1000,0,0.0,"[""-"", ""-"", ""-""]",1000
D2,UCC Beyond Throughput 5G dataset,data/raw/ucc_5g_context/5G-production-dataset/Netflix/Driving/Season3-StrangerThings/B_2019.11.23_12.27.34.csv,PINGSTDEV,object,1000,0,0.0,"[""-"", ""-"", ""-""]",1000
D2,UCC Beyond Throughput 5G dataset,data/raw/ucc_5g_context/5G-production-dataset/Netflix/Driving/Season3-StrangerThings/B_2019.11.23_12.27.34.csv,PINGLOSS,object,1000,0,0.0,"[""-"", ""-"", ""-""]",1000
D2,UCC Beyond Throughput 5G dataset,data/raw/ucc_5g_context/5G-production-dataset/Netflix/Driving/Season3-StrangerThings/B_2019.11.23_12.27.34.csv,CELLHEX,object,1000,0,0.0,"[""D"", ""D"", ""D""]",1000
D2,UCC Beyond Throughput 5G dataset,data/raw/ucc_5g_context/5G-production-dataset/Netflix/Driving/Season3-StrangerThings/B_2019.11.23_12.27.34.csv,NODEHEX,object,1000,0,0.0,"[""AAB4"", ""AAB4"", ""AAB4""]",1000
D2,UCC Beyond Throughput 5G dataset,data/raw/ucc_5g_context/5G-production-dataset/Netflix/Driving/Season3-StrangerThings/B_2019.11.23_12.27.34.csv,LACHEX,object,1000,0,0.0,"[""9CBA"", ""9CBA"", ""9CBA""]",1000
D2,UCC Beyond Throughput 5G dataset,data/raw/ucc_5g_context/5G-production-dataset/Netflix/Driving/Season3-StrangerThings/B_2019.11.23_12.27.34.csv,RAWCELLID,int64,1000,0,0.0,"[""11187213"", ""11187213"", ""11187213""]",1000
D2,UCC Beyond Throughput 5G dataset,data/raw/ucc_5g_context/5G-production-dataset/Netflix/Driving/Season3-StrangerThings/B_2019.11.23_12.27.34.csv,NRxRSRP,object,1000,0,0.0,"[""-90.0"", ""-89.0"", ""-89.0""]",1000
D2,UCC Beyond Throughput 5G dataset,data/raw/ucc_5g_context/5G-production-dataset/Netflix/Driving/Season3-StrangerThings/B_2019.11.23_12.27.34.csv,NRxRSRQ,object,1000,0,0.0,"[""-204.0"", ""-4.0"", ""-4.0""]",1000
D2,UCC Beyond Throughput 5G dataset,data/raw/ucc_5g_context/5G-production-dataset/Netflix/Driving/Season3-StrangerThings/B_2019.11.23_13.28.26.csv,Timestamp,object,1000,0,0.0,"[""2019.11.23_13.28.26"", ""2019.11.23_13.28.26"", ""2019.11.23_13.28.27""]",1000
D2,UCC Beyond Throughput 5G dataset,data/raw/ucc_5g_context/5G-production-dataset/Netflix/Driving/Season3-StrangerThings/B_2019.11.23_13.28.26.csv,Longitude,float64,1000,0,0.0,"[""-8.394792"", ""-8.394722999999999"", ""-8.394722999999999""]",1000
D2,UCC Beyond Throughput 5G dataset,data/raw/ucc_5g_context/5G-production-dataset/Netflix/Driving/Season3-StrangerThings/B_2019.11.23_13.28.26.csv,Latitude,float64,1000,0,0.0,"[""51.886096"", ""51.886283"", ""51.886283""]",1000
D2,UCC Beyond Throughput 5G dataset,data/raw/ucc_5g_context/5G-production-dataset/Netflix/Driving/Season3-StrangerThings/B_2019.11.23_13.28.26.csv,Speed,int64,1000,0,0.0,"[""0"", ""1"", ""1""]",1000
D2,UCC Beyond Throughput 5G dataset,data/raw/ucc_5g_context/5G-production-dataset/Netflix/Driving/Season3-StrangerThings/B_2019.11.23_13.28.26.csv,Operatorname,object,1000,0,0.0,"[""B"", ""B"", ""B""]",1000
D2,UCC Beyond Throughput 5G dataset,data/raw/ucc_5g_context/5G-production-dataset/Netflix/Driving/Season3-StrangerThings/B_2019.11.23_13.28.26.csv,CellID,int64,1000,0,0.0,"[""11"", ""11"", ""11""]",1000
D2,UCC Beyond Throughput 5G dataset,data/raw/ucc_5g_context/5G-production-dataset/Netflix/Driving/Season3-StrangerThings/B_2019.11.23_13.28.26.csv,NetworkMode,object,1000,0,0.0,"[""5G"", ""5G"", ""5G""]",1000
D2,UCC Beyond Throughput 5G dataset,data/raw/ucc_5g_context/5G-production-dataset/Netflix/Driving/Season3-StrangerThings/B_2019.11.23_13.28.26.csv,RSRP,int64,1000,0,0.0,"[""-103"", ""-103"", ""-103""]",1000
D2,UCC Beyond Throughput 5G dataset,data/raw/ucc_5g_context/5G-production-dataset/Netflix/Driving/Season3-StrangerThings/B_2019.11.23_13.28.26.csv,RSRQ,int64,1000,0,0.0,"[""-13"", ""-13"", ""-14""]",1000
D2,UCC Beyond Throughput 5G dataset,data/raw/ucc_5g_context/5G-production-dataset/Netflix/Driving/Season3-StrangerThings/B_2019.11.23_13.28.26.csv,SNR,float64,1000,0,0.0,"[""-2.0"", ""-2.0"", ""-4.0""]",1000
D2,UCC Beyond Throughput 5G dataset,data/raw/ucc_5g_context/5G-production-dataset/Netflix/Driving/Season3-StrangerThings/B_2019.11.23_13.28.26.csv,CQI,int64,1000,0,0.0,"[""12"", ""12"", ""12""]",1000
D2,UCC Beyond Throughput 5G dataset,data/raw/ucc_5g_context/5G-production-dataset/Netflix/Driving/Season3-StrangerThings/B_2019.11.23_13.28.26.csv,RSSI,object,1000,0,0.0,"[""-86"", ""-86"", ""-86""]",1000
D2,UCC Beyond Throughput 5G dataset,data/raw/ucc_5g_context/5G-production-dataset/Netflix/Driving/Season3-StrangerThings/B_2019.11.23_13.28.26.csv,DL_bitrate,int64,1000,0,0.0,"[""0"", ""0"", ""0""]",1000
D2,UCC Beyond Throughput 5G dataset,data/raw/ucc_5g_context/5G-production-dataset/Netflix/Driving/Season3-StrangerThings/B_2019.11.23_13.28.26.csv,UL_bitrate,int64,1000,0,0.0,"[""0"", ""0"", ""0""]",1000
D2,UCC Beyond Throughput 5G dataset,data/raw/ucc_5g_context/5G-production-dataset/Netflix/Driving/Season3-StrangerThings/B_2019.11.23_13.28.26.csv,State,object,1000,0,0.0,"[""I"", ""I"", ""I""]",1000
D2,UCC Beyond Throughput 5G dataset,data/raw/ucc_5g_context/5G-production-dataset/Netflix/Driving/Season3-StrangerThings/B_2019.11.23_13.28.26.csv,PINGAVG,object,1000,0,0.0,"[""-"", ""-"", ""-""]",1000
D2,UCC Beyond Throughput 5G dataset,data/raw/ucc_5g_context/5G-production-dataset/Netflix/Driving/Season3-StrangerThings/B_2019.11.23_13.28.26.csv,PINGMIN,object,1000,0,0.0,"[""-"", ""-"", ""-""]",1000
D2,UCC Beyond Throughput 5G dataset,data/raw/ucc_5g_context/5G-production-dataset/Netflix/Driving/Season3-StrangerThings/B_2019.11.23_13.28.26.csv,PINGMAX,object,1000,0,0.0,"[""-"", ""-"", ""-""]",1000
D2,UCC Beyond Throughput 5G dataset,data/raw/ucc_5g_context/5G-production-dataset/Netflix/Driving/Season3-StrangerThings/B_2019.11.23_13.28.26.csv,PINGSTDEV,object,1000,0,0.0,"[""-"", ""-"", ""-""]",1000
D2,UCC Beyond Throughput 5G dataset,data/raw/ucc_5g_context/5G-production-dataset/Netflix/Driving/Season3-StrangerThings/B_2019.11.23_13.28.26.csv,PINGLOSS,object,1000,0,0.0,"[""-"", ""-"", ""-""]",1000
D2,UCC Beyond Throughput 5G dataset,data/raw/ucc_5g_context/5G-production-dataset/Netflix/Driving/Season3-StrangerThings/B_2019.11.23_13.28.26.csv,CELLHEX,object,1000,0,0.0,"[""B"", ""B"", ""B""]",1000
D2,UCC Beyond Throughput 5G dataset,data/raw/ucc_5g_context/5G-production-dataset/Netflix/Driving/Season3-StrangerThings/B_2019.11.23_13.28.26.csv,NODEHEX,object,1000,0,0.0,"[""A4DF"", ""A4DF"", ""A4DF""]",1000
D2,UCC Beyond Throughput 5G dataset,data/raw/ucc_5g_context/5G-production-dataset/Netflix/Driving/Season3-StrangerThings/B_2019.11.23_13.28.26.csv,LACHEX,object,1000,0,0.0,"[""9CBA"", ""9CBA"", ""9CBA""]",1000
D2,UCC Beyond Throughput 5G dataset,data/raw/ucc_5g_context/5G-production-dataset/Netflix/Driving/Season3-StrangerThings/B_2019.11.23_13.28.26.csv,RAWCELLID,int64,1000,0,0.0,"[""10805003"", ""10805003"", ""10805003""]",1000
D2,UCC Beyond Throughput 5G dataset,data/raw/ucc_5g_context/5G-production-dataset/Netflix/Driving/Season3-StrangerThings/B_2019.11.23_13.28.26.csv,NRxRSRP,object,1000,0,0.0,"[""-98.0"", ""-98.0"", ""-104.0""]",1000
D2,UCC Beyond Throughput 5G dataset,data/raw/ucc_5g_context/5G-production-dataset/Netflix/Driving/Season3-StrangerThings/B_2019.11.23_13.28.26.csv,NRxRSRQ,object,1000,0,0.0,"[""-4.0"", ""-4.0"", ""-4.0""]",1000
D2,UCC Beyond Throughput 5G dataset,data/raw/ucc_5g_context/5G-production-dataset/Netflix/Driving/Season3-StrangerThings/B_2019.11.23_16.08.19.csv,Timestamp,object,1000,0,0.0,"[""2019.11.23_16.08.19"", ""2019.11.23_16.08.19"", ""2019.11.23_16.08.19""]",1000
D2,UCC Beyond Throughput 5G dataset,data/raw/ucc_5g_context/5G-production-dataset/Netflix/Driving/Season3-StrangerThings/B_2019.11.23_16.08.19.csv,Longitude,float64,1000,0,0.0,"[""-8.358103999999999"", ""-8.358193"", ""-8.358193""]",1000
D2,UCC Beyond Throughput 5G dataset,data/raw/ucc_5g_context/5G-production-dataset/Netflix/Driving/Season3-StrangerThings/B_2019.11.23_16.08.19.csv,Latitude,float64,1000,0,0.0,"[""51.903147"", ""51.903932"", ""51.903932""]",1000
D2,UCC Beyond Throughput 5G dataset,data/raw/ucc_5g_context/5G-production-dataset/Netflix/Driving/Season3-StrangerThings/B_2019.11.23_16.08.19.csv,Speed,int64,1000,0,0.0,"[""0"", ""1"", ""1""]",1000
D2,UCC Beyond Throughput 5G dataset,data/raw/ucc_5g_context/5G-production-dataset/Netflix/Driving/Season3-StrangerThings/B_2019.11.23_16.08.19.csv,Operatorname,object,1000,0,0.0,"[""B"", ""B"", ""B""]",1000
D2,UCC Beyond Throughput 5G dataset,data/raw/ucc_5g_context/5G-production-dataset/Netflix/Driving/Season3-StrangerThings/B_2019.11.23_16.08.19.csv,CellID,int64,1000,0,0.0,"[""11"", ""11"", ""11""]",1000
D2,UCC Beyond Throughput 5G dataset,data/raw/ucc_5g_context/5G-production-dataset/Netflix/Driving/Season3-StrangerThings/B_2019.11.23_16.08.19.csv,NetworkMode,object,1000,0,0.0,"[""5G"", ""5G"", ""5G""]",1000
D2,UCC Beyond Throughput 5G dataset,data/raw/ucc_5g_context/5G-production-dataset/Netflix/Driving/Season3-StrangerThings/B_2019.11.23_16.08.19.csv,RSRP,int64,1000,0,0.0,"[""-102"", ""-102"", ""-102""]",1000
D2,UCC Beyond Throughput 5G dataset,data/raw/ucc_5g_context/5G-production-dataset/Netflix/Driving/Season3-StrangerThings/B_2019.11.23_16.08.19.csv,RSRQ,int64,1000,0,0.0,"[""-10"", ""-10"", ""-10""]",1000
D2,UCC Beyond Throughput 5G dataset,data/raw/ucc_5g_context/5G-production-dataset/Netflix/Driving/Season3-StrangerThings/B_2019.11.23_16.08.19.csv,SNR,float64,1000,0,0.0,"[""1.0"", ""1.0"", ""1.0""]",1000
D2,UCC Beyond Throughput 5G dataset,data/raw/ucc_5g_context/5G-production-dataset/Netflix/Driving/Season3-StrangerThings/B_2019.11.23_16.08.19.csv,CQI,int64,1000,0,0.0,"[""11"", ""11"", ""11""]",1000
D2,UCC Beyond Throughput 5G dataset,data/raw/ucc_5g_context/5G-production-dataset/Netflix/Driving/Season3-StrangerThings/B_2019.11.23_16.08.19.csv,RSSI,object,1000,0,0.0,"[""-85"", ""-85"", ""-85""]",1000
D2,UCC Beyond Throughput 5G dataset,data/raw/ucc_5g_context/5G-production-dataset/Netflix/Driving/Season3-StrangerThings/B_2019.11.23_16.08.19.csv,DL_bitrate,int64,1000,0,0.0,"[""36"", ""36"", ""1""]",1000
D2,UCC Beyond Throughput 5G dataset,data/raw/ucc_5g_context/5G-production-dataset/Netflix/Driving/Season3-StrangerThings/B_2019.11.23_16.08.19.csv,UL_bitrate,int64,1000,0,0.0,"[""7"", ""7"", ""6""]",1000
D2,UCC Beyond Throughput 5G dataset,data/raw/ucc_5g_context/5G-production-dataset/Netflix/Driving/Season3-StrangerThings/B_2019.11.23_16.08.19.csv,State,object,1000,0,0.0,"[""D"", ""D"", ""D""]",1000
D2,UCC Beyond Throughput 5G dataset,data/raw/ucc_5g_context/5G-production-dataset/Netflix/Driving/Season3-StrangerThings/B_2019.11.23_16.08.19.csv,PINGAVG,object,1000,0,0.0,"[""-"", ""-"", ""-""]",1000
D2,UCC Beyond Throughput 5G dataset,data/raw/ucc_5g_context/5G-production-dataset/Netflix/Driving/Season3-StrangerThings/B_2019.11.23_16.08.19.csv,PINGMIN,object,1000,0,0.0,"[""-"", ""-"", ""-""]",1000
D2,UCC Beyond Throughput 5G dataset,data/raw/ucc_5g_context/5G-production-dataset/Netflix/Driving/Season3-StrangerThings/B_2019.11.23_16.08.19.csv,PINGMAX,object,1000,0,0.0,"[""-"", ""-"", ""-""]",1000
D2,UCC Beyond Throughput 5G dataset,data/raw/ucc_5g_context/5G-production-dataset/Netflix/Driving/Season3-StrangerThings/B_2019.11.23_16.08.19.csv,PINGSTDEV,object,1000,0,0.0,"[""-"", ""-"", ""-""]",1000
D2,UCC Beyond Throughput 5G dataset,data/raw/ucc_5g_context/5G-production-dataset/Netflix/Driving/Season3-StrangerThings/B_2019.11.23_16.08.19.csv,PINGLOSS,object,1000,0,0.0,"[""-"", ""-"", ""-""]",1000
D2,UCC Beyond Throughput 5G dataset,data/raw/ucc_5g_context/5G-production-dataset/Netflix/Driving/Season3-StrangerThings/B_2019.11.23_16.08.19.csv,CELLHEX,object,1000,0,0.0,"[""B"", ""B"", ""B""]",1000
D2,UCC Beyond Throughput 5G dataset,data/raw/ucc_5g_context/5G-production-dataset/Netflix/Driving/Season3-StrangerThings/B_2019.11.23_16.08.19.csv,NODEHEX,object,1000,0,0.0,"[""A99E"", ""A99E"", ""A99E""]",1000
D2,UCC Beyond Throughput 5G dataset,data/raw/ucc_5g_context/5G-production-dataset/Netflix/Driving/Season3-StrangerThings/B_2019.11.23_16.08.19.csv,LACHEX,object,1000,0,0.0,"[""9CBA"", ""9CBA"", ""9CBA""]",1000
D2,UCC Beyond Throughput 5G dataset,data/raw/ucc_5g_context/5G-production-dataset/Netflix/Driving/Season3-StrangerThings/B_2019.11.23_16.08.19.csv,RAWCELLID,int64,1000,0,0.0,"[""11116043"", ""11116043"", ""11116043""]",1000
D2,UCC Beyond Throughput 5G dataset,data/raw/ucc_5g_context/5G-production-dataset/Netflix/Driving/Season3-StrangerThings/B_2019.11.23_16.08.19.csv,NRxRSRP,object,1000,0,0.0,"[""-107.0"", ""-107.0"", ""-107.0""]",1000
D2,UCC Beyond Throughput 5G dataset,data/raw/ucc_5g_context/5G-production-dataset/Netflix/Driving/Season3-StrangerThings/B_2019.11.23_16.08.19.csv,NRxRSRQ,object,1000,0,0.0,"[""-14.0"", ""-14.0"", ""-14.0""]",1000
D2,UCC Beyond Throughput 5G dataset,data/raw/ucc_5g_context/5G-production-dataset/Netflix/Driving/Season3-StrangerThings/B_2019.11.24_12.19.13.csv,Timestamp,object,761,0,0.0,"[""2019.11.24_12.19.13"", ""2019.11.24_12.19.13"", ""2019.11.24_12.19.14""]",1000
D2,UCC Beyond Throughput 5G dataset,data/raw/ucc_5g_context/5G-production-dataset/Netflix/Driving/Season3-StrangerThings/B_2019.11.24_12.19.13.csv,Longitude,float64,761,0,0.0,"[""-8.388349"", ""-8.388349"", ""-8.388284""]",1000
D2,UCC Beyond Throughput 5G dataset,data/raw/ucc_5g_context/5G-production-dataset/Netflix/Driving/Season3-StrangerThings/B_2019.11.24_12.19.13.csv,Latitude,float64,761,0,0.0,"[""51.93563"", ""51.93563"", ""51.935596999999994""]",1000
D2,UCC Beyond Throughput 5G dataset,data/raw/ucc_5g_context/5G-production-dataset/Netflix/Driving/Season3-StrangerThings/B_2019.11.24_12.19.13.csv,Speed,int64,761,0,0.0,"[""0"", ""0"", ""0""]",1000
D2,UCC Beyond Throughput 5G dataset,data/raw/ucc_5g_context/5G-production-dataset/Netflix/Driving/Season3-StrangerThings/B_2019.11.24_12.19.13.csv,Operatorname,object,761,0,0.0,"[""B"", ""B"", ""B""]",1000
D2,UCC Beyond Throughput 5G dataset,data/raw/ucc_5g_context/5G-production-dataset/Netflix/Driving/Season3-StrangerThings/B_2019.11.24_12.19.13.csv,CellID,int64,761,0,0.0,"[""12"", ""12"", ""12""]",1000
D2,UCC Beyond Throughput 5G dataset,data/raw/ucc_5g_context/5G-production-dataset/Netflix/Driving/Season3-StrangerThings/B_2019.11.24_12.19.13.csv,NetworkMode,object,761,0,0.0,"[""5G"", ""5G"", ""5G""]",1000
D2,UCC Beyond Throughput 5G dataset,data/raw/ucc_5g_context/5G-production-dataset/Netflix/Driving/Season3-StrangerThings/B_2019.11.24_12.19.13.csv,RSRP,int64,761,0,0.0,"[""-102"", ""-102"", ""-102""]",1000
D2,UCC Beyond Throughput 5G dataset,data/raw/ucc_5g_context/5G-production-dataset/Netflix/Driving/Season3-StrangerThings/B_2019.11.24_12.19.13.csv,RSRQ,int64,761,0,0.0,"[""-14"", ""-14"", ""-14""]",1000
D2,UCC Beyond Throughput 5G dataset,data/raw/ucc_5g_context/5G-production-dataset/Netflix/Driving/Season3-StrangerThings/B_2019.11.24_12.19.13.csv,SNR,object,761,0,0.0,"[""2.0"", ""2.0"", ""2.0""]",1000
D2,UCC Beyond Throughput 5G dataset,data/raw/ucc_5g_context/5G-production-dataset/Netflix/Driving/Season3-StrangerThings/B_2019.11.24_12.19.13.csv,CQI,object,761,0,0.0,"[""4"", ""4"", ""4""]",1000
D2,UCC Beyond Throughput 5G dataset,data/raw/ucc_5g_context/5G-production-dataset/Netflix/Driving/Season3-StrangerThings/B_2019.11.24_12.19.13.csv,RSSI,object,761,0,0.0,"[""-"", ""-"", ""-""]",1000
D2,UCC Beyond Throughput 5G dataset,data/raw/ucc_5g_context/5G-production-dataset/Netflix/Driving/Season3-StrangerThings/B_2019.11.24_12.19.13.csv,DL_bitrate,int64,761,0,0.0,"[""0"", ""35"", ""35""]",1000
D2,UCC Beyond Throughput 5G dataset,data/raw/ucc_5g_context/5G-production-dataset/Netflix/Driving/Season3-StrangerThings/B_2019.11.24_12.19.13.csv,UL_bitrate,int64,761,0,0.0,"[""0"", ""10"", ""10""]",1000
D2,UCC Beyond Throughput 5G dataset,data/raw/ucc_5g_context/5G-production-dataset/Netflix/Driving/Season3-StrangerThings/B_2019.11.24_12.19.13.csv,State,object,761,0,0.0,"[""I"", ""D"", ""D""]",1000
D2,UCC Beyond Throughput 5G dataset,data/raw/ucc_5g_context/5G-production-dataset/Netflix/Driving/Season3-StrangerThings/B_2019.11.24_12.19.13.csv,PINGAVG,object,761,0,0.0,"[""-"", ""-"", ""-""]",1000
D2,UCC Beyond Throughput 5G dataset,data/raw/ucc_5g_context/5G-production-dataset/Netflix/Driving/Season3-StrangerThings/B_2019.11.24_12.19.13.csv,PINGMIN,object,761,0,0.0,"[""-"", ""-"", ""-""]",1000
D2,UCC Beyond Throughput 5G dataset,data/raw/ucc_5g_context/5G-production-dataset/Netflix/Driving/Season3-StrangerThings/B_2019.11.24_12.19.13.csv,PINGMAX,object,761,0,0.0,"[""-"", ""-"", ""-""]",1000
D2,UCC Beyond Throughput 5G dataset,data/raw/ucc_5g_context/5G-production-dataset/Netflix/Driving/Season3-StrangerThings/B_2019.11.24_12.19.13.csv,PINGSTDEV,object,761,0,0.0,"[""-"", ""-"", ""-""]",1000
D2,UCC Beyond Throughput 5G dataset,data/raw/ucc_5g_context/5G-production-dataset/Netflix/Driving/Season3-StrangerThings/B_2019.11.24_12.19.13.csv,PINGLOSS,object,761,0,0.0,"[""-"", ""-"", ""-""]",1000
D2,UCC Beyond Throughput 5G dataset,data/raw/ucc_5g_context/5G-production-dataset/Netflix/Driving/Season3-StrangerThings/B_2019.11.24_12.19.13.csv,CELLHEX,object,761,0,0.0,"[""C"", ""C"", ""C""]",1000
D2,UCC Beyond Throughput 5G dataset,data/raw/ucc_5g_context/5G-production-dataset/Netflix/Driving/Season3-StrangerThings/B_2019.11.24_12.19.13.csv,NODEHEX,object,761,0,0.0,"[""A81B"", ""A81B"", ""A81B""]",1000
D2,UCC Beyond Throughput 5G dataset,data/raw/ucc_5g_context/5G-production-dataset/Netflix/Driving/Season3-StrangerThings/B_2019.11.24_12.19.13.csv,LACHEX,object,761,0,0.0,"[""9CBA"", ""9CBA"", ""9CBA""]",1000
D2,UCC Beyond Throughput 5G dataset,data/raw/ucc_5g_context/5G-production-dataset/Netflix/Driving/Season3-StrangerThings/B_2019.11.24_12.19.13.csv,RAWCELLID,int64,761,0,0.0,"[""11016972"", ""11016972"", ""11016972""]",1000
D2,UCC Beyond Throughput 5G dataset,data/raw/ucc_5g_context/5G-production-dataset/Netflix/Driving/Season3-StrangerThings/B_2019.11.24_12.19.13.csv,NRxRSRP,object,761,0,0.0,"[""-97.0"", ""-97.0"", ""-97.0""]",1000
D2,UCC Beyond Throughput 5G dataset,data/raw/ucc_5g_context/5G-production-dataset/Netflix/Driving/Season3-StrangerThings/B_2019.11.24_12.19.13.csv,NRxRSRQ,object,761,0,0.0,"[""-16.0"", ""-16.0"", ""-16.0""]",1000
D2,UCC Beyond Throughput 5G dataset,data/raw/ucc_5g_context/5G-production-dataset/Netflix/Driving/Season3-StrangerThings/B_2019.11.24_13.06.36.csv,Timestamp,object,701,0,0.0,"[""2019.11.24_13.06.36"", ""2019.11.24_13.06.36"", ""2019.11.24_13.06.36""]",1000
D2,UCC Beyond Throughput 5G dataset,data/raw/ucc_5g_context/5G-production-dataset/Netflix/Driving/Season3-StrangerThings/B_2019.11.24_13.06.36.csv,Longitude,float64,701,0,0.0,"[""-8.448497999999999"", ""-8.448757"", ""-8.448757""]",1000
D2,UCC Beyond Throughput 5G dataset,data/raw/ucc_5g_context/5G-production-dataset/Netflix/Driving/Season3-StrangerThings/B_2019.11.24_13.06.36.csv,Latitude,float64,701,0,0.0,"[""51.916075"", ""51.915913"", ""51.915913""]",1000
D2,UCC Beyond Throughput 5G dataset,data/raw/ucc_5g_context/5G-production-dataset/Netflix/Driving/Season3-StrangerThings/B_2019.11.24_13.06.36.csv,Speed,int64,701,0,0.0,"[""0"", ""1"", ""1""]",1000
D2,UCC Beyond Throughput 5G dataset,data/raw/ucc_5g_context/5G-production-dataset/Netflix/Driving/Season3-StrangerThings/B_2019.11.24_13.06.36.csv,Operatorname,object,701,0,0.0,"[""B"", ""B"", ""B""]",1000
D2,UCC Beyond Throughput 5G dataset,data/raw/ucc_5g_context/5G-production-dataset/Netflix/Driving/Season3-StrangerThings/B_2019.11.24_13.06.36.csv,CellID,int64,701,0,0.0,"[""2"", ""2"", ""2""]",1000
D2,UCC Beyond Throughput 5G dataset,data/raw/ucc_5g_context/5G-production-dataset/Netflix/Driving/Season3-StrangerThings/B_2019.11.24_13.06.36.csv,NetworkMode,object,701,0,0.0,"[""LTE"", ""LTE"", ""LTE""]",1000
D2,UCC Beyond Throughput 5G dataset,data/raw/ucc_5g_context/5G-production-dataset/Netflix/Driving/Season3-StrangerThings/B_2019.11.24_13.06.36.csv,RSRP,int64,701,0,0.0,"[""-84"", ""-84"", ""-84""]",1000
D2,UCC Beyond Throughput 5G dataset,data/raw/ucc_5g_context/5G-production-dataset/Netflix/Driving/Season3-StrangerThings/B_2019.11.24_13.06.36.csv,RSRQ,int64,701,0,0.0,"[""-8"", ""-8"", ""-8""]",1000
D2,UCC Beyond Throughput 5G dataset,data/raw/ucc_5g_context/5G-production-dataset/Netflix/Driving/Season3-StrangerThings/B_2019.11.24_13.06.36.csv,SNR,float64,701,0,0.0,"[""10.0"", ""10.0"", ""10.0""]",1000
D2,UCC Beyond Throughput 5G dataset,data/raw/ucc_5g_context/5G-production-dataset/Netflix/Driving/Season3-StrangerThings/B_2019.11.24_13.06.36.csv,CQI,int64,701,0,0.0,"[""11"", ""11"", ""11""]",1000
D2,UCC Beyond Throughput 5G dataset,data/raw/ucc_5g_context/5G-production-dataset/Netflix/Driving/Season3-StrangerThings/B_2019.11.24_13.06.36.csv,RSSI,object,701,0,0.0,"[""-66"", ""-66"", ""-66""]",1000
D2,UCC Beyond Throughput 5G dataset,data/raw/ucc_5g_context/5G-production-dataset/Netflix/Driving/Season3-StrangerThings/B_2019.11.24_13.06.36.csv,DL_bitrate,int64,701,0,0.0,"[""70"", ""70"", ""0""]",1000
D2,UCC Beyond Throughput 5G dataset,data/raw/ucc_5g_context/5G-production-dataset/Netflix/Driving/Season3-StrangerThings/B_2019.11.24_13.06.36.csv,UL_bitrate,int64,701,0,0.0,"[""12"", ""12"", ""2""]",1000
D2,UCC Beyond Throughput 5G dataset,data/raw/ucc_5g_context/5G-production-dataset/Netflix/Driving/Season3-StrangerThings/B_2019.11.24_13.06.36.csv,State,object,701,0,0.0,"[""D"", ""D"", ""D""]",1000
D2,UCC Beyond Throughput 5G dataset,data/raw/ucc_5g_context/5G-production-dataset/Netflix/Driving/Season3-StrangerThings/B_2019.11.24_13.06.36.csv,PINGAVG,object,701,0,0.0,"[""-"", ""-"", ""-""]",1000
D2,UCC Beyond Throughput 5G dataset,data/raw/ucc_5g_context/5G-production-dataset/Netflix/Driving/Season3-StrangerThings/B_2019.11.24_13.06.36.csv,PINGMIN,object,701,0,0.0,"[""-"", ""-"", ""-""]",1000
D2,UCC Beyond Throughput 5G dataset,data/raw/ucc_5g_context/5G-production-dataset/Netflix/Driving/Season3-StrangerThings/B_2019.11.24_13.06.36.csv,PINGMAX,object,701,0,0.0,"[""-"", ""-"", ""-""]",1000
D2,UCC Beyond Throughput 5G dataset,data/raw/ucc_5g_context/5G-production-dataset/Netflix/Driving/Season3-StrangerThings/B_2019.11.24_13.06.36.csv,PINGSTDEV,object,701,0,0.0,"[""-"", ""-"", ""-""]",1000
D2,UCC Beyond Throughput 5G dataset,data/raw/ucc_5g_context/5G-production-dataset/Netflix/Driving/Season3-StrangerThings/B_2019.11.24_13.06.36.csv,PINGLOSS,object,701,0,0.0,"[""-"", ""-"", ""-""]",1000
D2,UCC Beyond Throughput 5G dataset,data/raw/ucc_5g_context/5G-production-dataset/Netflix/Driving/Season3-StrangerThings/B_2019.11.24_13.06.36.csv,CELLHEX,object,701,0,0.0,"[""2"", ""2"", ""2""]",1000
D2,UCC Beyond Throughput 5G dataset,data/raw/ucc_5g_context/5G-production-dataset/Netflix/Driving/Season3-StrangerThings/B_2019.11.24_13.06.36.csv,NODEHEX,object,701,0,0.0,"[""432AE"", ""432AE"", ""432AE""]",1000
D2,UCC Beyond Throughput 5G dataset,data/raw/ucc_5g_context/5G-production-dataset/Netflix/Driving/Season3-StrangerThings/B_2019.11.24_13.06.36.csv,LACHEX,object,701,0,0.0,"[""9CBA"", ""9CBA"", ""9CBA""]",1000
D2,UCC Beyond Throughput 5G dataset,data/raw/ucc_5g_context/5G-production-dataset/Netflix/Driving/Season3-StrangerThings/B_2019.11.24_13.06.36.csv,RAWCELLID,int64,701,0,0.0,"[""70430210"", ""70430210"", ""70430210""]",1000
D2,UCC Beyond Throughput 5G dataset,data/raw/ucc_5g_context/5G-production-dataset/Netflix/Driving/Season3-StrangerThings/B_2019.11.24_13.06.36.csv,NRxRSRP,object,701,0,0.0,"[""-"", ""-"", ""-""]",1000
D2,UCC Beyond Throughput 5G dataset,data/raw/ucc_5g_context/5G-production-dataset/Netflix/Driving/Season3-StrangerThings/B_2019.11.24_13.06.36.csv,NRxRSRQ,object,701,0,0.0,"[""-"", ""-"", ""-""]",1000
D2,UCC Beyond Throughput 5G dataset,data/raw/ucc_5g_context/5G-production-dataset/Netflix/Driving/Season3-StrangerThings/B_2019.11.25_07.25.43.csv,Timestamp,object,1000,0,0.0,"[""2019.11.25_07.25.43"", ""2019.11.25_07.25.44"", ""2019.11.25_07.25.44""]",1000
D2,UCC Beyond Throughput 5G dataset,data/raw/ucc_5g_context/5G-production-dataset/Netflix/Driving/Season3-StrangerThings/B_2019.11.25_07.25.43.csv,Longitude,float64,1000,0,0.0,"[""-8.388301"", ""-8.388314"", ""-8.388314""]",1000
D2,UCC Beyond Throughput 5G dataset,data/raw/ucc_5g_context/5G-production-dataset/Netflix/Driving/Season3-StrangerThings/B_2019.11.25_07.25.43.csv,Latitude,float64,1000,0,0.0,"[""51.935608"", ""51.935598"", ""51.935598""]",1000
D2,UCC Beyond Throughput 5G dataset,data/raw/ucc_5g_context/5G-production-dataset/Netflix/Driving/Season3-StrangerThings/B_2019.11.25_07.25.43.csv,Speed,int64,1000,0,0.0,"[""0"", ""0"", ""0""]",1000
D2,UCC Beyond Throughput 5G dataset,data/raw/ucc_5g_context/5G-production-dataset/Netflix/Driving/Season3-StrangerThings/B_2019.11.25_07.25.43.csv,Operatorname,object,1000,0,0.0,"[""B"", ""B"", ""B""]",1000
D2,UCC Beyond Throughput 5G dataset,data/raw/ucc_5g_context/5G-production-dataset/Netflix/Driving/Season3-StrangerThings/B_2019.11.25_07.25.43.csv,CellID,int64,1000,0,0.0,"[""12"", ""12"", ""12""]",1000
D2,UCC Beyond Throughput 5G dataset,data/raw/ucc_5g_context/5G-production-dataset/Netflix/Driving/Season3-StrangerThings/B_2019.11.25_07.25.43.csv,NetworkMode,object,1000,0,0.0,"[""5G"", ""5G"", ""5G""]",1000
D2,UCC Beyond Throughput 5G dataset,data/raw/ucc_5g_context/5G-production-dataset/Netflix/Driving/Season3-StrangerThings/B_2019.11.25_07.25.43.csv,RSRP,int64,1000,0,0.0,"[""-101"", ""-101"", ""-102""]",1000
D2,UCC Beyond Throughput 5G dataset,data/raw/ucc_5g_context/5G-production-dataset/Netflix/Driving/Season3-StrangerThings/B_2019.11.25_07.25.43.csv,RSRQ,int64,1000,0,0.0,"[""-10"", ""-10"", ""-9""]",1000
D2,UCC Beyond Throughput 5G dataset,data/raw/ucc_5g_context/5G-production-dataset/Netflix/Driving/Season3-StrangerThings/B_2019.11.25_07.25.43.csv,SNR,object,1000,0,0.0,"[""7.0"", ""7.0"", ""-4.0""]",1000
D2,UCC Beyond Throughput 5G dataset,data/raw/ucc_5g_context/5G-production-dataset/Netflix/Driving/Season3-StrangerThings/B_2019.11.25_07.25.43.csv,CQI,object,1000,0,0.0,"[""11"", ""11"", ""11""]",1000
D2,UCC Beyond Throughput 5G dataset,data/raw/ucc_5g_context/5G-production-dataset/Netflix/Driving/Season3-StrangerThings/B_2019.11.25_07.25.43.csv,RSSI,object,1000,0,0.0,"[""-84"", ""-84"", ""-84""]",1000
D2,UCC Beyond Throughput 5G dataset,data/raw/ucc_5g_context/5G-production-dataset/Netflix/Driving/Season3-StrangerThings/B_2019.11.25_07.25.43.csv,DL_bitrate,int64,1000,0,0.0,"[""1"", ""1"", ""0""]",1000
D2,UCC Beyond Throughput 5G dataset,data/raw/ucc_5g_context/5G-production-dataset/Netflix/Driving/Season3-StrangerThings/B_2019.11.25_07.25.43.csv,UL_bitrate,int64,1000,0,0.0,"[""2"", ""2"", ""0""]",1000
D2,UCC Beyond Throughput 5G dataset,data/raw/ucc_5g_context/5G-production-dataset/Netflix/Driving/Season3-StrangerThings/B_2019.11.25_07.25.43.csv,State,object,1000,0,0.0,"[""D"", ""D"", ""D""]",1000
D2,UCC Beyond Throughput 5G dataset,data/raw/ucc_5g_context/5G-production-dataset/Netflix/Driving/Season3-StrangerThings/B_2019.11.25_07.25.43.csv,PINGAVG,object,1000,0,0.0,"[""-"", ""-"", ""-""]",1000
D2,UCC Beyond Throughput 5G dataset,data/raw/ucc_5g_context/5G-production-dataset/Netflix/Driving/Season3-StrangerThings/B_2019.11.25_07.25.43.csv,PINGMIN,object,1000,0,0.0,"[""-"", ""-"", ""-""]",1000
D2,UCC Beyond Throughput 5G dataset,data/raw/ucc_5g_context/5G-production-dataset/Netflix/Driving/Season3-StrangerThings/B_2019.11.25_07.25.43.csv,PINGMAX,object,1000,0,0.0,"[""-"", ""-"", ""-""]",1000
D2,UCC Beyond Throughput 5G dataset,data/raw/ucc_5g_context/5G-production-dataset/Netflix/Driving/Season3-StrangerThings/B_2019.11.25_07.25.43.csv,PINGSTDEV,object,1000,0,0.0,"[""-"", ""-"", ""-""]",1000
D2,UCC Beyond Throughput 5G dataset,data/raw/ucc_5g_context/5G-production-dataset/Netflix/Driving/Season3-StrangerThings/B_2019.11.25_07.25.43.csv,PINGLOSS,object,1000,0,0.0,"[""-"", ""-"", ""-""]",1000
D2,UCC Beyond Throughput 5G dataset,data/raw/ucc_5g_context/5G-production-dataset/Netflix/Driving/Season3-StrangerThings/B_2019.11.25_07.25.43.csv,CELLHEX,object,1000,0,0.0,"[""C"", ""C"", ""C""]",1000
D2,UCC Beyond Throughput 5G dataset,data/raw/ucc_5g_context/5G-production-dataset/Netflix/Driving/Season3-StrangerThings/B_2019.11.25_07.25.43.csv,NODEHEX,object,1000,0,0.0,"[""A81B"", ""A81B"", ""A81B""]",1000
D2,UCC Beyond Throughput 5G dataset,data/raw/ucc_5g_context/5G-production-dataset/Netflix/Driving/Season3-StrangerThings/B_2019.11.25_07.25.43.csv,LACHEX,object,1000,0,0.0,"[""9CBA"", ""9CBA"", ""9CBA""]",1000
D2,UCC Beyond Throughput 5G dataset,data/raw/ucc_5g_context/5G-production-dataset/Netflix/Driving/Season3-StrangerThings/B_2019.11.25_07.25.43.csv,RAWCELLID,int64,1000,0,0.0,"[""11016972"", ""11016972"", ""11016972""]",1000
D2,UCC Beyond Throughput 5G dataset,data/raw/ucc_5g_context/5G-production-dataset/Netflix/Driving/Season3-StrangerThings/B_2019.11.25_07.25.43.csv,NRxRSRP,object,1000,0,0.0,"[""-98.0"", ""-98.0"", ""-97.0""]",1000
D2,UCC Beyond Throughput 5G dataset,data/raw/ucc_5g_context/5G-production-dataset/Netflix/Driving/Season3-StrangerThings/B_2019.11.25_07.25.43.csv,NRxRSRQ,object,1000,0,0.0,"[""-13.0"", ""-13.0"", ""-12.0""]",1000
D2,UCC Beyond Throughput 5G dataset,data/raw/ucc_5g_context/5G-production-dataset/Netflix/Driving/Season3-StrangerThings/B_2019.11.25_15.34.34.csv,Timestamp,object,1000,0,0.0,"[""2019.11.25_15.34.34"", ""2019.11.25_15.34.34"", ""2019.11.25_15.34.34""]",1000
D2,UCC Beyond Throughput 5G dataset,data/raw/ucc_5g_context/5G-production-dataset/Netflix/Driving/Season3-StrangerThings/B_2019.11.25_15.34.34.csv,Longitude,float64,1000,0,0.0,"[""-8.499381"", ""-8.499678999999999"", ""-8.499678999999999""]",1000
D2,UCC Beyond Throughput 5G dataset,data/raw/ucc_5g_context/5G-production-dataset/Netflix/Driving/Season3-StrangerThings/B_2019.11.25_15.34.34.csv,Latitude,float64,1000,0,0.0,"[""51.893777"", ""51.893481"", ""51.893481""]",1000
D2,UCC Beyond Throughput 5G dataset,data/raw/ucc_5g_context/5G-production-dataset/Netflix/Driving/Season3-StrangerThings/B_2019.11.25_15.34.34.csv,Speed,int64,1000,0,0.0,"[""0"", ""2"", ""2""]",1000
D2,UCC Beyond Throughput 5G dataset,data/raw/ucc_5g_context/5G-production-dataset/Netflix/Driving/Season3-StrangerThings/B_2019.11.25_15.34.34.csv,Operatorname,object,1000,0,0.0,"[""B"", ""B"", ""B""]",1000
D2,UCC Beyond Throughput 5G dataset,data/raw/ucc_5g_context/5G-production-dataset/Netflix/Driving/Season3-StrangerThings/B_2019.11.25_15.34.34.csv,CellID,int64,1000,0,0.0,"[""3"", ""3"", ""3""]",1000
D2,UCC Beyond Throughput 5G dataset,data/raw/ucc_5g_context/5G-production-dataset/Netflix/Driving/Season3-StrangerThings/B_2019.11.25_15.34.34.csv,NetworkMode,object,1000,0,0.0,"[""LTE"", ""LTE"", ""LTE""]",1000
D2,UCC Beyond Throughput 5G dataset,data/raw/ucc_5g_context/5G-production-dataset/Netflix/Driving/Season3-StrangerThings/B_2019.11.25_15.34.34.csv,RSRP,int64,1000,0,0.0,"[""-79"", ""-79"", ""-78""]",1000
D2,UCC Beyond Throughput 5G dataset,data/raw/ucc_5g_context/5G-production-dataset/Netflix/Driving/Season3-StrangerThings/B_2019.11.25_15.34.34.csv,RSRQ,int64,1000,0,0.0,"[""-12"", ""-12"", ""-12""]",1000
D2,UCC Beyond Throughput 5G dataset,data/raw/ucc_5g_context/5G-production-dataset/Netflix/Driving/Season3-StrangerThings/B_2019.11.25_15.34.34.csv,SNR,float64,1000,0,0.0,"[""10.0"", ""10.0"", ""9.0""]",1000
D2,UCC Beyond Throughput 5G dataset,data/raw/ucc_5g_context/5G-production-dataset/Netflix/Driving/Season3-StrangerThings/B_2019.11.25_15.34.34.csv,CQI,int64,1000,0,0.0,"[""8"", ""8"", ""8""]",1000
D2,UCC Beyond Throughput 5G dataset,data/raw/ucc_5g_context/5G-production-dataset/Netflix/Driving/Season3-StrangerThings/B_2019.11.25_15.34.34.csv,RSSI,object,1000,0,0.0,"[""-61"", ""-61"", ""-61""]",1000
D2,UCC Beyond Throughput 5G dataset,data/raw/ucc_5g_context/5G-production-dataset/Netflix/Driving/Season3-StrangerThings/B_2019.11.25_15.34.34.csv,DL_bitrate,int64,1000,0,0.0,"[""1"", ""1"", ""0""]",1000
D2,UCC Beyond Throughput 5G dataset,data/raw/ucc_5g_context/5G-production-dataset/Netflix/Driving/Season3-StrangerThings/B_2019.11.25_15.34.34.csv,UL_bitrate,int64,1000,0,0.0,"[""3"", ""3"", ""0""]",1000
D2,UCC Beyond Throughput 5G dataset,data/raw/ucc_5g_context/5G-production-dataset/Netflix/Driving/Season3-StrangerThings/B_2019.11.25_15.34.34.csv,State,object,1000,0,0.0,"[""D"", ""D"", ""D""]",1000
D2,UCC Beyond Throughput 5G dataset,data/raw/ucc_5g_context/5G-production-dataset/Netflix/Driving/Season3-StrangerThings/B_2019.11.25_15.34.34.csv,PINGAVG,object,1000,0,0.0,"[""-"", ""-"", ""-""]",1000
D2,UCC Beyond Throughput 5G dataset,data/raw/ucc_5g_context/5G-production-dataset/Netflix/Driving/Season3-StrangerThings/B_2019.11.25_15.34.34.csv,PINGMIN,object,1000,0,0.0,"[""-"", ""-"", ""-""]",1000
D2,UCC Beyond Throughput 5G dataset,data/raw/ucc_5g_context/5G-production-dataset/Netflix/Driving/Season3-StrangerThings/B_2019.11.25_15.34.34.csv,PINGMAX,object,1000,0,0.0,"[""-"", ""-"", ""-""]",1000
D2,UCC Beyond Throughput 5G dataset,data/raw/ucc_5g_context/5G-production-dataset/Netflix/Driving/Season3-StrangerThings/B_2019.11.25_15.34.34.csv,PINGSTDEV,object,1000,0,0.0,"[""-"", ""-"", ""-""]",1000
D2,UCC Beyond Throughput 5G dataset,data/raw/ucc_5g_context/5G-production-dataset/Netflix/Driving/Season3-StrangerThings/B_2019.11.25_15.34.34.csv,PINGLOSS,object,1000,0,0.0,"[""-"", ""-"", ""-""]",1000
D2,UCC Beyond Throughput 5G dataset,data/raw/ucc_5g_context/5G-production-dataset/Netflix/Driving/Season3-StrangerThings/B_2019.11.25_15.34.34.csv,CELLHEX,object,1000,0,0.0,"[""3"", ""3"", ""3""]",1000
D2,UCC Beyond Throughput 5G dataset,data/raw/ucc_5g_context/5G-production-dataset/Netflix/Driving/Season3-StrangerThings/B_2019.11.25_15.34.34.csv,NODEHEX,object,1000,0,0.0,"[""76C6C"", ""76C6C"", ""76C6C""]",1000
D2,UCC Beyond Throughput 5G dataset,data/raw/ucc_5g_context/5G-production-dataset/Netflix/Driving/Season3-StrangerThings/B_2019.11.25_15.34.34.csv,LACHEX,object,1000,0,0.0,"[""9CBA"", ""9CBA"", ""9CBA""]",1000
D2,UCC Beyond Throughput 5G dataset,data/raw/ucc_5g_context/5G-production-dataset/Netflix/Driving/Season3-StrangerThings/B_2019.11.25_15.34.34.csv,RAWCELLID,int64,1000,0,0.0,"[""124546051"", ""124546051"", ""124546051""]",1000
D2,UCC Beyond Throughput 5G dataset,data/raw/ucc_5g_context/5G-production-dataset/Netflix/Driving/Season3-StrangerThings/B_2019.11.25_15.34.34.csv,NRxRSRP,object,1000,0,0.0,"[""-"", ""-"", ""-""]",1000
D2,UCC Beyond Throughput 5G dataset,data/raw/ucc_5g_context/5G-production-dataset/Netflix/Driving/Season3-StrangerThings/B_2019.11.25_15.34.34.csv,NRxRSRQ,object,1000,0,0.0,"[""-"", ""-"", ""-""]",1000
D2,UCC Beyond Throughput 5G dataset,data/raw/ucc_5g_context/5G-production-dataset/Netflix/Driving/Season3-StrangerThings/B_2019.11.26_07.29.24.csv,Timestamp,object,1000,0,0.0,"[""2019.11.26_07.29.24"", ""2019.11.26_07.29.24"", ""2019.11.26_07.29.24""]",1000
D2,UCC Beyond Throughput 5G dataset,data/raw/ucc_5g_context/5G-production-dataset/Netflix/Driving/Season3-StrangerThings/B_2019.11.26_07.29.24.csv,Longitude,float64,1000,0,0.0,"[""-8.388016"", ""-8.387966"", ""-8.387966""]",1000
D2,UCC Beyond Throughput 5G dataset,data/raw/ucc_5g_context/5G-production-dataset/Netflix/Driving/Season3-StrangerThings/B_2019.11.26_07.29.24.csv,Latitude,float64,1000,0,0.0,"[""51.934749"", ""51.934737"", ""51.934737""]",1000
D2,UCC Beyond Throughput 5G dataset,data/raw/ucc_5g_context/5G-production-dataset/Netflix/Driving/Season3-StrangerThings/B_2019.11.26_07.29.24.csv,Speed,int64,1000,0,0.0,"[""1"", ""0"", ""0""]",1000
D2,UCC Beyond Throughput 5G dataset,data/raw/ucc_5g_context/5G-production-dataset/Netflix/Driving/Season3-StrangerThings/B_2019.11.26_07.29.24.csv,Operatorname,object,1000,0,0.0,"[""B"", ""B"", ""B""]",1000
D2,UCC Beyond Throughput 5G dataset,data/raw/ucc_5g_context/5G-production-dataset/Netflix/Driving/Season3-StrangerThings/B_2019.11.26_07.29.24.csv,CellID,int64,1000,0,0.0,"[""12"", ""12"", ""12""]",1000
D2,UCC Beyond Throughput 5G dataset,data/raw/ucc_5g_context/5G-production-dataset/Netflix/Driving/Season3-StrangerThings/B_2019.11.26_07.29.24.csv,NetworkMode,object,1000,0,0.0,"[""5G"", ""5G"", ""5G""]",1000
D2,UCC Beyond Throughput 5G dataset,data/raw/ucc_5g_context/5G-production-dataset/Netflix/Driving/Season3-StrangerThings/B_2019.11.26_07.29.24.csv,RSRP,int64,1000,0,0.0,"[""-88"", ""-88"", ""-89""]",1000
D2,UCC Beyond Throughput 5G dataset,data/raw/ucc_5g_context/5G-production-dataset/Netflix/Driving/Season3-StrangerThings/B_2019.11.26_07.29.24.csv,RSRQ,int64,1000,0,0.0,"[""-10"", ""-10"", ""-9""]",1000
D2,UCC Beyond Throughput 5G dataset,data/raw/ucc_5g_context/5G-production-dataset/Netflix/Driving/Season3-StrangerThings/B_2019.11.26_07.29.24.csv,SNR,float64,1000,0,0.0,"[""20.0"", ""20.0"", ""20.0""]",1000
D2,UCC Beyond Throughput 5G dataset,data/raw/ucc_5g_context/5G-production-dataset/Netflix/Driving/Season3-StrangerThings/B_2019.11.26_07.29.24.csv,CQI,int64,1000,0,0.0,"[""15"", ""15"", ""15""]",1000
D2,UCC Beyond Throughput 5G dataset,data/raw/ucc_5g_context/5G-production-dataset/Netflix/Driving/Season3-StrangerThings/B_2019.11.26_07.29.24.csv,RSSI,object,1000,0,0.0,"[""-80"", ""-78"", ""-78""]",1000
D2,UCC Beyond Throughput 5G dataset,data/raw/ucc_5g_context/5G-production-dataset/Netflix/Driving/Season3-StrangerThings/B_2019.11.26_07.29.24.csv,DL_bitrate,int64,1000,0,0.0,"[""0"", ""0"", ""2""]",1000
D2,UCC Beyond Throughput 5G dataset,data/raw/ucc_5g_context/5G-production-dataset/Netflix/Driving/Season3-StrangerThings/B_2019.11.26_07.29.24.csv,UL_bitrate,int64,1000,0,0.0,"[""2"", ""2"", ""5""]",1000
D2,UCC Beyond Throughput 5G dataset,data/raw/ucc_5g_context/5G-production-dataset/Netflix/Driving/Season3-StrangerThings/B_2019.11.26_07.29.24.csv,State,object,1000,0,0.0,"[""D"", ""D"", ""D""]",1000
D2,UCC Beyond Throughput 5G dataset,data/raw/ucc_5g_context/5G-production-dataset/Netflix/Driving/Season3-StrangerThings/B_2019.11.26_07.29.24.csv,PINGAVG,object,1000,0,0.0,"[""-"", ""-"", ""-""]",1000
D2,UCC Beyond Throughput 5G dataset,data/raw/ucc_5g_context/5G-production-dataset/Netflix/Driving/Season3-StrangerThings/B_2019.11.26_07.29.24.csv,PINGMIN,object,1000,0,0.0,"[""-"", ""-"", ""-""]",1000
D2,UCC Beyond Throughput 5G dataset,data/raw/ucc_5g_context/5G-production-dataset/Netflix/Driving/Season3-StrangerThings/B_2019.11.26_07.29.24.csv,PINGMAX,object,1000,0,0.0,"[""-"", ""-"", ""-""]",1000
D2,UCC Beyond Throughput 5G dataset,data/raw/ucc_5g_context/5G-production-dataset/Netflix/Driving/Season3-StrangerThings/B_2019.11.26_07.29.24.csv,PINGSTDEV,object,1000,0,0.0,"[""-"", ""-"", ""-""]",1000
D2,UCC Beyond Throughput 5G dataset,data/raw/ucc_5g_context/5G-production-dataset/Netflix/Driving/Season3-StrangerThings/B_2019.11.26_07.29.24.csv,PINGLOSS,object,1000,0,0.0,"[""-"", ""-"", ""-""]",1000
D2,UCC Beyond Throughput 5G dataset,data/raw/ucc_5g_context/5G-production-dataset/Netflix/Driving/Season3-StrangerThings/B_2019.11.26_07.29.24.csv,CELLHEX,object,1000,0,0.0,"[""C"", ""C"", ""C""]",1000
D2,UCC Beyond Throughput 5G dataset,data/raw/ucc_5g_context/5G-production-dataset/Netflix/Driving/Season3-StrangerThings/B_2019.11.26_07.29.24.csv,NODEHEX,object,1000,0,0.0,"[""A81B"", ""A81B"", ""A81B""]",1000
D2,UCC Beyond Throughput 5G dataset,data/raw/ucc_5g_context/5G-production-dataset/Netflix/Driving/Season3-StrangerThings/B_2019.11.26_07.29.24.csv,LACHEX,object,1000,0,0.0,"[""9CBA"", ""9CBA"", ""9CBA""]",1000
D2,UCC Beyond Throughput 5G dataset,data/raw/ucc_5g_context/5G-production-dataset/Netflix/Driving/Season3-StrangerThings/B_2019.11.26_07.29.24.csv,RAWCELLID,int64,1000,0,0.0,"[""11016972"", ""11016972"", ""11016972""]",1000
D2,UCC Beyond Throughput 5G dataset,data/raw/ucc_5g_context/5G-production-dataset/Netflix/Driving/Season3-StrangerThings/B_2019.11.26_07.29.24.csv,NRxRSRP,object,1000,0,0.0,"[""-91.0"", ""-91.0"", ""-95.0""]",1000
D2,UCC Beyond Throughput 5G dataset,data/raw/ucc_5g_context/5G-production-dataset/Netflix/Driving/Season3-StrangerThings/B_2019.11.26_07.29.24.csv,NRxRSRQ,object,1000,0,0.0,"[""-16.0"", ""-16.0"", ""-12.0""]",1000
D2,UCC Beyond Throughput 5G dataset,data/raw/ucc_5g_context/5G-production-dataset/Netflix/Driving/Season3-StrangerThings/B_2019.11.26_09.53.40.csv,Timestamp,object,1000,0,0.0,"[""2019.11.26_09.53.40"", ""2019.11.26_09.53.41"", ""2019.11.26_09.53.41""]",1000
D2,UCC Beyond Throughput 5G dataset,data/raw/ucc_5g_context/5G-production-dataset/Netflix/Driving/Season3-StrangerThings/B_2019.11.26_09.53.40.csv,Longitude,float64,1000,0,0.0,"[""-8.483211"", ""-8.483211"", ""-8.483211""]",1000
D2,UCC Beyond Throughput 5G dataset,data/raw/ucc_5g_context/5G-production-dataset/Netflix/Driving/Season3-StrangerThings/B_2019.11.26_09.53.40.csv,Latitude,float64,1000,0,0.0,"[""51.899382"", ""51.899388"", ""51.899388""]",1000
D2,UCC Beyond Throughput 5G dataset,data/raw/ucc_5g_context/5G-production-dataset/Netflix/Driving/Season3-StrangerThings/B_2019.11.26_09.53.40.csv,Speed,int64,1000,0,0.0,"[""12"", ""9"", ""9""]",1000
D2,UCC Beyond Throughput 5G dataset,data/raw/ucc_5g_context/5G-production-dataset/Netflix/Driving/Season3-StrangerThings/B_2019.11.26_09.53.40.csv,Operatorname,object,1000,0,0.0,"[""B"", ""B"", ""B""]",1000
D2,UCC Beyond Throughput 5G dataset,data/raw/ucc_5g_context/5G-production-dataset/Netflix/Driving/Season3-StrangerThings/B_2019.11.26_09.53.40.csv,CellID,int64,1000,0,0.0,"[""11"", ""11"", ""11""]",1000
D2,UCC Beyond Throughput 5G dataset,data/raw/ucc_5g_context/5G-production-dataset/Netflix/Driving/Season3-StrangerThings/B_2019.11.26_09.53.40.csv,NetworkMode,object,1000,0,0.0,"[""5G"", ""5G"", ""5G""]",1000
D2,UCC Beyond Throughput 5G dataset,data/raw/ucc_5g_context/5G-production-dataset/Netflix/Driving/Season3-StrangerThings/B_2019.11.26_09.53.40.csv,RSRP,int64,1000,0,0.0,"[""-88"", ""-88"", ""-88""]",1000
D2,UCC Beyond Throughput 5G dataset,data/raw/ucc_5g_context/5G-production-dataset/Netflix/Driving/Season3-StrangerThings/B_2019.11.26_09.53.40.csv,RSRQ,int64,1000,0,0.0,"[""-18"", ""-18"", ""-18""]",1000
D2,UCC Beyond Throughput 5G dataset,data/raw/ucc_5g_context/5G-production-dataset/Netflix/Driving/Season3-StrangerThings/B_2019.11.26_09.53.40.csv,SNR,float64,1000,0,0.0,"[""-9.0"", ""-9.0"", ""-9.0""]",1000
D2,UCC Beyond Throughput 5G dataset,data/raw/ucc_5g_context/5G-production-dataset/Netflix/Driving/Season3-StrangerThings/B_2019.11.26_09.53.40.csv,CQI,int64,1000,0,0.0,"[""9"", ""9"", ""9""]",1000
D2,UCC Beyond Throughput 5G dataset,data/raw/ucc_5g_context/5G-production-dataset/Netflix/Driving/Season3-StrangerThings/B_2019.11.26_09.53.40.csv,RSSI,object,1000,0,0.0,"[""-55"", ""-55"", ""-57""]",1000
D2,UCC Beyond Throughput 5G dataset,data/raw/ucc_5g_context/5G-production-dataset/Netflix/Driving/Season3-StrangerThings/B_2019.11.26_09.53.40.csv,DL_bitrate,int64,1000,0,0.0,"[""8"", ""8"", ""44""]",1000
D2,UCC Beyond Throughput 5G dataset,data/raw/ucc_5g_context/5G-production-dataset/Netflix/Driving/Season3-StrangerThings/B_2019.11.26_09.53.40.csv,UL_bitrate,int64,1000,0,0.0,"[""0"", ""0"", ""10""]",1000
D2,UCC Beyond Throughput 5G dataset,data/raw/ucc_5g_context/5G-production-dataset/Netflix/Driving/Season3-StrangerThings/B_2019.11.26_09.53.40.csv,State,object,1000,0,0.0,"[""D"", ""D"", ""D""]",1000
D2,UCC Beyond Throughput 5G dataset,data/raw/ucc_5g_context/5G-production-dataset/Netflix/Driving/Season3-StrangerThings/B_2019.11.26_09.53.40.csv,PINGAVG,object,1000,0,0.0,"[""-"", ""-"", ""-""]",1000
D2,UCC Beyond Throughput 5G dataset,data/raw/ucc_5g_context/5G-production-dataset/Netflix/Driving/Season3-StrangerThings/B_2019.11.26_09.53.40.csv,PINGMIN,object,1000,0,0.0,"[""-"", ""-"", ""-""]",1000
D2,UCC Beyond Throughput 5G dataset,data/raw/ucc_5g_context/5G-production-dataset/Netflix/Driving/Season3-StrangerThings/B_2019.11.26_09.53.40.csv,PINGMAX,object,1000,0,0.0,"[""-"", ""-"", ""-""]",1000
D2,UCC Beyond Throughput 5G dataset,data/raw/ucc_5g_context/5G-production-dataset/Netflix/Driving/Season3-StrangerThings/B_2019.11.26_09.53.40.csv,PINGSTDEV,object,1000,0,0.0,"[""-"", ""-"", ""-""]",1000
D2,UCC Beyond Throughput 5G dataset,data/raw/ucc_5g_context/5G-production-dataset/Netflix/Driving/Season3-StrangerThings/B_2019.11.26_09.53.40.csv,PINGLOSS,object,1000,0,0.0,"[""-"", ""-"", ""-""]",1000
D2,UCC Beyond Throughput 5G dataset,data/raw/ucc_5g_context/5G-production-dataset/Netflix/Driving/Season3-StrangerThings/B_2019.11.26_09.53.40.csv,CELLHEX,object,1000,0,0.0,"[""B"", ""B"", ""B""]",1000
D2,UCC Beyond Throughput 5G dataset,data/raw/ucc_5g_context/5G-production-dataset/Netflix/Driving/Season3-StrangerThings/B_2019.11.26_09.53.40.csv,NODEHEX,object,1000,0,0.0,"[""A9AA"", ""A9AA"", ""A9AA""]",1000
D2,UCC Beyond Throughput 5G dataset,data/raw/ucc_5g_context/5G-production-dataset/Netflix/Driving/Season3-StrangerThings/B_2019.11.26_09.53.40.csv,LACHEX,object,1000,0,0.0,"[""9CBA"", ""9CBA"", ""9CBA""]",1000
D2,UCC Beyond Throughput 5G dataset,data/raw/ucc_5g_context/5G-production-dataset/Netflix/Driving/Season3-StrangerThings/B_2019.11.26_09.53.40.csv,RAWCELLID,int64,1000,0,0.0,"[""11119115"", ""11119115"", ""11119115""]",1000
D2,UCC Beyond Throughput 5G dataset,data/raw/ucc_5g_context/5G-production-dataset/Netflix/Driving/Season3-StrangerThings/B_2019.11.26_09.53.40.csv,NRxRSRP,object,1000,0,0.0,"[""-70.0"", ""-70.0"", ""-70.0""]",1000
D2,UCC Beyond Throughput 5G dataset,data/raw/ucc_5g_context/5G-production-dataset/Netflix/Driving/Season3-StrangerThings/B_2019.11.26_09.53.40.csv,NRxRSRQ,object,1000,0,0.0,"[""-3.0"", ""-3.0"", ""-3.0""]",1000
D2,UCC Beyond Throughput 5G dataset,data/raw/ucc_5g_context/5G-production-dataset/Netflix/Driving/Season3-StrangerThings/B_2019.11.26_13.00.56.csv,Timestamp,object,1000,0,0.0,"[""2019.11.26_13.00.56"", ""2019.11.26_13.00.56"", ""2019.11.26_13.00.56""]",1000
D2,UCC Beyond Throughput 5G dataset,data/raw/ucc_5g_context/5G-production-dataset/Netflix/Driving/Season3-StrangerThings/B_2019.11.26_13.00.56.csv,Longitude,float64,1000,0,0.0,"[""-8.388196"", ""-8.388188000000001"", ""-8.388188000000001""]",1000
D2,UCC Beyond Throughput 5G dataset,data/raw/ucc_5g_context/5G-production-dataset/Netflix/Driving/Season3-StrangerThings/B_2019.11.26_13.00.56.csv,Latitude,float64,1000,0,0.0,"[""51.935606"", ""51.935623"", ""51.935623""]",1000
D2,UCC Beyond Throughput 5G dataset,data/raw/ucc_5g_context/5G-production-dataset/Netflix/Driving/Season3-StrangerThings/B_2019.11.26_13.00.56.csv,Speed,int64,1000,0,0.0,"[""0"", ""0"", ""0""]",1000
D2,UCC Beyond Throughput 5G dataset,data/raw/ucc_5g_context/5G-production-dataset/Netflix/Driving/Season3-StrangerThings/B_2019.11.26_13.00.56.csv,Operatorname,object,1000,0,0.0,"[""B"", ""B"", ""B""]",1000
D2,UCC Beyond Throughput 5G dataset,data/raw/ucc_5g_context/5G-production-dataset/Netflix/Driving/Season3-StrangerThings/B_2019.11.26_13.00.56.csv,CellID,int64,1000,0,0.0,"[""12"", ""12"", ""12""]",1000
D2,UCC Beyond Throughput 5G dataset,data/raw/ucc_5g_context/5G-production-dataset/Netflix/Driving/Season3-StrangerThings/B_2019.11.26_13.00.56.csv,NetworkMode,object,1000,0,0.0,"[""5G"", ""5G"", ""5G""]",1000
D2,UCC Beyond Throughput 5G dataset,data/raw/ucc_5g_context/5G-production-dataset/Netflix/Driving/Season3-StrangerThings/B_2019.11.26_13.00.56.csv,RSRP,int64,1000,0,0.0,"[""-97"", ""-97"", ""-97""]",1000
D2,UCC Beyond Throughput 5G dataset,data/raw/ucc_5g_context/5G-production-dataset/Netflix/Driving/Season3-StrangerThings/B_2019.11.26_13.00.56.csv,RSRQ,int64,1000,0,0.0,"[""-9"", ""-9"", ""-9""]",1000
D2,UCC Beyond Throughput 5G dataset,data/raw/ucc_5g_context/5G-production-dataset/Netflix/Driving/Season3-StrangerThings/B_2019.11.26_13.00.56.csv,SNR,float64,1000,0,0.0,"[""14.0"", ""14.0"", ""14.0""]",1000
D2,UCC Beyond Throughput 5G dataset,data/raw/ucc_5g_context/5G-production-dataset/Netflix/Driving/Season3-StrangerThings/B_2019.11.26_13.00.56.csv,CQI,int64,1000,0,0.0,"[""12"", ""12"", ""12""]",1000
D2,UCC Beyond Throughput 5G dataset,data/raw/ucc_5g_context/5G-production-dataset/Netflix/Driving/Season3-StrangerThings/B_2019.11.26_13.00.56.csv,RSSI,object,1000,0,0.0,"[""-86"", ""-86"", ""-86""]",1000
D2,UCC Beyond Throughput 5G dataset,data/raw/ucc_5g_context/5G-production-dataset/Netflix/Driving/Season3-StrangerThings/B_2019.11.26_13.00.56.csv,DL_bitrate,int64,1000,0,0.0,"[""170"", ""170"", ""2""]",1000
D2,UCC Beyond Throughput 5G dataset,data/raw/ucc_5g_context/5G-production-dataset/Netflix/Driving/Season3-StrangerThings/B_2019.11.26_13.00.56.csv,UL_bitrate,int64,1000,0,0.0,"[""420"", ""420"", ""3""]",1000
D2,UCC Beyond Throughput 5G dataset,data/raw/ucc_5g_context/5G-production-dataset/Netflix/Driving/Season3-StrangerThings/B_2019.11.26_13.00.56.csv,State,object,1000,0,0.0,"[""D"", ""D"", ""D""]",1000
D2,UCC Beyond Throughput 5G dataset,data/raw/ucc_5g_context/5G-production-dataset/Netflix/Driving/Season3-StrangerThings/B_2019.11.26_13.00.56.csv,PINGAVG,object,1000,0,0.0,"[""-"", ""-"", ""-""]",1000
D2,UCC Beyond Throughput 5G dataset,data/raw/ucc_5g_context/5G-production-dataset/Netflix/Driving/Season3-StrangerThings/B_2019.11.26_13.00.56.csv,PINGMIN,object,1000,0,0.0,"[""-"", ""-"", ""-""]",1000
D2,UCC Beyond Throughput 5G dataset,data/raw/ucc_5g_context/5G-production-dataset/Netflix/Driving/Season3-StrangerThings/B_2019.11.26_13.00.56.csv,PINGMAX,object,1000,0,0.0,"[""-"", ""-"", ""-""]",1000
D2,UCC Beyond Throughput 5G dataset,data/raw/ucc_5g_context/5G-production-dataset/Netflix/Driving/Season3-StrangerThings/B_2019.11.26_13.00.56.csv,PINGSTDEV,object,1000,0,0.0,"[""-"", ""-"", ""-""]",1000
D2,UCC Beyond Throughput 5G dataset,data/raw/ucc_5g_context/5G-production-dataset/Netflix/Driving/Season3-StrangerThings/B_2019.11.26_13.00.56.csv,PINGLOSS,object,1000,0,0.0,"[""-"", ""-"", ""-""]",1000
D2,UCC Beyond Throughput 5G dataset,data/raw/ucc_5g_context/5G-production-dataset/Netflix/Driving/Season3-StrangerThings/B_2019.11.26_13.00.56.csv,CELLHEX,object,1000,0,0.0,"[""C"", ""C"", ""C""]",1000
D2,UCC Beyond Throughput 5G dataset,data/raw/ucc_5g_context/5G-production-dataset/Netflix/Driving/Season3-StrangerThings/B_2019.11.26_13.00.56.csv,NODEHEX,object,1000,0,0.0,"[""A81B"", ""A81B"", ""A81B""]",1000
D2,UCC Beyond Throughput 5G dataset,data/raw/ucc_5g_context/5G-production-dataset/Netflix/Driving/Season3-StrangerThings/B_2019.11.26_13.00.56.csv,LACHEX,object,1000,0,0.0,"[""9CBA"", ""9CBA"", ""9CBA""]",1000
D2,UCC Beyond Throughput 5G dataset,data/raw/ucc_5g_context/5G-production-dataset/Netflix/Driving/Season3-StrangerThings/B_2019.11.26_13.00.56.csv,RAWCELLID,int64,1000,0,0.0,"[""11016972"", ""11016972"", ""11016972""]",1000
D2,UCC Beyond Throughput 5G dataset,data/raw/ucc_5g_context/5G-production-dataset/Netflix/Driving/Season3-StrangerThings/B_2019.11.26_13.00.56.csv,NRxRSRP,object,1000,0,0.0,"[""-100.0"", ""-100.0"", ""-100.0""]",1000
D2,UCC Beyond Throughput 5G dataset,data/raw/ucc_5g_context/5G-production-dataset/Netflix/Driving/Season3-StrangerThings/B_2019.11.26_13.00.56.csv,NRxRSRQ,object,1000,0,0.0,"[""-17.0"", ""-17.0"", ""-17.0""]",1000
D2,UCC Beyond Throughput 5G dataset,data/raw/ucc_5g_context/5G-production-dataset/Netflix/Driving/Season3-StrangerThings/B_2019.11.26_13.20.42.csv,Timestamp,object,615,0,0.0,"[""2019.11.26_13.20.43"", ""2019.11.26_13.20.44"", ""2019.11.26_13.20.45""]",1000
D2,UCC Beyond Throughput 5G dataset,data/raw/ucc_5g_context/5G-production-dataset/Netflix/Driving/Season3-StrangerThings/B_2019.11.26_13.20.42.csv,Longitude,float64,615,0,0.0,"[""-8.391902"", ""-8.391902"", ""-8.391902""]",1000
D2,UCC Beyond Throughput 5G dataset,data/raw/ucc_5g_context/5G-production-dataset/Netflix/Driving/Season3-StrangerThings/B_2019.11.26_13.20.42.csv,Latitude,float64,615,0,0.0,"[""51.942854"", ""51.942854"", ""51.942854""]",1000
D2,UCC Beyond Throughput 5G dataset,data/raw/ucc_5g_context/5G-production-dataset/Netflix/Driving/Season3-StrangerThings/B_2019.11.26_13.20.42.csv,Speed,int64,615,0,0.0,"[""0"", ""0"", ""0""]",1000
D2,UCC Beyond Throughput 5G dataset,data/raw/ucc_5g_context/5G-production-dataset/Netflix/Driving/Season3-StrangerThings/B_2019.11.26_13.20.42.csv,Operatorname,object,615,0,0.0,"[""B"", ""B"", ""B""]",1000
D2,UCC Beyond Throughput 5G dataset,data/raw/ucc_5g_context/5G-production-dataset/Netflix/Driving/Season3-StrangerThings/B_2019.11.26_13.20.42.csv,CellID,int64,615,0,0.0,"[""11"", ""11"", ""11""]",1000
D2,UCC Beyond Throughput 5G dataset,data/raw/ucc_5g_context/5G-production-dataset/Netflix/Driving/Season3-StrangerThings/B_2019.11.26_13.20.42.csv,NetworkMode,object,615,0,0.0,"[""5G"", ""5G"", ""5G""]",1000
D2,UCC Beyond Throughput 5G dataset,data/raw/ucc_5g_context/5G-production-dataset/Netflix/Driving/Season3-StrangerThings/B_2019.11.26_13.20.42.csv,RSRP,int64,615,0,0.0,"[""-76"", ""-76"", ""-75""]",1000
D2,UCC Beyond Throughput 5G dataset,data/raw/ucc_5g_context/5G-production-dataset/Netflix/Driving/Season3-StrangerThings/B_2019.11.26_13.20.42.csv,RSRQ,int64,615,0,0.0,"[""-10"", ""-10"", ""-8""]",1000
D2,UCC Beyond Throughput 5G dataset,data/raw/ucc_5g_context/5G-production-dataset/Netflix/Driving/Season3-StrangerThings/B_2019.11.26_13.20.42.csv,SNR,float64,615,0,0.0,"[""22.0"", ""22.0"", ""24.0""]",1000
D2,UCC Beyond Throughput 5G dataset,data/raw/ucc_5g_context/5G-production-dataset/Netflix/Driving/Season3-StrangerThings/B_2019.11.26_13.20.42.csv,CQI,int64,615,0,0.0,"[""15"", ""15"", ""15""]",1000
D2,UCC Beyond Throughput 5G dataset,data/raw/ucc_5g_context/5G-production-dataset/Netflix/Driving/Season3-StrangerThings/B_2019.11.26_13.20.42.csv,RSSI,object,615,0,0.0,"[""-"", ""-"", ""-""]",1000
D2,UCC Beyond Throughput 5G dataset,data/raw/ucc_5g_context/5G-production-dataset/Netflix/Driving/Season3-StrangerThings/B_2019.11.26_13.20.42.csv,DL_bitrate,int64,615,0,0.0,"[""56"", ""0"", ""0""]",1000
D2,UCC Beyond Throughput 5G dataset,data/raw/ucc_5g_context/5G-production-dataset/Netflix/Driving/Season3-StrangerThings/B_2019.11.26_13.20.42.csv,UL_bitrate,int64,615,0,0.0,"[""19"", ""0"", ""0""]",1000
D2,UCC Beyond Throughput 5G dataset,data/raw/ucc_5g_context/5G-production-dataset/Netflix/Driving/Season3-StrangerThings/B_2019.11.26_13.20.42.csv,State,object,615,0,0.0,"[""D"", ""D"", ""I""]",1000
D2,UCC Beyond Throughput 5G dataset,data/raw/ucc_5g_context/5G-production-dataset/Netflix/Driving/Season3-StrangerThings/B_2019.11.26_13.20.42.csv,PINGAVG,object,615,0,0.0,"[""-"", ""-"", ""-""]",1000
D2,UCC Beyond Throughput 5G dataset,data/raw/ucc_5g_context/5G-production-dataset/Netflix/Driving/Season3-StrangerThings/B_2019.11.26_13.20.42.csv,PINGMIN,object,615,0,0.0,"[""-"", ""-"", ""-""]",1000
D2,UCC Beyond Throughput 5G dataset,data/raw/ucc_5g_context/5G-production-dataset/Netflix/Driving/Season3-StrangerThings/B_2019.11.26_13.20.42.csv,PINGMAX,object,615,0,0.0,"[""-"", ""-"", ""-""]",1000
D2,UCC Beyond Throughput 5G dataset,data/raw/ucc_5g_context/5G-production-dataset/Netflix/Driving/Season3-StrangerThings/B_2019.11.26_13.20.42.csv,PINGSTDEV,object,615,0,0.0,"[""-"", ""-"", ""-""]",1000
D2,UCC Beyond Throughput 5G dataset,data/raw/ucc_5g_context/5G-production-dataset/Netflix/Driving/Season3-StrangerThings/B_2019.11.26_13.20.42.csv,PINGLOSS,object,615,0,0.0,"[""-"", ""-"", ""-""]",1000
D2,UCC Beyond Throughput 5G dataset,data/raw/ucc_5g_context/5G-production-dataset/Netflix/Driving/Season3-StrangerThings/B_2019.11.26_13.20.42.csv,CELLHEX,object,615,0,0.0,"[""B"", ""B"", ""B""]",1000
D2,UCC Beyond Throughput 5G dataset,data/raw/ucc_5g_context/5G-production-dataset/Netflix/Driving/Season3-StrangerThings/B_2019.11.26_13.20.42.csv,NODEHEX,object,615,0,0.0,"[""A81B"", ""A81B"", ""A81B""]",1000
D2,UCC Beyond Throughput 5G dataset,data/raw/ucc_5g_context/5G-production-dataset/Netflix/Driving/Season3-StrangerThings/B_2019.11.26_13.20.42.csv,LACHEX,object,615,0,0.0,"[""9CBA"", ""9CBA"", ""9CBA""]",1000
D2,UCC Beyond Throughput 5G dataset,data/raw/ucc_5g_context/5G-production-dataset/Netflix/Driving/Season3-StrangerThings/B_2019.11.26_13.20.42.csv,RAWCELLID,int64,615,0,0.0,"[""11016971"", ""11016971"", ""11016971""]",1000
D2,UCC Beyond Throughput 5G dataset,data/raw/ucc_5g_context/5G-production-dataset/Netflix/Driving/Season3-StrangerThings/B_2019.11.26_13.20.42.csv,NRxRSRP,object,615,0,0.0,"[""-74.0"", ""-74.0"", ""-75.0""]",1000
D2,UCC Beyond Throughput 5G dataset,data/raw/ucc_5g_context/5G-production-dataset/Netflix/Driving/Season3-StrangerThings/B_2019.11.26_13.20.42.csv,NRxRSRQ,object,615,0,0.0,"[""0.0"", ""0.0"", ""-1.0""]",1000
D2,UCC Beyond Throughput 5G dataset,data/raw/ucc_5g_context/5G-production-dataset/Netflix/Driving/Season3-StrangerThings/B_2019.11.26_15.02.50.csv,Timestamp,object,1000,0,0.0,"[""2019.11.26_15.02.50"", ""2019.11.26_15.02.50"", ""2019.11.26_15.02.50""]",1000
D2,UCC Beyond Throughput 5G dataset,data/raw/ucc_5g_context/5G-production-dataset/Netflix/Driving/Season3-StrangerThings/B_2019.11.26_15.02.50.csv,Longitude,float64,1000,0,0.0,"[""-8.395096"", ""-8.395066"", ""-8.395066""]",1000
D2,UCC Beyond Throughput 5G dataset,data/raw/ucc_5g_context/5G-production-dataset/Netflix/Driving/Season3-StrangerThings/B_2019.11.26_15.02.50.csv,Latitude,float64,1000,0,0.0,"[""51.887276"", ""51.887237"", ""51.887237""]",1000
D2,UCC Beyond Throughput 5G dataset,data/raw/ucc_5g_context/5G-production-dataset/Netflix/Driving/Season3-StrangerThings/B_2019.11.26_15.02.50.csv,Speed,int64,1000,0,0.0,"[""0"", ""0"", ""0""]",1000
D2,UCC Beyond Throughput 5G dataset,data/raw/ucc_5g_context/5G-production-dataset/Netflix/Driving/Season3-StrangerThings/B_2019.11.26_15.02.50.csv,Operatorname,object,1000,0,0.0,"[""B"", ""B"", ""B""]",1000
D2,UCC Beyond Throughput 5G dataset,data/raw/ucc_5g_context/5G-production-dataset/Netflix/Driving/Season3-StrangerThings/B_2019.11.26_15.02.50.csv,CellID,int64,1000,0,0.0,"[""12"", ""12"", ""12""]",1000
D2,UCC Beyond Throughput 5G dataset,data/raw/ucc_5g_context/5G-production-dataset/Netflix/Driving/Season3-StrangerThings/B_2019.11.26_15.02.50.csv,NetworkMode,object,1000,0,0.0,"[""5G"", ""5G"", ""5G""]",1000
D2,UCC Beyond Throughput 5G dataset,data/raw/ucc_5g_context/5G-production-dataset/Netflix/Driving/Season3-StrangerThings/B_2019.11.26_15.02.50.csv,RSRP,int64,1000,0,0.0,"[""-90"", ""-90"", ""-91""]",1000
D2,UCC Beyond Throughput 5G dataset,data/raw/ucc_5g_context/5G-production-dataset/Netflix/Driving/Season3-StrangerThings/B_2019.11.26_15.02.50.csv,RSRQ,int64,1000,0,0.0,"[""-13"", ""-13"", ""-15""]",1000
D2,UCC Beyond Throughput 5G dataset,data/raw/ucc_5g_context/5G-production-dataset/Netflix/Driving/Season3-StrangerThings/B_2019.11.26_15.02.50.csv,SNR,float64,1000,0,0.0,"[""4.0"", ""4.0"", ""3.0""]",1000
D2,UCC Beyond Throughput 5G dataset,data/raw/ucc_5g_context/5G-production-dataset/Netflix/Driving/Season3-StrangerThings/B_2019.11.26_15.02.50.csv,CQI,int64,1000,0,0.0,"[""13"", ""13"", ""10""]",1000
D2,UCC Beyond Throughput 5G dataset,data/raw/ucc_5g_context/5G-production-dataset/Netflix/Driving/Season3-StrangerThings/B_2019.11.26_15.02.50.csv,RSSI,object,1000,0,0.0,"[""-73"", ""-73"", ""-75""]",1000
D2,UCC Beyond Throughput 5G dataset,data/raw/ucc_5g_context/5G-production-dataset/Netflix/Driving/Season3-StrangerThings/B_2019.11.26_15.02.50.csv,DL_bitrate,int64,1000,0,0.0,"[""1"", ""1"", ""0""]",1000
D2,UCC Beyond Throughput 5G dataset,data/raw/ucc_5g_context/5G-production-dataset/Netflix/Driving/Season3-StrangerThings/B_2019.11.26_15.02.50.csv,UL_bitrate,int64,1000,0,0.0,"[""3"", ""3"", ""0""]",1000
D2,UCC Beyond Throughput 5G dataset,data/raw/ucc_5g_context/5G-production-dataset/Netflix/Driving/Season3-StrangerThings/B_2019.11.26_15.02.50.csv,State,object,1000,0,0.0,"[""D"", ""D"", ""D""]",1000
D2,UCC Beyond Throughput 5G dataset,data/raw/ucc_5g_context/5G-production-dataset/Netflix/Driving/Season3-StrangerThings/B_2019.11.26_15.02.50.csv,PINGAVG,object,1000,0,0.0,"[""-"", ""-"", ""-""]",1000
D2,UCC Beyond Throughput 5G dataset,data/raw/ucc_5g_context/5G-production-dataset/Netflix/Driving/Season3-StrangerThings/B_2019.11.26_15.02.50.csv,PINGMIN,object,1000,0,0.0,"[""-"", ""-"", ""-""]",1000
D2,UCC Beyond Throughput 5G dataset,data/raw/ucc_5g_context/5G-production-dataset/Netflix/Driving/Season3-StrangerThings/B_2019.11.26_15.02.50.csv,PINGMAX,object,1000,0,0.0,"[""-"", ""-"", ""-""]",1000
D2,UCC Beyond Throughput 5G dataset,data/raw/ucc_5g_context/5G-production-dataset/Netflix/Driving/Season3-StrangerThings/B_2019.11.26_15.02.50.csv,PINGSTDEV,object,1000,0,0.0,"[""-"", ""-"", ""-""]",1000
D2,UCC Beyond Throughput 5G dataset,data/raw/ucc_5g_context/5G-production-dataset/Netflix/Driving/Season3-StrangerThings/B_2019.11.26_15.02.50.csv,PINGLOSS,object,1000,0,0.0,"[""-"", ""-"", ""-""]",1000
D2,UCC Beyond Throughput 5G dataset,data/raw/ucc_5g_context/5G-production-dataset/Netflix/Driving/Season3-StrangerThings/B_2019.11.26_15.02.50.csv,CELLHEX,object,1000,0,0.0,"[""C"", ""C"", ""C""]",1000
D2,UCC Beyond Throughput 5G dataset,data/raw/ucc_5g_context/5G-production-dataset/Netflix/Driving/Season3-StrangerThings/B_2019.11.26_15.02.50.csv,NODEHEX,object,1000,0,0.0,"[""A99D"", ""A99D"", ""A99D""]",1000
D2,UCC Beyond Throughput 5G dataset,data/raw/ucc_5g_context/5G-production-dataset/Netflix/Driving/Season3-StrangerThings/B_2019.11.26_15.02.50.csv,LACHEX,object,1000,0,0.0,"[""9CBA"", ""9CBA"", ""9CBA""]",1000
D2,UCC Beyond Throughput 5G dataset,data/raw/ucc_5g_context/5G-production-dataset/Netflix/Driving/Season3-StrangerThings/B_2019.11.26_15.02.50.csv,RAWCELLID,int64,1000,0,0.0,"[""11115788"", ""11115788"", ""11115788""]",1000
D2,UCC Beyond Throughput 5G dataset,data/raw/ucc_5g_context/5G-production-dataset/Netflix/Driving/Season3-StrangerThings/B_2019.11.26_15.02.50.csv,NRxRSRP,object,1000,0,0.0,"[""-100.0"", ""-100.0"", ""-100.0""]",1000
D2,UCC Beyond Throughput 5G dataset,data/raw/ucc_5g_context/5G-production-dataset/Netflix/Driving/Season3-StrangerThings/B_2019.11.26_15.02.50.csv,NRxRSRQ,object,1000,0,0.0,"[""-16.0"", ""-16.0"", ""-16.0""]",1000
D2,UCC Beyond Throughput 5G dataset,data/raw/ucc_5g_context/5G-production-dataset/Netflix/Driving/Season3-StrangerThings/B_2019.11.27_07.29.47.csv,Timestamp,object,1000,0,0.0,"[""2019.11.27_07.29.47"", ""2019.11.27_07.29.47"", ""2019.11.27_07.29.47""]",1000
D2,UCC Beyond Throughput 5G dataset,data/raw/ucc_5g_context/5G-production-dataset/Netflix/Driving/Season3-StrangerThings/B_2019.11.27_07.29.47.csv,Longitude,float64,1000,0,0.0,"[""-8.388258"", ""-8.388258"", ""-8.388244""]",1000
D2,UCC Beyond Throughput 5G dataset,data/raw/ucc_5g_context/5G-production-dataset/Netflix/Driving/Season3-StrangerThings/B_2019.11.27_07.29.47.csv,Latitude,float64,1000,0,0.0,"[""51.935579"", ""51.935579"", ""51.935604999999995""]",1000
D2,UCC Beyond Throughput 5G dataset,data/raw/ucc_5g_context/5G-production-dataset/Netflix/Driving/Season3-StrangerThings/B_2019.11.27_07.29.47.csv,Speed,int64,1000,0,0.0,"[""1"", ""1"", ""0""]",1000
D2,UCC Beyond Throughput 5G dataset,data/raw/ucc_5g_context/5G-production-dataset/Netflix/Driving/Season3-StrangerThings/B_2019.11.27_07.29.47.csv,Operatorname,object,1000,0,0.0,"[""B"", ""B"", ""B""]",1000
D2,UCC Beyond Throughput 5G dataset,data/raw/ucc_5g_context/5G-production-dataset/Netflix/Driving/Season3-StrangerThings/B_2019.11.27_07.29.47.csv,CellID,int64,1000,0,0.0,"[""12"", ""12"", ""12""]",1000
D2,UCC Beyond Throughput 5G dataset,data/raw/ucc_5g_context/5G-production-dataset/Netflix/Driving/Season3-StrangerThings/B_2019.11.27_07.29.47.csv,NetworkMode,object,1000,0,0.0,"[""5G"", ""5G"", ""5G""]",1000
D2,UCC Beyond Throughput 5G dataset,data/raw/ucc_5g_context/5G-production-dataset/Netflix/Driving/Season3-StrangerThings/B_2019.11.27_07.29.47.csv,RSRP,int64,1000,0,0.0,"[""-99"", ""-99"", ""-99""]",1000
D2,UCC Beyond Throughput 5G dataset,data/raw/ucc_5g_context/5G-production-dataset/Netflix/Driving/Season3-StrangerThings/B_2019.11.27_07.29.47.csv,RSRQ,object,1000,0,0.0,"[""-10"", ""-10"", ""-10""]",1000
D2,UCC Beyond Throughput 5G dataset,data/raw/ucc_5g_context/5G-production-dataset/Netflix/Driving/Season3-StrangerThings/B_2019.11.27_07.29.47.csv,SNR,object,1000,0,0.0,"[""5.0"", ""5.0"", ""5.0""]",1000
D2,UCC Beyond Throughput 5G dataset,data/raw/ucc_5g_context/5G-production-dataset/Netflix/Driving/Season3-StrangerThings/B_2019.11.27_07.29.47.csv,CQI,object,1000,0,0.0,"[""13"", ""13"", ""13""]",1000
D2,UCC Beyond Throughput 5G dataset,data/raw/ucc_5g_context/5G-production-dataset/Netflix/Driving/Season3-StrangerThings/B_2019.11.27_07.29.47.csv,RSSI,object,1000,0,0.0,"[""-"", ""-"", ""-""]",1000
D2,UCC Beyond Throughput 5G dataset,data/raw/ucc_5g_context/5G-production-dataset/Netflix/Driving/Season3-StrangerThings/B_2019.11.27_07.29.47.csv,DL_bitrate,int64,1000,0,0.0,"[""3"", ""1"", ""1""]",1000
D2,UCC Beyond Throughput 5G dataset,data/raw/ucc_5g_context/5G-production-dataset/Netflix/Driving/Season3-StrangerThings/B_2019.11.27_07.29.47.csv,UL_bitrate,int64,1000,0,0.0,"[""4"", ""1"", ""1""]",1000
D2,UCC Beyond Throughput 5G dataset,data/raw/ucc_5g_context/5G-production-dataset/Netflix/Driving/Season3-StrangerThings/B_2019.11.27_07.29.47.csv,State,object,1000,0,0.0,"[""D"", ""D"", ""D""]",1000
D2,UCC Beyond Throughput 5G dataset,data/raw/ucc_5g_context/5G-production-dataset/Netflix/Driving/Season3-StrangerThings/B_2019.11.27_07.29.47.csv,PINGAVG,object,1000,0,0.0,"[""-"", ""-"", ""-""]",1000
D2,UCC Beyond Throughput 5G dataset,data/raw/ucc_5g_context/5G-production-dataset/Netflix/Driving/Season3-StrangerThings/B_2019.11.27_07.29.47.csv,PINGMIN,object,1000,0,0.0,"[""-"", ""-"", ""-""]",1000
D2,UCC Beyond Throughput 5G dataset,data/raw/ucc_5g_context/5G-production-dataset/Netflix/Driving/Season3-StrangerThings/B_2019.11.27_07.29.47.csv,PINGMAX,object,1000,0,0.0,"[""-"", ""-"", ""-""]",1000
D2,UCC Beyond Throughput 5G dataset,data/raw/ucc_5g_context/5G-production-dataset/Netflix/Driving/Season3-StrangerThings/B_2019.11.27_07.29.47.csv,PINGSTDEV,object,1000,0,0.0,"[""-"", ""-"", ""-""]",1000
D2,UCC Beyond Throughput 5G dataset,data/raw/ucc_5g_context/5G-production-dataset/Netflix/Driving/Season3-StrangerThings/B_2019.11.27_07.29.47.csv,PINGLOSS,object,1000,0,0.0,"[""-"", ""-"", ""-""]",1000
D2,UCC Beyond Throughput 5G dataset,data/raw/ucc_5g_context/5G-production-dataset/Netflix/Driving/Season3-StrangerThings/B_2019.11.27_07.29.47.csv,CELLHEX,object,1000,0,0.0,"[""C"", ""C"", ""C""]",1000
D2,UCC Beyond Throughput 5G dataset,data/raw/ucc_5g_context/5G-production-dataset/Netflix/Driving/Season3-StrangerThings/B_2019.11.27_07.29.47.csv,NODEHEX,object,1000,0,0.0,"[""A81B"", ""A81B"", ""A81B""]",1000
D2,UCC Beyond Throughput 5G dataset,data/raw/ucc_5g_context/5G-production-dataset/Netflix/Driving/Season3-StrangerThings/B_2019.11.27_07.29.47.csv,LACHEX,object,1000,0,0.0,"[""9CBA"", ""9CBA"", ""9CBA""]",1000
D2,UCC Beyond Throughput 5G dataset,data/raw/ucc_5g_context/5G-production-dataset/Netflix/Driving/Season3-StrangerThings/B_2019.11.27_07.29.47.csv,RAWCELLID,int64,1000,0,0.0,"[""11016972"", ""11016972"", ""11016972""]",1000
D2,UCC Beyond Throughput 5G dataset,data/raw/ucc_5g_context/5G-production-dataset/Netflix/Driving/Season3-StrangerThings/B_2019.11.27_07.29.47.csv,NRxRSRP,object,1000,0,0.0,"[""-96.0"", ""-96.0"", ""-96.0""]",1000
D2,UCC Beyond Throughput 5G dataset,data/raw/ucc_5g_context/5G-production-dataset/Netflix/Driving/Season3-StrangerThings/B_2019.11.27_07.29.47.csv,NRxRSRQ,object,1000,0,0.0,"[""-3.0"", ""-3.0"", ""-3.0""]",1000
D2,UCC Beyond Throughput 5G dataset,data/raw/ucc_5g_context/5G-production-dataset/Netflix/Driving/Season3-StrangerThings/B_2019.11.27_16.33.16.csv,Timestamp,object,1000,0,0.0,"[""2019.11.27_16.33.16"", ""2019.11.27_16.33.16"", ""2019.11.27_16.33.17""]",1000
D2,UCC Beyond Throughput 5G dataset,data/raw/ucc_5g_context/5G-production-dataset/Netflix/Driving/Season3-StrangerThings/B_2019.11.27_16.33.16.csv,Longitude,float64,1000,0,0.0,"[""-8.499880000000001"", ""-8.499918"", ""-8.499918""]",1000
D2,UCC Beyond Throughput 5G dataset,data/raw/ucc_5g_context/5G-production-dataset/Netflix/Driving/Season3-StrangerThings/B_2019.11.27_16.33.16.csv,Latitude,float64,1000,0,0.0,"[""51.893286"", ""51.893337"", ""51.893337""]",1000
D2,UCC Beyond Throughput 5G dataset,data/raw/ucc_5g_context/5G-production-dataset/Netflix/Driving/Season3-StrangerThings/B_2019.11.27_16.33.16.csv,Speed,int64,1000,0,0.0,"[""1"", ""1"", ""1""]",1000
D2,UCC Beyond Throughput 5G dataset,data/raw/ucc_5g_context/5G-production-dataset/Netflix/Driving/Season3-StrangerThings/B_2019.11.27_16.33.16.csv,Operatorname,object,1000,0,0.0,"[""B"", ""B"", ""B""]",1000
D2,UCC Beyond Throughput 5G dataset,data/raw/ucc_5g_context/5G-production-dataset/Netflix/Driving/Season3-StrangerThings/B_2019.11.27_16.33.16.csv,CellID,int64,1000,0,0.0,"[""3"", ""3"", ""3""]",1000
D2,UCC Beyond Throughput 5G dataset,data/raw/ucc_5g_context/5G-production-dataset/Netflix/Driving/Season3-StrangerThings/B_2019.11.27_16.33.16.csv,NetworkMode,object,1000,0,0.0,"[""LTE"", ""LTE"", ""LTE""]",1000
D2,UCC Beyond Throughput 5G dataset,data/raw/ucc_5g_context/5G-production-dataset/Netflix/Driving/Season3-StrangerThings/B_2019.11.27_16.33.16.csv,RSRP,int64,1000,0,0.0,"[""-91"", ""-91"", ""-91""]",1000
D2,UCC Beyond Throughput 5G dataset,data/raw/ucc_5g_context/5G-production-dataset/Netflix/Driving/Season3-StrangerThings/B_2019.11.27_16.33.16.csv,RSRQ,int64,1000,0,0.0,"[""-13"", ""-13"", ""-13""]",1000
D2,UCC Beyond Throughput 5G dataset,data/raw/ucc_5g_context/5G-production-dataset/Netflix/Driving/Season3-StrangerThings/B_2019.11.27_16.33.16.csv,SNR,object,1000,0,0.0,"[""2.0"", ""2.0"", ""2.0""]",1000
D2,UCC Beyond Throughput 5G dataset,data/raw/ucc_5g_context/5G-production-dataset/Netflix/Driving/Season3-StrangerThings/B_2019.11.27_16.33.16.csv,CQI,object,1000,0,0.0,"[""9"", ""9"", ""9""]",1000
D2,UCC Beyond Throughput 5G dataset,data/raw/ucc_5g_context/5G-production-dataset/Netflix/Driving/Season3-StrangerThings/B_2019.11.27_16.33.16.csv,RSSI,object,1000,0,0.0,"[""-"", ""-"", ""-""]",1000
D2,UCC Beyond Throughput 5G dataset,data/raw/ucc_5g_context/5G-production-dataset/Netflix/Driving/Season3-StrangerThings/B_2019.11.27_16.33.16.csv,DL_bitrate,int64,1000,0,0.0,"[""0"", ""0"", ""36""]",1000
D2,UCC Beyond Throughput 5G dataset,data/raw/ucc_5g_context/5G-production-dataset/Netflix/Driving/Season3-StrangerThings/B_2019.11.27_16.33.16.csv,UL_bitrate,int64,1000,0,0.0,"[""1"", ""1"", ""11""]",1000
D2,UCC Beyond Throughput 5G dataset,data/raw/ucc_5g_context/5G-production-dataset/Netflix/Driving/Season3-StrangerThings/B_2019.11.27_16.33.16.csv,State,object,1000,0,0.0,"[""D"", ""D"", ""D""]",1000
D2,UCC Beyond Throughput 5G dataset,data/raw/ucc_5g_context/5G-production-dataset/Netflix/Driving/Season3-StrangerThings/B_2019.11.27_16.33.16.csv,PINGAVG,object,1000,0,0.0,"[""-"", ""-"", ""-""]",1000
D2,UCC Beyond Throughput 5G dataset,data/raw/ucc_5g_context/5G-production-dataset/Netflix/Driving/Season3-StrangerThings/B_2019.11.27_16.33.16.csv,PINGMIN,object,1000,0,0.0,"[""-"", ""-"", ""-""]",1000
D2,UCC Beyond Throughput 5G dataset,data/raw/ucc_5g_context/5G-production-dataset/Netflix/Driving/Season3-StrangerThings/B_2019.11.27_16.33.16.csv,PINGMAX,object,1000,0,0.0,"[""-"", ""-"", ""-""]",1000
D2,UCC Beyond Throughput 5G dataset,data/raw/ucc_5g_context/5G-production-dataset/Netflix/Driving/Season3-StrangerThings/B_2019.11.27_16.33.16.csv,PINGSTDEV,object,1000,0,0.0,"[""-"", ""-"", ""-""]",1000
D2,UCC Beyond Throughput 5G dataset,data/raw/ucc_5g_context/5G-production-dataset/Netflix/Driving/Season3-StrangerThings/B_2019.11.27_16.33.16.csv,PINGLOSS,object,1000,0,0.0,"[""-"", ""-"", ""-""]",1000
D2,UCC Beyond Throughput 5G dataset,data/raw/ucc_5g_context/5G-production-dataset/Netflix/Driving/Season3-StrangerThings/B_2019.11.27_16.33.16.csv,CELLHEX,object,1000,0,0.0,"[""3"", ""3"", ""3""]",1000
D2,UCC Beyond Throughput 5G dataset,data/raw/ucc_5g_context/5G-production-dataset/Netflix/Driving/Season3-StrangerThings/B_2019.11.27_16.33.16.csv,NODEHEX,object,1000,0,0.0,"[""53BEA"", ""53BEA"", ""53BEA""]",1000
D2,UCC Beyond Throughput 5G dataset,data/raw/ucc_5g_context/5G-production-dataset/Netflix/Driving/Season3-StrangerThings/B_2019.11.27_16.33.16.csv,LACHEX,object,1000,0,0.0,"[""9CBA"", ""9CBA"", ""9CBA""]",1000
D2,UCC Beyond Throughput 5G dataset,data/raw/ucc_5g_context/5G-production-dataset/Netflix/Driving/Season3-StrangerThings/B_2019.11.27_16.33.16.csv,RAWCELLID,int64,1000,0,0.0,"[""87812611"", ""87812611"", ""87812611""]",1000
D2,UCC Beyond Throughput 5G dataset,data/raw/ucc_5g_context/5G-production-dataset/Netflix/Driving/Season3-StrangerThings/B_2019.11.27_16.33.16.csv,NRxRSRP,object,1000,0,0.0,"[""-"", ""-"", ""-""]",1000
D2,UCC Beyond Throughput 5G dataset,data/raw/ucc_5g_context/5G-production-dataset/Netflix/Driving/Season3-StrangerThings/B_2019.11.27_16.33.16.csv,NRxRSRQ,object,1000,0,0.0,"[""-"", ""-"", ""-""]",1000
D2,UCC Beyond Throughput 5G dataset,data/raw/ucc_5g_context/5G-production-dataset/Netflix/Driving/animated-RickandMorty/B_2019.11.20_16.55.16.csv,Timestamp,object,1000,0,0.0,"[""2019.11.20_16.55.16"", ""2019.11.20_16.55.16"", ""2019.11.20_16.55.16""]",1000
D2,UCC Beyond Throughput 5G dataset,data/raw/ucc_5g_context/5G-production-dataset/Netflix/Driving/animated-RickandMorty/B_2019.11.20_16.55.16.csv,Longitude,float64,1000,0,0.0,"[""-8.499476"", ""-8.499566999999999"", ""-8.499566999999999""]",1000
D2,UCC Beyond Throughput 5G dataset,data/raw/ucc_5g_context/5G-production-dataset/Netflix/Driving/animated-RickandMorty/B_2019.11.20_16.55.16.csv,Latitude,float64,1000,0,0.0,"[""51.893446"", ""51.893413"", ""51.893413""]",1000
D2,UCC Beyond Throughput 5G dataset,data/raw/ucc_5g_context/5G-production-dataset/Netflix/Driving/animated-RickandMorty/B_2019.11.20_16.55.16.csv,Speed,int64,1000,0,0.0,"[""0"", ""0"", ""0""]",1000
D2,UCC Beyond Throughput 5G dataset,data/raw/ucc_5g_context/5G-production-dataset/Netflix/Driving/animated-RickandMorty/B_2019.11.20_16.55.16.csv,Operatorname,object,1000,0,0.0,"[""B"", ""B"", ""B""]",1000
D2,UCC Beyond Throughput 5G dataset,data/raw/ucc_5g_context/5G-production-dataset/Netflix/Driving/animated-RickandMorty/B_2019.11.20_16.55.16.csv,CellID,int64,1000,0,0.0,"[""3"", ""3"", ""3""]",1000
D2,UCC Beyond Throughput 5G dataset,data/raw/ucc_5g_context/5G-production-dataset/Netflix/Driving/animated-RickandMorty/B_2019.11.20_16.55.16.csv,NetworkMode,object,1000,0,0.0,"[""LTE"", ""LTE"", ""LTE""]",1000
D2,UCC Beyond Throughput 5G dataset,data/raw/ucc_5g_context/5G-production-dataset/Netflix/Driving/animated-RickandMorty/B_2019.11.20_16.55.16.csv,RSRP,int64,1000,0,0.0,"[""-79"", ""-79"", ""-79""]",1000
D2,UCC Beyond Throughput 5G dataset,data/raw/ucc_5g_context/5G-production-dataset/Netflix/Driving/animated-RickandMorty/B_2019.11.20_16.55.16.csv,RSRQ,int64,1000,0,0.0,"[""-12"", ""-12"", ""-12""]",1000
D2,UCC Beyond Throughput 5G dataset,data/raw/ucc_5g_context/5G-production-dataset/Netflix/Driving/animated-RickandMorty/B_2019.11.20_16.55.16.csv,SNR,object,1000,0,0.0,"[""10.0"", ""10.0"", ""7.0""]",1000
D2,UCC Beyond Throughput 5G dataset,data/raw/ucc_5g_context/5G-production-dataset/Netflix/Driving/animated-RickandMorty/B_2019.11.20_16.55.16.csv,CQI,object,1000,0,0.0,"[""8"", ""8"", ""8""]",1000
D2,UCC Beyond Throughput 5G dataset,data/raw/ucc_5g_context/5G-production-dataset/Netflix/Driving/animated-RickandMorty/B_2019.11.20_16.55.16.csv,RSSI,object,1000,0,0.0,"[""-61"", ""-61"", ""-61""]",1000
D2,UCC Beyond Throughput 5G dataset,data/raw/ucc_5g_context/5G-production-dataset/Netflix/Driving/animated-RickandMorty/B_2019.11.20_16.55.16.csv,DL_bitrate,int64,1000,0,0.0,"[""2"", ""2"", ""0""]",1000
D2,UCC Beyond Throughput 5G dataset,data/raw/ucc_5g_context/5G-production-dataset/Netflix/Driving/animated-RickandMorty/B_2019.11.20_16.55.16.csv,UL_bitrate,int64,1000,0,0.0,"[""2"", ""2"", ""0""]",1000
D2,UCC Beyond Throughput 5G dataset,data/raw/ucc_5g_context/5G-production-dataset/Netflix/Driving/animated-RickandMorty/B_2019.11.20_16.55.16.csv,State,object,1000,0,0.0,"[""D"", ""D"", ""D""]",1000
D2,UCC Beyond Throughput 5G dataset,data/raw/ucc_5g_context/5G-production-dataset/Netflix/Driving/animated-RickandMorty/B_2019.11.20_16.55.16.csv,PINGAVG,object,1000,0,0.0,"[""-"", ""-"", ""-""]",1000
D2,UCC Beyond Throughput 5G dataset,data/raw/ucc_5g_context/5G-production-dataset/Netflix/Driving/animated-RickandMorty/B_2019.11.20_16.55.16.csv,PINGMIN,object,1000,0,0.0,"[""-"", ""-"", ""-""]",1000
D2,UCC Beyond Throughput 5G dataset,data/raw/ucc_5g_context/5G-production-dataset/Netflix/Driving/animated-RickandMorty/B_2019.11.20_16.55.16.csv,PINGMAX,object,1000,0,0.0,"[""-"", ""-"", ""-""]",1000
D2,UCC Beyond Throughput 5G dataset,data/raw/ucc_5g_context/5G-production-dataset/Netflix/Driving/animated-RickandMorty/B_2019.11.20_16.55.16.csv,PINGSTDEV,object,1000,0,0.0,"[""-"", ""-"", ""-""]",1000
D2,UCC Beyond Throughput 5G dataset,data/raw/ucc_5g_context/5G-production-dataset/Netflix/Driving/animated-RickandMorty/B_2019.11.20_16.55.16.csv,PINGLOSS,object,1000,0,0.0,"[""-"", ""-"", ""-""]",1000
D2,UCC Beyond Throughput 5G dataset,data/raw/ucc_5g_context/5G-production-dataset/Netflix/Driving/animated-RickandMorty/B_2019.11.20_16.55.16.csv,CELLHEX,object,1000,0,0.0,"[""3"", ""3"", ""3""]",1000
D2,UCC Beyond Throughput 5G dataset,data/raw/ucc_5g_context/5G-production-dataset/Netflix/Driving/animated-RickandMorty/B_2019.11.20_16.55.16.csv,NODEHEX,object,1000,0,0.0,"[""76C6C"", ""76C6C"", ""76C6C""]",1000
D2,UCC Beyond Throughput 5G dataset,data/raw/ucc_5g_context/5G-production-dataset/Netflix/Driving/animated-RickandMorty/B_2019.11.20_16.55.16.csv,LACHEX,object,1000,0,0.0,"[""9CBA"", ""9CBA"", ""9CBA""]",1000
D2,UCC Beyond Throughput 5G dataset,data/raw/ucc_5g_context/5G-production-dataset/Netflix/Driving/animated-RickandMorty/B_2019.11.20_16.55.16.csv,RAWCELLID,int64,1000,0,0.0,"[""124546051"", ""124546051"", ""124546051""]",1000
D2,UCC Beyond Throughput 5G dataset,data/raw/ucc_5g_context/5G-production-dataset/Netflix/Driving/animated-RickandMorty/B_2019.11.20_16.55.16.csv,NRxRSRP,object,1000,0,0.0,"[""-"", ""-"", ""-""]",1000
D2,UCC Beyond Throughput 5G dataset,data/raw/ucc_5g_context/5G-production-dataset/Netflix/Driving/animated-RickandMorty/B_2019.11.20_16.55.16.csv,NRxRSRQ,object,1000,0,0.0,"[""-"", ""-"", ""-""]",1000
D2,UCC Beyond Throughput 5G dataset,data/raw/ucc_5g_context/5G-production-dataset/Netflix/Driving/animated-RickandMorty/B_2019.11.21_07.59.06.csv,Timestamp,object,1000,0,0.0,"[""2019.11.21_07.59.06"", ""2019.11.21_07.59.06"", ""2019.11.21_07.59.07""]",1000
D2,UCC Beyond Throughput 5G dataset,data/raw/ucc_5g_context/5G-production-dataset/Netflix/Driving/animated-RickandMorty/B_2019.11.21_07.59.06.csv,Longitude,float64,1000,0,0.0,"[""-8.38834"", ""-8.38834"", ""-8.388366""]",1000
D2,UCC Beyond Throughput 5G dataset,data/raw/ucc_5g_context/5G-production-dataset/Netflix/Driving/animated-RickandMorty/B_2019.11.21_07.59.06.csv,Latitude,float64,1000,0,0.0,"[""51.935647"", ""51.935647"", ""51.93572""]",1000
D2,UCC Beyond Throughput 5G dataset,data/raw/ucc_5g_context/5G-production-dataset/Netflix/Driving/animated-RickandMorty/B_2019.11.21_07.59.06.csv,Speed,int64,1000,0,0.0,"[""5"", ""5"", ""0""]",1000
D2,UCC Beyond Throughput 5G dataset,data/raw/ucc_5g_context/5G-production-dataset/Netflix/Driving/animated-RickandMorty/B_2019.11.21_07.59.06.csv,Operatorname,object,1000,0,0.0,"[""B"", ""B"", ""B""]",1000
D2,UCC Beyond Throughput 5G dataset,data/raw/ucc_5g_context/5G-production-dataset/Netflix/Driving/animated-RickandMorty/B_2019.11.21_07.59.06.csv,CellID,int64,1000,0,0.0,"[""12"", ""12"", ""12""]",1000
D2,UCC Beyond Throughput 5G dataset,data/raw/ucc_5g_context/5G-production-dataset/Netflix/Driving/animated-RickandMorty/B_2019.11.21_07.59.06.csv,NetworkMode,object,1000,0,0.0,"[""5G"", ""5G"", ""5G""]",1000
D2,UCC Beyond Throughput 5G dataset,data/raw/ucc_5g_context/5G-production-dataset/Netflix/Driving/animated-RickandMorty/B_2019.11.21_07.59.06.csv,RSRP,int64,1000,0,0.0,"[""-102"", ""-102"", ""-102""]",1000
D2,UCC Beyond Throughput 5G dataset,data/raw/ucc_5g_context/5G-production-dataset/Netflix/Driving/animated-RickandMorty/B_2019.11.21_07.59.06.csv,RSRQ,int64,1000,0,0.0,"[""-13"", ""-13"", ""-13""]",1000
D2,UCC Beyond Throughput 5G dataset,data/raw/ucc_5g_context/5G-production-dataset/Netflix/Driving/animated-RickandMorty/B_2019.11.21_07.59.06.csv,SNR,float64,1000,0,0.0,"[""3.0"", ""3.0"", ""3.0""]",1000
D2,UCC Beyond Throughput 5G dataset,data/raw/ucc_5g_context/5G-production-dataset/Netflix/Driving/animated-RickandMorty/B_2019.11.21_07.59.06.csv,CQI,int64,1000,0,0.0,"[""13"", ""11"", ""11""]",1000
D2,UCC Beyond Throughput 5G dataset,data/raw/ucc_5g_context/5G-production-dataset/Netflix/Driving/animated-RickandMorty/B_2019.11.21_07.59.06.csv,RSSI,object,1000,0,0.0,"[""-87"", ""-85"", ""-85""]",1000
D2,UCC Beyond Throughput 5G dataset,data/raw/ucc_5g_context/5G-production-dataset/Netflix/Driving/animated-RickandMorty/B_2019.11.21_07.59.06.csv,DL_bitrate,int64,1000,0,0.0,"[""0"", ""37"", ""37""]",1000
D2,UCC Beyond Throughput 5G dataset,data/raw/ucc_5g_context/5G-production-dataset/Netflix/Driving/animated-RickandMorty/B_2019.11.21_07.59.06.csv,UL_bitrate,int64,1000,0,0.0,"[""1"", ""13"", ""13""]",1000
D2,UCC Beyond Throughput 5G dataset,data/raw/ucc_5g_context/5G-production-dataset/Netflix/Driving/animated-RickandMorty/B_2019.11.21_07.59.06.csv,State,object,1000,0,0.0,"[""D"", ""D"", ""D""]",1000
D2,UCC Beyond Throughput 5G dataset,data/raw/ucc_5g_context/5G-production-dataset/Netflix/Driving/animated-RickandMorty/B_2019.11.21_07.59.06.csv,PINGAVG,object,1000,0,0.0,"[""-"", ""-"", ""-""]",1000
D2,UCC Beyond Throughput 5G dataset,data/raw/ucc_5g_context/5G-production-dataset/Netflix/Driving/animated-RickandMorty/B_2019.11.21_07.59.06.csv,PINGMIN,object,1000,0,0.0,"[""-"", ""-"", ""-""]",1000
D2,UCC Beyond Throughput 5G dataset,data/raw/ucc_5g_context/5G-production-dataset/Netflix/Driving/animated-RickandMorty/B_2019.11.21_07.59.06.csv,PINGMAX,object,1000,0,0.0,"[""-"", ""-"", ""-""]",1000
D2,UCC Beyond Throughput 5G dataset,data/raw/ucc_5g_context/5G-production-dataset/Netflix/Driving/animated-RickandMorty/B_2019.11.21_07.59.06.csv,PINGSTDEV,object,1000,0,0.0,"[""-"", ""-"", ""-""]",1000
D2,UCC Beyond Throughput 5G dataset,data/raw/ucc_5g_context/5G-production-dataset/Netflix/Driving/animated-RickandMorty/B_2019.11.21_07.59.06.csv,PINGLOSS,object,1000,0,0.0,"[""-"", ""-"", ""-""]",1000
D2,UCC Beyond Throughput 5G dataset,data/raw/ucc_5g_context/5G-production-dataset/Netflix/Driving/animated-RickandMorty/B_2019.11.21_07.59.06.csv,CELLHEX,object,1000,0,0.0,"[""C"", ""C"", ""C""]",1000
D2,UCC Beyond Throughput 5G dataset,data/raw/ucc_5g_context/5G-production-dataset/Netflix/Driving/animated-RickandMorty/B_2019.11.21_07.59.06.csv,NODEHEX,object,1000,0,0.0,"[""A81B"", ""A81B"", ""A81B""]",1000
D2,UCC Beyond Throughput 5G dataset,data/raw/ucc_5g_context/5G-production-dataset/Netflix/Driving/animated-RickandMorty/B_2019.11.21_07.59.06.csv,LACHEX,object,1000,0,0.0,"[""9CBA"", ""9CBA"", ""9CBA""]",1000
D2,UCC Beyond Throughput 5G dataset,data/raw/ucc_5g_context/5G-production-dataset/Netflix/Driving/animated-RickandMorty/B_2019.11.21_07.59.06.csv,RAWCELLID,int64,1000,0,0.0,"[""11016972"", ""11016972"", ""11016972""]",1000
D2,UCC Beyond Throughput 5G dataset,data/raw/ucc_5g_context/5G-production-dataset/Netflix/Driving/animated-RickandMorty/B_2019.11.21_07.59.06.csv,NRxRSRP,object,1000,0,0.0,"[""-101.0"", ""-101.0"", ""-101.0""]",1000
D2,UCC Beyond Throughput 5G dataset,data/raw/ucc_5g_context/5G-production-dataset/Netflix/Driving/animated-RickandMorty/B_2019.11.21_07.59.06.csv,NRxRSRQ,object,1000,0,0.0,"[""-13.0"", ""-13.0"", ""-13.0""]",1000
D2,UCC Beyond Throughput 5G dataset,data/raw/ucc_5g_context/5G-production-dataset/Netflix/Driving/animated-RickandMorty/B_2019.11.21_09.03.55.csv,Timestamp,object,444,0,0.0,"[""2019.11.21_09.03.56"", ""2019.11.21_09.03.57"", ""2019.11.21_09.03.58""]",1000
D2,UCC Beyond Throughput 5G dataset,data/raw/ucc_5g_context/5G-production-dataset/Netflix/Driving/animated-RickandMorty/B_2019.11.21_09.03.55.csv,Longitude,float64,444,0,0.0,"[""-8.460839"", ""-8.460839"", ""-8.460839""]",1000
D2,UCC Beyond Throughput 5G dataset,data/raw/ucc_5g_context/5G-production-dataset/Netflix/Driving/animated-RickandMorty/B_2019.11.21_09.03.55.csv,Latitude,float64,444,0,0.0,"[""51.889411"", ""51.889411"", ""51.889411""]",1000
D2,UCC Beyond Throughput 5G dataset,data/raw/ucc_5g_context/5G-production-dataset/Netflix/Driving/animated-RickandMorty/B_2019.11.21_09.03.55.csv,Speed,int64,444,0,0.0,"[""0"", ""0"", ""0""]",1000
D2,UCC Beyond Throughput 5G dataset,data/raw/ucc_5g_context/5G-production-dataset/Netflix/Driving/animated-RickandMorty/B_2019.11.21_09.03.55.csv,Operatorname,object,444,0,0.0,"[""B"", ""B"", ""B""]",1000
D2,UCC Beyond Throughput 5G dataset,data/raw/ucc_5g_context/5G-production-dataset/Netflix/Driving/animated-RickandMorty/B_2019.11.21_09.03.55.csv,CellID,int64,444,0,0.0,"[""11"", ""11"", ""11""]",1000
D2,UCC Beyond Throughput 5G dataset,data/raw/ucc_5g_context/5G-production-dataset/Netflix/Driving/animated-RickandMorty/B_2019.11.21_09.03.55.csv,NetworkMode,object,444,0,0.0,"[""5G"", ""5G"", ""5G""]",1000
D2,UCC Beyond Throughput 5G dataset,data/raw/ucc_5g_context/5G-production-dataset/Netflix/Driving/animated-RickandMorty/B_2019.11.21_09.03.55.csv,RSRP,int64,444,0,0.0,"[""-76"", ""-76"", ""-76""]",1000
D2,UCC Beyond Throughput 5G dataset,data/raw/ucc_5g_context/5G-production-dataset/Netflix/Driving/animated-RickandMorty/B_2019.11.21_09.03.55.csv,RSRQ,int64,444,0,0.0,"[""-12"", ""-12"", ""-11""]",1000
D2,UCC Beyond Throughput 5G dataset,data/raw/ucc_5g_context/5G-production-dataset/Netflix/Driving/animated-RickandMorty/B_2019.11.21_09.03.55.csv,SNR,float64,444,0,0.0,"[""2.0"", ""2.0"", ""1.0""]",1000
D2,UCC Beyond Throughput 5G dataset,data/raw/ucc_5g_context/5G-production-dataset/Netflix/Driving/animated-RickandMorty/B_2019.11.21_09.03.55.csv,CQI,int64,444,0,0.0,"[""10"", ""10"", ""10""]",1000
D2,UCC Beyond Throughput 5G dataset,data/raw/ucc_5g_context/5G-production-dataset/Netflix/Driving/animated-RickandMorty/B_2019.11.21_09.03.55.csv,RSSI,object,444,0,0.0,"[""-74"", ""-74"", ""-74""]",1000
D2,UCC Beyond Throughput 5G dataset,data/raw/ucc_5g_context/5G-production-dataset/Netflix/Driving/animated-RickandMorty/B_2019.11.21_09.03.55.csv,DL_bitrate,int64,444,0,0.0,"[""0"", ""0"", ""0""]",1000
D2,UCC Beyond Throughput 5G dataset,data/raw/ucc_5g_context/5G-production-dataset/Netflix/Driving/animated-RickandMorty/B_2019.11.21_09.03.55.csv,UL_bitrate,int64,444,0,0.0,"[""0"", ""0"", ""0""]",1000
D2,UCC Beyond Throughput 5G dataset,data/raw/ucc_5g_context/5G-production-dataset/Netflix/Driving/animated-RickandMorty/B_2019.11.21_09.03.55.csv,State,object,444,0,0.0,"[""I"", ""I"", ""I""]",1000
D2,UCC Beyond Throughput 5G dataset,data/raw/ucc_5g_context/5G-production-dataset/Netflix/Driving/animated-RickandMorty/B_2019.11.21_09.03.55.csv,PINGAVG,object,444,0,0.0,"[""-"", ""-"", ""-""]",1000
D2,UCC Beyond Throughput 5G dataset,data/raw/ucc_5g_context/5G-production-dataset/Netflix/Driving/animated-RickandMorty/B_2019.11.21_09.03.55.csv,PINGMIN,object,444,0,0.0,"[""-"", ""-"", ""-""]",1000
D2,UCC Beyond Throughput 5G dataset,data/raw/ucc_5g_context/5G-production-dataset/Netflix/Driving/animated-RickandMorty/B_2019.11.21_09.03.55.csv,PINGMAX,object,444,0,0.0,"[""-"", ""-"", ""-""]",1000
D2,UCC Beyond Throughput 5G dataset,data/raw/ucc_5g_context/5G-production-dataset/Netflix/Driving/animated-RickandMorty/B_2019.11.21_09.03.55.csv,PINGSTDEV,object,444,0,0.0,"[""-"", ""-"", ""-""]",1000
D2,UCC Beyond Throughput 5G dataset,data/raw/ucc_5g_context/5G-production-dataset/Netflix/Driving/animated-RickandMorty/B_2019.11.21_09.03.55.csv,PINGLOSS,object,444,0,0.0,"[""-"", ""-"", ""-""]",1000
D2,UCC Beyond Throughput 5G dataset,data/raw/ucc_5g_context/5G-production-dataset/Netflix/Driving/animated-RickandMorty/B_2019.11.21_09.03.55.csv,CELLHEX,object,444,0,0.0,"[""B"", ""B"", ""B""]",1000
D2,UCC Beyond Throughput 5G dataset,data/raw/ucc_5g_context/5G-production-dataset/Netflix/Driving/animated-RickandMorty/B_2019.11.21_09.03.55.csv,NODEHEX,object,444,0,0.0,"[""A9C9"", ""A9C9"", ""A9C9""]",1000
D2,UCC Beyond Throughput 5G dataset,data/raw/ucc_5g_context/5G-production-dataset/Netflix/Driving/animated-RickandMorty/B_2019.11.21_09.03.55.csv,LACHEX,object,444,0,0.0,"[""9CBA"", ""9CBA"", ""9CBA""]",1000
D2,UCC Beyond Throughput 5G dataset,data/raw/ucc_5g_context/5G-production-dataset/Netflix/Driving/animated-RickandMorty/B_2019.11.21_09.03.55.csv,RAWCELLID,int64,444,0,0.0,"[""11127051"", ""11127051"", ""11127051""]",1000
D2,UCC Beyond Throughput 5G dataset,data/raw/ucc_5g_context/5G-production-dataset/Netflix/Driving/animated-RickandMorty/B_2019.11.21_09.03.55.csv,NRxRSRP,object,444,0,0.0,"[""-92.0"", ""-92.0"", ""-92.0""]",1000
D2,UCC Beyond Throughput 5G dataset,data/raw/ucc_5g_context/5G-production-dataset/Netflix/Driving/animated-RickandMorty/B_2019.11.21_09.03.55.csv,NRxRSRQ,object,444,0,0.0,"[""0.0"", ""0.0"", ""0.0""]",1000
D2,UCC Beyond Throughput 5G dataset,data/raw/ucc_5g_context/5G-production-dataset/Netflix/Driving/animated-RickandMorty/B_2019.11.21_09.44.52.csv,Timestamp,object,1000,0,0.0,"[""2019.11.21_09.44.52"", ""2019.11.21_09.44.52"", ""2019.11.21_09.44.53""]",1000
D2,UCC Beyond Throughput 5G dataset,data/raw/ucc_5g_context/5G-production-dataset/Netflix/Driving/animated-RickandMorty/B_2019.11.21_09.44.52.csv,Longitude,float64,1000,0,0.0,"[""-8.460484"", ""-8.460484"", ""-8.460419""]",1000
D2,UCC Beyond Throughput 5G dataset,data/raw/ucc_5g_context/5G-production-dataset/Netflix/Driving/animated-RickandMorty/B_2019.11.21_09.44.52.csv,Latitude,float64,1000,0,0.0,"[""51.887249"", ""51.887249"", ""51.887254""]",1000
D2,UCC Beyond Throughput 5G dataset,data/raw/ucc_5g_context/5G-production-dataset/Netflix/Driving/animated-RickandMorty/B_2019.11.21_09.44.52.csv,Speed,int64,1000,0,0.0,"[""0"", ""0"", ""0""]",1000
D2,UCC Beyond Throughput 5G dataset,data/raw/ucc_5g_context/5G-production-dataset/Netflix/Driving/animated-RickandMorty/B_2019.11.21_09.44.52.csv,Operatorname,object,1000,0,0.0,"[""B"", ""B"", ""B""]",1000
D2,UCC Beyond Throughput 5G dataset,data/raw/ucc_5g_context/5G-production-dataset/Netflix/Driving/animated-RickandMorty/B_2019.11.21_09.44.52.csv,CellID,int64,1000,0,0.0,"[""1"", ""1"", ""1""]",1000
D2,UCC Beyond Throughput 5G dataset,data/raw/ucc_5g_context/5G-production-dataset/Netflix/Driving/animated-RickandMorty/B_2019.11.21_09.44.52.csv,NetworkMode,object,1000,0,0.0,"[""LTE"", ""LTE"", ""LTE""]",1000
D2,UCC Beyond Throughput 5G dataset,data/raw/ucc_5g_context/5G-production-dataset/Netflix/Driving/animated-RickandMorty/B_2019.11.21_09.44.52.csv,RSRP,int64,1000,0,0.0,"[""-89"", ""-88"", ""-88""]",1000
D2,UCC Beyond Throughput 5G dataset,data/raw/ucc_5g_context/5G-production-dataset/Netflix/Driving/animated-RickandMorty/B_2019.11.21_09.44.52.csv,RSRQ,int64,1000,0,0.0,"[""-7"", ""-8"", ""-8""]",1000
D2,UCC Beyond Throughput 5G dataset,data/raw/ucc_5g_context/5G-production-dataset/Netflix/Driving/animated-RickandMorty/B_2019.11.21_09.44.52.csv,SNR,object,1000,0,0.0,"[""6.0"", ""10.0"", ""10.0""]",1000
D2,UCC Beyond Throughput 5G dataset,data/raw/ucc_5g_context/5G-production-dataset/Netflix/Driving/animated-RickandMorty/B_2019.11.21_09.44.52.csv,CQI,object,1000,0,0.0,"[""9"", ""9"", ""9""]",1000
D2,UCC Beyond Throughput 5G dataset,data/raw/ucc_5g_context/5G-production-dataset/Netflix/Driving/animated-RickandMorty/B_2019.11.21_09.44.52.csv,RSSI,object,1000,0,0.0,"[""-70"", ""-70"", ""-70""]",1000
D2,UCC Beyond Throughput 5G dataset,data/raw/ucc_5g_context/5G-production-dataset/Netflix/Driving/animated-RickandMorty/B_2019.11.21_09.44.52.csv,DL_bitrate,int64,1000,0,0.0,"[""9"", ""9"", ""9""]",1000
D2,UCC Beyond Throughput 5G dataset,data/raw/ucc_5g_context/5G-production-dataset/Netflix/Driving/animated-RickandMorty/B_2019.11.21_09.44.52.csv,UL_bitrate,int64,1000,0,0.0,"[""3"", ""3"", ""3""]",1000
D2,UCC Beyond Throughput 5G dataset,data/raw/ucc_5g_context/5G-production-dataset/Netflix/Driving/animated-RickandMorty/B_2019.11.21_09.44.52.csv,State,object,1000,0,0.0,"[""D"", ""D"", ""D""]",1000
D2,UCC Beyond Throughput 5G dataset,data/raw/ucc_5g_context/5G-production-dataset/Netflix/Driving/animated-RickandMorty/B_2019.11.21_09.44.52.csv,PINGAVG,object,1000,0,0.0,"[""-"", ""-"", ""-""]",1000
D2,UCC Beyond Throughput 5G dataset,data/raw/ucc_5g_context/5G-production-dataset/Netflix/Driving/animated-RickandMorty/B_2019.11.21_09.44.52.csv,PINGMIN,object,1000,0,0.0,"[""-"", ""-"", ""-""]",1000
D2,UCC Beyond Throughput 5G dataset,data/raw/ucc_5g_context/5G-production-dataset/Netflix/Driving/animated-RickandMorty/B_2019.11.21_09.44.52.csv,PINGMAX,object,1000,0,0.0,"[""-"", ""-"", ""-""]",1000
D2,UCC Beyond Throughput 5G dataset,data/raw/ucc_5g_context/5G-production-dataset/Netflix/Driving/animated-RickandMorty/B_2019.11.21_09.44.52.csv,PINGSTDEV,object,1000,0,0.0,"[""-"", ""-"", ""-""]",1000
D2,UCC Beyond Throughput 5G dataset,data/raw/ucc_5g_context/5G-production-dataset/Netflix/Driving/animated-RickandMorty/B_2019.11.21_09.44.52.csv,PINGLOSS,object,1000,0,0.0,"[""-"", ""-"", ""-""]",1000
D2,UCC Beyond Throughput 5G dataset,data/raw/ucc_5g_context/5G-production-dataset/Netflix/Driving/animated-RickandMorty/B_2019.11.21_09.44.52.csv,CELLHEX,object,1000,0,0.0,"[""1"", ""1"", ""1""]",1000
D2,UCC Beyond Throughput 5G dataset,data/raw/ucc_5g_context/5G-production-dataset/Netflix/Driving/animated-RickandMorty/B_2019.11.21_09.44.52.csv,NODEHEX,object,1000,0,0.0,"[""53E42"", ""53E42"", ""53E42""]",1000
D2,UCC Beyond Throughput 5G dataset,data/raw/ucc_5g_context/5G-production-dataset/Netflix/Driving/animated-RickandMorty/B_2019.11.21_09.44.52.csv,LACHEX,object,1000,0,0.0,"[""9CBA"", ""9CBA"", ""9CBA""]",1000
D2,UCC Beyond Throughput 5G dataset,data/raw/ucc_5g_context/5G-production-dataset/Netflix/Driving/animated-RickandMorty/B_2019.11.21_09.44.52.csv,RAWCELLID,int64,1000,0,0.0,"[""87966209"", ""87966209"", ""87966209""]",1000
D2,UCC Beyond Throughput 5G dataset,data/raw/ucc_5g_context/5G-production-dataset/Netflix/Driving/animated-RickandMorty/B_2019.11.21_09.44.52.csv,NRxRSRP,object,1000,0,0.0,"[""-106.0"", ""-106.0"", ""-106.0""]",1000
D2,UCC Beyond Throughput 5G dataset,data/raw/ucc_5g_context/5G-production-dataset/Netflix/Driving/animated-RickandMorty/B_2019.11.21_09.44.52.csv,NRxRSRQ,object,1000,0,0.0,"[""-14.0"", ""-14.0"", ""-14.0""]",1000
D2,UCC Beyond Throughput 5G dataset,data/raw/ucc_5g_context/5G-production-dataset/Netflix/Driving/animated-RickandMorty/B_2019.11.21_10.20.17.csv,Timestamp,object,268,0,0.0,"[""2019.11.21_10.20.17"", ""2019.11.21_10.20.18"", ""2019.11.21_10.20.19""]",1000
D2,UCC Beyond Throughput 5G dataset,data/raw/ucc_5g_context/5G-production-dataset/Netflix/Driving/animated-RickandMorty/B_2019.11.21_10.20.17.csv,Longitude,float64,268,0,0.0,"[""-8.396425"", ""-8.396425"", ""-8.396425""]",1000
D2,UCC Beyond Throughput 5G dataset,data/raw/ucc_5g_context/5G-production-dataset/Netflix/Driving/animated-RickandMorty/B_2019.11.21_10.20.17.csv,Latitude,float64,268,0,0.0,"[""51.919017"", ""51.919017"", ""51.919017""]",1000
D2,UCC Beyond Throughput 5G dataset,data/raw/ucc_5g_context/5G-production-dataset/Netflix/Driving/animated-RickandMorty/B_2019.11.21_10.20.17.csv,Speed,int64,268,0,0.0,"[""0"", ""0"", ""0""]",1000
D2,UCC Beyond Throughput 5G dataset,data/raw/ucc_5g_context/5G-production-dataset/Netflix/Driving/animated-RickandMorty/B_2019.11.21_10.20.17.csv,Operatorname,object,268,0,0.0,"[""B"", ""B"", ""B""]",1000
D2,UCC Beyond Throughput 5G dataset,data/raw/ucc_5g_context/5G-production-dataset/Netflix/Driving/animated-RickandMorty/B_2019.11.21_10.20.17.csv,CellID,int64,268,0,0.0,"[""2"", ""2"", ""2""]",1000
D2,UCC Beyond Throughput 5G dataset,data/raw/ucc_5g_context/5G-production-dataset/Netflix/Driving/animated-RickandMorty/B_2019.11.21_10.20.17.csv,NetworkMode,object,268,0,0.0,"[""LTE"", ""LTE"", ""LTE""]",1000
D2,UCC Beyond Throughput 5G dataset,data/raw/ucc_5g_context/5G-production-dataset/Netflix/Driving/animated-RickandMorty/B_2019.11.21_10.20.17.csv,RSRP,int64,268,0,0.0,"[""-102"", ""-102"", ""-103""]",1000
D2,UCC Beyond Throughput 5G dataset,data/raw/ucc_5g_context/5G-production-dataset/Netflix/Driving/animated-RickandMorty/B_2019.11.21_10.20.17.csv,RSRQ,int64,268,0,0.0,"[""-12"", ""-12"", ""-10""]",1000
D2,UCC Beyond Throughput 5G dataset,data/raw/ucc_5g_context/5G-production-dataset/Netflix/Driving/animated-RickandMorty/B_2019.11.21_10.20.17.csv,SNR,float64,268,0,0.0,"[""4.0"", ""4.0"", ""11.0""]",1000
D2,UCC Beyond Throughput 5G dataset,data/raw/ucc_5g_context/5G-production-dataset/Netflix/Driving/animated-RickandMorty/B_2019.11.21_10.20.17.csv,CQI,int64,268,0,0.0,"[""10"", ""10"", ""10""]",1000
D2,UCC Beyond Throughput 5G dataset,data/raw/ucc_5g_context/5G-production-dataset/Netflix/Driving/animated-RickandMorty/B_2019.11.21_10.20.17.csv,RSSI,object,268,0,0.0,"[""-86"", ""-86"", ""-86""]",1000
D2,UCC Beyond Throughput 5G dataset,data/raw/ucc_5g_context/5G-production-dataset/Netflix/Driving/animated-RickandMorty/B_2019.11.21_10.20.17.csv,DL_bitrate,int64,268,0,0.0,"[""37"", ""1"", ""0""]",1000
D2,UCC Beyond Throughput 5G dataset,data/raw/ucc_5g_context/5G-production-dataset/Netflix/Driving/animated-RickandMorty/B_2019.11.21_10.20.17.csv,UL_bitrate,int64,268,0,0.0,"[""8"", ""3"", ""0""]",1000
D2,UCC Beyond Throughput 5G dataset,data/raw/ucc_5g_context/5G-production-dataset/Netflix/Driving/animated-RickandMorty/B_2019.11.21_10.20.17.csv,State,object,268,0,0.0,"[""D"", ""D"", ""D""]",1000
D2,UCC Beyond Throughput 5G dataset,data/raw/ucc_5g_context/5G-production-dataset/Netflix/Driving/animated-RickandMorty/B_2019.11.21_10.20.17.csv,PINGAVG,object,268,0,0.0,"[""-"", ""-"", ""-""]",1000
D2,UCC Beyond Throughput 5G dataset,data/raw/ucc_5g_context/5G-production-dataset/Netflix/Driving/animated-RickandMorty/B_2019.11.21_10.20.17.csv,PINGMIN,object,268,0,0.0,"[""-"", ""-"", ""-""]",1000
D2,UCC Beyond Throughput 5G dataset,data/raw/ucc_5g_context/5G-production-dataset/Netflix/Driving/animated-RickandMorty/B_2019.11.21_10.20.17.csv,PINGMAX,object,268,0,0.0,"[""-"", ""-"", ""-""]",1000
D2,UCC Beyond Throughput 5G dataset,data/raw/ucc_5g_context/5G-production-dataset/Netflix/Driving/animated-RickandMorty/B_2019.11.21_10.20.17.csv,PINGSTDEV,object,268,0,0.0,"[""-"", ""-"", ""-""]",1000
D2,UCC Beyond Throughput 5G dataset,data/raw/ucc_5g_context/5G-production-dataset/Netflix/Driving/animated-RickandMorty/B_2019.11.21_10.20.17.csv,PINGLOSS,object,268,0,0.0,"[""-"", ""-"", ""-""]",1000
D2,UCC Beyond Throughput 5G dataset,data/raw/ucc_5g_context/5G-production-dataset/Netflix/Driving/animated-RickandMorty/B_2019.11.21_10.20.17.csv,CELLHEX,object,268,0,0.0,"[""2"", ""2"", ""2""]",1000
D2,UCC Beyond Throughput 5G dataset,data/raw/ucc_5g_context/5G-production-dataset/Netflix/Driving/animated-RickandMorty/B_2019.11.21_10.20.17.csv,NODEHEX,object,268,0,0.0,"[""A81B"", ""A81B"", ""A81B""]",1000
D2,UCC Beyond Throughput 5G dataset,data/raw/ucc_5g_context/5G-production-dataset/Netflix/Driving/animated-RickandMorty/B_2019.11.21_10.20.17.csv,LACHEX,object,268,0,0.0,"[""9CBA"", ""9CBA"", ""9CBA""]",1000
D2,UCC Beyond Throughput 5G dataset,data/raw/ucc_5g_context/5G-production-dataset/Netflix/Driving/animated-RickandMorty/B_2019.11.21_10.20.17.csv,RAWCELLID,int64,268,0,0.0,"[""11016962"", ""11016962"", ""11016962""]",1000
D2,UCC Beyond Throughput 5G dataset,data/raw/ucc_5g_context/5G-production-dataset/Netflix/Driving/animated-RickandMorty/B_2019.11.21_10.20.17.csv,NRxRSRP,object,268,0,0.0,"[""-105.0"", ""-105.0"", ""-106.0""]",1000
D2,UCC Beyond Throughput 5G dataset,data/raw/ucc_5g_context/5G-production-dataset/Netflix/Driving/animated-RickandMorty/B_2019.11.21_10.20.17.csv,NRxRSRQ,object,268,0,0.0,"[""-15.0"", ""-15.0"", ""-14.0""]",1000
D2,UCC Beyond Throughput 5G dataset,data/raw/ucc_5g_context/5G-production-dataset/Netflix/Driving/animated-RickandMorty/B_2019.11.21_14.33.25.csv,Timestamp,object,1000,0,0.0,"[""2019.11.21_14.33.25"", ""2019.11.21_14.33.26"", ""2019.11.21_14.33.26""]",1000
D2,UCC Beyond Throughput 5G dataset,data/raw/ucc_5g_context/5G-production-dataset/Netflix/Driving/animated-RickandMorty/B_2019.11.21_14.33.25.csv,Longitude,float64,1000,0,0.0,"[""-8.388228999999999"", ""-8.388228999999999"", ""-8.388119999999999""]",1000
D2,UCC Beyond Throughput 5G dataset,data/raw/ucc_5g_context/5G-production-dataset/Netflix/Driving/animated-RickandMorty/B_2019.11.21_14.33.25.csv,Latitude,float64,1000,0,0.0,"[""51.935594"", ""51.935594"", ""51.935571""]",1000
D2,UCC Beyond Throughput 5G dataset,data/raw/ucc_5g_context/5G-production-dataset/Netflix/Driving/animated-RickandMorty/B_2019.11.21_14.33.25.csv,Speed,int64,1000,0,0.0,"[""0"", ""0"", ""3""]",1000
D2,UCC Beyond Throughput 5G dataset,data/raw/ucc_5g_context/5G-production-dataset/Netflix/Driving/animated-RickandMorty/B_2019.11.21_14.33.25.csv,Operatorname,object,1000,0,0.0,"[""B"", ""B"", ""B""]",1000
D2,UCC Beyond Throughput 5G dataset,data/raw/ucc_5g_context/5G-production-dataset/Netflix/Driving/animated-RickandMorty/B_2019.11.21_14.33.25.csv,CellID,int64,1000,0,0.0,"[""12"", ""12"", ""12""]",1000
D2,UCC Beyond Throughput 5G dataset,data/raw/ucc_5g_context/5G-production-dataset/Netflix/Driving/animated-RickandMorty/B_2019.11.21_14.33.25.csv,NetworkMode,object,1000,0,0.0,"[""5G"", ""5G"", ""5G""]",1000
D2,UCC Beyond Throughput 5G dataset,data/raw/ucc_5g_context/5G-production-dataset/Netflix/Driving/animated-RickandMorty/B_2019.11.21_14.33.25.csv,RSRP,int64,1000,0,0.0,"[""-101"", ""-101"", ""-101""]",1000
D2,UCC Beyond Throughput 5G dataset,data/raw/ucc_5g_context/5G-production-dataset/Netflix/Driving/animated-RickandMorty/B_2019.11.21_14.33.25.csv,RSRQ,int64,1000,0,0.0,"[""-13"", ""-13"", ""-13""]",1000
D2,UCC Beyond Throughput 5G dataset,data/raw/ucc_5g_context/5G-production-dataset/Netflix/Driving/animated-RickandMorty/B_2019.11.21_14.33.25.csv,SNR,object,1000,0,0.0,"[""4.0"", ""4.0"", ""4.0""]",1000
D2,UCC Beyond Throughput 5G dataset,data/raw/ucc_5g_context/5G-production-dataset/Netflix/Driving/animated-RickandMorty/B_2019.11.21_14.33.25.csv,CQI,object,1000,0,0.0,"[""14"", ""14"", ""14""]",1000
D2,UCC Beyond Throughput 5G dataset,data/raw/ucc_5g_context/5G-production-dataset/Netflix/Driving/animated-RickandMorty/B_2019.11.21_14.33.25.csv,RSSI,object,1000,0,0.0,"[""-81"", ""-81"", ""-81""]",1000
D2,UCC Beyond Throughput 5G dataset,data/raw/ucc_5g_context/5G-production-dataset/Netflix/Driving/animated-RickandMorty/B_2019.11.21_14.33.25.csv,DL_bitrate,int64,1000,0,0.0,"[""36"", ""0"", ""0""]",1000
D2,UCC Beyond Throughput 5G dataset,data/raw/ucc_5g_context/5G-production-dataset/Netflix/Driving/animated-RickandMorty/B_2019.11.21_14.33.25.csv,UL_bitrate,int64,1000,0,0.0,"[""7"", ""0"", ""0""]",1000
D2,UCC Beyond Throughput 5G dataset,data/raw/ucc_5g_context/5G-production-dataset/Netflix/Driving/animated-RickandMorty/B_2019.11.21_14.33.25.csv,State,object,1000,0,0.0,"[""D"", ""I"", ""I""]",1000
D2,UCC Beyond Throughput 5G dataset,data/raw/ucc_5g_context/5G-production-dataset/Netflix/Driving/animated-RickandMorty/B_2019.11.21_14.33.25.csv,PINGAVG,object,1000,0,0.0,"[""-"", ""-"", ""-""]",1000
D2,UCC Beyond Throughput 5G dataset,data/raw/ucc_5g_context/5G-production-dataset/Netflix/Driving/animated-RickandMorty/B_2019.11.21_14.33.25.csv,PINGMIN,object,1000,0,0.0,"[""-"", ""-"", ""-""]",1000
D2,UCC Beyond Throughput 5G dataset,data/raw/ucc_5g_context/5G-production-dataset/Netflix/Driving/animated-RickandMorty/B_2019.11.21_14.33.25.csv,PINGMAX,object,1000,0,0.0,"[""-"", ""-"", ""-""]",1000
D2,UCC Beyond Throughput 5G dataset,data/raw/ucc_5g_context/5G-production-dataset/Netflix/Driving/animated-RickandMorty/B_2019.11.21_14.33.25.csv,PINGSTDEV,object,1000,0,0.0,"[""-"", ""-"", ""-""]",1000
D2,UCC Beyond Throughput 5G dataset,data/raw/ucc_5g_context/5G-production-dataset/Netflix/Driving/animated-RickandMorty/B_2019.11.21_14.33.25.csv,PINGLOSS,object,1000,0,0.0,"[""-"", ""-"", ""-""]",1000
D2,UCC Beyond Throughput 5G dataset,data/raw/ucc_5g_context/5G-production-dataset/Netflix/Driving/animated-RickandMorty/B_2019.11.21_14.33.25.csv,CELLHEX,object,1000,0,0.0,"[""C"", ""C"", ""C""]",1000
D2,UCC Beyond Throughput 5G dataset,data/raw/ucc_5g_context/5G-production-dataset/Netflix/Driving/animated-RickandMorty/B_2019.11.21_14.33.25.csv,NODEHEX,object,1000,0,0.0,"[""A81B"", ""A81B"", ""A81B""]",1000
D2,UCC Beyond Throughput 5G dataset,data/raw/ucc_5g_context/5G-production-dataset/Netflix/Driving/animated-RickandMorty/B_2019.11.21_14.33.25.csv,LACHEX,object,1000,0,0.0,"[""9CBA"", ""9CBA"", ""9CBA""]",1000
D2,UCC Beyond Throughput 5G dataset,data/raw/ucc_5g_context/5G-production-dataset/Netflix/Driving/animated-RickandMorty/B_2019.11.21_14.33.25.csv,RAWCELLID,int64,1000,0,0.0,"[""11016972"", ""11016972"", ""11016972""]",1000
D2,UCC Beyond Throughput 5G dataset,data/raw/ucc_5g_context/5G-production-dataset/Netflix/Driving/animated-RickandMorty/B_2019.11.21_14.33.25.csv,NRxRSRP,object,1000,0,0.0,"[""-96.0"", ""-96.0"", ""-96.0""]",1000
D2,UCC Beyond Throughput 5G dataset,data/raw/ucc_5g_context/5G-production-dataset/Netflix/Driving/animated-RickandMorty/B_2019.11.21_14.33.25.csv,NRxRSRQ,object,1000,0,0.0,"[""-15.0"", ""-15.0"", ""-15.0""]",1000
D2,UCC Beyond Throughput 5G dataset,data/raw/ucc_5g_context/5G-production-dataset/Netflix/Driving/animated-RickandMorty/B_2019.11.21_15.38.35.csv,Timestamp,object,1000,0,0.0,"[""2019.11.21_15.38.36"", ""2019.11.21_15.38.36"", ""2019.11.21_15.38.36""]",1000
D2,UCC Beyond Throughput 5G dataset,data/raw/ucc_5g_context/5G-production-dataset/Netflix/Driving/animated-RickandMorty/B_2019.11.21_15.38.35.csv,Longitude,float64,1000,0,0.0,"[""-8.460065"", ""-8.460221"", ""-8.460221""]",1000
D2,UCC Beyond Throughput 5G dataset,data/raw/ucc_5g_context/5G-production-dataset/Netflix/Driving/animated-RickandMorty/B_2019.11.21_15.38.35.csv,Latitude,float64,1000,0,0.0,"[""51.88763"", ""51.887427"", ""51.887427""]",1000
D2,UCC Beyond Throughput 5G dataset,data/raw/ucc_5g_context/5G-production-dataset/Netflix/Driving/animated-RickandMorty/B_2019.11.21_15.38.35.csv,Speed,int64,1000,0,0.0,"[""0"", ""1"", ""1""]",1000
D2,UCC Beyond Throughput 5G dataset,data/raw/ucc_5g_context/5G-production-dataset/Netflix/Driving/animated-RickandMorty/B_2019.11.21_15.38.35.csv,Operatorname,object,1000,0,0.0,"[""B"", ""B"", ""B""]",1000
D2,UCC Beyond Throughput 5G dataset,data/raw/ucc_5g_context/5G-production-dataset/Netflix/Driving/animated-RickandMorty/B_2019.11.21_15.38.35.csv,CellID,int64,1000,0,0.0,"[""1"", ""1"", ""1""]",1000
D2,UCC Beyond Throughput 5G dataset,data/raw/ucc_5g_context/5G-production-dataset/Netflix/Driving/animated-RickandMorty/B_2019.11.21_15.38.35.csv,NetworkMode,object,1000,0,0.0,"[""LTE"", ""LTE"", ""LTE""]",1000
D2,UCC Beyond Throughput 5G dataset,data/raw/ucc_5g_context/5G-production-dataset/Netflix/Driving/animated-RickandMorty/B_2019.11.21_15.38.35.csv,RSRP,int64,1000,0,0.0,"[""-90"", ""-90"", ""-90""]",1000
D2,UCC Beyond Throughput 5G dataset,data/raw/ucc_5g_context/5G-production-dataset/Netflix/Driving/animated-RickandMorty/B_2019.11.21_15.38.35.csv,RSRQ,int64,1000,0,0.0,"[""-7"", ""-7"", ""-7""]",1000
D2,UCC Beyond Throughput 5G dataset,data/raw/ucc_5g_context/5G-production-dataset/Netflix/Driving/animated-RickandMorty/B_2019.11.21_15.38.35.csv,SNR,object,1000,0,0.0,"[""9.0"", ""9.0"", ""9.0""]",1000
D2,UCC Beyond Throughput 5G dataset,data/raw/ucc_5g_context/5G-production-dataset/Netflix/Driving/animated-RickandMorty/B_2019.11.21_15.38.35.csv,CQI,object,1000,0,0.0,"[""7"", ""7"", ""7""]",1000
D2,UCC Beyond Throughput 5G dataset,data/raw/ucc_5g_context/5G-production-dataset/Netflix/Driving/animated-RickandMorty/B_2019.11.21_15.38.35.csv,RSSI,object,1000,0,0.0,"[""-72"", ""-72"", ""-72""]",1000
D2,UCC Beyond Throughput 5G dataset,data/raw/ucc_5g_context/5G-production-dataset/Netflix/Driving/animated-RickandMorty/B_2019.11.21_15.38.35.csv,DL_bitrate,int64,1000,0,0.0,"[""36"", ""36"", ""198""]",1000
D2,UCC Beyond Throughput 5G dataset,data/raw/ucc_5g_context/5G-production-dataset/Netflix/Driving/animated-RickandMorty/B_2019.11.21_15.38.35.csv,UL_bitrate,int64,1000,0,0.0,"[""6"", ""6"", ""80""]",1000
D2,UCC Beyond Throughput 5G dataset,data/raw/ucc_5g_context/5G-production-dataset/Netflix/Driving/animated-RickandMorty/B_2019.11.21_15.38.35.csv,State,object,1000,0,0.0,"[""D"", ""D"", ""D""]",1000
D2,UCC Beyond Throughput 5G dataset,data/raw/ucc_5g_context/5G-production-dataset/Netflix/Driving/animated-RickandMorty/B_2019.11.21_15.38.35.csv,PINGAVG,object,1000,0,0.0,"[""-"", ""-"", ""-""]",1000
D2,UCC Beyond Throughput 5G dataset,data/raw/ucc_5g_context/5G-production-dataset/Netflix/Driving/animated-RickandMorty/B_2019.11.21_15.38.35.csv,PINGMIN,object,1000,0,0.0,"[""-"", ""-"", ""-""]",1000
D2,UCC Beyond Throughput 5G dataset,data/raw/ucc_5g_context/5G-production-dataset/Netflix/Driving/animated-RickandMorty/B_2019.11.21_15.38.35.csv,PINGMAX,object,1000,0,0.0,"[""-"", ""-"", ""-""]",1000
D2,UCC Beyond Throughput 5G dataset,data/raw/ucc_5g_context/5G-production-dataset/Netflix/Driving/animated-RickandMorty/B_2019.11.21_15.38.35.csv,PINGSTDEV,object,1000,0,0.0,"[""-"", ""-"", ""-""]",1000
D2,UCC Beyond Throughput 5G dataset,data/raw/ucc_5g_context/5G-production-dataset/Netflix/Driving/animated-RickandMorty/B_2019.11.21_15.38.35.csv,PINGLOSS,object,1000,0,0.0,"[""-"", ""-"", ""-""]",1000
D2,UCC Beyond Throughput 5G dataset,data/raw/ucc_5g_context/5G-production-dataset/Netflix/Driving/animated-RickandMorty/B_2019.11.21_15.38.35.csv,CELLHEX,object,1000,0,0.0,"[""1"", ""1"", ""1""]",1000
D2,UCC Beyond Throughput 5G dataset,data/raw/ucc_5g_context/5G-production-dataset/Netflix/Driving/animated-RickandMorty/B_2019.11.21_15.38.35.csv,NODEHEX,object,1000,0,0.0,"[""53E42"", ""53E42"", ""53E42""]",1000
D2,UCC Beyond Throughput 5G dataset,data/raw/ucc_5g_context/5G-production-dataset/Netflix/Driving/animated-RickandMorty/B_2019.11.21_15.38.35.csv,LACHEX,object,1000,0,0.0,"[""9CBA"", ""9CBA"", ""9CBA""]",1000
D2,UCC Beyond Throughput 5G dataset,data/raw/ucc_5g_context/5G-production-dataset/Netflix/Driving/animated-RickandMorty/B_2019.11.21_15.38.35.csv,RAWCELLID,int64,1000,0,0.0,"[""87966209"", ""87966209"", ""87966209""]",1000
D2,UCC Beyond Throughput 5G dataset,data/raw/ucc_5g_context/5G-production-dataset/Netflix/Driving/animated-RickandMorty/B_2019.11.21_15.38.35.csv,NRxRSRP,object,1000,0,0.0,"[""-95.0"", ""-95.0"", ""-95.0""]",1000
D2,UCC Beyond Throughput 5G dataset,data/raw/ucc_5g_context/5G-production-dataset/Netflix/Driving/animated-RickandMorty/B_2019.11.21_15.38.35.csv,NRxRSRQ,object,1000,0,0.0,"[""-16.0"", ""-16.0"", ""-16.0""]",1000
D2,UCC Beyond Throughput 5G dataset,data/raw/ucc_5g_context/5G-production-dataset/Netflix/Driving/animated-RickandMorty/B_2019.11.21_16.15.17.csv,Timestamp,object,1000,0,0.0,"[""2019.11.21_16.15.17"", ""2019.11.21_16.15.17"", ""2019.11.21_16.15.18""]",1000
D2,UCC Beyond Throughput 5G dataset,data/raw/ucc_5g_context/5G-production-dataset/Netflix/Driving/animated-RickandMorty/B_2019.11.21_16.15.17.csv,Longitude,float64,1000,0,0.0,"[""-8.448589"", ""-8.448589"", ""-8.448589""]",1000
D2,UCC Beyond Throughput 5G dataset,data/raw/ucc_5g_context/5G-production-dataset/Netflix/Driving/animated-RickandMorty/B_2019.11.21_16.15.17.csv,Latitude,float64,1000,0,0.0,"[""51.916103"", ""51.916103"", ""51.916103""]",1000
D2,UCC Beyond Throughput 5G dataset,data/raw/ucc_5g_context/5G-production-dataset/Netflix/Driving/animated-RickandMorty/B_2019.11.21_16.15.17.csv,Speed,int64,1000,0,0.0,"[""0"", ""0"", ""0""]",1000
D2,UCC Beyond Throughput 5G dataset,data/raw/ucc_5g_context/5G-production-dataset/Netflix/Driving/animated-RickandMorty/B_2019.11.21_16.15.17.csv,Operatorname,object,1000,0,0.0,"[""B"", ""B"", ""B""]",1000
D2,UCC Beyond Throughput 5G dataset,data/raw/ucc_5g_context/5G-production-dataset/Netflix/Driving/animated-RickandMorty/B_2019.11.21_16.15.17.csv,CellID,int64,1000,0,0.0,"[""2"", ""2"", ""2""]",1000
D2,UCC Beyond Throughput 5G dataset,data/raw/ucc_5g_context/5G-production-dataset/Netflix/Driving/animated-RickandMorty/B_2019.11.21_16.15.17.csv,NetworkMode,object,1000,0,0.0,"[""LTE"", ""LTE"", ""LTE""]",1000
D2,UCC Beyond Throughput 5G dataset,data/raw/ucc_5g_context/5G-production-dataset/Netflix/Driving/animated-RickandMorty/B_2019.11.21_16.15.17.csv,RSRP,int64,1000,0,0.0,"[""-82"", ""-82"", ""-82""]",1000
D2,UCC Beyond Throughput 5G dataset,data/raw/ucc_5g_context/5G-production-dataset/Netflix/Driving/animated-RickandMorty/B_2019.11.21_16.15.17.csv,RSRQ,int64,1000,0,0.0,"[""-8"", ""-7"", ""-7""]",1000
D2,UCC Beyond Throughput 5G dataset,data/raw/ucc_5g_context/5G-production-dataset/Netflix/Driving/animated-RickandMorty/B_2019.11.21_16.15.17.csv,SNR,float64,1000,0,0.0,"[""11.0"", ""15.0"", ""15.0""]",1000
D2,UCC Beyond Throughput 5G dataset,data/raw/ucc_5g_context/5G-production-dataset/Netflix/Driving/animated-RickandMorty/B_2019.11.21_16.15.17.csv,CQI,int64,1000,0,0.0,"[""12"", ""12"", ""8""]",1000
D2,UCC Beyond Throughput 5G dataset,data/raw/ucc_5g_context/5G-production-dataset/Netflix/Driving/animated-RickandMorty/B_2019.11.21_16.15.17.csv,RSSI,object,1000,0,0.0,"[""-65"", ""-65"", ""-67""]",1000
D2,UCC Beyond Throughput 5G dataset,data/raw/ucc_5g_context/5G-production-dataset/Netflix/Driving/animated-RickandMorty/B_2019.11.21_16.15.17.csv,DL_bitrate,int64,1000,0,0.0,"[""8"", ""8"", ""1""]",1000
D2,UCC Beyond Throughput 5G dataset,data/raw/ucc_5g_context/5G-production-dataset/Netflix/Driving/animated-RickandMorty/B_2019.11.21_16.15.17.csv,UL_bitrate,int64,1000,0,0.0,"[""3"", ""3"", ""2""]",1000
D2,UCC Beyond Throughput 5G dataset,data/raw/ucc_5g_context/5G-production-dataset/Netflix/Driving/animated-RickandMorty/B_2019.11.21_16.15.17.csv,State,object,1000,0,0.0,"[""D"", ""D"", ""D""]",1000
D2,UCC Beyond Throughput 5G dataset,data/raw/ucc_5g_context/5G-production-dataset/Netflix/Driving/animated-RickandMorty/B_2019.11.21_16.15.17.csv,PINGAVG,object,1000,0,0.0,"[""-"", ""-"", ""-""]",1000
D2,UCC Beyond Throughput 5G dataset,data/raw/ucc_5g_context/5G-production-dataset/Netflix/Driving/animated-RickandMorty/B_2019.11.21_16.15.17.csv,PINGMIN,object,1000,0,0.0,"[""-"", ""-"", ""-""]",1000
D2,UCC Beyond Throughput 5G dataset,data/raw/ucc_5g_context/5G-production-dataset/Netflix/Driving/animated-RickandMorty/B_2019.11.21_16.15.17.csv,PINGMAX,object,1000,0,0.0,"[""-"", ""-"", ""-""]",1000
D2,UCC Beyond Throughput 5G dataset,data/raw/ucc_5g_context/5G-production-dataset/Netflix/Driving/animated-RickandMorty/B_2019.11.21_16.15.17.csv,PINGSTDEV,object,1000,0,0.0,"[""-"", ""-"", ""-""]",1000
D2,UCC Beyond Throughput 5G dataset,data/raw/ucc_5g_context/5G-production-dataset/Netflix/Driving/animated-RickandMorty/B_2019.11.21_16.15.17.csv,PINGLOSS,object,1000,0,0.0,"[""-"", ""-"", ""-""]",1000
D2,UCC Beyond Throughput 5G dataset,data/raw/ucc_5g_context/5G-production-dataset/Netflix/Driving/animated-RickandMorty/B_2019.11.21_16.15.17.csv,CELLHEX,object,1000,0,0.0,"[""2"", ""2"", ""2""]",1000
D2,UCC Beyond Throughput 5G dataset,data/raw/ucc_5g_context/5G-production-dataset/Netflix/Driving/animated-RickandMorty/B_2019.11.21_16.15.17.csv,NODEHEX,object,1000,0,0.0,"[""432AE"", ""432AE"", ""432AE""]",1000
D2,UCC Beyond Throughput 5G dataset,data/raw/ucc_5g_context/5G-production-dataset/Netflix/Driving/animated-RickandMorty/B_2019.11.21_16.15.17.csv,LACHEX,object,1000,0,0.0,"[""9CBA"", ""9CBA"", ""9CBA""]",1000
D2,UCC Beyond Throughput 5G dataset,data/raw/ucc_5g_context/5G-production-dataset/Netflix/Driving/animated-RickandMorty/B_2019.11.21_16.15.17.csv,RAWCELLID,int64,1000,0,0.0,"[""70430210"", ""70430210"", ""70430210""]",1000
D2,UCC Beyond Throughput 5G dataset,data/raw/ucc_5g_context/5G-production-dataset/Netflix/Driving/animated-RickandMorty/B_2019.11.21_16.15.17.csv,NRxRSRP,object,1000,0,0.0,"[""-"", ""-"", ""-""]",1000
D2,UCC Beyond Throughput 5G dataset,data/raw/ucc_5g_context/5G-production-dataset/Netflix/Driving/animated-RickandMorty/B_2019.11.21_16.15.17.csv,NRxRSRQ,object,1000,0,0.0,"[""-"", ""-"", ""-""]",1000
D2,UCC Beyond Throughput 5G dataset,data/raw/ucc_5g_context/5G-production-dataset/Netflix/Driving/animated-RickandMorty/B_2019.11.22_07.30.04.csv,Timestamp,object,1000,0,0.0,"[""2019.11.22_07.30.04"", ""2019.11.22_07.30.04"", ""2019.11.22_07.30.05""]",1000
D2,UCC Beyond Throughput 5G dataset,data/raw/ucc_5g_context/5G-production-dataset/Netflix/Driving/animated-RickandMorty/B_2019.11.22_07.30.04.csv,Longitude,float64,1000,0,0.0,"[""-8.388245"", ""-8.38825"", ""-8.38825""]",1000
D2,UCC Beyond Throughput 5G dataset,data/raw/ucc_5g_context/5G-production-dataset/Netflix/Driving/animated-RickandMorty/B_2019.11.22_07.30.04.csv,Latitude,float64,1000,0,0.0,"[""51.935592"", ""51.935593"", ""51.935593""]",1000
D2,UCC Beyond Throughput 5G dataset,data/raw/ucc_5g_context/5G-production-dataset/Netflix/Driving/animated-RickandMorty/B_2019.11.22_07.30.04.csv,Speed,int64,1000,0,0.0,"[""0"", ""0"", ""0""]",1000
D2,UCC Beyond Throughput 5G dataset,data/raw/ucc_5g_context/5G-production-dataset/Netflix/Driving/animated-RickandMorty/B_2019.11.22_07.30.04.csv,Operatorname,object,1000,0,0.0,"[""B"", ""B"", ""B""]",1000
D2,UCC Beyond Throughput 5G dataset,data/raw/ucc_5g_context/5G-production-dataset/Netflix/Driving/animated-RickandMorty/B_2019.11.22_07.30.04.csv,CellID,int64,1000,0,0.0,"[""12"", ""12"", ""12""]",1000
D2,UCC Beyond Throughput 5G dataset,data/raw/ucc_5g_context/5G-production-dataset/Netflix/Driving/animated-RickandMorty/B_2019.11.22_07.30.04.csv,NetworkMode,object,1000,0,0.0,"[""5G"", ""5G"", ""5G""]",1000
D2,UCC Beyond Throughput 5G dataset,data/raw/ucc_5g_context/5G-production-dataset/Netflix/Driving/animated-RickandMorty/B_2019.11.22_07.30.04.csv,RSRP,int64,1000,0,0.0,"[""-102"", ""-102"", ""-102""]",1000
D2,UCC Beyond Throughput 5G dataset,data/raw/ucc_5g_context/5G-production-dataset/Netflix/Driving/animated-RickandMorty/B_2019.11.22_07.30.04.csv,RSRQ,int64,1000,0,0.0,"[""-14"", ""-14"", ""-11""]",1000
D2,UCC Beyond Throughput 5G dataset,data/raw/ucc_5g_context/5G-production-dataset/Netflix/Driving/animated-RickandMorty/B_2019.11.22_07.30.04.csv,SNR,float64,1000,0,0.0,"[""-5.0"", ""-5.0"", ""-6.0""]",1000
D2,UCC Beyond Throughput 5G dataset,data/raw/ucc_5g_context/5G-production-dataset/Netflix/Driving/animated-RickandMorty/B_2019.11.22_07.30.04.csv,CQI,int64,1000,0,0.0,"[""10"", ""10"", ""10""]",1000
D2,UCC Beyond Throughput 5G dataset,data/raw/ucc_5g_context/5G-production-dataset/Netflix/Driving/animated-RickandMorty/B_2019.11.22_07.30.04.csv,RSSI,object,1000,0,0.0,"[""-81"", ""-81"", ""-81""]",1000
D2,UCC Beyond Throughput 5G dataset,data/raw/ucc_5g_context/5G-production-dataset/Netflix/Driving/animated-RickandMorty/B_2019.11.22_07.30.04.csv,DL_bitrate,int64,1000,0,0.0,"[""0"", ""0"", ""0""]",1000
D2,UCC Beyond Throughput 5G dataset,data/raw/ucc_5g_context/5G-production-dataset/Netflix/Driving/animated-RickandMorty/B_2019.11.22_07.30.04.csv,UL_bitrate,int64,1000,0,0.0,"[""0"", ""0"", ""0""]",1000
D2,UCC Beyond Throughput 5G dataset,data/raw/ucc_5g_context/5G-production-dataset/Netflix/Driving/animated-RickandMorty/B_2019.11.22_07.30.04.csv,State,object,1000,0,0.0,"[""D"", ""I"", ""I""]",1000
D2,UCC Beyond Throughput 5G dataset,data/raw/ucc_5g_context/5G-production-dataset/Netflix/Driving/animated-RickandMorty/B_2019.11.22_07.30.04.csv,PINGAVG,object,1000,0,0.0,"[""-"", ""-"", ""-""]",1000
D2,UCC Beyond Throughput 5G dataset,data/raw/ucc_5g_context/5G-production-dataset/Netflix/Driving/animated-RickandMorty/B_2019.11.22_07.30.04.csv,PINGMIN,object,1000,0,0.0,"[""-"", ""-"", ""-""]",1000
D2,UCC Beyond Throughput 5G dataset,data/raw/ucc_5g_context/5G-production-dataset/Netflix/Driving/animated-RickandMorty/B_2019.11.22_07.30.04.csv,PINGMAX,object,1000,0,0.0,"[""-"", ""-"", ""-""]",1000
D2,UCC Beyond Throughput 5G dataset,data/raw/ucc_5g_context/5G-production-dataset/Netflix/Driving/animated-RickandMorty/B_2019.11.22_07.30.04.csv,PINGSTDEV,object,1000,0,0.0,"[""-"", ""-"", ""-""]",1000
D2,UCC Beyond Throughput 5G dataset,data/raw/ucc_5g_context/5G-production-dataset/Netflix/Driving/animated-RickandMorty/B_2019.11.22_07.30.04.csv,PINGLOSS,object,1000,0,0.0,"[""-"", ""-"", ""-""]",1000
D2,UCC Beyond Throughput 5G dataset,data/raw/ucc_5g_context/5G-production-dataset/Netflix/Driving/animated-RickandMorty/B_2019.11.22_07.30.04.csv,CELLHEX,object,1000,0,0.0,"[""C"", ""C"", ""C""]",1000
D2,UCC Beyond Throughput 5G dataset,data/raw/ucc_5g_context/5G-production-dataset/Netflix/Driving/animated-RickandMorty/B_2019.11.22_07.30.04.csv,NODEHEX,object,1000,0,0.0,"[""A81B"", ""A81B"", ""A81B""]",1000
D2,UCC Beyond Throughput 5G dataset,data/raw/ucc_5g_context/5G-production-dataset/Netflix/Driving/animated-RickandMorty/B_2019.11.22_07.30.04.csv,LACHEX,object,1000,0,0.0,"[""9CBA"", ""9CBA"", ""9CBA""]",1000
D2,UCC Beyond Throughput 5G dataset,data/raw/ucc_5g_context/5G-production-dataset/Netflix/Driving/animated-RickandMorty/B_2019.11.22_07.30.04.csv,RAWCELLID,int64,1000,0,0.0,"[""11016972"", ""11016972"", ""11016972""]",1000
D2,UCC Beyond Throughput 5G dataset,data/raw/ucc_5g_context/5G-production-dataset/Netflix/Driving/animated-RickandMorty/B_2019.11.22_07.30.04.csv,NRxRSRP,object,1000,0,0.0,"[""-98.0"", ""-98.0"", ""-97.0""]",1000
D2,UCC Beyond Throughput 5G dataset,data/raw/ucc_5g_context/5G-production-dataset/Netflix/Driving/animated-RickandMorty/B_2019.11.22_07.30.04.csv,NRxRSRQ,object,1000,0,0.0,"[""-2.0"", ""-2.0"", ""-1.0""]",1000
D2,UCC Beyond Throughput 5G dataset,data/raw/ucc_5g_context/5G-production-dataset/Netflix/Static/Season3-StrangerThings/B_2019.11.26_13.50.48.csv,Timestamp,object,1000,0,0.0,"[""2019.11.26_13.50.48"", ""2019.11.26_13.50.49"", ""2019.11.26_13.50.50""]",1000
D2,UCC Beyond Throughput 5G dataset,data/raw/ucc_5g_context/5G-production-dataset/Netflix/Static/Season3-StrangerThings/B_2019.11.26_13.50.48.csv,Longitude,float64,1000,0,0.0,"[""-8.394718"", ""-8.394718"", ""-8.394718""]",1000
D2,UCC Beyond Throughput 5G dataset,data/raw/ucc_5g_context/5G-production-dataset/Netflix/Static/Season3-StrangerThings/B_2019.11.26_13.50.48.csv,Latitude,float64,1000,0,0.0,"[""51.886101"", ""51.886101"", ""51.886101""]",1000
D2,UCC Beyond Throughput 5G dataset,data/raw/ucc_5g_context/5G-production-dataset/Netflix/Static/Season3-StrangerThings/B_2019.11.26_13.50.48.csv,Speed,int64,1000,0,0.0,"[""0"", ""0"", ""0""]",1000
D2,UCC Beyond Throughput 5G dataset,data/raw/ucc_5g_context/5G-production-dataset/Netflix/Static/Season3-StrangerThings/B_2019.11.26_13.50.48.csv,Operatorname,object,1000,0,0.0,"[""B"", ""B"", ""B""]",1000
D2,UCC Beyond Throughput 5G dataset,data/raw/ucc_5g_context/5G-production-dataset/Netflix/Static/Season3-StrangerThings/B_2019.11.26_13.50.48.csv,CellID,int64,1000,0,0.0,"[""11"", ""11"", ""11""]",1000
D2,UCC Beyond Throughput 5G dataset,data/raw/ucc_5g_context/5G-production-dataset/Netflix/Static/Season3-StrangerThings/B_2019.11.26_13.50.48.csv,NetworkMode,object,1000,0,0.0,"[""5G"", ""5G"", ""5G""]",1000
D2,UCC Beyond Throughput 5G dataset,data/raw/ucc_5g_context/5G-production-dataset/Netflix/Static/Season3-StrangerThings/B_2019.11.26_13.50.48.csv,RSRP,int64,1000,0,0.0,"[""-106"", ""-107"", ""-107""]",1000
D2,UCC Beyond Throughput 5G dataset,data/raw/ucc_5g_context/5G-production-dataset/Netflix/Static/Season3-StrangerThings/B_2019.11.26_13.50.48.csv,RSRQ,int64,1000,0,0.0,"[""-13"", ""-14"", ""-14""]",1000
D2,UCC Beyond Throughput 5G dataset,data/raw/ucc_5g_context/5G-production-dataset/Netflix/Static/Season3-StrangerThings/B_2019.11.26_13.50.48.csv,SNR,float64,1000,0,0.0,"[""6.0"", ""4.0"", ""4.0""]",1000
D2,UCC Beyond Throughput 5G dataset,data/raw/ucc_5g_context/5G-production-dataset/Netflix/Static/Season3-StrangerThings/B_2019.11.26_13.50.48.csv,CQI,int64,1000,0,0.0,"[""11"", ""11"", ""11""]",1000
D2,UCC Beyond Throughput 5G dataset,data/raw/ucc_5g_context/5G-production-dataset/Netflix/Static/Season3-StrangerThings/B_2019.11.26_13.50.48.csv,RSSI,object,1000,0,0.0,"[""-"", ""-"", ""-""]",1000
D2,UCC Beyond Throughput 5G dataset,data/raw/ucc_5g_context/5G-production-dataset/Netflix/Static/Season3-StrangerThings/B_2019.11.26_13.50.48.csv,DL_bitrate,int64,1000,0,0.0,"[""0"", ""0"", ""0""]",1000
D2,UCC Beyond Throughput 5G dataset,data/raw/ucc_5g_context/5G-production-dataset/Netflix/Static/Season3-StrangerThings/B_2019.11.26_13.50.48.csv,UL_bitrate,int64,1000,0,0.0,"[""0"", ""0"", ""0""]",1000
D2,UCC Beyond Throughput 5G dataset,data/raw/ucc_5g_context/5G-production-dataset/Netflix/Static/Season3-StrangerThings/B_2019.11.26_13.50.48.csv,State,object,1000,0,0.0,"[""I"", ""I"", ""I""]",1000
D2,UCC Beyond Throughput 5G dataset,data/raw/ucc_5g_context/5G-production-dataset/Netflix/Static/Season3-StrangerThings/B_2019.11.26_13.50.48.csv,PINGAVG,object,1000,0,0.0,"[""-"", ""-"", ""-""]",1000
D2,UCC Beyond Throughput 5G dataset,data/raw/ucc_5g_context/5G-production-dataset/Netflix/Static/Season3-StrangerThings/B_2019.11.26_13.50.48.csv,PINGMIN,object,1000,0,0.0,"[""-"", ""-"", ""-""]",1000
D2,UCC Beyond Throughput 5G dataset,data/raw/ucc_5g_context/5G-production-dataset/Netflix/Static/Season3-StrangerThings/B_2019.11.26_13.50.48.csv,PINGMAX,object,1000,0,0.0,"[""-"", ""-"", ""-""]",1000
D2,UCC Beyond Throughput 5G dataset,data/raw/ucc_5g_context/5G-production-dataset/Netflix/Static/Season3-StrangerThings/B_2019.11.26_13.50.48.csv,PINGSTDEV,object,1000,0,0.0,"[""-"", ""-"", ""-""]",1000
D2,UCC Beyond Throughput 5G dataset,data/raw/ucc_5g_context/5G-production-dataset/Netflix/Static/Season3-StrangerThings/B_2019.11.26_13.50.48.csv,PINGLOSS,object,1000,0,0.0,"[""-"", ""-"", ""-""]",1000
D2,UCC Beyond Throughput 5G dataset,data/raw/ucc_5g_context/5G-production-dataset/Netflix/Static/Season3-StrangerThings/B_2019.11.26_13.50.48.csv,CELLHEX,object,1000,0,0.0,"[""B"", ""B"", ""B""]",1000
D2,UCC Beyond Throughput 5G dataset,data/raw/ucc_5g_context/5G-production-dataset/Netflix/Static/Season3-StrangerThings/B_2019.11.26_13.50.48.csv,NODEHEX,object,1000,0,0.0,"[""A4DF"", ""A4DF"", ""A4DF""]",1000
D2,UCC Beyond Throughput 5G dataset,data/raw/ucc_5g_context/5G-production-dataset/Netflix/Static/Season3-StrangerThings/B_2019.11.26_13.50.48.csv,LACHEX,object,1000,0,0.0,"[""9CBA"", ""9CBA"", ""9CBA""]",1000
D2,UCC Beyond Throughput 5G dataset,data/raw/ucc_5g_context/5G-production-dataset/Netflix/Static/Season3-StrangerThings/B_2019.11.26_13.50.48.csv,RAWCELLID,int64,1000,0,0.0,"[""10805003"", ""10805003"", ""10805003""]",1000
D2,UCC Beyond Throughput 5G dataset,data/raw/ucc_5g_context/5G-production-dataset/Netflix/Static/Season3-StrangerThings/B_2019.11.26_13.50.48.csv,NRxRSRP,object,1000,0,0.0,"[""-105.0"", ""-111.0"", ""-111.0""]",1000
D2,UCC Beyond Throughput 5G dataset,data/raw/ucc_5g_context/5G-production-dataset/Netflix/Static/Season3-StrangerThings/B_2019.11.26_13.50.48.csv,NRxRSRQ,object,1000,0,0.0,"[""-39.0"", ""-18.0"", ""-18.0""]",1000
D2,UCC Beyond Throughput 5G dataset,data/raw/ucc_5g_context/5G-production-dataset/Netflix/Static/Season3-StrangerThings/B_2019.11.28_09.21.45.csv,Timestamp,object,1000,0,0.0,"[""2019.11.28_09.21.45"", ""2019.11.28_09.21.45"", ""2019.11.28_09.21.46""]",1000
D2,UCC Beyond Throughput 5G dataset,data/raw/ucc_5g_context/5G-production-dataset/Netflix/Static/Season3-StrangerThings/B_2019.11.28_09.21.45.csv,Longitude,float64,1000,0,0.0,"[""-8.482986"", ""-8.483621000000001"", ""-8.483621000000001""]",1000
D2,UCC Beyond Throughput 5G dataset,data/raw/ucc_5g_context/5G-production-dataset/Netflix/Static/Season3-StrangerThings/B_2019.11.28_09.21.45.csv,Latitude,float64,1000,0,0.0,"[""51.899199"", ""51.899249"", ""51.899249""]",1000
D2,UCC Beyond Throughput 5G dataset,data/raw/ucc_5g_context/5G-production-dataset/Netflix/Static/Season3-StrangerThings/B_2019.11.28_09.21.45.csv,Speed,int64,1000,0,0.0,"[""0"", ""1"", ""1""]",1000
D2,UCC Beyond Throughput 5G dataset,data/raw/ucc_5g_context/5G-production-dataset/Netflix/Static/Season3-StrangerThings/B_2019.11.28_09.21.45.csv,Operatorname,object,1000,0,0.0,"[""B"", ""B"", ""B""]",1000
D2,UCC Beyond Throughput 5G dataset,data/raw/ucc_5g_context/5G-production-dataset/Netflix/Static/Season3-StrangerThings/B_2019.11.28_09.21.45.csv,CellID,int64,1000,0,0.0,"[""1"", ""1"", ""1""]",1000
D2,UCC Beyond Throughput 5G dataset,data/raw/ucc_5g_context/5G-production-dataset/Netflix/Static/Season3-StrangerThings/B_2019.11.28_09.21.45.csv,NetworkMode,object,1000,0,0.0,"[""LTE"", ""LTE"", ""LTE""]",1000
D2,UCC Beyond Throughput 5G dataset,data/raw/ucc_5g_context/5G-production-dataset/Netflix/Static/Season3-StrangerThings/B_2019.11.28_09.21.45.csv,RSRP,int64,1000,0,0.0,"[""-88"", ""-88"", ""-88""]",1000
D2,UCC Beyond Throughput 5G dataset,data/raw/ucc_5g_context/5G-production-dataset/Netflix/Static/Season3-StrangerThings/B_2019.11.28_09.21.45.csv,RSRQ,int64,1000,0,0.0,"[""-14"", ""-14"", ""-14""]",1000
D2,UCC Beyond Throughput 5G dataset,data/raw/ucc_5g_context/5G-production-dataset/Netflix/Static/Season3-StrangerThings/B_2019.11.28_09.21.45.csv,SNR,float64,1000,0,0.0,"[""-3.0"", ""-3.0"", ""-3.0""]",1000
D2,UCC Beyond Throughput 5G dataset,data/raw/ucc_5g_context/5G-production-dataset/Netflix/Static/Season3-StrangerThings/B_2019.11.28_09.21.45.csv,CQI,int64,1000,0,0.0,"[""8"", ""8"", ""8""]",1000
D2,UCC Beyond Throughput 5G dataset,data/raw/ucc_5g_context/5G-production-dataset/Netflix/Static/Season3-StrangerThings/B_2019.11.28_09.21.45.csv,RSSI,object,1000,0,0.0,"[""-70"", ""-70"", ""-70""]",1000
D2,UCC Beyond Throughput 5G dataset,data/raw/ucc_5g_context/5G-production-dataset/Netflix/Static/Season3-StrangerThings/B_2019.11.28_09.21.45.csv,DL_bitrate,int64,1000,0,0.0,"[""8"", ""8"", ""1""]",1000
D2,UCC Beyond Throughput 5G dataset,data/raw/ucc_5g_context/5G-production-dataset/Netflix/Static/Season3-StrangerThings/B_2019.11.28_09.21.45.csv,UL_bitrate,int64,1000,0,0.0,"[""3"", ""3"", ""2""]",1000
D2,UCC Beyond Throughput 5G dataset,data/raw/ucc_5g_context/5G-production-dataset/Netflix/Static/Season3-StrangerThings/B_2019.11.28_09.21.45.csv,State,object,1000,0,0.0,"[""D"", ""D"", ""D""]",1000
D2,UCC Beyond Throughput 5G dataset,data/raw/ucc_5g_context/5G-production-dataset/Netflix/Static/Season3-StrangerThings/B_2019.11.28_09.21.45.csv,PINGAVG,object,1000,0,0.0,"[""-"", ""-"", ""-""]",1000
D2,UCC Beyond Throughput 5G dataset,data/raw/ucc_5g_context/5G-production-dataset/Netflix/Static/Season3-StrangerThings/B_2019.11.28_09.21.45.csv,PINGMIN,object,1000,0,0.0,"[""-"", ""-"", ""-""]",1000
D2,UCC Beyond Throughput 5G dataset,data/raw/ucc_5g_context/5G-production-dataset/Netflix/Static/Season3-StrangerThings/B_2019.11.28_09.21.45.csv,PINGMAX,object,1000,0,0.0,"[""-"", ""-"", ""-""]",1000
D2,UCC Beyond Throughput 5G dataset,data/raw/ucc_5g_context/5G-production-dataset/Netflix/Static/Season3-StrangerThings/B_2019.11.28_09.21.45.csv,PINGSTDEV,object,1000,0,0.0,"[""-"", ""-"", ""-""]",1000
D2,UCC Beyond Throughput 5G dataset,data/raw/ucc_5g_context/5G-production-dataset/Netflix/Static/Season3-StrangerThings/B_2019.11.28_09.21.45.csv,PINGLOSS,object,1000,0,0.0,"[""-"", ""-"", ""-""]",1000
D2,UCC Beyond Throughput 5G dataset,data/raw/ucc_5g_context/5G-production-dataset/Netflix/Static/Season3-StrangerThings/B_2019.11.28_09.21.45.csv,CELLHEX,object,1000,0,0.0,"[""1"", ""1"", ""1""]",1000
D2,UCC Beyond Throughput 5G dataset,data/raw/ucc_5g_context/5G-production-dataset/Netflix/Static/Season3-StrangerThings/B_2019.11.28_09.21.45.csv,NODEHEX,object,1000,0,0.0,"[""5A5BC"", ""5A5BC"", ""5A5BC""]",1000
D2,UCC Beyond Throughput 5G dataset,data/raw/ucc_5g_context/5G-production-dataset/Netflix/Static/Season3-StrangerThings/B_2019.11.28_09.21.45.csv,LACHEX,object,1000,0,0.0,"[""9CBA"", ""9CBA"", ""9CBA""]",1000
D2,UCC Beyond Throughput 5G dataset,data/raw/ucc_5g_context/5G-production-dataset/Netflix/Static/Season3-StrangerThings/B_2019.11.28_09.21.45.csv,RAWCELLID,int64,1000,0,0.0,"[""94747649"", ""94747649"", ""94747649""]",1000
D2,UCC Beyond Throughput 5G dataset,data/raw/ucc_5g_context/5G-production-dataset/Netflix/Static/Season3-StrangerThings/B_2019.11.28_09.21.45.csv,NRxRSRP,object,1000,0,0.0,"[""-95.0"", ""-95.0"", ""-95.0""]",1000
D2,UCC Beyond Throughput 5G dataset,data/raw/ucc_5g_context/5G-production-dataset/Netflix/Static/Season3-StrangerThings/B_2019.11.28_09.21.45.csv,NRxRSRQ,object,1000,0,0.0,"[""-18.0"", ""-18.0"", ""-18.0""]",1000
D2,UCC Beyond Throughput 5G dataset,data/raw/ucc_5g_context/5G-production-dataset/Netflix/Static/Season3-StrangerThings/B_2019.12.03_08.02.05.csv,Timestamp,object,1000,0,0.0,"[""2019.12.03_08.02.06"", ""2019.12.03_08.02.06"", ""2019.12.03_08.02.08""]",1000
D2,UCC Beyond Throughput 5G dataset,data/raw/ucc_5g_context/5G-production-dataset/Netflix/Static/Season3-StrangerThings/B_2019.12.03_08.02.05.csv,Longitude,float64,1000,0,0.0,"[""-8.482086"", ""-8.482086"", ""-8.482086""]",1000
D2,UCC Beyond Throughput 5G dataset,data/raw/ucc_5g_context/5G-production-dataset/Netflix/Static/Season3-StrangerThings/B_2019.12.03_08.02.05.csv,Latitude,float64,1000,0,0.0,"[""51.900862"", ""51.900862"", ""51.900862""]",1000
D2,UCC Beyond Throughput 5G dataset,data/raw/ucc_5g_context/5G-production-dataset/Netflix/Static/Season3-StrangerThings/B_2019.12.03_08.02.05.csv,Speed,int64,1000,0,0.0,"[""0"", ""0"", ""0""]",1000
D2,UCC Beyond Throughput 5G dataset,data/raw/ucc_5g_context/5G-production-dataset/Netflix/Static/Season3-StrangerThings/B_2019.12.03_08.02.05.csv,Operatorname,object,1000,0,0.0,"[""B"", ""B"", ""B""]",1000
D2,UCC Beyond Throughput 5G dataset,data/raw/ucc_5g_context/5G-production-dataset/Netflix/Static/Season3-StrangerThings/B_2019.12.03_08.02.05.csv,CellID,int64,1000,0,0.0,"[""13"", ""13"", ""13""]",1000
D2,UCC Beyond Throughput 5G dataset,data/raw/ucc_5g_context/5G-production-dataset/Netflix/Static/Season3-StrangerThings/B_2019.12.03_08.02.05.csv,NetworkMode,object,1000,0,0.0,"[""5G"", ""5G"", ""5G""]",1000
D2,UCC Beyond Throughput 5G dataset,data/raw/ucc_5g_context/5G-production-dataset/Netflix/Static/Season3-StrangerThings/B_2019.12.03_08.02.05.csv,RSRP,int64,1000,0,0.0,"[""-79"", ""-79"", ""-80""]",1000
D2,UCC Beyond Throughput 5G dataset,data/raw/ucc_5g_context/5G-production-dataset/Netflix/Static/Season3-StrangerThings/B_2019.12.03_08.02.05.csv,RSRQ,int64,1000,0,0.0,"[""-9"", ""-9"", ""-10""]",1000
D2,UCC Beyond Throughput 5G dataset,data/raw/ucc_5g_context/5G-production-dataset/Netflix/Static/Season3-StrangerThings/B_2019.12.03_08.02.05.csv,SNR,float64,1000,0,0.0,"[""4.0"", ""4.0"", ""0.0""]",1000
D2,UCC Beyond Throughput 5G dataset,data/raw/ucc_5g_context/5G-production-dataset/Netflix/Static/Season3-StrangerThings/B_2019.12.03_08.02.05.csv,CQI,int64,1000,0,0.0,"[""15"", ""15"", ""15""]",1000
D2,UCC Beyond Throughput 5G dataset,data/raw/ucc_5g_context/5G-production-dataset/Netflix/Static/Season3-StrangerThings/B_2019.12.03_08.02.05.csv,RSSI,int64,1000,0,0.0,"[""-72"", ""-72"", ""-72""]",1000
D2,UCC Beyond Throughput 5G dataset,data/raw/ucc_5g_context/5G-production-dataset/Netflix/Static/Season3-StrangerThings/B_2019.12.03_08.02.05.csv,DL_bitrate,int64,1000,0,0.0,"[""8"", ""0"", ""0""]",1000
D2,UCC Beyond Throughput 5G dataset,data/raw/ucc_5g_context/5G-production-dataset/Netflix/Static/Season3-StrangerThings/B_2019.12.03_08.02.05.csv,UL_bitrate,int64,1000,0,0.0,"[""2"", ""1"", ""0""]",1000
D2,UCC Beyond Throughput 5G dataset,data/raw/ucc_5g_context/5G-production-dataset/Netflix/Static/Season3-StrangerThings/B_2019.12.03_08.02.05.csv,State,object,1000,0,0.0,"[""D"", ""D"", ""D""]",1000
D2,UCC Beyond Throughput 5G dataset,data/raw/ucc_5g_context/5G-production-dataset/Netflix/Static/Season3-StrangerThings/B_2019.12.03_08.02.05.csv,PINGAVG,object,1000,0,0.0,"[""-"", ""-"", ""-""]",1000
D2,UCC Beyond Throughput 5G dataset,data/raw/ucc_5g_context/5G-production-dataset/Netflix/Static/Season3-StrangerThings/B_2019.12.03_08.02.05.csv,PINGMIN,object,1000,0,0.0,"[""-"", ""-"", ""-""]",1000
D2,UCC Beyond Throughput 5G dataset,data/raw/ucc_5g_context/5G-production-dataset/Netflix/Static/Season3-StrangerThings/B_2019.12.03_08.02.05.csv,PINGMAX,object,1000,0,0.0,"[""-"", ""-"", ""-""]",1000
D2,UCC Beyond Throughput 5G dataset,data/raw/ucc_5g_context/5G-production-dataset/Netflix/Static/Season3-StrangerThings/B_2019.12.03_08.02.05.csv,PINGSTDEV,object,1000,0,0.0,"[""-"", ""-"", ""-""]",1000
D2,UCC Beyond Throughput 5G dataset,data/raw/ucc_5g_context/5G-production-dataset/Netflix/Static/Season3-StrangerThings/B_2019.12.03_08.02.05.csv,PINGLOSS,object,1000,0,0.0,"[""-"", ""-"", ""-""]",1000
D2,UCC Beyond Throughput 5G dataset,data/raw/ucc_5g_context/5G-production-dataset/Netflix/Static/Season3-StrangerThings/B_2019.12.03_08.02.05.csv,CELLHEX,object,1000,0,0.0,"[""D"", ""D"", ""D""]",1000
D2,UCC Beyond Throughput 5G dataset,data/raw/ucc_5g_context/5G-production-dataset/Netflix/Static/Season3-StrangerThings/B_2019.12.03_08.02.05.csv,NODEHEX,object,1000,0,0.0,"[""A992"", ""A992"", ""A992""]",1000
D2,UCC Beyond Throughput 5G dataset,data/raw/ucc_5g_context/5G-production-dataset/Netflix/Static/Season3-StrangerThings/B_2019.12.03_08.02.05.csv,LACHEX,object,1000,0,0.0,"[""9CBA"", ""9CBA"", ""9CBA""]",1000
D2,UCC Beyond Throughput 5G dataset,data/raw/ucc_5g_context/5G-production-dataset/Netflix/Static/Season3-StrangerThings/B_2019.12.03_08.02.05.csv,RAWCELLID,int64,1000,0,0.0,"[""11112973"", ""11112973"", ""11112973""]",1000
D2,UCC Beyond Throughput 5G dataset,data/raw/ucc_5g_context/5G-production-dataset/Netflix/Static/Season3-StrangerThings/B_2019.12.03_08.02.05.csv,NRxRSRP,float64,1000,0,0.0,"[""-81.0"", ""-81.0"", ""-81.0""]",1000
D2,UCC Beyond Throughput 5G dataset,data/raw/ucc_5g_context/5G-production-dataset/Netflix/Static/Season3-StrangerThings/B_2019.12.03_08.02.05.csv,NRxRSRQ,float64,1000,0,0.0,"[""-12.0"", ""-12.0"", ""-10.0""]",1000
D2,UCC Beyond Throughput 5G dataset,data/raw/ucc_5g_context/5G-production-dataset/Netflix/Static/Season3-StrangerThings/B_2019.12.04_12.46.14.csv,Timestamp,object,1000,0,0.0,"[""2019.12.04_12.46.14"", ""2019.12.04_12.46.14"", ""2019.12.04_12.46.15""]",1000
D2,UCC Beyond Throughput 5G dataset,data/raw/ucc_5g_context/5G-production-dataset/Netflix/Static/Season3-StrangerThings/B_2019.12.04_12.46.14.csv,Longitude,float64,1000,0,0.0,"[""-8.394675"", ""-8.394638"", ""-8.394638""]",1000
D2,UCC Beyond Throughput 5G dataset,data/raw/ucc_5g_context/5G-production-dataset/Netflix/Static/Season3-StrangerThings/B_2019.12.04_12.46.14.csv,Latitude,float64,1000,0,0.0,"[""51.8861"", ""51.886155"", ""51.886155""]",1000
D2,UCC Beyond Throughput 5G dataset,data/raw/ucc_5g_context/5G-production-dataset/Netflix/Static/Season3-StrangerThings/B_2019.12.04_12.46.14.csv,Speed,int64,1000,0,0.0,"[""2"", ""0"", ""0""]",1000
D2,UCC Beyond Throughput 5G dataset,data/raw/ucc_5g_context/5G-production-dataset/Netflix/Static/Season3-StrangerThings/B_2019.12.04_12.46.14.csv,Operatorname,object,1000,0,0.0,"[""B"", ""B"", ""B""]",1000
D2,UCC Beyond Throughput 5G dataset,data/raw/ucc_5g_context/5G-production-dataset/Netflix/Static/Season3-StrangerThings/B_2019.12.04_12.46.14.csv,CellID,int64,1000,0,0.0,"[""1"", ""1"", ""1""]",1000
D2,UCC Beyond Throughput 5G dataset,data/raw/ucc_5g_context/5G-production-dataset/Netflix/Static/Season3-StrangerThings/B_2019.12.04_12.46.14.csv,NetworkMode,object,1000,0,0.0,"[""LTE"", ""LTE"", ""LTE""]",1000
D2,UCC Beyond Throughput 5G dataset,data/raw/ucc_5g_context/5G-production-dataset/Netflix/Static/Season3-StrangerThings/B_2019.12.04_12.46.14.csv,RSRP,int64,1000,0,0.0,"[""-103"", ""-103"", ""-103""]",1000
D2,UCC Beyond Throughput 5G dataset,data/raw/ucc_5g_context/5G-production-dataset/Netflix/Static/Season3-StrangerThings/B_2019.12.04_12.46.14.csv,RSRQ,int64,1000,0,0.0,"[""-13"", ""-13"", ""-13""]",1000
D2,UCC Beyond Throughput 5G dataset,data/raw/ucc_5g_context/5G-production-dataset/Netflix/Static/Season3-StrangerThings/B_2019.12.04_12.46.14.csv,SNR,float64,1000,0,0.0,"[""9.0"", ""9.0"", ""9.0""]",1000
D2,UCC Beyond Throughput 5G dataset,data/raw/ucc_5g_context/5G-production-dataset/Netflix/Static/Season3-StrangerThings/B_2019.12.04_12.46.14.csv,CQI,int64,1000,0,0.0,"[""12"", ""12"", ""12""]",1000
D2,UCC Beyond Throughput 5G dataset,data/raw/ucc_5g_context/5G-production-dataset/Netflix/Static/Season3-StrangerThings/B_2019.12.04_12.46.14.csv,RSSI,object,1000,0,0.0,"[""-83"", ""-83"", ""-83""]",1000
D2,UCC Beyond Throughput 5G dataset,data/raw/ucc_5g_context/5G-production-dataset/Netflix/Static/Season3-StrangerThings/B_2019.12.04_12.46.14.csv,DL_bitrate,int64,1000,0,0.0,"[""0"", ""0"", ""0""]",1000
D2,UCC Beyond Throughput 5G dataset,data/raw/ucc_5g_context/5G-production-dataset/Netflix/Static/Season3-StrangerThings/B_2019.12.04_12.46.14.csv,UL_bitrate,int64,1000,0,0.0,"[""0"", ""0"", ""0""]",1000
D2,UCC Beyond Throughput 5G dataset,data/raw/ucc_5g_context/5G-production-dataset/Netflix/Static/Season3-StrangerThings/B_2019.12.04_12.46.14.csv,State,object,1000,0,0.0,"[""D"", ""I"", ""I""]",1000
D2,UCC Beyond Throughput 5G dataset,data/raw/ucc_5g_context/5G-production-dataset/Netflix/Static/Season3-StrangerThings/B_2019.12.04_12.46.14.csv,PINGAVG,object,1000,0,0.0,"[""-"", ""-"", ""-""]",1000
D2,UCC Beyond Throughput 5G dataset,data/raw/ucc_5g_context/5G-production-dataset/Netflix/Static/Season3-StrangerThings/B_2019.12.04_12.46.14.csv,PINGMIN,object,1000,0,0.0,"[""-"", ""-"", ""-""]",1000
D2,UCC Beyond Throughput 5G dataset,data/raw/ucc_5g_context/5G-production-dataset/Netflix/Static/Season3-StrangerThings/B_2019.12.04_12.46.14.csv,PINGMAX,object,1000,0,0.0,"[""-"", ""-"", ""-""]",1000
D2,UCC Beyond Throughput 5G dataset,data/raw/ucc_5g_context/5G-production-dataset/Netflix/Static/Season3-StrangerThings/B_2019.12.04_12.46.14.csv,PINGSTDEV,object,1000,0,0.0,"[""-"", ""-"", ""-""]",1000
D2,UCC Beyond Throughput 5G dataset,data/raw/ucc_5g_context/5G-production-dataset/Netflix/Static/Season3-StrangerThings/B_2019.12.04_12.46.14.csv,PINGLOSS,object,1000,0,0.0,"[""-"", ""-"", ""-""]",1000
D2,UCC Beyond Throughput 5G dataset,data/raw/ucc_5g_context/5G-production-dataset/Netflix/Static/Season3-StrangerThings/B_2019.12.04_12.46.14.csv,CELLHEX,object,1000,0,0.0,"[""1"", ""1"", ""1""]",1000
D2,UCC Beyond Throughput 5G dataset,data/raw/ucc_5g_context/5G-production-dataset/Netflix/Static/Season3-StrangerThings/B_2019.12.04_12.46.14.csv,NODEHEX,object,1000,0,0.0,"[""A4DF"", ""A4DF"", ""A4DF""]",1000
D2,UCC Beyond Throughput 5G dataset,data/raw/ucc_5g_context/5G-production-dataset/Netflix/Static/Season3-StrangerThings/B_2019.12.04_12.46.14.csv,LACHEX,object,1000,0,0.0,"[""9CBA"", ""9CBA"", ""9CBA""]",1000
D2,UCC Beyond Throughput 5G dataset,data/raw/ucc_5g_context/5G-production-dataset/Netflix/Static/Season3-StrangerThings/B_2019.12.04_12.46.14.csv,RAWCELLID,int64,1000,0,0.0,"[""10804993"", ""10804993"", ""10804993""]",1000
D2,UCC Beyond Throughput 5G dataset,data/raw/ucc_5g_context/5G-production-dataset/Netflix/Static/Season3-StrangerThings/B_2019.12.04_12.46.14.csv,NRxRSRP,object,1000,0,0.0,"[""-"", ""-"", ""-""]",1000
D2,UCC Beyond Throughput 5G dataset,data/raw/ucc_5g_context/5G-production-dataset/Netflix/Static/Season3-StrangerThings/B_2019.12.04_12.46.14.csv,NRxRSRQ,object,1000,0,0.0,"[""-"", ""-"", ""-""]",1000
D2,UCC Beyond Throughput 5G dataset,data/raw/ucc_5g_context/5G-production-dataset/Netflix/Static/Season3-StrangerThings/B_2019.12.06_09.55.13.csv,Timestamp,object,1000,0,0.0,"[""2019.12.06_09.55.13"", ""2019.12.06_09.55.13"", ""2019.12.06_09.55.13""]",1000
D2,UCC Beyond Throughput 5G dataset,data/raw/ucc_5g_context/5G-production-dataset/Netflix/Static/Season3-StrangerThings/B_2019.12.06_09.55.13.csv,Longitude,float64,1000,0,0.0,"[""-8.394574"", ""-8.394574"", ""-8.394678""]",1000
D2,UCC Beyond Throughput 5G dataset,data/raw/ucc_5g_context/5G-production-dataset/Netflix/Static/Season3-StrangerThings/B_2019.12.06_09.55.13.csv,Latitude,float64,1000,0,0.0,"[""51.886226"", ""51.886226"", ""51.88606""]",1000
D2,UCC Beyond Throughput 5G dataset,data/raw/ucc_5g_context/5G-production-dataset/Netflix/Static/Season3-StrangerThings/B_2019.12.06_09.55.13.csv,Speed,int64,1000,0,0.0,"[""0"", ""0"", ""0""]",1000
D2,UCC Beyond Throughput 5G dataset,data/raw/ucc_5g_context/5G-production-dataset/Netflix/Static/Season3-StrangerThings/B_2019.12.06_09.55.13.csv,Operatorname,object,1000,0,0.0,"[""B"", ""B"", ""B""]",1000
D2,UCC Beyond Throughput 5G dataset,data/raw/ucc_5g_context/5G-production-dataset/Netflix/Static/Season3-StrangerThings/B_2019.12.06_09.55.13.csv,CellID,int64,1000,0,0.0,"[""11"", ""11"", ""11""]",1000
D2,UCC Beyond Throughput 5G dataset,data/raw/ucc_5g_context/5G-production-dataset/Netflix/Static/Season3-StrangerThings/B_2019.12.06_09.55.13.csv,NetworkMode,object,1000,0,0.0,"[""5G"", ""5G"", ""5G""]",1000
D2,UCC Beyond Throughput 5G dataset,data/raw/ucc_5g_context/5G-production-dataset/Netflix/Static/Season3-StrangerThings/B_2019.12.06_09.55.13.csv,RSRP,int64,1000,0,0.0,"[""-104"", ""-103"", ""-103""]",1000
D2,UCC Beyond Throughput 5G dataset,data/raw/ucc_5g_context/5G-production-dataset/Netflix/Static/Season3-StrangerThings/B_2019.12.06_09.55.13.csv,RSRQ,int64,1000,0,0.0,"[""-11"", ""-10"", ""-10""]",1000
D2,UCC Beyond Throughput 5G dataset,data/raw/ucc_5g_context/5G-production-dataset/Netflix/Static/Season3-StrangerThings/B_2019.12.06_09.55.13.csv,SNR,float64,1000,0,0.0,"[""4.0"", ""11.0"", ""11.0""]",1000
D2,UCC Beyond Throughput 5G dataset,data/raw/ucc_5g_context/5G-production-dataset/Netflix/Static/Season3-StrangerThings/B_2019.12.06_09.55.13.csv,CQI,int64,1000,0,0.0,"[""14"", ""14"", ""14""]",1000
D2,UCC Beyond Throughput 5G dataset,data/raw/ucc_5g_context/5G-production-dataset/Netflix/Static/Season3-StrangerThings/B_2019.12.06_09.55.13.csv,RSSI,object,1000,0,0.0,"[""-86"", ""-86"", ""-86""]",1000
D2,UCC Beyond Throughput 5G dataset,data/raw/ucc_5g_context/5G-production-dataset/Netflix/Static/Season3-StrangerThings/B_2019.12.06_09.55.13.csv,DL_bitrate,int64,1000,0,0.0,"[""0"", ""0"", ""0""]",1000
D2,UCC Beyond Throughput 5G dataset,data/raw/ucc_5g_context/5G-production-dataset/Netflix/Static/Season3-StrangerThings/B_2019.12.06_09.55.13.csv,UL_bitrate,int64,1000,0,0.0,"[""0"", ""0"", ""0""]",1000
D2,UCC Beyond Throughput 5G dataset,data/raw/ucc_5g_context/5G-production-dataset/Netflix/Static/Season3-StrangerThings/B_2019.12.06_09.55.13.csv,State,object,1000,0,0.0,"[""I"", ""I"", ""I""]",1000
D2,UCC Beyond Throughput 5G dataset,data/raw/ucc_5g_context/5G-production-dataset/Netflix/Static/Season3-StrangerThings/B_2019.12.06_09.55.13.csv,PINGAVG,object,1000,0,0.0,"[""-"", ""-"", ""-""]",1000
D2,UCC Beyond Throughput 5G dataset,data/raw/ucc_5g_context/5G-production-dataset/Netflix/Static/Season3-StrangerThings/B_2019.12.06_09.55.13.csv,PINGMIN,object,1000,0,0.0,"[""-"", ""-"", ""-""]",1000
D2,UCC Beyond Throughput 5G dataset,data/raw/ucc_5g_context/5G-production-dataset/Netflix/Static/Season3-StrangerThings/B_2019.12.06_09.55.13.csv,PINGMAX,object,1000,0,0.0,"[""-"", ""-"", ""-""]",1000
D2,UCC Beyond Throughput 5G dataset,data/raw/ucc_5g_context/5G-production-dataset/Netflix/Static/Season3-StrangerThings/B_2019.12.06_09.55.13.csv,PINGSTDEV,object,1000,0,0.0,"[""-"", ""-"", ""-""]",1000
D2,UCC Beyond Throughput 5G dataset,data/raw/ucc_5g_context/5G-production-dataset/Netflix/Static/Season3-StrangerThings/B_2019.12.06_09.55.13.csv,PINGLOSS,object,1000,0,0.0,"[""-"", ""-"", ""-""]",1000
D2,UCC Beyond Throughput 5G dataset,data/raw/ucc_5g_context/5G-production-dataset/Netflix/Static/Season3-StrangerThings/B_2019.12.06_09.55.13.csv,CELLHEX,object,1000,0,0.0,"[""B"", ""B"", ""B""]",1000
D2,UCC Beyond Throughput 5G dataset,data/raw/ucc_5g_context/5G-production-dataset/Netflix/Static/Season3-StrangerThings/B_2019.12.06_09.55.13.csv,NODEHEX,object,1000,0,0.0,"[""A4DF"", ""A4DF"", ""A4DF""]",1000
D2,UCC Beyond Throughput 5G dataset,data/raw/ucc_5g_context/5G-production-dataset/Netflix/Static/Season3-StrangerThings/B_2019.12.06_09.55.13.csv,LACHEX,object,1000,0,0.0,"[""9CBA"", ""9CBA"", ""9CBA""]",1000
D2,UCC Beyond Throughput 5G dataset,data/raw/ucc_5g_context/5G-production-dataset/Netflix/Static/Season3-StrangerThings/B_2019.12.06_09.55.13.csv,RAWCELLID,int64,1000,0,0.0,"[""10805003"", ""10805003"", ""10805003""]",1000
D2,UCC Beyond Throughput 5G dataset,data/raw/ucc_5g_context/5G-production-dataset/Netflix/Static/Season3-StrangerThings/B_2019.12.06_09.55.13.csv,NRxRSRP,object,1000,0,0.0,"[""-108.0"", ""-103.0"", ""-103.0""]",1000
D2,UCC Beyond Throughput 5G dataset,data/raw/ucc_5g_context/5G-production-dataset/Netflix/Static/Season3-StrangerThings/B_2019.12.06_09.55.13.csv,NRxRSRQ,object,1000,0,0.0,"[""-8.0"", ""-12.0"", ""-12.0""]",1000
D2,UCC Beyond Throughput 5G dataset,data/raw/ucc_5g_context/5G-production-dataset/Netflix/Static/Season3-StrangerThings/B_2019.12.16_13.03.47.csv,Timestamp,object,1000,0,0.0,"[""2019.12.16_13.03.47"", ""2019.12.16_13.03.48"", ""2019.12.16_13.03.48""]",1000
D2,UCC Beyond Throughput 5G dataset,data/raw/ucc_5g_context/5G-production-dataset/Netflix/Static/Season3-StrangerThings/B_2019.12.16_13.03.47.csv,Longitude,float64,1000,0,0.0,"[""-8.394601"", ""-8.394601"", ""-8.394601""]",1000
D2,UCC Beyond Throughput 5G dataset,data/raw/ucc_5g_context/5G-production-dataset/Netflix/Static/Season3-StrangerThings/B_2019.12.16_13.03.47.csv,Latitude,float64,1000,0,0.0,"[""51.886139"", ""51.886139"", ""51.886139""]",1000
D2,UCC Beyond Throughput 5G dataset,data/raw/ucc_5g_context/5G-production-dataset/Netflix/Static/Season3-StrangerThings/B_2019.12.16_13.03.47.csv,Speed,int64,1000,0,0.0,"[""0"", ""0"", ""0""]",1000
D2,UCC Beyond Throughput 5G dataset,data/raw/ucc_5g_context/5G-production-dataset/Netflix/Static/Season3-StrangerThings/B_2019.12.16_13.03.47.csv,Operatorname,object,1000,0,0.0,"[""B"", ""B"", ""B""]",1000
D2,UCC Beyond Throughput 5G dataset,data/raw/ucc_5g_context/5G-production-dataset/Netflix/Static/Season3-StrangerThings/B_2019.12.16_13.03.47.csv,CellID,int64,1000,0,0.0,"[""11"", ""11"", ""11""]",1000
D2,UCC Beyond Throughput 5G dataset,data/raw/ucc_5g_context/5G-production-dataset/Netflix/Static/Season3-StrangerThings/B_2019.12.16_13.03.47.csv,NetworkMode,object,1000,0,0.0,"[""5G"", ""5G"", ""5G""]",1000
D2,UCC Beyond Throughput 5G dataset,data/raw/ucc_5g_context/5G-production-dataset/Netflix/Static/Season3-StrangerThings/B_2019.12.16_13.03.47.csv,RSRP,int64,1000,0,0.0,"[""-102"", ""-102"", ""-100""]",1000
D2,UCC Beyond Throughput 5G dataset,data/raw/ucc_5g_context/5G-production-dataset/Netflix/Static/Season3-StrangerThings/B_2019.12.16_13.03.47.csv,RSRQ,int64,1000,0,0.0,"[""-15"", ""-15"", ""-15""]",1000
D2,UCC Beyond Throughput 5G dataset,data/raw/ucc_5g_context/5G-production-dataset/Netflix/Static/Season3-StrangerThings/B_2019.12.16_13.03.47.csv,SNR,float64,1000,0,0.0,"[""3.0"", ""3.0"", ""3.0""]",1000
D2,UCC Beyond Throughput 5G dataset,data/raw/ucc_5g_context/5G-production-dataset/Netflix/Static/Season3-StrangerThings/B_2019.12.16_13.03.47.csv,CQI,int64,1000,0,0.0,"[""12"", ""15"", ""15""]",1000
D2,UCC Beyond Throughput 5G dataset,data/raw/ucc_5g_context/5G-production-dataset/Netflix/Static/Season3-StrangerThings/B_2019.12.16_13.03.47.csv,RSSI,object,1000,0,0.0,"[""-86"", ""-84"", ""-84""]",1000
D2,UCC Beyond Throughput 5G dataset,data/raw/ucc_5g_context/5G-production-dataset/Netflix/Static/Season3-StrangerThings/B_2019.12.16_13.03.47.csv,DL_bitrate,int64,1000,0,0.0,"[""0"", ""0"", ""0""]",1000
D2,UCC Beyond Throughput 5G dataset,data/raw/ucc_5g_context/5G-production-dataset/Netflix/Static/Season3-StrangerThings/B_2019.12.16_13.03.47.csv,UL_bitrate,int64,1000,0,0.0,"[""0"", ""0"", ""0""]",1000
D2,UCC Beyond Throughput 5G dataset,data/raw/ucc_5g_context/5G-production-dataset/Netflix/Static/Season3-StrangerThings/B_2019.12.16_13.03.47.csv,State,object,1000,0,0.0,"[""I"", ""I"", ""I""]",1000
D2,UCC Beyond Throughput 5G dataset,data/raw/ucc_5g_context/5G-production-dataset/Netflix/Static/Season3-StrangerThings/B_2019.12.16_13.03.47.csv,PINGAVG,object,1000,0,0.0,"[""-"", ""-"", ""-""]",1000
D2,UCC Beyond Throughput 5G dataset,data/raw/ucc_5g_context/5G-production-dataset/Netflix/Static/Season3-StrangerThings/B_2019.12.16_13.03.47.csv,PINGMIN,object,1000,0,0.0,"[""-"", ""-"", ""-""]",1000
D2,UCC Beyond Throughput 5G dataset,data/raw/ucc_5g_context/5G-production-dataset/Netflix/Static/Season3-StrangerThings/B_2019.12.16_13.03.47.csv,PINGMAX,object,1000,0,0.0,"[""-"", ""-"", ""-""]",1000
D2,UCC Beyond Throughput 5G dataset,data/raw/ucc_5g_context/5G-production-dataset/Netflix/Static/Season3-StrangerThings/B_2019.12.16_13.03.47.csv,PINGSTDEV,object,1000,0,0.0,"[""-"", ""-"", ""-""]",1000
D2,UCC Beyond Throughput 5G dataset,data/raw/ucc_5g_context/5G-production-dataset/Netflix/Static/Season3-StrangerThings/B_2019.12.16_13.03.47.csv,PINGLOSS,object,1000,0,0.0,"[""-"", ""-"", ""-""]",1000
D2,UCC Beyond Throughput 5G dataset,data/raw/ucc_5g_context/5G-production-dataset/Netflix/Static/Season3-StrangerThings/B_2019.12.16_13.03.47.csv,CELLHEX,object,1000,0,0.0,"[""B"", ""B"", ""B""]",1000
D2,UCC Beyond Throughput 5G dataset,data/raw/ucc_5g_context/5G-production-dataset/Netflix/Static/Season3-StrangerThings/B_2019.12.16_13.03.47.csv,NODEHEX,object,1000,0,0.0,"[""A4DF"", ""A4DF"", ""A4DF""]",1000
D2,UCC Beyond Throughput 5G dataset,data/raw/ucc_5g_context/5G-production-dataset/Netflix/Static/Season3-StrangerThings/B_2019.12.16_13.03.47.csv,LACHEX,object,1000,0,0.0,"[""9CBA"", ""9CBA"", ""9CBA""]",1000
D2,UCC Beyond Throughput 5G dataset,data/raw/ucc_5g_context/5G-production-dataset/Netflix/Static/Season3-StrangerThings/B_2019.12.16_13.03.47.csv,RAWCELLID,int64,1000,0,0.0,"[""10805003"", ""10805003"", ""10805003""]",1000
D2,UCC Beyond Throughput 5G dataset,data/raw/ucc_5g_context/5G-production-dataset/Netflix/Static/Season3-StrangerThings/B_2019.12.16_13.03.47.csv,NRxRSRP,object,1000,0,0.0,"[""-102.0"", ""-102.0"", ""-101.0""]",1000
D2,UCC Beyond Throughput 5G dataset,data/raw/ucc_5g_context/5G-production-dataset/Netflix/Static/Season3-StrangerThings/B_2019.12.16_13.03.47.csv,NRxRSRQ,object,1000,0,0.0,"[""-23.0"", ""-23.0"", ""-24.0""]",1000
D2,UCC Beyond Throughput 5G dataset,data/raw/ucc_5g_context/5G-production-dataset/Netflix/Static/animated-RickandMorty/B_2019.11.23_14.30.10.csv,Timestamp,object,1000,0,0.0,"[""2019.11.23_14.30.10"", ""2019.11.23_14.30.11"", ""2019.11.23_14.30.11""]",1000
D2,UCC Beyond Throughput 5G dataset,data/raw/ucc_5g_context/5G-production-dataset/Netflix/Static/animated-RickandMorty/B_2019.11.23_14.30.10.csv,Longitude,float64,1000,0,0.0,"[""-8.394860000000001"", ""-8.394860000000001"", ""-8.392723""]",1000
D2,UCC Beyond Throughput 5G dataset,data/raw/ucc_5g_context/5G-production-dataset/Netflix/Static/animated-RickandMorty/B_2019.11.23_14.30.10.csv,Latitude,float64,1000,0,0.0,"[""51.886241"", ""51.886241"", ""51.886788""]",1000
D2,UCC Beyond Throughput 5G dataset,data/raw/ucc_5g_context/5G-production-dataset/Netflix/Static/animated-RickandMorty/B_2019.11.23_14.30.10.csv,Speed,int64,1000,0,0.0,"[""0"", ""0"", ""0""]",1000
D2,UCC Beyond Throughput 5G dataset,data/raw/ucc_5g_context/5G-production-dataset/Netflix/Static/animated-RickandMorty/B_2019.11.23_14.30.10.csv,Operatorname,object,1000,0,0.0,"[""B"", ""B"", ""B""]",1000
D2,UCC Beyond Throughput 5G dataset,data/raw/ucc_5g_context/5G-production-dataset/Netflix/Static/animated-RickandMorty/B_2019.11.23_14.30.10.csv,CellID,int64,1000,0,0.0,"[""11"", ""11"", ""11""]",1000
D2,UCC Beyond Throughput 5G dataset,data/raw/ucc_5g_context/5G-production-dataset/Netflix/Static/animated-RickandMorty/B_2019.11.23_14.30.10.csv,NetworkMode,object,1000,0,0.0,"[""5G"", ""5G"", ""5G""]",1000
D2,UCC Beyond Throughput 5G dataset,data/raw/ucc_5g_context/5G-production-dataset/Netflix/Static/animated-RickandMorty/B_2019.11.23_14.30.10.csv,RSRP,int64,1000,0,0.0,"[""-97"", ""-94"", ""-94""]",1000
D2,UCC Beyond Throughput 5G dataset,data/raw/ucc_5g_context/5G-production-dataset/Netflix/Static/animated-RickandMorty/B_2019.11.23_14.30.10.csv,RSRQ,object,1000,0,0.0,"[""-12"", ""-13"", ""-13""]",1000
D2,UCC Beyond Throughput 5G dataset,data/raw/ucc_5g_context/5G-production-dataset/Netflix/Static/animated-RickandMorty/B_2019.11.23_14.30.10.csv,SNR,object,1000,0,0.0,"[""10.0"", ""8.0"", ""8.0""]",1000
D2,UCC Beyond Throughput 5G dataset,data/raw/ucc_5g_context/5G-production-dataset/Netflix/Static/animated-RickandMorty/B_2019.11.23_14.30.10.csv,CQI,object,1000,0,0.0,"[""13"", ""11"", ""11""]",1000
D2,UCC Beyond Throughput 5G dataset,data/raw/ucc_5g_context/5G-production-dataset/Netflix/Static/animated-RickandMorty/B_2019.11.23_14.30.10.csv,RSSI,object,1000,0,0.0,"[""-"", ""-"", ""-""]",1000
D2,UCC Beyond Throughput 5G dataset,data/raw/ucc_5g_context/5G-production-dataset/Netflix/Static/animated-RickandMorty/B_2019.11.23_14.30.10.csv,DL_bitrate,int64,1000,0,0.0,"[""141"", ""0"", ""0""]",1000
D2,UCC Beyond Throughput 5G dataset,data/raw/ucc_5g_context/5G-production-dataset/Netflix/Static/animated-RickandMorty/B_2019.11.23_14.30.10.csv,UL_bitrate,int64,1000,0,0.0,"[""44"", ""7"", ""7""]",1000
D2,UCC Beyond Throughput 5G dataset,data/raw/ucc_5g_context/5G-production-dataset/Netflix/Static/animated-RickandMorty/B_2019.11.23_14.30.10.csv,State,object,1000,0,0.0,"[""D"", ""D"", ""D""]",1000
D2,UCC Beyond Throughput 5G dataset,data/raw/ucc_5g_context/5G-production-dataset/Netflix/Static/animated-RickandMorty/B_2019.11.23_14.30.10.csv,PINGAVG,object,1000,0,0.0,"[""-"", ""-"", ""-""]",1000
D2,UCC Beyond Throughput 5G dataset,data/raw/ucc_5g_context/5G-production-dataset/Netflix/Static/animated-RickandMorty/B_2019.11.23_14.30.10.csv,PINGMIN,object,1000,0,0.0,"[""-"", ""-"", ""-""]",1000
D2,UCC Beyond Throughput 5G dataset,data/raw/ucc_5g_context/5G-production-dataset/Netflix/Static/animated-RickandMorty/B_2019.11.23_14.30.10.csv,PINGMAX,object,1000,0,0.0,"[""-"", ""-"", ""-""]",1000
D2,UCC Beyond Throughput 5G dataset,data/raw/ucc_5g_context/5G-production-dataset/Netflix/Static/animated-RickandMorty/B_2019.11.23_14.30.10.csv,PINGSTDEV,object,1000,0,0.0,"[""-"", ""-"", ""-""]",1000
D2,UCC Beyond Throughput 5G dataset,data/raw/ucc_5g_context/5G-production-dataset/Netflix/Static/animated-RickandMorty/B_2019.11.23_14.30.10.csv,PINGLOSS,object,1000,0,0.0,"[""-"", ""-"", ""-""]",1000
D2,UCC Beyond Throughput 5G dataset,data/raw/ucc_5g_context/5G-production-dataset/Netflix/Static/animated-RickandMorty/B_2019.11.23_14.30.10.csv,CELLHEX,object,1000,0,0.0,"[""B"", ""B"", ""B""]",1000
D2,UCC Beyond Throughput 5G dataset,data/raw/ucc_5g_context/5G-production-dataset/Netflix/Static/animated-RickandMorty/B_2019.11.23_14.30.10.csv,NODEHEX,object,1000,0,0.0,"[""A4DF"", ""A4DF"", ""A4DF""]",1000
D2,UCC Beyond Throughput 5G dataset,data/raw/ucc_5g_context/5G-production-dataset/Netflix/Static/animated-RickandMorty/B_2019.11.23_14.30.10.csv,LACHEX,object,1000,0,0.0,"[""9CBA"", ""9CBA"", ""9CBA""]",1000
D2,UCC Beyond Throughput 5G dataset,data/raw/ucc_5g_context/5G-production-dataset/Netflix/Static/animated-RickandMorty/B_2019.11.23_14.30.10.csv,RAWCELLID,int64,1000,0,0.0,"[""10805003"", ""10805003"", ""10805003""]",1000
D2,UCC Beyond Throughput 5G dataset,data/raw/ucc_5g_context/5G-production-dataset/Netflix/Static/animated-RickandMorty/B_2019.11.23_14.30.10.csv,NRxRSRP,object,1000,0,0.0,"[""-103.0"", ""-95.0"", ""-95.0""]",1000
D2,UCC Beyond Throughput 5G dataset,data/raw/ucc_5g_context/5G-production-dataset/Netflix/Static/animated-RickandMorty/B_2019.11.23_14.30.10.csv,NRxRSRQ,object,1000,0,0.0,"[""-14.0"", ""-204.0"", ""-204.0""]",1000
D2,UCC Beyond Throughput 5G dataset,data/raw/ucc_5g_context/5G-production-dataset/Netflix/Static/animated-RickandMorty/B_2019.11.26_08.02.38.csv,Timestamp,object,1000,0,0.0,"[""2019.11.26_08.02.38"", ""2019.11.26_08.02.38"", ""2019.11.26_08.02.38""]",1000
D2,UCC Beyond Throughput 5G dataset,data/raw/ucc_5g_context/5G-production-dataset/Netflix/Static/animated-RickandMorty/B_2019.11.26_08.02.38.csv,Longitude,float64,1000,0,0.0,"[""-8.483174"", ""-8.483219"", ""-8.483219""]",1000
D2,UCC Beyond Throughput 5G dataset,data/raw/ucc_5g_context/5G-production-dataset/Netflix/Static/animated-RickandMorty/B_2019.11.26_08.02.38.csv,Latitude,float64,1000,0,0.0,"[""51.898677"", ""51.89907"", ""51.89907""]",1000
D2,UCC Beyond Throughput 5G dataset,data/raw/ucc_5g_context/5G-production-dataset/Netflix/Static/animated-RickandMorty/B_2019.11.26_08.02.38.csv,Speed,int64,1000,0,0.0,"[""0"", ""1"", ""1""]",1000
D2,UCC Beyond Throughput 5G dataset,data/raw/ucc_5g_context/5G-production-dataset/Netflix/Static/animated-RickandMorty/B_2019.11.26_08.02.38.csv,Operatorname,object,1000,0,0.0,"[""B"", ""B"", ""B""]",1000
D2,UCC Beyond Throughput 5G dataset,data/raw/ucc_5g_context/5G-production-dataset/Netflix/Static/animated-RickandMorty/B_2019.11.26_08.02.38.csv,CellID,int64,1000,0,0.0,"[""11"", ""11"", ""11""]",1000
D2,UCC Beyond Throughput 5G dataset,data/raw/ucc_5g_context/5G-production-dataset/Netflix/Static/animated-RickandMorty/B_2019.11.26_08.02.38.csv,NetworkMode,object,1000,0,0.0,"[""5G"", ""5G"", ""5G""]",1000
D2,UCC Beyond Throughput 5G dataset,data/raw/ucc_5g_context/5G-production-dataset/Netflix/Static/animated-RickandMorty/B_2019.11.26_08.02.38.csv,RSRP,int64,1000,0,0.0,"[""-92"", ""-92"", ""-92""]",1000
D2,UCC Beyond Throughput 5G dataset,data/raw/ucc_5g_context/5G-production-dataset/Netflix/Static/animated-RickandMorty/B_2019.11.26_08.02.38.csv,RSRQ,int64,1000,0,0.0,"[""-15"", ""-15"", ""-15""]",1000
D2,UCC Beyond Throughput 5G dataset,data/raw/ucc_5g_context/5G-production-dataset/Netflix/Static/animated-RickandMorty/B_2019.11.26_08.02.38.csv,SNR,float64,1000,0,0.0,"[""-2.0"", ""-2.0"", ""-2.0""]",1000
D2,UCC Beyond Throughput 5G dataset,data/raw/ucc_5g_context/5G-production-dataset/Netflix/Static/animated-RickandMorty/B_2019.11.26_08.02.38.csv,CQI,int64,1000,0,0.0,"[""14"", ""14"", ""11""]",1000
D2,UCC Beyond Throughput 5G dataset,data/raw/ucc_5g_context/5G-production-dataset/Netflix/Static/animated-RickandMorty/B_2019.11.26_08.02.38.csv,RSSI,object,1000,0,0.0,"[""-"", ""-"", ""-72""]",1000
D2,UCC Beyond Throughput 5G dataset,data/raw/ucc_5g_context/5G-production-dataset/Netflix/Static/animated-RickandMorty/B_2019.11.26_08.02.38.csv,DL_bitrate,int64,1000,0,0.0,"[""9"", ""9"", ""0""]",1000
D2,UCC Beyond Throughput 5G dataset,data/raw/ucc_5g_context/5G-production-dataset/Netflix/Static/animated-RickandMorty/B_2019.11.26_08.02.38.csv,UL_bitrate,int64,1000,0,0.0,"[""4"", ""4"", ""2""]",1000
D2,UCC Beyond Throughput 5G dataset,data/raw/ucc_5g_context/5G-production-dataset/Netflix/Static/animated-RickandMorty/B_2019.11.26_08.02.38.csv,State,object,1000,0,0.0,"[""D"", ""D"", ""D""]",1000
D2,UCC Beyond Throughput 5G dataset,data/raw/ucc_5g_context/5G-production-dataset/Netflix/Static/animated-RickandMorty/B_2019.11.26_08.02.38.csv,PINGAVG,object,1000,0,0.0,"[""-"", ""-"", ""-""]",1000
D2,UCC Beyond Throughput 5G dataset,data/raw/ucc_5g_context/5G-production-dataset/Netflix/Static/animated-RickandMorty/B_2019.11.26_08.02.38.csv,PINGMIN,object,1000,0,0.0,"[""-"", ""-"", ""-""]",1000
D2,UCC Beyond Throughput 5G dataset,data/raw/ucc_5g_context/5G-production-dataset/Netflix/Static/animated-RickandMorty/B_2019.11.26_08.02.38.csv,PINGMAX,object,1000,0,0.0,"[""-"", ""-"", ""-""]",1000
D2,UCC Beyond Throughput 5G dataset,data/raw/ucc_5g_context/5G-production-dataset/Netflix/Static/animated-RickandMorty/B_2019.11.26_08.02.38.csv,PINGSTDEV,object,1000,0,0.0,"[""-"", ""-"", ""-""]",1000
D2,UCC Beyond Throughput 5G dataset,data/raw/ucc_5g_context/5G-production-dataset/Netflix/Static/animated-RickandMorty/B_2019.11.26_08.02.38.csv,PINGLOSS,object,1000,0,0.0,"[""-"", ""-"", ""-""]",1000
D2,UCC Beyond Throughput 5G dataset,data/raw/ucc_5g_context/5G-production-dataset/Netflix/Static/animated-RickandMorty/B_2019.11.26_08.02.38.csv,CELLHEX,object,1000,0,0.0,"[""B"", ""B"", ""B""]",1000
D2,UCC Beyond Throughput 5G dataset,data/raw/ucc_5g_context/5G-production-dataset/Netflix/Static/animated-RickandMorty/B_2019.11.26_08.02.38.csv,NODEHEX,object,1000,0,0.0,"[""A9AA"", ""A9AA"", ""A9AA""]",1000
D2,UCC Beyond Throughput 5G dataset,data/raw/ucc_5g_context/5G-production-dataset/Netflix/Static/animated-RickandMorty/B_2019.11.26_08.02.38.csv,LACHEX,object,1000,0,0.0,"[""9CBA"", ""9CBA"", ""9CBA""]",1000
D2,UCC Beyond Throughput 5G dataset,data/raw/ucc_5g_context/5G-production-dataset/Netflix/Static/animated-RickandMorty/B_2019.11.26_08.02.38.csv,RAWCELLID,int64,1000,0,0.0,"[""11119115"", ""11119115"", ""11119115""]",1000
D2,UCC Beyond Throughput 5G dataset,data/raw/ucc_5g_context/5G-production-dataset/Netflix/Static/animated-RickandMorty/B_2019.11.26_08.02.38.csv,NRxRSRP,int64,1000,0,0.0,"[""-83"", ""-83"", ""-83""]",1000
D2,UCC Beyond Throughput 5G dataset,data/raw/ucc_5g_context/5G-production-dataset/Netflix/Static/animated-RickandMorty/B_2019.11.26_08.02.38.csv,NRxRSRQ,int64,1000,0,0.0,"[""-10"", ""-10"", ""-10""]",1000
D2,UCC Beyond Throughput 5G dataset,data/raw/ucc_5g_context/5G-production-dataset/Netflix/Static/animated-RickandMorty/B_2019.11.26_09.27.10.csv,Timestamp,object,1000,0,0.0,"[""2019.11.26_09.27.10"", ""2019.11.26_09.27.11"", ""2019.11.26_09.27.11""]",1000
D2,UCC Beyond Throughput 5G dataset,data/raw/ucc_5g_context/5G-production-dataset/Netflix/Static/animated-RickandMorty/B_2019.11.26_09.27.10.csv,Longitude,float64,1000,0,0.0,"[""-8.483201"", ""-8.483201"", ""-8.483199""]",1000
D2,UCC Beyond Throughput 5G dataset,data/raw/ucc_5g_context/5G-production-dataset/Netflix/Static/animated-RickandMorty/B_2019.11.26_09.27.10.csv,Latitude,float64,1000,0,0.0,"[""51.899105"", ""51.899105"", ""51.899107""]",1000
D2,UCC Beyond Throughput 5G dataset,data/raw/ucc_5g_context/5G-production-dataset/Netflix/Static/animated-RickandMorty/B_2019.11.26_09.27.10.csv,Speed,int64,1000,0,0.0,"[""0"", ""0"", ""0""]",1000
D2,UCC Beyond Throughput 5G dataset,data/raw/ucc_5g_context/5G-production-dataset/Netflix/Static/animated-RickandMorty/B_2019.11.26_09.27.10.csv,Operatorname,object,1000,0,0.0,"[""B"", ""B"", ""B""]",1000
D2,UCC Beyond Throughput 5G dataset,data/raw/ucc_5g_context/5G-production-dataset/Netflix/Static/animated-RickandMorty/B_2019.11.26_09.27.10.csv,CellID,int64,1000,0,0.0,"[""11"", ""11"", ""11""]",1000
D2,UCC Beyond Throughput 5G dataset,data/raw/ucc_5g_context/5G-production-dataset/Netflix/Static/animated-RickandMorty/B_2019.11.26_09.27.10.csv,NetworkMode,object,1000,0,0.0,"[""5G"", ""5G"", ""5G""]",1000
D2,UCC Beyond Throughput 5G dataset,data/raw/ucc_5g_context/5G-production-dataset/Netflix/Static/animated-RickandMorty/B_2019.11.26_09.27.10.csv,RSRP,int64,1000,0,0.0,"[""-91"", ""-91"", ""-91""]",1000
D2,UCC Beyond Throughput 5G dataset,data/raw/ucc_5g_context/5G-production-dataset/Netflix/Static/animated-RickandMorty/B_2019.11.26_09.27.10.csv,RSRQ,int64,1000,0,0.0,"[""-12"", ""-12"", ""-12""]",1000
D2,UCC Beyond Throughput 5G dataset,data/raw/ucc_5g_context/5G-production-dataset/Netflix/Static/animated-RickandMorty/B_2019.11.26_09.27.10.csv,SNR,float64,1000,0,0.0,"[""0.0"", ""0.0"", ""0.0""]",1000
D2,UCC Beyond Throughput 5G dataset,data/raw/ucc_5g_context/5G-production-dataset/Netflix/Static/animated-RickandMorty/B_2019.11.26_09.27.10.csv,CQI,int64,1000,0,0.0,"[""9"", ""9"", ""9""]",1000
D2,UCC Beyond Throughput 5G dataset,data/raw/ucc_5g_context/5G-production-dataset/Netflix/Static/animated-RickandMorty/B_2019.11.26_09.27.10.csv,RSSI,object,1000,0,0.0,"[""-70"", ""-70"", ""-70""]",1000
D2,UCC Beyond Throughput 5G dataset,data/raw/ucc_5g_context/5G-production-dataset/Netflix/Static/animated-RickandMorty/B_2019.11.26_09.27.10.csv,DL_bitrate,int64,1000,0,0.0,"[""0"", ""0"", ""0""]",1000
D2,UCC Beyond Throughput 5G dataset,data/raw/ucc_5g_context/5G-production-dataset/Netflix/Static/animated-RickandMorty/B_2019.11.26_09.27.10.csv,UL_bitrate,int64,1000,0,0.0,"[""0"", ""0"", ""0""]",1000
D2,UCC Beyond Throughput 5G dataset,data/raw/ucc_5g_context/5G-production-dataset/Netflix/Static/animated-RickandMorty/B_2019.11.26_09.27.10.csv,State,object,1000,0,0.0,"[""D"", ""I"", ""I""]",1000
D2,UCC Beyond Throughput 5G dataset,data/raw/ucc_5g_context/5G-production-dataset/Netflix/Static/animated-RickandMorty/B_2019.11.26_09.27.10.csv,PINGAVG,object,1000,0,0.0,"[""-"", ""-"", ""-""]",1000
D2,UCC Beyond Throughput 5G dataset,data/raw/ucc_5g_context/5G-production-dataset/Netflix/Static/animated-RickandMorty/B_2019.11.26_09.27.10.csv,PINGMIN,object,1000,0,0.0,"[""-"", ""-"", ""-""]",1000
D2,UCC Beyond Throughput 5G dataset,data/raw/ucc_5g_context/5G-production-dataset/Netflix/Static/animated-RickandMorty/B_2019.11.26_09.27.10.csv,PINGMAX,object,1000,0,0.0,"[""-"", ""-"", ""-""]",1000
D2,UCC Beyond Throughput 5G dataset,data/raw/ucc_5g_context/5G-production-dataset/Netflix/Static/animated-RickandMorty/B_2019.11.26_09.27.10.csv,PINGSTDEV,object,1000,0,0.0,"[""-"", ""-"", ""-""]",1000
D2,UCC Beyond Throughput 5G dataset,data/raw/ucc_5g_context/5G-production-dataset/Netflix/Static/animated-RickandMorty/B_2019.11.26_09.27.10.csv,PINGLOSS,object,1000,0,0.0,"[""-"", ""-"", ""-""]",1000
D2,UCC Beyond Throughput 5G dataset,data/raw/ucc_5g_context/5G-production-dataset/Netflix/Static/animated-RickandMorty/B_2019.11.26_09.27.10.csv,CELLHEX,object,1000,0,0.0,"[""B"", ""B"", ""B""]",1000
D2,UCC Beyond Throughput 5G dataset,data/raw/ucc_5g_context/5G-production-dataset/Netflix/Static/animated-RickandMorty/B_2019.11.26_09.27.10.csv,NODEHEX,object,1000,0,0.0,"[""A9AA"", ""A9AA"", ""A9AA""]",1000
D2,UCC Beyond Throughput 5G dataset,data/raw/ucc_5g_context/5G-production-dataset/Netflix/Static/animated-RickandMorty/B_2019.11.26_09.27.10.csv,LACHEX,object,1000,0,0.0,"[""9CBA"", ""9CBA"", ""9CBA""]",1000
D2,UCC Beyond Throughput 5G dataset,data/raw/ucc_5g_context/5G-production-dataset/Netflix/Static/animated-RickandMorty/B_2019.11.26_09.27.10.csv,RAWCELLID,int64,1000,0,0.0,"[""11119115"", ""11119115"", ""11119115""]",1000
D2,UCC Beyond Throughput 5G dataset,data/raw/ucc_5g_context/5G-production-dataset/Netflix/Static/animated-RickandMorty/B_2019.11.26_09.27.10.csv,NRxRSRP,int64,1000,0,0.0,"[""-81"", ""-81"", ""-81""]",1000
D2,UCC Beyond Throughput 5G dataset,data/raw/ucc_5g_context/5G-production-dataset/Netflix/Static/animated-RickandMorty/B_2019.11.26_09.27.10.csv,NRxRSRQ,int64,1000,0,0.0,"[""-9"", ""-9"", ""-9""]",1000
D2,UCC Beyond Throughput 5G dataset,data/raw/ucc_5g_context/5G-production-dataset/Netflix/Static/animated-RickandMorty/B_2019.11.28_08.02.19.csv,Timestamp,object,1000,0,0.0,"[""2019.11.28_08.02.20"", ""2019.11.28_08.02.21"", ""2019.11.28_08.02.22""]",1000
D2,UCC Beyond Throughput 5G dataset,data/raw/ucc_5g_context/5G-production-dataset/Netflix/Static/animated-RickandMorty/B_2019.11.28_08.02.19.csv,Longitude,float64,1000,0,0.0,"[""-8.483130000000001"", ""-8.483130000000001"", ""-8.483130000000001""]",1000
D2,UCC Beyond Throughput 5G dataset,data/raw/ucc_5g_context/5G-production-dataset/Netflix/Static/animated-RickandMorty/B_2019.11.28_08.02.19.csv,Latitude,float64,1000,0,0.0,"[""51.899221"", ""51.899221"", ""51.899221""]",1000
D2,UCC Beyond Throughput 5G dataset,data/raw/ucc_5g_context/5G-production-dataset/Netflix/Static/animated-RickandMorty/B_2019.11.28_08.02.19.csv,Speed,int64,1000,0,0.0,"[""0"", ""0"", ""0""]",1000
D2,UCC Beyond Throughput 5G dataset,data/raw/ucc_5g_context/5G-production-dataset/Netflix/Static/animated-RickandMorty/B_2019.11.28_08.02.19.csv,Operatorname,object,1000,0,0.0,"[""B"", ""B"", ""B""]",1000
D2,UCC Beyond Throughput 5G dataset,data/raw/ucc_5g_context/5G-production-dataset/Netflix/Static/animated-RickandMorty/B_2019.11.28_08.02.19.csv,CellID,int64,1000,0,0.0,"[""11"", ""11"", ""11""]",1000
D2,UCC Beyond Throughput 5G dataset,data/raw/ucc_5g_context/5G-production-dataset/Netflix/Static/animated-RickandMorty/B_2019.11.28_08.02.19.csv,NetworkMode,object,1000,0,0.0,"[""5G"", ""5G"", ""5G""]",1000
D2,UCC Beyond Throughput 5G dataset,data/raw/ucc_5g_context/5G-production-dataset/Netflix/Static/animated-RickandMorty/B_2019.11.28_08.02.19.csv,RSRP,int64,1000,0,0.0,"[""-92"", ""-91"", ""-91""]",1000
D2,UCC Beyond Throughput 5G dataset,data/raw/ucc_5g_context/5G-production-dataset/Netflix/Static/animated-RickandMorty/B_2019.11.28_08.02.19.csv,RSRQ,int64,1000,0,0.0,"[""-12"", ""-16"", ""-16""]",1000
D2,UCC Beyond Throughput 5G dataset,data/raw/ucc_5g_context/5G-production-dataset/Netflix/Static/animated-RickandMorty/B_2019.11.28_08.02.19.csv,SNR,float64,1000,0,0.0,"[""-6.0"", ""2.0"", ""2.0""]",1000
D2,UCC Beyond Throughput 5G dataset,data/raw/ucc_5g_context/5G-production-dataset/Netflix/Static/animated-RickandMorty/B_2019.11.28_08.02.19.csv,CQI,int64,1000,0,0.0,"[""10"", ""10"", ""10""]",1000
D2,UCC Beyond Throughput 5G dataset,data/raw/ucc_5g_context/5G-production-dataset/Netflix/Static/animated-RickandMorty/B_2019.11.28_08.02.19.csv,RSSI,object,1000,0,0.0,"[""-66"", ""-66"", ""-""]",1000
D2,UCC Beyond Throughput 5G dataset,data/raw/ucc_5g_context/5G-production-dataset/Netflix/Static/animated-RickandMorty/B_2019.11.28_08.02.19.csv,DL_bitrate,int64,1000,0,0.0,"[""0"", ""0"", ""6""]",1000
D2,UCC Beyond Throughput 5G dataset,data/raw/ucc_5g_context/5G-production-dataset/Netflix/Static/animated-RickandMorty/B_2019.11.28_08.02.19.csv,UL_bitrate,int64,1000,0,0.0,"[""0"", ""0"", ""6""]",1000
D2,UCC Beyond Throughput 5G dataset,data/raw/ucc_5g_context/5G-production-dataset/Netflix/Static/animated-RickandMorty/B_2019.11.28_08.02.19.csv,State,object,1000,0,0.0,"[""I"", ""I"", ""D""]",1000
D2,UCC Beyond Throughput 5G dataset,data/raw/ucc_5g_context/5G-production-dataset/Netflix/Static/animated-RickandMorty/B_2019.11.28_08.02.19.csv,PINGAVG,object,1000,0,0.0,"[""-"", ""-"", ""-""]",1000
D2,UCC Beyond Throughput 5G dataset,data/raw/ucc_5g_context/5G-production-dataset/Netflix/Static/animated-RickandMorty/B_2019.11.28_08.02.19.csv,PINGMIN,object,1000,0,0.0,"[""-"", ""-"", ""-""]",1000
D2,UCC Beyond Throughput 5G dataset,data/raw/ucc_5g_context/5G-production-dataset/Netflix/Static/animated-RickandMorty/B_2019.11.28_08.02.19.csv,PINGMAX,object,1000,0,0.0,"[""-"", ""-"", ""-""]",1000
D2,UCC Beyond Throughput 5G dataset,data/raw/ucc_5g_context/5G-production-dataset/Netflix/Static/animated-RickandMorty/B_2019.11.28_08.02.19.csv,PINGSTDEV,object,1000,0,0.0,"[""-"", ""-"", ""-""]",1000
D2,UCC Beyond Throughput 5G dataset,data/raw/ucc_5g_context/5G-production-dataset/Netflix/Static/animated-RickandMorty/B_2019.11.28_08.02.19.csv,PINGLOSS,object,1000,0,0.0,"[""-"", ""-"", ""-""]",1000
D2,UCC Beyond Throughput 5G dataset,data/raw/ucc_5g_context/5G-production-dataset/Netflix/Static/animated-RickandMorty/B_2019.11.28_08.02.19.csv,CELLHEX,object,1000,0,0.0,"[""B"", ""B"", ""B""]",1000
D2,UCC Beyond Throughput 5G dataset,data/raw/ucc_5g_context/5G-production-dataset/Netflix/Static/animated-RickandMorty/B_2019.11.28_08.02.19.csv,NODEHEX,object,1000,0,0.0,"[""A9AA"", ""A9AA"", ""A9AA""]",1000
D2,UCC Beyond Throughput 5G dataset,data/raw/ucc_5g_context/5G-production-dataset/Netflix/Static/animated-RickandMorty/B_2019.11.28_08.02.19.csv,LACHEX,object,1000,0,0.0,"[""9CBA"", ""9CBA"", ""9CBA""]",1000
D2,UCC Beyond Throughput 5G dataset,data/raw/ucc_5g_context/5G-production-dataset/Netflix/Static/animated-RickandMorty/B_2019.11.28_08.02.19.csv,RAWCELLID,int64,1000,0,0.0,"[""11119115"", ""11119115"", ""11119115""]",1000
D2,UCC Beyond Throughput 5G dataset,data/raw/ucc_5g_context/5G-production-dataset/Netflix/Static/animated-RickandMorty/B_2019.11.28_08.02.19.csv,NRxRSRP,int64,1000,0,0.0,"[""-82"", ""-82"", ""-82""]",1000
D2,UCC Beyond Throughput 5G dataset,data/raw/ucc_5g_context/5G-production-dataset/Netflix/Static/animated-RickandMorty/B_2019.11.28_08.02.19.csv,NRxRSRQ,int64,1000,0,0.0,"[""0"", ""0"", ""0""]",1000
D3,5G Campus Network QoS Dataset,data/raw/campus_qos/ntnu_tput_all_Throughput.csv,Unnamed: 0,int64,142,0,0.0,"[""1"", ""2"", ""3""]",1000
D3,5G Campus Network QoS Dataset,data/raw/campus_qos/ntnu_tput_all_Throughput.csv,mbpsactual_uplink,float64,142,0,0.0,"[""9.16454531161931"", ""9.24433684948868"", ""9.03115079057389""]",1000
D3,5G Campus Network QoS Dataset,data/raw/campus_qos/ntnu_tput_all_Throughput.csv,mbpsactual_downlink,float64,142,0,0.0,"[""63.0625816571705"", ""61.3391202579863"", ""62.0017960639726""]",1000
D3,5G Campus Network QoS Dataset,data/raw/campus_qos/ntnu_tput_all_Throughput.csv,meanjitterms_uplink,float64,142,0,0.0,"[""2.57609566213697"", ""2.05975243099731"", ""2.1342471613837""]",1000
D3,5G Campus Network QoS Dataset,data/raw/campus_qos/ntnu_tput_all_Throughput.csv,meanjitterms_downlink,float64,142,0,0.0,"[""0.167106290758401"", ""0.164787150197598"", ""0.163894951991056""]",1000
D3,5G Campus Network QoS Dataset,data/raw/campus_qos/ntnu_tput_all_Throughput.csv,meanloss_uplink,float64,142,0,0.0,"[""0.626923633207984"", ""0.624889170817505"", ""0.633603472392461""]",1000
D3,5G Campus Network QoS Dataset,data/raw/campus_qos/ntnu_tput_all_Throughput.csv,meanloss_downlink,float64,142,0,0.0,"[""0.142664457769503"", ""0.165254548211779"", ""0.15719084790071""]",1000
D3,5G Campus Network QoS Dataset,data/raw/campus_qos/ntnu_tput_all_Throughput.csv,gnb,object,142,0,0.0,"[""oai"", ""oai"", ""oai""]",1000
D3,5G Campus Network QoS Dataset,data/raw/campus_qos/ntnu_tput_all_Throughput.csv,sdr,object,142,0,0.0,"[""b200"", ""b200"", ""b200""]",1000
D3,5G Campus Network QoS Dataset,data/raw/campus_qos/ntnu_tput_all_Throughput.csv,bw,int64,142,0,0.0,"[""20"", ""20"", ""20""]",1000
D3,5G Campus Network QoS Dataset,data/raw/campus_qos/ntnu_tput_all_Throughput.csv,slots,int64,142,0,0.0,"[""10"", ""10"", ""10""]",1000
D3,5G Campus Network QoS Dataset,data/raw/campus_qos/ntnu_tput_all_Throughput.csv,ratio,int64,142,0,0.0,"[""2"", ""2"", ""2""]",1000
D3,5G Campus Network QoS Dataset,data/raw/campus_qos/ntnu_tput_all_Throughput.csv,mbpsoffered_uplink,int64,142,0,0.0,"[""25"", ""25"", ""25""]",1000
D3,5G Campus Network QoS Dataset,data/raw/campus_qos/ntnu_tput_all_Throughput.csv,mbpsoffered_downlink,int64,142,0,0.0,"[""75"", ""75"", ""75""]",1000
D3,5G Campus Network QoS Dataset,data/raw/campus_qos/ntnu_tput_all_Throughput.csv,rep,int64,142,0,0.0,"[""1"", ""2"", ""3""]",1000
D3,5G Campus Network QoS Dataset,data/raw/campus_qos/ntnu_tput_all_Throughput.csv,scenario,object,142,0,0.0,"[""oai_b200_20mhz_10slots_ratio2_25up_75down_rep1"", ""oai_b200_20mhz_10slots_ratio2_25up_75down_rep2"", ""oai_b200_20mhz_10slots_ratio2_25up_75down_rep3""]",1000
D3,5G Campus Network QoS Dataset,data/raw/campus_qos/wue_tput_all_Throughput.csv,Unnamed: 0,int64,160,0,0.0,"[""1"", ""2"", ""3""]",1000
D3,5G Campus Network QoS Dataset,data/raw/campus_qos/wue_tput_all_Throughput.csv,mbpsactual_uplink,float64,160,0,0.0,"[""7.74633316805256"", ""7.39615024527745"", ""7.80992756981667""]",1000
D3,5G Campus Network QoS Dataset,data/raw/campus_qos/wue_tput_all_Throughput.csv,mbpsactual_downlink,float64,160,0,0.0,"[""61.0217960807905"", ""61.1897600423679"", ""61.4200247046395""]",1000
D3,5G Campus Network QoS Dataset,data/raw/campus_qos/wue_tput_all_Throughput.csv,meanjitterms_uplink,float64,160,0,0.0,"[""2.53655650664272"", ""2.64872361628879"", ""3.13907693482545""]",1000
D3,5G Campus Network QoS Dataset,data/raw/campus_qos/wue_tput_all_Throughput.csv,meanjitterms_downlink,float64,160,0,0.0,"[""0.276908116381954"", ""0.135301999776325"", ""0.15099761798342""]",1000
D3,5G Campus Network QoS Dataset,data/raw/campus_qos/wue_tput_all_Throughput.csv,meanloss_uplink,float64,160,0,0.0,"[""0.0"", ""0.0"", ""0.0""]",1000
D3,5G Campus Network QoS Dataset,data/raw/campus_qos/wue_tput_all_Throughput.csv,meanloss_downlink,float64,160,0,0.0,"[""0.168931720380098"", ""0.165938639966093"", ""0.163171401844442""]",1000
D3,5G Campus Network QoS Dataset,data/raw/campus_qos/wue_tput_all_Throughput.csv,gnb,object,160,0,0.0,"[""oai"", ""oai"", ""oai""]",1000
D3,5G Campus Network QoS Dataset,data/raw/campus_qos/wue_tput_all_Throughput.csv,sdr,object,160,0,0.0,"[""b200"", ""b200"", ""b200""]",1000
D3,5G Campus Network QoS Dataset,data/raw/campus_qos/wue_tput_all_Throughput.csv,bw,int64,160,0,0.0,"[""20"", ""20"", ""20""]",1000
D3,5G Campus Network QoS Dataset,data/raw/campus_qos/wue_tput_all_Throughput.csv,slots,int64,160,0,0.0,"[""10"", ""10"", ""10""]",1000
D3,5G Campus Network QoS Dataset,data/raw/campus_qos/wue_tput_all_Throughput.csv,ratio,int64,160,0,0.0,"[""2"", ""2"", ""2""]",1000
D3,5G Campus Network QoS Dataset,data/raw/campus_qos/wue_tput_all_Throughput.csv,mbpsoffered_uplink,int64,160,0,0.0,"[""25"", ""25"", ""25""]",1000
D3,5G Campus Network QoS Dataset,data/raw/campus_qos/wue_tput_all_Throughput.csv,mbpsoffered_downlink,int64,160,0,0.0,"[""75"", ""75"", ""75""]",1000
D3,5G Campus Network QoS Dataset,data/raw/campus_qos/wue_tput_all_Throughput.csv,rep,int64,160,0,0.0,"[""1"", ""2"", ""3""]",1000
D3,5G Campus Network QoS Dataset,data/raw/campus_qos/wue_tput_all_Throughput.csv,scenario,object,160,0,0.0,"[""oai_b200_20mhz_10slots_ratio2_25up_75down_rep1"", ""oai_b200_20mhz_10slots_ratio2_25up_75down_rep2"", ""oai_b200_20mhz_10slots_ratio2_25up_75down_rep3""]",1000
