edge_id,source_node_id,target_node_id,edge_type,graph_view,is_directed,edge_weight,row_count,support_fraction,degraded_count,degradation_rate,baseline_degradation_rate,degradation_lift,source_context_family,target_context_family
edge_befd0da72a1400ec12,context_cooccurrence:context_value:application_browse:3d1bd585d2bd,context_cooccurrence:context_value:area_type_urban:56fedb3ecc6c,context_cooccurs,context_cooccurrence,False,12432.0,12432,0.24864,5691,0.4577702702702703,0.50716,0.9026150924171272,application,area_type
edge_6af87b20812d854a5f,context_cooccurrence:context_value:application_browse:3d1bd585d2bd,context_cooccurrence:context_value:congestion_medium:1096e9812b9e,context_cooccurs,context_cooccurrence,False,5374.0,5374,0.10748,2055,0.3823967249720878,0.50716,0.7539962240162627,application,congestion
edge_d91622599b50534c8e,context_cooccurrence:context_value:application_browse:3d1bd585d2bd,context_cooccurrence:context_value:infrastructure_nominal:86f0c6eb721b,context_cooccurs,context_cooccurrence,False,9373.0,9373,0.18746,4362,0.4653792809132615,0.50716,0.9176182682255332,application,infrastructure
edge_2a3acc041886a14621,context_cooccurrence:context_value:application_browse:3d1bd585d2bd,context_cooccurrence:context_value:mobility_static:d34206ea58e5,context_cooccurs,context_cooccurrence,False,6204.0,6204,0.12408,2528,0.4074790457769181,0.50716,0.803452649611401,application,mobility
edge_22cf3dc627882eebf1,context_cooccurrence:context_value:application_browse:3d1bd585d2bd,context_cooccurrence:context_value:network_type_4g:3830d9ef62b5,context_cooccurs,context_cooccurrence,False,3134.0,3134,0.06268,2017,0.6435864709636248,0.50716,1.2690008497587046,application,network_type
edge_cd43a787206609a1c5,context_cooccurrence:context_value:application_browse:3d1bd585d2bd,context_cooccurrence:context_value:obstruction_medium:3ea6ce2a44a8,context_cooccurs,context_cooccurrence,False,5128.0,5128,0.10256,2366,0.46138845553822155,0.50716,0.9097493010849071,application,obstruction
edge_963a8ebfa7e98056c6,context_cooccurrence:context_value:application_browse:3d1bd585d2bd,context_cooccurrence:context_value:radio_band_lte_anchor:34e50eb9270d,context_cooccurs,context_cooccurrence,False,3134.0,3134,0.06268,2017,0.6435864709636248,0.50716,1.2690008497587046,application,radio_band
edge_18eafb06761e6933c0,context_cooccurrence:context_value:application_browse:3d1bd585d2bd,context_cooccurrence:context_value:time_bin_night:908d2968c559,context_cooccurs,context_cooccurrence,False,3156.0,3156,0.06312,1265,0.40082382762991126,0.50716,0.7903301278293068,application,time_bin
edge_aff409d1a7026e61fb,context_cooccurrence:context_value:application_browse:3d1bd585d2bd,context_cooccurrence:context_value:tower_load_moderate:ff95aa01d274,context_cooccurs,context_cooccurrence,False,3694.0,3694,0.07388,1637,0.4431510557661072,0.50716,0.8737894466560989,application,tower_load
edge_82d2317f072e02e20c,context_cooccurrence:context_value:application_browse:3d1bd585d2bd,context_cooccurrence:context_value:weather_clear:8bab34b7cb82,context_cooccurs,context_cooccurrence,False,8790.0,8790,0.1758,3755,0.4271899886234357,0.50716,0.8423179837200009,application,weather
edge_0cd44a3e2f796f4cca,context_cooccurrence:context_value:area_type_urban:56fedb3ecc6c,context_cooccurrence:context_value:congestion_medium:1096e9812b9e,context_cooccurs,context_cooccurrence,False,21674.0,21674,0.43348,9439,0.4354987542677863,0.50716,0.858700911483134,area_type,congestion
edge_761c943e3fb6e11a55,context_cooccurrence:context_value:area_type_urban:56fedb3ecc6c,context_cooccurrence:context_value:infrastructure_nominal:86f0c6eb721b,context_cooccurs,context_cooccurrence,False,37600.0,37600,0.752,19263,0.512313829787234,0.50716,1.0101621377617203,area_type,infrastructure
edge_cfb440fc52f91216d0,context_cooccurrence:context_value:area_type_urban:56fedb3ecc6c,context_cooccurrence:context_value:mobility_static:d34206ea58e5,context_cooccurs,context_cooccurrence,False,25236.0,25236,0.50472,11657,0.46191948010778255,0.50716,0.9107963563920312,area_type,mobility
edge_91525a95f48f004dcb,context_cooccurrence:context_value:area_type_urban:56fedb3ecc6c,context_cooccurrence:context_value:network_type_4g:3830d9ef62b5,context_cooccurs,context_cooccurrence,False,12390.0,12390,0.2478,8558,0.6907183212267958,0.50716,1.361933751137305,area_type,network_type
edge_15fd569406635fefc0,context_cooccurrence:context_value:area_type_urban:56fedb3ecc6c,context_cooccurrence:context_value:obstruction_medium:3ea6ce2a44a8,context_cooccurs,context_cooccurrence,False,20620.0,20620,0.4124,10510,0.5096993210475267,0.50716,1.0050069426759338,area_type,obstruction
edge_5176e4a05cb6e1f038,context_cooccurrence:context_value:area_type_urban:56fedb3ecc6c,context_cooccurrence:context_value:radio_band_lte_anchor:34e50eb9270d,context_cooccurs,context_cooccurrence,False,12390.0,12390,0.2478,8558,0.6907183212267958,0.50716,1.361933751137305,area_type,radio_band
edge_2e3e1cac8067914fac,context_cooccurrence:context_value:area_type_urban:56fedb3ecc6c,context_cooccurrence:context_value:time_bin_night:908d2968c559,context_cooccurs,context_cooccurrence,False,12616.0,12616,0.25232,5568,0.4413443246670894,0.50716,0.8702269987126141,area_type,time_bin
edge_b034c3d577a575d2fc,context_cooccurrence:context_value:area_type_urban:56fedb3ecc6c,context_cooccurrence:context_value:tower_load_moderate:ff95aa01d274,context_cooccurs,context_cooccurrence,False,14903.0,14903,0.29806,7316,0.4909078708984768,0.50716,0.9679546314742423,area_type,tower_load
edge_4c5ef2713b25a32a7e,context_cooccurrence:context_value:area_type_urban:56fedb3ecc6c,context_cooccurrence:context_value:weather_clear:8bab34b7cb82,context_cooccurs,context_cooccurrence,False,35160.0,35160,0.7032,16865,0.47966439135381117,0.50716,0.9457851395098413,area_type,weather
edge_ad2c5fd13cc4bed4ee,context_cooccurrence:context_value:congestion_medium:1096e9812b9e,context_cooccurrence:context_value:infrastructure_nominal:86f0c6eb721b,context_cooccurs,context_cooccurrence,False,16310.0,16310,0.3262,7180,0.44022072348252606,0.50716,0.8680115219704354,congestion,infrastructure
edge_50a5a6818c0d8840ce,context_cooccurrence:context_value:congestion_medium:1096e9812b9e,context_cooccurrence:context_value:mobility_static:d34206ea58e5,context_cooccurs,context_cooccurrence,False,10788.0,10788,0.21576,4209,0.39015572858731923,0.50716,0.7692951506177916,congestion,mobility
edge_380c98502f5d62c377,context_cooccurrence:context_value:congestion_medium:1096e9812b9e,context_cooccurrence:context_value:network_type_4g:3830d9ef62b5,context_cooccurs,context_cooccurrence,False,5391.0,5391,0.10782,3408,0.6321647189760712,0.50716,1.2464798465495526,congestion,network_type
edge_0c266d0c46d437cc87,context_cooccurrence:context_value:congestion_medium:1096e9812b9e,context_cooccurrence:context_value:obstruction_medium:3ea6ce2a44a8,context_cooccurs,context_cooccurrence,False,8992.0,8992,0.17984,3938,0.43794483985765126,0.50716,0.8635240158089187,congestion,obstruction
edge_bac7f86ae1bc02550d,context_cooccurrence:context_value:congestion_medium:1096e9812b9e,context_cooccurrence:context_value:radio_band_lte_anchor:34e50eb9270d,context_cooccurs,context_cooccurrence,False,5391.0,5391,0.10782,3408,0.6321647189760712,0.50716,1.2464798465495526,congestion,radio_band
edge_4e2fe5d4f8f1c9c12c,context_cooccurrence:context_value:congestion_medium:1096e9812b9e,context_cooccurrence:context_value:time_bin_night:908d2968c559,context_cooccurs,context_cooccurrence,False,5265.0,5265,0.1053,2213,0.42032288698955367,0.50716,0.8287776776353688,congestion,time_bin
edge_6d7736a781012ae305,context_cooccurrence:context_value:congestion_medium:1096e9812b9e,context_cooccurrence:context_value:tower_load_moderate:ff95aa01d274,context_cooccurs,context_cooccurrence,False,11433.0,11433,0.22866,4958,0.4336569579288026,0.50716,0.8550693231500958,congestion,tower_load
edge_bff5d9cb0cadd5d69e,context_cooccurrence:context_value:congestion_medium:1096e9812b9e,context_cooccurrence:context_value:weather_clear:8bab34b7cb82,context_cooccurs,context_cooccurrence,False,15282.0,15282,0.30564,6252,0.40910875539850805,0.50716,0.8066660529192129,congestion,weather
edge_586014abacb83aa91e,context_cooccurrence:context_value:infrastructure_nominal:86f0c6eb721b,context_cooccurrence:context_value:mobility_static:d34206ea58e5,context_cooccurs,context_cooccurrence,False,18928.0,18928,0.37856,8867,0.4684594251901944,0.50716,0.9236915868566021,infrastructure,mobility
edge_3cbadac2bfdff7b465,context_cooccurrence:context_value:infrastructure_nominal:86f0c6eb721b,context_cooccurrence:context_value:network_type_4g:3830d9ef62b5,context_cooccurs,context_cooccurrence,False,9530.0,9530,0.1906,6614,0.69401888772298,0.50716,1.3684416904388752,infrastructure,network_type
edge_70104ccb69b91f20d7,context_cooccurrence:context_value:infrastructure_nominal:86f0c6eb721b,context_cooccurrence:context_value:obstruction_medium:3ea6ce2a44a8,context_cooccurs,context_cooccurrence,False,15440.0,15440,0.3088,7924,0.5132124352331606,0.50716,1.0119339759309893,infrastructure,obstruction
edge_fcf6d771413aacfbea,context_cooccurrence:context_value:infrastructure_nominal:86f0c6eb721b,context_cooccurrence:context_value:radio_band_lte_anchor:34e50eb9270d,context_cooccurs,context_cooccurrence,False,9530.0,9530,0.1906,6614,0.69401888772298,0.50716,1.3684416904388752,infrastructure,radio_band
edge_1b112700ebeead2c58,context_cooccurrence:context_value:infrastructure_nominal:86f0c6eb721b,context_cooccurrence:context_value:time_bin_night:908d2968c559,context_cooccurs,context_cooccurrence,False,9566.0,9566,0.19132,4286,0.4480451599414593,0.50716,0.8834394667194954,infrastructure,time_bin
edge_9eb629126c31eb3713,context_cooccurrence:context_value:infrastructure_nominal:86f0c6eb721b,context_cooccurrence:context_value:tower_load_moderate:ff95aa01d274,context_cooccurs,context_cooccurrence,False,11285.0,11285,0.2257,5583,0.4947275143996456,0.50716,0.9754860683012176,infrastructure,tower_load
edge_23b5f8bb6fe4277cf5,context_cooccurrence:context_value:infrastructure_nominal:86f0c6eb721b,context_cooccurrence:context_value:weather_clear:8bab34b7cb82,context_cooccurs,context_cooccurrence,False,26220.0,26220,0.5244,12715,0.4849351639969489,0.50716,0.9561778610240336,infrastructure,weather
edge_2b663152de94402915,context_cooccurrence:context_value:mobility_static:d34206ea58e5,context_cooccurrence:context_value:network_type_4g:3830d9ef62b5,context_cooccurs,context_cooccurrence,False,6201.0,6201,0.12402,4003,0.6455410417674569,0.50716,1.2728548027593989,mobility,network_type
edge_42ef7d58551131b04b,context_cooccurrence:context_value:mobility_static:d34206ea58e5,context_cooccurrence:context_value:obstruction_medium:3ea6ce2a44a8,context_cooccurs,context_cooccurrence,False,10703.0,10703,0.21406,5024,0.4694011024946277,0.50716,0.9255483525803053,mobility,obstruction
edge_13f81215195c203665,context_cooccurrence:context_value:mobility_static:d34206ea58e5,context_cooccurrence:context_value:radio_band_lte_anchor:34e50eb9270d,context_cooccurs,context_cooccurrence,False,6201.0,6201,0.12402,4003,0.6455410417674569,0.50716,1.2728548027593989,mobility,radio_band
edge_7fa386568658c32102,context_cooccurrence:context_value:mobility_static:d34206ea58e5,context_cooccurrence:context_value:time_bin_night:908d2968c559,context_cooccurs,context_cooccurrence,False,6250.0,6250,0.125,2482,0.39712,0.50716,0.7830270526066723,mobility,time_bin
edge_c0e79bb19335a78304,context_cooccurrence:context_value:mobility_static:d34206ea58e5,context_cooccurrence:context_value:tower_load_moderate:ff95aa01d274,context_cooccurs,context_cooccurrence,False,7550.0,7550,0.151,3351,0.443841059602649,0.50716,0.8751499716118167,mobility,tower_load
edge_1d6c4f21d5162aa1f7,context_cooccurrence:context_value:mobility_static:d34206ea58e5,context_cooccurrence:context_value:weather_clear:8bab34b7cb82,context_cooccurs,context_cooccurrence,False,17760.0,17760,0.3552,7657,0.4311373873873874,0.50716,0.8501013238177051,mobility,weather
edge_b889cfebeaf6e88eb9,context_cooccurrence:context_value:network_type_4g:3830d9ef62b5,context_cooccurrence:context_value:obstruction_medium:3ea6ce2a44a8,context_cooccurs,context_cooccurrence,False,5470.0,5470,0.1094,3826,0.6994515539305302,0.50716,1.3791536279093977,network_type,obstruction
edge_c9d467a1515e743caa,context_cooccurrence:context_value:network_type_4g:3830d9ef62b5,context_cooccurrence:context_value:radio_band_lte_anchor:34e50eb9270d,context_cooccurs,context_cooccurrence,False,12390.0,12390,0.2478,8558,0.6907183212267958,0.50716,1.361933751137305,network_type,radio_band
edge_bfebd3cbd5275c7302,context_cooccurrence:context_value:network_type_4g:3830d9ef62b5,context_cooccurrence:context_value:time_bin_night:908d2968c559,context_cooccurs,context_cooccurrence,False,3075.0,3075,0.0615,2006,0.6523577235772358,0.50716,1.2862956928331013,network_type,time_bin
edge_2c9dbe5ee071cf0b6b,context_cooccurrence:context_value:network_type_4g:3830d9ef62b5,context_cooccurrence:context_value:tower_load_moderate:ff95aa01d274,context_cooccurs,context_cooccurrence,False,3745.0,3745,0.0749,2546,0.6798397863818425,0.50716,1.3404838441159446,network_type,tower_load
edge_b9735f9dfb372ca761,context_cooccurrence:context_value:network_type_4g:3830d9ef62b5,context_cooccurrence:context_value:weather_clear:8bab34b7cb82,context_cooccurs,context_cooccurrence,False,8900.0,8900,0.178,5936,0.6669662921348315,0.50716,1.3151003472963787,network_type,weather
edge_99d3a4905e733f896e,context_cooccurrence:context_value:obstruction_medium:3ea6ce2a44a8,context_cooccurrence:context_value:radio_band_lte_anchor:34e50eb9270d,context_cooccurs,context_cooccurrence,False,5470.0,5470,0.1094,3826,0.6994515539305302,0.50716,1.3791536279093977,obstruction,radio_band
edge_0d69fc6e2b42054459,context_cooccurrence:context_value:obstruction_medium:3ea6ce2a44a8,context_cooccurrence:context_value:time_bin_night:908d2968c559,context_cooccurs,context_cooccurrence,False,5157.0,5157,0.10314,2299,0.44580182276517355,0.50716,0.8790161344845285,obstruction,time_bin
edge_88b29f3c5be3631023,context_cooccurrence:context_value:obstruction_medium:3ea6ce2a44a8,context_cooccurrence:context_value:tower_load_moderate:ff95aa01d274,context_cooccurs,context_cooccurrence,False,6124.0,6124,0.12248,3022,0.49346832135858915,0.50716,0.9730032363723264,obstruction,tower_load
edge_3fb085dda062abb238,context_cooccurrence:context_value:obstruction_medium:3ea6ce2a44a8,context_cooccurrence:context_value:weather_clear:8bab34b7cb82,context_cooccurs,context_cooccurrence,False,14440.0,14440,0.2888,6935,0.48026315789473684,0.50716,0.9469657660200662,obstruction,weather
edge_3b7f636768ee16c7fe,context_cooccurrence:context_value:radio_band_lte_anchor:34e50eb9270d,context_cooccurrence:context_value:time_bin_night:908d2968c559,context_cooccurs,context_cooccurrence,False,3075.0,3075,0.0615,2006,0.6523577235772358,0.50716,1.2862956928331013,radio_band,time_bin
edge_4c0753f120dd9973ce,context_cooccurrence:context_value:radio_band_lte_anchor:34e50eb9270d,context_cooccurrence:context_value:tower_load_moderate:ff95aa01d274,context_cooccurs,context_cooccurrence,False,3745.0,3745,0.0749,2546,0.6798397863818425,0.50716,1.3404838441159446,radio_band,tower_load
edge_08fab2308891868718,context_cooccurrence:context_value:radio_band_lte_anchor:34e50eb9270d,context_cooccurrence:context_value:weather_clear:8bab34b7cb82,context_cooccurs,context_cooccurrence,False,8900.0,8900,0.178,5936,0.6669662921348315,0.50716,1.3151003472963787,radio_band,weather
edge_d84f8709ac92a29c26,context_cooccurrence:context_value:time_bin_night:908d2968c559,context_cooccurrence:context_value:tower_load_moderate:ff95aa01d274,context_cooccurs,context_cooccurrence,False,3711.0,3711,0.07422,1598,0.430611694960927,0.50716,0.8490647822401746,time_bin,tower_load
edge_6dcecdcd501f9d9c7d,context_cooccurrence:context_value:time_bin_night:908d2968c559,context_cooccurrence:context_value:weather_clear:8bab34b7cb82,context_cooccurs,context_cooccurrence,False,8729.0,8729,0.17458,3585,0.41069996563180206,0.50716,0.8098035445062741,time_bin,weather
edge_1d39305f43a28caabc,context_cooccurrence:context_value:tower_load_moderate:ff95aa01d274,context_cooccurrence:context_value:weather_clear:8bab34b7cb82,context_cooccurs,context_cooccurrence,False,10463.0,10463,0.20926,4836,0.4622001338048361,0.50716,0.9113497393422905,tower_load,weather
edge_fdfc158616232230a6,context_cooccurrence:context_value:application_browse:3d1bd585d2bd,context_cooccurrence:context_value:congestion_high:9d9dddd17c8c,context_cooccurs,context_cooccurrence,False,4832.0,4832,0.09664,3015,0.6239652317880795,0.50716,1.2303123901492221,application,congestion
edge_35b3cc4ed9ea6ca8f1,context_cooccurrence:context_value:application_browse:3d1bd585d2bd,context_cooccurrence:context_value:tower_load_heavy:a49aed9efbc6,context_cooccurs,context_cooccurrence,False,2526.0,2526,0.05052,1574,0.6231195566112431,0.50716,1.2286449179967722,application,tower_load
edge_337a4325e8ef695dbc,context_cooccurrence:context_value:area_type_urban:56fedb3ecc6c,context_cooccurrence:context_value:congestion_high:9d9dddd17c8c,context_cooccurs,context_cooccurrence,False,19204.0,19204,0.38408,12968,0.6752759841699646,0.50716,1.3314851016838167,area_type,congestion
edge_1bfe4ca96ad69d77b2,context_cooccurrence:context_value:area_type_urban:56fedb3ecc6c,context_cooccurrence:context_value:tower_load_heavy:a49aed9efbc6,context_cooccurs,context_cooccurrence,False,10000.0,10000,0.2,6725,0.6725,0.50716,1.3260115151037146,area_type,tower_load
edge_a586b4e49b1b7a62e8,context_cooccurrence:context_value:congestion_high:9d9dddd17c8c,context_cooccurrence:context_value:infrastructure_nominal:86f0c6eb721b,context_cooccurs,context_cooccurrence,False,14429.0,14429,0.28858,9834,0.6815441125511124,0.50716,1.3438443736712522,congestion,infrastructure
edge_b9c66c65b3d9884a6d,context_cooccurrence:context_value:congestion_high:9d9dddd17c8c,context_cooccurrence:context_value:mobility_static:d34206ea58e5,context_cooccurs,context_cooccurrence,False,9681.0,9681,0.19362,6097,0.6297903109182935,0.50716,1.2417980734251388,congestion,mobility
edge_90e26e62d37209bf0c,context_cooccurrence:context_value:congestion_high:9d9dddd17c8c,context_cooccurrence:context_value:network_type_4g:3830d9ef62b5,context_cooccurs,context_cooccurrence,False,4711.0,4711,0.09422,4083,0.8666949692209722,0.50716,1.7089182293969796,congestion,network_type
edge_1eb615138abedec337,context_cooccurrence:context_value:congestion_high:9d9dddd17c8c,context_cooccurrence:context_value:obstruction_medium:3ea6ce2a44a8,context_cooccurs,context_cooccurrence,False,8018.0,8018,0.16036,5444,0.678972312297331,0.50716,1.338773389654805,congestion,obstruction
edge_88009ee83984e1da0f,context_cooccurrence:context_value:congestion_high:9d9dddd17c8c,context_cooccurrence:context_value:radio_band_lte_anchor:34e50eb9270d,context_cooccurs,context_cooccurrence,False,4711.0,4711,0.09422,4083,0.8666949692209722,0.50716,1.7089182293969796,congestion,radio_band
edge_3f2dfcdda1c106e4e0,context_cooccurrence:context_value:congestion_high:9d9dddd17c8c,context_cooccurrence:context_value:time_bin_night:908d2968c559,context_cooccurs,context_cooccurrence,False,3068.0,3068,0.06136,1996,0.6505867014341591,0.50716,1.2828036545353716,congestion,time_bin
edge_3efb326288bafd6e45,context_cooccurrence:context_value:congestion_high:9d9dddd17c8c,context_cooccurrence:context_value:tower_load_heavy:a49aed9efbc6,context_cooccurs,context_cooccurrence,False,10000.0,10000,0.2,6725,0.6725,0.50716,1.3260115151037146,congestion,tower_load
edge_702964b7b87e577946,context_cooccurrence:context_value:congestion_high:9d9dddd17c8c,context_cooccurrence:context_value:weather_clear:8bab34b7cb82,context_cooccurs,context_cooccurrence,False,13446.0,13446,0.26892,8737,0.6497843224750856,0.50716,1.2812215523209352,congestion,weather
edge_49d8f2f3d9983f6282,context_cooccurrence:context_value:infrastructure_nominal:86f0c6eb721b,context_cooccurrence:context_value:tower_load_heavy:a49aed9efbc6,context_cooccurs,context_cooccurrence,False,7501.0,7501,0.15002,5083,0.6776429809358753,0.50716,1.336152261487253,infrastructure,tower_load
edge_deedbf223b7b280e39,context_cooccurrence:context_value:mobility_static:d34206ea58e5,context_cooccurrence:context_value:tower_load_heavy:a49aed9efbc6,context_cooccurs,context_cooccurrence,False,5080.0,5080,0.1016,3195,0.6289370078740157,0.50716,1.2401155609157182,mobility,tower_load
edge_cad26106d9d2a3c17a,context_cooccurrence:context_value:network_type_4g:3830d9ef62b5,context_cooccurrence:context_value:tower_load_heavy:a49aed9efbc6,context_cooccurs,context_cooccurrence,False,2480.0,2480,0.0496,2168,0.8741935483870967,0.50716,1.7237036603578686,network_type,tower_load
edge_7e92ee60abe75d23c5,context_cooccurrence:context_value:obstruction_medium:3ea6ce2a44a8,context_cooccurrence:context_value:tower_load_heavy:a49aed9efbc6,context_cooccurs,context_cooccurrence,False,4252.0,4252,0.08504,2864,0.6735653809971778,0.50716,1.3281121953568453,obstruction,tower_load
edge_883d0a38f3bae7b922,context_cooccurrence:context_value:radio_band_lte_anchor:34e50eb9270d,context_cooccurrence:context_value:tower_load_heavy:a49aed9efbc6,context_cooccurs,context_cooccurrence,False,2480.0,2480,0.0496,2168,0.8741935483870967,0.50716,1.7237036603578686,radio_band,tower_load
edge_e8c80ca812fe88790f,context_cooccurrence:context_value:time_bin_night:908d2968c559,context_cooccurrence:context_value:tower_load_heavy:a49aed9efbc6,context_cooccurs,context_cooccurrence,False,2521.0,2521,0.05042,1653,0.6556921856406188,0.50716,1.2928704662051793,time_bin,tower_load
edge_c1b54cb760c84f81f7,context_cooccurrence:context_value:tower_load_heavy:a49aed9efbc6,context_cooccurrence:context_value:weather_clear:8bab34b7cb82,context_cooccurs,context_cooccurrence,False,7033.0,7033,0.14066,4525,0.6433954215839613,0.50716,1.2686241454057128,tower_load,weather
edge_e44a0f3e0725d4fa6f,context_cooccurrence:context_value:application_streaming:ca9f33603ddd,context_cooccurrence:context_value:area_type_urban:56fedb3ecc6c,context_cooccurs,context_cooccurrence,False,12626.0,12626,0.25252,8301,0.6574528750198004,0.50716,1.2963421307275818,application,area_type
edge_61e617670bcf3420e1,context_cooccurrence:context_value:application_streaming:ca9f33603ddd,context_cooccurrence:context_value:congestion_low:dc6f30abc825,context_cooccurs,context_cooccurrence,False,2365.0,2365,0.0473,1137,0.4807610993657505,0.50716,0.9479475892533923,application,congestion
edge_7198407623d36d0935,context_cooccurrence:context_value:application_streaming:ca9f33603ddd,context_cooccurrence:context_value:infrastructure_nominal:86f0c6eb721b,context_cooccurs,context_cooccurrence,False,9524.0,9524,0.19048,6270,0.6583368332633347,0.50716,1.2980850880655703,application,infrastructure
edge_da5b32108833cac400,context_cooccurrence:context_value:application_streaming:ca9f33603ddd,context_cooccurrence:context_value:mobility_static:d34206ea58e5,context_cooccurs,context_cooccurrence,False,6421.0,6421,0.12842,3973,0.6187509733686342,0.50716,1.2200311013657112,application,mobility
edge_346e8db8e0bd131364,context_cooccurrence:context_value:application_streaming:ca9f33603ddd,context_cooccurrence:context_value:network_type_4g:3830d9ef62b5,context_cooccurs,context_cooccurrence,False,3104.0,3104,0.06208,2475,0.7973582474226805,0.50716,1.5722025542682396,application,network_type
edge_5f0dc7b53750567067,context_cooccurrence:context_value:application_streaming:ca9f33603ddd,context_cooccurrence:context_value:obstruction_medium:3ea6ce2a44a8,context_cooccurs,context_cooccurrence,False,5266.0,5266,0.10532,3487,0.6621724268894796,0.50716,1.305647974780108,application,obstruction
edge_0e0db799d3836dd245,context_cooccurrence:context_value:application_streaming:ca9f33603ddd,context_cooccurrence:context_value:radio_band_lte_anchor:34e50eb9270d,context_cooccurs,context_cooccurrence,False,3104.0,3104,0.06208,2475,0.7973582474226805,0.50716,1.5722025542682396,application,radio_band
edge_f45a1852cf926448ab,context_cooccurrence:context_value:application_streaming:ca9f33603ddd,context_cooccurrence:context_value:time_bin_night:908d2968c559,context_cooccurs,context_cooccurrence,False,3135.0,3135,0.0627,1853,0.5910685805422647,0.50716,1.1654479464907814,application,time_bin
edge_85de6f687700cb1ef1,context_cooccurrence:context_value:application_streaming:ca9f33603ddd,context_cooccurrence:context_value:tower_load_light:a96b7363a32b,context_cooccurs,context_cooccurrence,False,6400.0,6400,0.128,3863,0.60359375,0.50716,1.1901446289139521,application,tower_load
edge_92b74f4a31feae995c,context_cooccurrence:context_value:application_streaming:ca9f33603ddd,context_cooccurrence:context_value:weather_clear:8bab34b7cb82,context_cooccurs,context_cooccurrence,False,8847.0,8847,0.17694,5624,0.6356957160619419,0.50716,1.2534421406694964,application,weather
edge_6911c211e78b757430,context_cooccurrence:context_value:area_type_urban:56fedb3ecc6c,context_cooccurrence:context_value:congestion_low:dc6f30abc825,context_cooccurs,context_cooccurrence,False,9122.0,9122,0.18244,2951,0.32350361762771324,0.50716,0.637872895393393,area_type,congestion
edge_efb90fa8b2ff8942c3,context_cooccurrence:context_value:area_type_urban:56fedb3ecc6c,context_cooccurrence:context_value:tower_load_light:a96b7363a32b,context_cooccurs,context_cooccurrence,False,25097.0,25097,0.50194,11317,0.4509303900864645,0.50716,0.889128460616895,area_type,tower_load
edge_2d994ff1b2b3c27501,context_cooccurrence:context_value:congestion_low:dc6f30abc825,context_cooccurrence:context_value:infrastructure_nominal:86f0c6eb721b,context_cooccurs,context_cooccurrence,False,6861.0,6861,0.13722,2249,0.32779478210173446,0.50716,0.6463340604577144,congestion,infrastructure
edge_b8c5563fd135a555a5,context_cooccurrence:context_value:congestion_low:dc6f30abc825,context_cooccurrence:context_value:mobility_static:d34206ea58e5,context_cooccurs,context_cooccurrence,False,4767.0,4767,0.09534,1351,0.2834067547723935,0.50716,0.5588113312808453,congestion,mobility
edge_484734f2ed78968c89,context_cooccurrence:context_value:congestion_low:dc6f30abc825,context_cooccurrence:context_value:network_type_4g:3830d9ef62b5,context_cooccurs,context_cooccurrence,False,2288.0,2288,0.04576,1067,0.46634615384615385,0.50716,0.919524713790823,congestion,network_type
edge_bac1f7bf799ac859f3,context_cooccurrence:context_value:congestion_low:dc6f30abc825,context_cooccurrence:context_value:obstruction_medium:3ea6ce2a44a8,context_cooccurs,context_cooccurrence,False,3610.0,3610,0.0722,1128,0.3124653739612188,0.50716,0.6161080802137763,congestion,obstruction
edge_e4c6cc67f60e74ccc2,context_cooccurrence:context_value:congestion_low:dc6f30abc825,context_cooccurrence:context_value:radio_band_lte_anchor:34e50eb9270d,context_cooccurs,context_cooccurrence,False,2288.0,2288,0.04576,1067,0.46634615384615385,0.50716,0.919524713790823,congestion,radio_band
edge_2e9626e3f2cec68f5b,context_cooccurrence:context_value:congestion_low:dc6f30abc825,context_cooccurrence:context_value:time_bin_night:908d2968c559,context_cooccurs,context_cooccurrence,False,4283.0,4283,0.08566,1359,0.31730095727293955,0.50716,0.6256427109254269,congestion,time_bin
edge_6613828720bdacbc87,context_cooccurrence:context_value:congestion_low:dc6f30abc825,context_cooccurrence:context_value:tower_load_light:a96b7363a32b,context_cooccurs,context_cooccurrence,False,9122.0,9122,0.18244,2951,0.32350361762771324,0.50716,0.637872895393393,congestion,tower_load
edge_4d500f6310b9f68e7e,context_cooccurrence:context_value:congestion_low:dc6f30abc825,context_cooccurrence:context_value:weather_clear:8bab34b7cb82,context_cooccurs,context_cooccurrence,False,6432.0,6432,0.12864,1876,0.2916666666666667,0.50716,0.575097930961958,congestion,weather
edge_b83ca312aba7a7c2e3,context_cooccurrence:context_value:infrastructure_nominal:86f0c6eb721b,context_cooccurrence:context_value:tower_load_light:a96b7363a32b,context_cooccurs,context_cooccurrence,False,18814.0,18814,0.37628,8597,0.4569469543956628,0.50716,0.9009917075393619,infrastructure,tower_load
edge_643c1fec42f35b1330,context_cooccurrence:context_value:mobility_static:d34206ea58e5,context_cooccurrence:context_value:tower_load_light:a96b7363a32b,context_cooccurs,context_cooccurrence,False,12606.0,12606,0.25212,5111,0.40544185308583214,0.50716,0.7994357857201516,mobility,tower_load
edge_d3669a5f94ff51aef7,context_cooccurrence:context_value:network_type_4g:3830d9ef62b5,context_cooccurrence:context_value:tower_load_light:a96b7363a32b,context_cooccurs,context_cooccurrence,False,6165.0,6165,0.1233,3844,0.6235198702351987,0.50716,1.2294342421231932,network_type,tower_load
edge_0136ba1db0bb7df648,context_cooccurrence:context_value:obstruction_medium:3ea6ce2a44a8,context_cooccurrence:context_value:tower_load_light:a96b7363a32b,context_cooccurs,context_cooccurrence,False,10244.0,10244,0.20488,4624,0.45138617727450214,0.50716,0.8900271655384929,obstruction,tower_load
edge_d8c27b16faa9bae029,context_cooccurrence:context_value:radio_band_lte_anchor:34e50eb9270d,context_cooccurrence:context_value:tower_load_light:a96b7363a32b,context_cooccurs,context_cooccurrence,False,6165.0,6165,0.1233,3844,0.6235198702351987,0.50716,1.2294342421231932,radio_band,tower_load
edge_65d3ab058999bdc1a5,context_cooccurrence:context_value:time_bin_night:908d2968c559,context_cooccurrence:context_value:tower_load_light:a96b7363a32b,context_cooccurs,context_cooccurrence,False,6384.0,6384,0.12768,2317,0.36293859649122806,0.50716,0.7156293802571734,time_bin,tower_load
edge_366b15893650906f32,context_cooccurrence:context_value:tower_load_light:a96b7363a32b,context_cooccurrence:context_value:weather_clear:8bab34b7cb82,context_cooccurs,context_cooccurrence,False,17664.0,17664,0.35328,7504,0.42481884057971014,0.50716,0.8376426385750259,tower_load,weather
edge_e011be45dbc6c39007,context_cooccurrence:context_value:application_call:285b8de10ee6,context_cooccurrence:context_value:area_type_urban:56fedb3ecc6c,context_cooccurs,context_cooccurrence,False,12373.0,12373,0.24746,4729,0.38220318435302675,0.50716,0.7536146075262771,application,area_type
edge_4f7cb8ce3d60f8d96a,context_cooccurrence:context_value:application_call:285b8de10ee6,context_cooccurrence:context_value:congestion_low:dc6f30abc825,context_cooccurs,context_cooccurrence,False,2204.0,2204,0.04408,335,0.15199637023593465,0.50716,0.2997010218391329,application,congestion
edge_7bb17724ada445ea62,context_cooccurrence:context_value:application_call:285b8de10ee6,context_cooccurrence:context_value:infrastructure_nominal:86f0c6eb721b,context_cooccurs,context_cooccurrence,False,9309.0,9309,0.18618,3625,0.3894080996884735,0.50716,0.7678210026194366,application,infrastructure
edge_89fa14a58e2c982e3c,context_cooccurrence:context_value:application_call:285b8de10ee6,context_cooccurrence:context_value:mobility_static:d34206ea58e5,context_cooccurs,context_cooccurrence,False,6248.0,6248,0.12496,2049,0.3279449423815621,0.50716,0.646630141141971,application,mobility
edge_6f627e62c44eb74ba8,context_cooccurrence:context_value:application_call:285b8de10ee6,context_cooccurrence:context_value:network_type_4g:3830d9ef62b5,context_cooccurs,context_cooccurrence,False,3103.0,3103,0.06206,1900,0.6123106670963584,0.50716,1.2073323351533212,application,network_type
edge_32503dfc9a99170a16,context_cooccurrence:context_value:application_call:285b8de10ee6,context_cooccurrence:context_value:obstruction_medium:3ea6ce2a44a8,context_cooccurs,context_cooccurrence,False,5015.0,5015,0.1003,1918,0.38245264207377866,0.50716,0.754106479363078,application,obstruction
edge_89208543c9a1de50f2,context_cooccurrence:context_value:application_call:285b8de10ee6,context_cooccurrence:context_value:radio_band_lte_anchor:34e50eb9270d,context_cooccurs,context_cooccurrence,False,3103.0,3103,0.06206,1900,0.6123106670963584,0.50716,1.2073323351533212,application,radio_band
edge_02bcab5be7162d8048,context_cooccurrence:context_value:application_call:285b8de10ee6,context_cooccurrence:context_value:time_bin_night:908d2968c559,context_cooccurs,context_cooccurrence,False,3134.0,3134,0.06268,945,0.301531589023612,0.50716,0.594549233030231,application,time_bin
edge_b503c51b7c377c928e,context_cooccurrence:context_value:application_call:285b8de10ee6,context_cooccurrence:context_value:tower_load_light:a96b7363a32b,context_cooccurs,context_cooccurrence,False,6197.0,6197,0.12394,1958,0.3159593351621752,0.50716,0.622997348296741,application,tower_load
edge_d0746f9b7686f8f70c,context_cooccurrence:context_value:application_call:285b8de10ee6,context_cooccurrence:context_value:weather_clear:8bab34b7cb82,context_cooccurs,context_cooccurrence,False,8720.0,8720,0.1744,3111,0.35676605504587156,0.50716,0.7034585831805968,application,weather
edge_0aaa5c40649ca5fff4,context_cooccurrence:context_value:application_gaming:def3dd30caeb,context_cooccurrence:context_value:area_type_urban:56fedb3ecc6c,context_cooccurs,context_cooccurrence,False,12569.0,12569,0.25138,6637,0.5280451905481741,0.50716,1.041180673846861,application,area_type
edge_4cda03aa20da0925ef,context_cooccurrence:context_value:application_gaming:def3dd30caeb,context_cooccurrence:context_value:congestion_low:dc6f30abc825,context_cooccurs,context_cooccurrence,False,2327.0,2327,0.04654,858,0.3687150837988827,0.50716,0.7270192519104083,application,congestion
edge_1f7b3de6eba4c5b46f,context_cooccurrence:context_value:application_gaming:def3dd30caeb,context_cooccurrence:context_value:infrastructure_nominal:86f0c6eb721b,context_cooccurs,context_cooccurrence,False,9394.0,9394,0.18788,5006,0.5328933361720247,0.50716,1.050740074477531,application,infrastructure
edge_a2009995f0e41b2158,context_cooccurrence:context_value:application_gaming:def3dd30caeb,context_cooccurrence:context_value:mobility_static:d34206ea58e5,context_cooccurs,context_cooccurrence,False,6363.0,6363,0.12726,3107,0.4882916863114883,0.50716,0.9627961320125566,application,mobility
edge_d1736ef1337a9f5368,context_cooccurrence:context_value:application_gaming:def3dd30caeb,context_cooccurrence:context_value:network_type_4g:3830d9ef62b5,context_cooccurs,context_cooccurrence,False,3049.0,3049,0.06098,2166,0.7103968514266973,0.50716,1.4007351751453134,application,network_type
edge_568f7e16895c9faf5b,context_cooccurrence:context_value:application_gaming:def3dd30caeb,context_cooccurrence:context_value:obstruction_medium:3ea6ce2a44a8,context_cooccurs,context_cooccurrence,False,5211.0,5211,0.10422,2739,0.5256188831318365,0.50716,1.0363965674182436,application,obstruction
edge_2211a66577a1e057ca,context_cooccurrence:context_value:application_gaming:def3dd30caeb,context_cooccurrence:context_value:radio_band_lte_anchor:34e50eb9270d,context_cooccurs,context_cooccurrence,False,3049.0,3049,0.06098,2166,0.7103968514266973,0.50716,1.4007351751453134,application,radio_band
edge_1950357f5e4e78c3d4,context_cooccurrence:context_value:application_gaming:def3dd30caeb,context_cooccurrence:context_value:time_bin_night:908d2968c559,context_cooccurs,context_cooccurrence,False,3191.0,3191,0.06382,1505,0.47163898464431214,0.50716,0.9299609287883747,application,time_bin
edge_e67e3ffa20dde60930,context_cooccurrence:context_value:application_gaming:def3dd30caeb,context_cooccurrence:context_value:tower_load_light:a96b7363a32b,context_cooccurs,context_cooccurrence,False,6288.0,6288,0.12576,3016,0.4796437659033079,0.50716,0.9457444709821512,application,tower_load
edge_2e6dbebee5c08dabcc,context_cooccurrence:context_value:application_gaming:def3dd30caeb,context_cooccurrence:context_value:weather_clear:8bab34b7cb82,context_cooccurs,context_cooccurrence,False,8803.0,8803,0.17606,4375,0.4969896626150176,0.50716,0.9799464914721538,application,weather
edge_148980d2eb48146323,context_cooccurrence:context_value:application_streaming:ca9f33603ddd,context_cooccurrence:context_value:congestion_medium:1096e9812b9e,context_cooccurs,context_cooccurrence,False,5477.0,5477,0.10954,3253,0.5939382873836042,0.50716,1.1711063320916557,application,congestion
edge_aa697f23eac74ea65a,context_cooccurrence:context_value:application_streaming:ca9f33603ddd,context_cooccurrence:context_value:tower_load_moderate:ff95aa01d274,context_cooccurs,context_cooccurrence,False,3685.0,3685,0.0737,2371,0.6434192672998643,0.50716,1.2686711635378662,application,tower_load
edge_a94598162cb7eb350a,context_cooccurrence:context_value:application_browse:3d1bd585d2bd,context_cooccurrence:context_value:tower_load_light:a96b7363a32b,context_cooccurs,context_cooccurrence,False,6212.0,6212,0.12424,2480,0.3992273019961365,0.50716,0.7871821555251527,application,tower_load
edge_5c9b0221434eecf6aa,context_cooccurrence:context_value:congestion_medium:1096e9812b9e,context_cooccurrence:context_value:tower_load_light:a96b7363a32b,context_cooccurs,context_cooccurrence,False,10241.0,10241,0.20482,4481,0.4375549262767308,0.50716,0.8627551981164342,congestion,tower_load
edge_3244aa79016cda8a0d,context_cooccurrence:context_value:application_call:285b8de10ee6,context_cooccurrence:context_value:congestion_high:9d9dddd17c8c,context_cooccurs,context_cooccurrence,False,4788.0,4788,0.09576,2756,0.5756056808688388,0.50716,1.1349587524032627,application,congestion
edge_0eb6c76a991dd0f960,context_cooccurrence:context_value:application_call:285b8de10ee6,context_cooccurrence:context_value:tower_load_heavy:a49aed9efbc6,context_cooccurs,context_cooccurrence,False,2419.0,2419,0.04838,1365,0.5642827614716825,0.50716,1.1126326237709647,application,tower_load
edge_82f350e0402e4b1f40,context_cooccurrence:context_value:application_call:285b8de10ee6,context_cooccurrence:context_value:congestion_medium:1096e9812b9e,context_cooccurs,context_cooccurrence,False,5381.0,5381,0.10762,1638,0.30440438580189555,0.50716,0.6002137112585684,application,congestion
edge_62b851c4dac1aa1244,context_cooccurrence:context_value:application_call:285b8de10ee6,context_cooccurrence:context_value:infrastructure_moderately_degraded:76839948dcb8,context_cooccurs,context_cooccurrence,False,2406.0,2406,0.04812,846,0.3516209476309227,0.50716,0.6933136438814628,application,infrastructure
edge_a95c7336b1ca47e327,context_cooccurrence:context_value:application_call:285b8de10ee6,context_cooccurrence:context_value:network_type_5g_nsa:1e446c34aabc,context_cooccurs,context_cooccurrence,False,4809.0,4809,0.09618,1969,0.4094406321480557,0.50716,0.807320435657496,application,network_type
edge_6ebd98c8c1f15914a6,context_cooccurrence:context_value:application_call:285b8de10ee6,context_cooccurrence:context_value:obstruction_low:6baf2e76a3c7,context_cooccurs,context_cooccurrence,False,5403.0,5403,0.10806,1512,0.2798445308162132,0.50716,0.5517874651317398,application,obstruction
edge_16eb4910255b35120e,context_cooccurrence:context_value:application_call:285b8de10ee6,context_cooccurrence:context_value:radio_band_n77:72cd438a800f,context_cooccurs,context_cooccurrence,False,1048.0,1048,0.02096,355,0.3387404580152672,0.50716,0.6679163538434955,application,radio_band
edge_6611d8ba9c40145cb8,context_cooccurrence:context_value:application_call:285b8de10ee6,context_cooccurrence:context_value:tower_load_moderate:ff95aa01d274,context_cooccurs,context_cooccurrence,False,3757.0,3757,0.07514,1406,0.37423476177801435,0.50716,0.7379027560888365,application,tower_load
edge_ea543b8887577b3b51,context_cooccurrence:context_value:area_type_urban:56fedb3ecc6c,context_cooccurrence:context_value:infrastructure_moderately_degraded:76839948dcb8,context_cooccurs,context_cooccurrence,False,9800.0,9800,0.196,4763,0.4860204081632653,0.50716,0.9583177067656464,area_type,infrastructure
edge_b3901712d4fb97c037,context_cooccurrence:context_value:area_type_urban:56fedb3ecc6c,context_cooccurrence:context_value:network_type_5g_nsa:1e446c34aabc,context_cooccurs,context_cooccurrence,False,19650.0,19650,0.393,9889,0.5032569974554707,0.50716,0.9923041987843494,area_type,network_type
edge_7ae0f79633787a9d54,context_cooccurrence:context_value:area_type_urban:56fedb3ecc6c,context_cooccurrence:context_value:obstruction_low:6baf2e76a3c7,context_cooccurs,context_cooccurrence,False,21350.0,21350,0.427,8569,0.4013583138173302,0.50716,0.7913840086310635,area_type,obstruction
edge_f556fe82a238ec1e14,context_cooccurrence:context_value:area_type_urban:56fedb3ecc6c,context_cooccurrence:context_value:radio_band_n77:72cd438a800f,context_cooccurs,context_cooccurrence,False,4060.0,4060,0.0812,1975,0.48645320197044334,0.50716,0.9591710741589307,area_type,radio_band
edge_ff2b17c220005b1552,context_cooccurrence:context_value:congestion_medium:1096e9812b9e,context_cooccurrence:context_value:infrastructure_moderately_degraded:76839948dcb8,context_cooccurs,context_cooccurrence,False,4212.0,4212,0.08424,1764,0.4188034188034188,0.50716,0.8257816444581961,congestion,infrastructure
edge_1dee4dfaa7cf3b13e5,context_cooccurrence:context_value:congestion_medium:1096e9812b9e,context_cooccurrence:context_value:network_type_5g_nsa:1e446c34aabc,context_cooccurs,context_cooccurrence,False,8488.0,8488,0.16976,3497,0.41199340245051835,0.50716,0.8123538970946413,congestion,network_type
edge_c11159c398b4bfc9d6,context_cooccurrence:context_value:congestion_medium:1096e9812b9e,context_cooccurrence:context_value:obstruction_low:6baf2e76a3c7,context_cooccurs,context_cooccurrence,False,9293.0,9293,0.18586,2956,0.3180888841063166,0.50716,0.6271963169538539,congestion,obstruction
edge_06ad52db9e2da09e37,context_cooccurrence:context_value:congestion_medium:1096e9812b9e,context_cooccurrence:context_value:radio_band_n77:72cd438a800f,context_cooccurs,context_cooccurrence,False,1736.0,1736,0.03472,665,0.38306451612903225,0.50716,0.7553129508025715,congestion,radio_band
edge_af9e883d328f9e0b2f,context_cooccurrence:context_value:infrastructure_moderately_degraded:76839948dcb8,context_cooccurrence:context_value:mobility_static:d34206ea58e5,context_cooccurs,context_cooccurrence,False,4930.0,4930,0.0986,2127,0.43144016227180526,0.50716,0.8506983245362513,infrastructure,mobility
edge_67aa76529ae7d8fbff,context_cooccurrence:context_value:infrastructure_moderately_degraded:76839948dcb8,context_cooccurrence:context_value:network_type_5g_nsa:1e446c34aabc,context_cooccurs,context_cooccurrence,False,3820.0,3820,0.0764,1832,0.47958115183246075,0.50716,0.9456210107904028,infrastructure,network_type
edge_236014391af462b8a3,context_cooccurrence:context_value:infrastructure_moderately_degraded:76839948dcb8,context_cooccurrence:context_value:obstruction_low:6baf2e76a3c7,context_cooccurs,context_cooccurrence,False,4330.0,4330,0.0866,1686,0.38937644341801386,0.50716,0.7677585839143738,infrastructure,obstruction
edge_b82ada9f6bf7da287a,context_cooccurrence:context_value:infrastructure_moderately_degraded:76839948dcb8,context_cooccurrence:context_value:radio_band_n77:72cd438a800f,context_cooccurs,context_cooccurrence,False,880.0,880,0.0176,405,0.4602272727272727,0.50716,0.9074597222321805,infrastructure,radio_band
edge_49bc70e7f424c7ebd8,context_cooccurrence:context_value:infrastructure_moderately_degraded:76839948dcb8,context_cooccurrence:context_value:time_bin_night:908d2968c559,context_cooccurs,context_cooccurrence,False,2513.0,2513,0.05026,1067,0.42459212097095106,0.50716,0.8371956009364915,infrastructure,time_bin
edge_132f8c6dbea4c78679,context_cooccurrence:context_value:infrastructure_moderately_degraded:76839948dcb8,context_cooccurrence:context_value:tower_load_moderate:ff95aa01d274,context_cooccurs,context_cooccurrence,False,2831.0,2831,0.05662,1347,0.4758036029671494,0.50716,0.9381725746650945,infrastructure,tower_load
edge_392fdfff7f7c0df23b,context_cooccurrence:context_value:infrastructure_moderately_degraded:76839948dcb8,context_cooccurrence:context_value:weather_clear:8bab34b7cb82,context_cooccurs,context_cooccurrence,False,7150.0,7150,0.143,3282,0.45902097902097905,0.50716,0.9050811953249054,infrastructure,weather
edge_2f09c7557efabae9af,context_cooccurrence:context_value:mobility_static:d34206ea58e5,context_cooccurrence:context_value:network_type_5g_nsa:1e446c34aabc,context_cooccurs,context_cooccurrence,False,9998.0,9998,0.19996,4539,0.45399079815963195,0.50716,0.8951628641052762,mobility,network_type
edge_6f7e68dab9e6fc4d9e,context_cooccurrence:context_value:mobility_static:d34206ea58e5,context_cooccurrence:context_value:obstruction_low:6baf2e76a3c7,context_cooccurs,context_cooccurrence,False,10599.0,10599,0.21198,3666,0.3458816869515992,0.50716,0.6819971743662733,mobility,obstruction
edge_409c65acadd7ed8b78,context_cooccurrence:context_value:mobility_static:d34206ea58e5,context_cooccurrence:context_value:radio_band_n77:72cd438a800f,context_cooccurs,context_cooccurrence,False,2083.0,2083,0.04166,892,0.42822851656265004,0.50716,0.844365716071161,mobility,radio_band
edge_1060e8129f481bc536,context_cooccurrence:context_value:network_type_5g_nsa:1e446c34aabc,context_cooccurrence:context_value:obstruction_low:6baf2e76a3c7,context_cooccurs,context_cooccurrence,False,8690.0,8690,0.1738,3539,0.40724971231300344,0.50716,0.8030004580664946,network_type,obstruction
edge_e8d13f7e16dace8637,context_cooccurrence:context_value:network_type_5g_nsa:1e446c34aabc,context_cooccurrence:context_value:radio_band_n77:72cd438a800f,context_cooccurs,context_cooccurrence,False,2370.0,2370,0.0474,1246,0.5257383966244725,0.50716,1.036632219860542,network_type,radio_band
edge_c8ae976d7c417dbcb9,context_cooccurrence:context_value:network_type_5g_nsa:1e446c34aabc,context_cooccurrence:context_value:time_bin_night:908d2968c559,context_cooccurs,context_cooccurrence,False,4682.0,4682,0.09364,2036,0.43485689876121314,0.50716,0.8574353236872251,network_type,time_bin
edge_5ff33c6e4a1acba912,context_cooccurrence:context_value:network_type_5g_nsa:1e446c34aabc,context_cooccurrence:context_value:tower_load_moderate:ff95aa01d274,context_cooccurs,context_cooccurrence,False,5855.0,5855,0.1171,2833,0.4838599487617421,0.50716,0.9540577899710979,network_type,tower_load
edge_52114f7d7c54b7ff52,context_cooccurrence:context_value:network_type_5g_nsa:1e446c34aabc,context_cooccurrence:context_value:weather_clear:8bab34b7cb82,context_cooccurs,context_cooccurrence,False,13740.0,13740,0.2748,6553,0.4769286754002911,0.50716,0.9403909523627475,network_type,weather
edge_5871a399b37a8e1ed1,context_cooccurrence:context_value:obstruction_low:6baf2e76a3c7,context_cooccurrence:context_value:radio_band_n77:72cd438a800f,context_cooccurs,context_cooccurrence,False,1750.0,1750,0.035,654,0.3737142857142857,0.50716,0.7368764999492974,obstruction,radio_band
edge_f923831612ccd99a2d,context_cooccurrence:context_value:obstruction_low:6baf2e76a3c7,context_cooccurrence:context_value:time_bin_night:908d2968c559,context_cooccurs,context_cooccurrence,False,5423.0,5423,0.10846,1765,0.3254656094412687,0.50716,0.6417414808763874,obstruction,time_bin
edge_54a8fc257cb89061f9,context_cooccurrence:context_value:obstruction_low:6baf2e76a3c7,context_cooccurrence:context_value:tower_load_moderate:ff95aa01d274,context_cooccurs,context_cooccurrence,False,6380.0,6380,0.1276,2411,0.3778996865203762,0.50716,0.7451291239852831,obstruction,tower_load
edge_21ac8c0494a337c770,context_cooccurrence:context_value:obstruction_low:6baf2e76a3c7,context_cooccurrence:context_value:weather_clear:8bab34b7cb82,context_cooccurs,context_cooccurrence,False,15030.0,15030,0.3006,5570,0.37059214903526283,0.50716,0.7307203821974579,obstruction,weather
edge_3fd88de5082c16e714,context_cooccurrence:context_value:radio_band_n77:72cd438a800f,context_cooccurrence:context_value:time_bin_night:908d2968c559,context_cooccurs,context_cooccurrence,False,1025.0,1025,0.0205,413,0.4029268292682927,0.50716,0.7944767514557391,radio_band,time_bin
edge_defe22f66b89d589e4,context_cooccurrence:context_value:radio_band_n77:72cd438a800f,context_cooccurrence:context_value:tower_load_moderate:ff95aa01d274,context_cooccurs,context_cooccurrence,False,1192.0,1192,0.02384,558,0.46812080536912754,0.50716,0.9230239083703909,radio_band,tower_load
edge_48f37eb799c0ffd07e,context_cooccurrence:context_value:radio_band_n77:72cd438a800f,context_cooccurrence:context_value:weather_clear:8bab34b7cb82,context_cooccurs,context_cooccurrence,False,2830.0,2830,0.0566,1266,0.44734982332155476,0.50716,0.8820684267717381,radio_band,weather
edge_56eac1cfdcd29b4382,context_cooccurrence:context_value:application_streaming:ca9f33603ddd,context_cooccurrence:context_value:infrastructure_moderately_degraded:76839948dcb8,context_cooccurs,context_cooccurrence,False,2456.0,2456,0.04912,1602,0.6522801302931596,0.50716,1.2861426971629457,application,infrastructure
edge_875fdfbec747b19959,context_cooccurrence:context_value:application_streaming:ca9f33603ddd,context_cooccurrence:context_value:network_type_5g_nsa:1e446c34aabc,context_cooccurs,context_cooccurrence,False,5007.0,5007,0.10014,3193,0.6377072099061314,0.50716,1.2574083324909917,application,network_type
edge_5cadc0c0168bb035a6,context_cooccurrence:context_value:application_streaming:ca9f33603ddd,context_cooccurrence:context_value:obstruction_low:6baf2e76a3c7,context_cooccurs,context_cooccurrence,False,5296.0,5296,0.10592,3017,0.5696752265861027,0.50716,1.1232652941598364,application,obstruction
edge_41275b6e1f629b81a3,context_cooccurrence:context_value:application_streaming:ca9f33603ddd,context_cooccurrence:context_value:radio_band_n77:72cd438a800f,context_cooccurs,context_cooccurrence,False,982.0,982,0.01964,643,0.654786150712831,0.50716,1.2910839788485506,application,radio_band
edge_8ab0173a4147b2ac4b,context_cooccurrence:context_value:congestion_low:dc6f30abc825,context_cooccurrence:context_value:infrastructure_moderately_degraded:76839948dcb8,context_cooccurs,context_cooccurrence,False,1805.0,1805,0.0361,550,0.3047091412742382,0.50716,0.6008146172297464,congestion,infrastructure
edge_169320365fdcb4ff17,context_cooccurrence:context_value:congestion_low:dc6f30abc825,context_cooccurrence:context_value:network_type_5g_nsa:1e446c34aabc,context_cooccurs,context_cooccurrence,False,3515.0,3515,0.0703,1006,0.28620199146514935,0.50716,0.5643228792987407,congestion,network_type
edge_1ae9659fb251128bad,context_cooccurrence:context_value:congestion_low:dc6f30abc825,context_cooccurrence:context_value:obstruction_low:6baf2e76a3c7,context_cooccurs,context_cooccurrence,False,3922.0,3922,0.07844,805,0.2052524222335543,0.50716,0.40470940577639064,congestion,obstruction
edge_1b2b85bf0f78a5a17b,context_cooccurrence:context_value:congestion_low:dc6f30abc825,context_cooccurrence:context_value:radio_band_n77:72cd438a800f,context_cooccurs,context_cooccurrence,False,743.0,743,0.01486,221,0.297442799461642,0.50716,0.5864871035997357,congestion,radio_band
edge_d995003ddea4231bfb,context_cooccurrence:context_value:infrastructure_moderately_degraded:76839948dcb8,context_cooccurrence:context_value:tower_load_light:a96b7363a32b,context_cooccurs,context_cooccurrence,False,4962.0,4962,0.09924,2118,0.4268440145102781,0.50716,0.841635804302938,infrastructure,tower_load
edge_279a88e799ffa9fbc0,context_cooccurrence:context_value:network_type_5g_nsa:1e446c34aabc,context_cooccurrence:context_value:tower_load_light:a96b7363a32b,context_cooccurs,context_cooccurrence,False,9892.0,9892,0.19784,4349,0.43964820056611403,0.50716,0.8668826417030404,network_type,tower_load
edge_b69421e7a62ece0e6c,context_cooccurrence:context_value:obstruction_low:6baf2e76a3c7,context_cooccurrence:context_value:tower_load_light:a96b7363a32b,context_cooccurs,context_cooccurrence,False,10789.0,10789,0.21578,3704,0.3433126332375568,0.50716,0.6769316058789273,obstruction,tower_load
edge_2431feec0a0d048249,context_cooccurrence:context_value:radio_band_n77:72cd438a800f,context_cooccurrence:context_value:tower_load_light:a96b7363a32b,context_cooccurs,context_cooccurrence,False,2028.0,2028,0.04056,834,0.41124260355029585,0.50716,0.8108734986006306,radio_band,tower_load
edge_00953b093589df8f0f,context_cooccurrence:context_value:application_gaming:def3dd30caeb,context_cooccurrence:context_value:congestion_high:9d9dddd17c8c,context_cooccurs,context_cooccurrence,False,4800.0,4800,0.096,3286,0.6845833333333333,0.50716,1.3498370008149958,application,congestion
edge_41e36da1335ac9f65e,context_cooccurrence:context_value:application_gaming:def3dd30caeb,context_cooccurrence:context_value:infrastructure_moderately_degraded:76839948dcb8,context_cooccurs,context_cooccurrence,False,2530.0,2530,0.0506,1284,0.5075098814229249,0.50716,1.0006898837111065,application,infrastructure
edge_e72537f1e39eb05259,context_cooccurrence:context_value:application_gaming:def3dd30caeb,context_cooccurrence:context_value:network_type_5g_nsa:1e446c34aabc,context_cooccurs,context_cooccurrence,False,4992.0,4992,0.09984,2556,0.5120192307692307,0.50716,1.0095812579249757,application,network_type
edge_eaf7199ae0c082d760,context_cooccurrence:context_value:application_gaming:def3dd30caeb,context_cooccurrence:context_value:obstruction_low:6baf2e76a3c7,context_cooccurs,context_cooccurrence,False,5350.0,5350,0.107,2267,0.4237383177570093,0.50716,0.8355121022103661,application,obstruction
edge_618acb0ccb090e79e1,context_cooccurrence:context_value:application_gaming:def3dd30caeb,context_cooccurrence:context_value:radio_band_n77:72cd438a800f,context_cooccurs,context_cooccurrence,False,998.0,998,0.01996,510,0.5110220440881763,0.50716,1.007615040792208,application,radio_band
edge_0a7286cd785001a61b,context_cooccurrence:context_value:congestion_high:9d9dddd17c8c,context_cooccurrence:context_value:infrastructure_moderately_degraded:76839948dcb8,context_cooccurs,context_cooccurrence,False,3783.0,3783,0.07566,2449,0.647369812318266,0.50716,1.2764607073078829,congestion,infrastructure
edge_a3feb69e1c6b1eb6ba,context_cooccurrence:context_value:congestion_high:9d9dddd17c8c,context_cooccurrence:context_value:network_type_5g_nsa:1e446c34aabc,context_cooccurs,context_cooccurrence,False,7647.0,7647,0.15294,5386,0.7043284948345756,0.50716,1.3887698060465643,congestion,network_type
edge_73ad978dc003e0a845,context_cooccurrence:context_value:congestion_high:9d9dddd17c8c,context_cooccurrence:context_value:obstruction_low:6baf2e76a3c7,context_cooccurs,context_cooccurrence,False,8135.0,8135,0.1627,4808,0.5910264290104487,0.50716,1.1653648336036924,congestion,obstruction
edge_00f33d7ae80937ae57,context_cooccurrence:context_value:congestion_high:9d9dddd17c8c,context_cooccurrence:context_value:radio_band_n77:72cd438a800f,context_cooccurs,context_cooccurrence,False,1581.0,1581,0.03162,1089,0.6888045540796964,0.50716,1.358160253331683,congestion,radio_band
edge_8d1c5d7c5a8355d4ba,context_cooccurrence:context_value:congestion_high:9d9dddd17c8c,context_cooccurrence:context_value:tower_load_light:a96b7363a32b,context_cooccurs,context_cooccurrence,False,5734.0,5734,0.11468,3885,0.6775374956400418,0.50716,1.3359442693430905,congestion,tower_load
edge_87a1cf3c78b35312d0,context_cooccurrence:context_value:application_browse:3d1bd585d2bd,context_cooccurrence:context_value:infrastructure_moderately_degraded:76839948dcb8,context_cooccurs,context_cooccurrence,False,2408.0,2408,0.04816,1031,0.428156146179402,0.50716,0.844223018730582,application,infrastructure
edge_d3bd64387c121d8b8f,context_cooccurrence:context_value:application_browse:3d1bd585d2bd,context_cooccurrence:context_value:network_type_5g_nsa:1e446c34aabc,context_cooccurs,context_cooccurrence,False,4842.0,4842,0.09684,2171,0.4483684427922346,0.50716,0.8840769043146828,application,network_type
edge_045a9de4396eae0562,context_cooccurrence:context_value:application_browse:3d1bd585d2bd,context_cooccurrence:context_value:obstruction_low:6baf2e76a3c7,context_cooccurs,context_cooccurrence,False,5301.0,5301,0.10602,1773,0.33446519524617996,0.50716,0.6594865431938243,application,obstruction
edge_126041e8ee4e0a017e,context_cooccurrence:context_value:application_browse:3d1bd585d2bd,context_cooccurrence:context_value:radio_band_n77:72cd438a800f,context_cooccurs,context_cooccurrence,False,1032.0,1032,0.02064,467,0.45251937984496127,0.50716,0.8922615739509449,application,radio_band
edge_fade2039a75eb2f056,context_cooccurrence:context_value:infrastructure_moderately_degraded:76839948dcb8,context_cooccurrence:context_value:tower_load_heavy:a49aed9efbc6,context_cooccurs,context_cooccurrence,False,2007.0,2007,0.04014,1298,0.6467364225211759,0.50716,1.275211811896001,infrastructure,tower_load
edge_47aeed774aebdcbe66,context_cooccurrence:context_value:network_type_5g_nsa:1e446c34aabc,context_cooccurrence:context_value:tower_load_heavy:a49aed9efbc6,context_cooccurs,context_cooccurrence,False,3903.0,3903,0.07806,2707,0.6935690494491417,0.50716,1.3675547153741257,network_type,tower_load
edge_d3d0e7bd51768a7f7e,context_cooccurrence:context_value:obstruction_low:6baf2e76a3c7,context_cooccurrence:context_value:tower_load_heavy:a49aed9efbc6,context_cooccurs,context_cooccurrence,False,4181.0,4181,0.08362,2454,0.5869409232241091,0.50716,1.1573091790048684,obstruction,tower_load
edge_7e720b0e20d885e2f8,context_cooccurrence:context_value:radio_band_n77:72cd438a800f,context_cooccurrence:context_value:tower_load_heavy:a49aed9efbc6,context_cooccurs,context_cooccurrence,False,840.0,840,0.0168,583,0.694047619047619,0.50716,1.3684983418400878,radio_band,tower_load
edge_828a86f223fb5423cf,context_cooccurrence:context_value:application_browse:3d1bd585d2bd,context_cooccurrence:context_value:mobility_walking:f9c84a86faf4,context_cooccurs,context_cooccurrence,False,5709.0,5709,0.11418,2873,0.5032404974601506,0.50716,0.9922716646820542,application,mobility
edge_ac15e0c3172c6046aa,context_cooccurrence:context_value:area_type_urban:56fedb3ecc6c,context_cooccurrence:context_value:mobility_walking:f9c84a86faf4,context_cooccurs,context_cooccurrence,False,22774.0,22774,0.45548,12506,0.5491349784842364,0.50716,1.0827647655261383,area_type,mobility
edge_b362fbeb7c75b8a368,context_cooccurrence:context_value:congestion_medium:1096e9812b9e,context_cooccurrence:context_value:mobility_walking:f9c84a86faf4,context_cooccurs,context_cooccurrence,False,9678.0,9678,0.19356,4609,0.47623475924777847,0.50716,0.9390227132419323,congestion,mobility
edge_81855ea615a3e933bb,context_cooccurrence:context_value:infrastructure_moderately_degraded:76839948dcb8,context_cooccurrence:context_value:mobility_walking:f9c84a86faf4,context_cooccurs,context_cooccurrence,False,4533.0,4533,0.09066,2422,0.5343039929406574,0.50716,1.0535215571824619,infrastructure,mobility
edge_d3b2938f0cf00de460,context_cooccurrence:context_value:mobility_walking:f9c84a86faf4,context_cooccurrence:context_value:network_type_5g_nsa:1e446c34aabc,context_cooccurs,context_cooccurrence,False,8887.0,8887,0.17774,4873,0.5483290199167323,0.50716,1.0811756051674664,mobility,network_type
edge_cf80bd3b6f8f5fee85,context_cooccurrence:context_value:mobility_walking:f9c84a86faf4,context_cooccurrence:context_value:obstruction_low:6baf2e76a3c7,context_cooccurs,context_cooccurrence,False,9706.0,9706,0.19412,4311,0.4441582526272409,0.50716,0.875775401504931,mobility,obstruction
edge_d689ace680d7392e92,context_cooccurrence:context_value:mobility_walking:f9c84a86faf4,context_cooccurrence:context_value:radio_band_n77:72cd438a800f,context_cooccurs,context_cooccurrence,False,1803.0,1803,0.03606,975,0.540765391014975,0.50716,1.066261911457873,mobility,radio_band
edge_ccfe5b548219e60f37,context_cooccurrence:context_value:mobility_walking:f9c84a86faf4,context_cooccurrence:context_value:time_bin_night:908d2968c559,context_cooccurs,context_cooccurrence,False,5885.0,5885,0.1177,2825,0.4800339847068819,0.50716,0.9465138905017783,mobility,time_bin
edge_9e87bed950ae18540c,context_cooccurrence:context_value:mobility_walking:f9c84a86faf4,context_cooccurrence:context_value:tower_load_moderate:ff95aa01d274,context_cooccurs,context_cooccurrence,False,6767.0,6767,0.13534,3629,0.5362790010344318,0.50716,1.0574158077025628,mobility,tower_load
edge_30f4329450bf63d5a2,context_cooccurrence:context_value:mobility_walking:f9c84a86faf4,context_cooccurrence:context_value:weather_clear:8bab34b7cb82,context_cooccurs,context_cooccurrence,False,16007.0,16007,0.32014,8402,0.5248953582807522,0.50716,1.0349699469215872,mobility,weather
edge_47f1c0a563171367a4,context_cooccurrence:context_value:application_browse:3d1bd585d2bd,context_cooccurrence:context_value:congestion_low:dc6f30abc825,context_cooccurs,context_cooccurrence,False,2226.0,2226,0.04452,621,0.27897574123989216,0.50716,0.5500744168307676,application,congestion
edge_5a498a0849bdca8ece,context_cooccurrence:context_value:congestion_low:dc6f30abc825,context_cooccurrence:context_value:mobility_walking:f9c84a86faf4,context_cooccurs,context_cooccurrence,False,4355.0,4355,0.0871,1600,0.36739380022962115,0.50716,0.7244139920924779,congestion,mobility
edge_8dce06e4bed085474c,context_cooccurrence:context_value:mobility_walking:f9c84a86faf4,context_cooccurrence:context_value:tower_load_light:a96b7363a32b,context_cooccurs,context_cooccurrence,False,11483.0,11483,0.22966,5633,0.4905512496734303,0.50716,0.967251458461689,mobility,tower_load
edge_7a00708c6686dd8b60,context_cooccurrence:context_value:application_streaming:ca9f33603ddd,context_cooccurrence:context_value:mobility_walking:f9c84a86faf4,context_cooccurs,context_cooccurrence,False,5709.0,5709,0.11418,3958,0.6932912944473638,0.50716,1.3670070479678282,application,mobility
edge_6c59ea17b91671c0f2,context_cooccurrence:context_value:application_streaming:ca9f33603ddd,context_cooccurrence:context_value:congestion_high:9d9dddd17c8c,context_cooccurs,context_cooccurrence,False,4784.0,4784,0.09568,3911,0.8175167224080268,0.50716,1.611950316286826,application,congestion
edge_b34cc596ec030f831c,context_cooccurrence:context_value:application_streaming:ca9f33603ddd,context_cooccurrence:context_value:network_type_5g_sa:ca96e299bff5,context_cooccurs,context_cooccurrence,False,4515.0,4515,0.0903,2633,0.5831672203765227,0.50716,1.1498683263201408,application,network_type
edge_687a1c9716c5bf1cda,context_cooccurrence:context_value:application_streaming:ca9f33603ddd,context_cooccurrence:context_value:obstruction_high:2b69b79ceadf,context_cooccurs,context_cooccurrence,False,2064.0,2064,0.04128,1797,0.8706395348837209,0.50716,1.716695983286775,application,obstruction
edge_62a05f40104df3c14a,context_cooccurrence:context_value:application_streaming:ca9f33603ddd,context_cooccurrence:context_value:radio_band_n78:7ccd8ccc28c3,context_cooccurs,context_cooccurrence,False,3961.0,3961,0.07922,2434,0.6144912900782631,0.50716,1.211632009776526,application,radio_band
edge_e013519d93a77dea02,context_cooccurrence:context_value:application_streaming:ca9f33603ddd,context_cooccurrence:context_value:time_bin_morning:7b7f4189c4b9,context_cooccurs,context_cooccurrence,False,3238.0,3238,0.06476,2232,0.6893143915997529,0.50716,1.3591655327702359,application,time_bin
edge_eeb12c7579fdfe9fdc,context_cooccurrence:context_value:application_streaming:ca9f33603ddd,context_cooccurrence:context_value:tower_load_heavy:a49aed9efbc6,context_cooccurs,context_cooccurrence,False,2541.0,2541,0.05082,2067,0.8134592680047226,0.50716,1.603949972404611,application,tower_load
edge_9527bba17658562922,context_cooccurrence:context_value:area_type_urban:56fedb3ecc6c,context_cooccurrence:context_value:network_type_5g_sa:ca96e299bff5,context_cooccurs,context_cooccurrence,False,17960.0,17960,0.3592,6911,0.3847995545657016,0.50716,0.7587340377113762,area_type,network_type
edge_11132266a32fe9e2e5,context_cooccurrence:context_value:area_type_urban:56fedb3ecc6c,context_cooccurrence:context_value:obstruction_high:2b69b79ceadf,context_cooccurs,context_cooccurrence,False,8030.0,8030,0.1606,6279,0.7819427148194271,0.50716,1.5418067568803278,area_type,obstruction
edge_4b6f8acb7fd87f5a81,context_cooccurrence:context_value:area_type_urban:56fedb3ecc6c,context_cooccurrence:context_value:radio_band_n78:7ccd8ccc28c3,context_cooccurs,context_cooccurrence,False,15460.0,15460,0.3092,7082,0.45808538163001294,0.50716,0.903236417757735,area_type,radio_band
edge_da14d434318f3e1ea4,context_cooccurrence:context_value:area_type_urban:56fedb3ecc6c,context_cooccurrence:context_value:time_bin_morning:7b7f4189c4b9,context_cooccurs,context_cooccurrence,False,12754.0,12754,0.25508,6891,0.5403010820134859,0.50716,1.0653464035284443,area_type,time_bin
edge_39b552b15d91f471e7,context_cooccurrence:context_value:congestion_high:9d9dddd17c8c,context_cooccurrence:context_value:network_type_5g_sa:ca96e299bff5,context_cooccurs,context_cooccurrence,False,6846.0,6846,0.13692,3499,0.5111013730645633,0.50716,1.0077714588385582,congestion,network_type
edge_107b55767d81c9e1c9,context_cooccurrence:context_value:congestion_high:9d9dddd17c8c,context_cooccurrence:context_value:obstruction_high:2b69b79ceadf,context_cooccurs,context_cooccurrence,False,3051.0,3051,0.06102,2716,0.890199934447722,0.50716,1.7552644815200764,congestion,obstruction
edge_21ebdc8d5aa302cb67,context_cooccurrence:context_value:congestion_high:9d9dddd17c8c,context_cooccurrence:context_value:radio_band_n78:7ccd8ccc28c3,context_cooccurs,context_cooccurrence,False,5911.0,5911,0.11822,3669,0.6207071561495516,0.50716,1.2238882328053309,congestion,radio_band
edge_73c21417c642e44fe7,context_cooccurrence:context_value:congestion_high:9d9dddd17c8c,context_cooccurrence:context_value:time_bin_morning:7b7f4189c4b9,context_cooccurs,context_cooccurrence,False,5623.0,5623,0.11246,3899,0.6934020985239197,0.50716,1.3672255274941234,congestion,time_bin
edge_60889a57b363fa9b21,context_cooccurrence:context_value:infrastructure_nominal:86f0c6eb721b,context_cooccurrence:context_value:network_type_5g_sa:ca96e299bff5,context_cooccurs,context_cooccurrence,False,13340.0,13340,0.2668,5183,0.38853073463268367,0.50716,0.7660910454938947,infrastructure,network_type
edge_5bc3c5985911065fe9,context_cooccurrence:context_value:infrastructure_nominal:86f0c6eb721b,context_cooccurrence:context_value:obstruction_high:2b69b79ceadf,context_cooccurs,context_cooccurrence,False,6220.0,6220,0.1244,4895,0.7869774919614148,0.50716,1.5517341508821962,infrastructure,obstruction
edge_f6c14b583cf94c41dc,context_cooccurrence:context_value:infrastructure_nominal:86f0c6eb721b,context_cooccurrence:context_value:radio_band_n78:7ccd8ccc28c3,context_cooccurs,context_cooccurrence,False,11520.0,11520,0.2304,5349,0.46432291666666664,0.50716,0.9155353668796171,infrastructure,radio_band
edge_2e9334ce8479b470cf,context_cooccurrence:context_value:infrastructure_nominal:86f0c6eb721b,context_cooccurrence:context_value:time_bin_morning:7b7f4189c4b9,context_cooccurs,context_cooccurrence,False,9552.0,9552,0.19104,5273,0.5520309882747069,0.50716,1.0884750143440074,infrastructure,time_bin
edge_5257f7cde1e4402daa,context_cooccurrence:context_value:mobility_static:d34206ea58e5,context_cooccurrence:context_value:network_type_5g_sa:ca96e299bff5,context_cooccurs,context_cooccurrence,False,9037.0,9037,0.18074,3115,0.3446940356312936,0.50716,0.6796554058508035,mobility,network_type
edge_858f154df99db08055,context_cooccurrence:context_value:mobility_static:d34206ea58e5,context_cooccurrence:context_value:obstruction_high:2b69b79ceadf,context_cooccurs,context_cooccurrence,False,3934.0,3934,0.07868,2967,0.7541942043721404,0.50716,1.487093233638576,mobility,obstruction
edge_851b3af4a00e18c5fe,context_cooccurrence:context_value:mobility_static:d34206ea58e5,context_cooccurrence:context_value:radio_band_n78:7ccd8ccc28c3,context_cooccurs,context_cooccurrence,False,7668.0,7668,0.15336,3140,0.4094940010432968,0.50716,0.8074256665417161,mobility,radio_band
edge_1fd286050452dae72e,context_cooccurrence:context_value:mobility_static:d34206ea58e5,context_cooccurrence:context_value:time_bin_morning:7b7f4189c4b9,context_cooccurs,context_cooccurrence,False,6461.0,6461,0.12922,3233,0.5003869370066553,0.50716,0.9866451159528654,mobility,time_bin
edge_b336120a5314b75306,context_cooccurrence:context_value:network_type_5g_sa:ca96e299bff5,context_cooccurrence:context_value:obstruction_high:2b69b79ceadf,context_cooccurs,context_cooccurrence,False,2850.0,2850,0.057,1944,0.6821052631578948,0.50716,1.344950830424116,network_type,obstruction
edge_51d3eeb67cbb8c9d45,context_cooccurrence:context_value:network_type_5g_sa:ca96e299bff5,context_cooccurrence:context_value:radio_band_n78:7ccd8ccc28c3,context_cooccurs,context_cooccurrence,False,7590.0,7590,0.1518,2943,0.3877470355731225,0.50716,0.7645457756390931,network_type,radio_band
edge_f81c78c08180cce941,context_cooccurrence:context_value:network_type_5g_sa:ca96e299bff5,context_cooccurrence:context_value:time_bin_morning:7b7f4189c4b9,context_cooccurs,context_cooccurrence,False,4303.0,4303,0.08606,1794,0.4169184290030212,0.50716,0.8220648887984485,network_type,time_bin
edge_0d562fe90c50bd59b6,context_cooccurrence:context_value:network_type_5g_sa:ca96e299bff5,context_cooccurrence:context_value:tower_load_heavy:a49aed9efbc6,context_cooccurs,context_cooccurrence,False,3617.0,3617,0.07234,1850,0.5114735969035112,0.50716,1.008505396528731,network_type,tower_load
edge_e08f873454ce08e486,context_cooccurrence:context_value:network_type_5g_sa:ca96e299bff5,context_cooccurrence:context_value:weather_clear:8bab34b7cb82,context_cooccurs,context_cooccurrence,False,12520.0,12520,0.2504,4376,0.34952076677316296,0.50716,0.6891725821696564,network_type,weather
edge_40f9873bd9cc373607,context_cooccurrence:context_value:obstruction_high:2b69b79ceadf,context_cooccurrence:context_value:radio_band_n78:7ccd8ccc28c3,context_cooccurs,context_cooccurrence,False,2630.0,2630,0.0526,2027,0.7707224334600761,0.50716,1.5196830062703603,obstruction,radio_band
edge_049cd0a16ad8d84e98,context_cooccurrence:context_value:obstruction_high:2b69b79ceadf,context_cooccurrence:context_value:time_bin_morning:7b7f4189c4b9,context_cooccurs,context_cooccurrence,False,2203.0,2203,0.04406,1739,0.7893781207444394,0.50716,1.5564676250974825,obstruction,time_bin
edge_1fbff900c164564069,context_cooccurrence:context_value:obstruction_high:2b69b79ceadf,context_cooccurrence:context_value:tower_load_heavy:a49aed9efbc6,context_cooccurs,context_cooccurrence,False,1567.0,1567,0.03134,1407,0.8978940650925336,0.50716,1.7704354939122435,obstruction,tower_load
edge_679f0b36b0af171b89,context_cooccurrence:context_value:obstruction_high:2b69b79ceadf,context_cooccurrence:context_value:weather_clear:8bab34b7cb82,context_cooccurs,context_cooccurrence,False,5690.0,5690,0.1138,4360,0.7662565905096661,0.50716,1.5108774164162513,obstruction,weather
edge_0b247e42d10789a2db,context_cooccurrence:context_value:radio_band_n78:7ccd8ccc28c3,context_cooccurrence:context_value:time_bin_morning:7b7f4189c4b9,context_cooccurs,context_cooccurrence,False,3922.0,3922,0.07844,1920,0.4895461499235084,0.50716,0.9652696386219504,radio_band,time_bin
edge_f4d9ec002328ec6f33,context_cooccurrence:context_value:radio_band_n78:7ccd8ccc28c3,context_cooccurrence:context_value:tower_load_heavy:a49aed9efbc6,context_cooccurs,context_cooccurrence,False,3049.0,3049,0.06098,1858,0.6093801246310265,0.50716,1.2015539960387775,radio_band,tower_load
edge_aef18b02d2f9ba07c4,context_cooccurrence:context_value:radio_band_n78:7ccd8ccc28c3,context_cooccurrence:context_value:weather_clear:8bab34b7cb82,context_cooccurs,context_cooccurrence,False,10790.0,10790,0.2158,4572,0.423725671918443,0.50716,0.8354871675968983,radio_band,weather
edge_1c64da48cbe4f0b34d,context_cooccurrence:context_value:time_bin_morning:7b7f4189c4b9,context_cooccurrence:context_value:tower_load_heavy:a49aed9efbc6,context_cooccurs,context_cooccurrence,False,2563.0,2563,0.05126,1764,0.6882559500585251,0.50716,1.3570785354888497,time_bin,tower_load
edge_4f856fbcc96ca8026b,context_cooccurrence:context_value:time_bin_morning:7b7f4189c4b9,context_cooccurrence:context_value:weather_clear:8bab34b7cb82,context_cooccurs,context_cooccurrence,False,8847.0,8847,0.17694,4540,0.51316830564033,0.50716,1.0118469627737399,time_bin,weather
edge_a650a5596386e1c834,context_cooccurrence:context_value:application_browse:3d1bd585d2bd,context_cooccurrence:context_value:network_type_5g_sa:ca96e299bff5,context_cooccurs,context_cooccurrence,False,4456.0,4456,0.08912,1503,0.3372980251346499,0.50716,0.6650722161342572,application,network_type
edge_4a43ede09d7bd722f3,context_cooccurrence:context_value:application_browse:3d1bd585d2bd,context_cooccurrence:context_value:obstruction_high:2b69b79ceadf,context_cooccurs,context_cooccurrence,False,2003.0,2003,0.04006,1552,0.7748377433849226,0.50716,1.5277974276065196,application,obstruction
edge_cfb6516525bf3b73f8,context_cooccurrence:context_value:application_browse:3d1bd585d2bd,context_cooccurrence:context_value:radio_band_n78:7ccd8ccc28c3,context_cooccurs,context_cooccurrence,False,3792.0,3792,0.07584,1544,0.40717299578059074,0.50716,0.8028491911439993,application,radio_band
edge_b31fcf1748151fb5aa,context_cooccurrence:context_value:application_browse:3d1bd585d2bd,context_cooccurrence:context_value:time_bin_morning:7b7f4189c4b9,context_cooccurs,context_cooccurrence,False,3176.0,3176,0.06352,1550,0.4880352644836272,0.50716,0.9622905285977348,application,time_bin
edge_007106d65a711f1aca,context_cooccurrence:context_value:congestion_low:dc6f30abc825,context_cooccurrence:context_value:network_type_5g_sa:ca96e299bff5,context_cooccurs,context_cooccurrence,False,3319.0,3319,0.06638,878,0.26453751129858394,0.50716,0.5216056299759128,congestion,network_type
edge_f940522509021eb361,context_cooccurrence:context_value:congestion_low:dc6f30abc825,context_cooccurrence:context_value:obstruction_high:2b69b79ceadf,context_cooccurs,context_cooccurrence,False,1590.0,1590,0.0318,1018,0.640251572327044,0.50716,1.262425215567166,congestion,obstruction
edge_4e107350c8627765e4,context_cooccurrence:context_value:congestion_low:dc6f30abc825,context_cooccurrence:context_value:radio_band_n78:7ccd8ccc28c3,context_cooccurs,context_cooccurrence,False,2853.0,2853,0.05706,826,0.2895198037153873,0.50716,0.5708648231630793,congestion,radio_band
edge_8210300ac671140af1,context_cooccurrence:context_value:congestion_low:dc6f30abc825,context_cooccurrence:context_value:time_bin_morning:7b7f4189c4b9,context_cooccurs,context_cooccurrence,False,1571.0,1571,0.03142,507,0.3227243793761935,0.50716,0.6363364212007916,congestion,time_bin
edge_8421b8bdabcf49e8d3,context_cooccurrence:context_value:network_type_5g_sa:ca96e299bff5,context_cooccurrence:context_value:tower_load_light:a96b7363a32b,context_cooccurs,context_cooccurrence,False,9040.0,9040,0.1808,3124,0.3455752212389381,0.50716,0.6813928962042315,network_type,tower_load
edge_29db0e73e705c0a9fd,context_cooccurrence:context_value:obstruction_high:2b69b79ceadf,context_cooccurrence:context_value:tower_load_light:a96b7363a32b,context_cooccurs,context_cooccurrence,False,4064.0,4064,0.08128,2989,0.7354822834645669,0.50716,1.4501977353587956,obstruction,tower_load
edge_99bdc460ace4cf1530,context_cooccurrence:context_value:radio_band_n78:7ccd8ccc28c3,context_cooccurrence:context_value:tower_load_light:a96b7363a32b,context_cooccurs,context_cooccurrence,False,7740.0,7740,0.1548,3164,0.40878552971576226,0.50716,0.8060287280459071,radio_band,tower_load
edge_73d8a6bf97b66bff93,context_cooccurrence:context_value:time_bin_morning:7b7f4189c4b9,context_cooccurrence:context_value:tower_load_light:a96b7363a32b,context_cooccurs,context_cooccurrence,False,6363.0,6363,0.12726,3113,0.4892346377494892,0.50716,0.9646554100273862,time_bin,tower_load
edge_1c59e5138cafb8d284,context_cooccurrence:context_value:application_call:285b8de10ee6,context_cooccurrence:context_value:network_type_5g_sa:ca96e299bff5,context_cooccurs,context_cooccurrence,False,4461.0,4461,0.08922,860,0.19278188746917732,0.50716,0.38012045009302253,application,network_type
edge_7571473fb1d2d0a077,context_cooccurrence:context_value:application_call:285b8de10ee6,context_cooccurrence:context_value:obstruction_high:2b69b79ceadf,context_cooccurs,context_cooccurrence,False,1955.0,1955,0.0391,1299,0.6644501278772379,0.50716,1.3101390643529416,application,obstruction
edge_3a82ff3e85497454cc,context_cooccurrence:context_value:application_call:285b8de10ee6,context_cooccurrence:context_value:radio_band_n78:7ccd8ccc28c3,context_cooccurs,context_cooccurrence,False,3767.0,3767,0.07534,1186,0.314839394743828,0.50716,0.6207890897228251,application,radio_band
edge_37f66955ed2138324e,context_cooccurrence:context_value:application_call:285b8de10ee6,context_cooccurrence:context_value:time_bin_morning:7b7f4189c4b9,context_cooccurs,context_cooccurrence,False,3116.0,3116,0.06232,1318,0.42297817715019254,0.50716,0.8340132840724672,application,time_bin
edge_74945335d3c8955e05,context_cooccurrence:context_value:congestion_medium:1096e9812b9e,context_cooccurrence:context_value:network_type_5g_sa:ca96e299bff5,context_cooccurs,context_cooccurrence,False,7795.0,7795,0.1559,2534,0.32508017960230917,0.50716,0.6409815040663877,congestion,network_type
edge_998d9c1134796f7fbe,context_cooccurrence:context_value:congestion_medium:1096e9812b9e,context_cooccurrence:context_value:obstruction_high:2b69b79ceadf,context_cooccurs,context_cooccurrence,False,3389.0,3389,0.06778,2545,0.7509589849513131,0.50716,1.4807141433695736,congestion,obstruction
edge_13b6446f7fe11d9e18,context_cooccurrence:context_value:congestion_medium:1096e9812b9e,context_cooccurrence:context_value:radio_band_n78:7ccd8ccc28c3,context_cooccurs,context_cooccurrence,False,6696.0,6696,0.13392,2587,0.3863500597371565,0.50716,0.7617912685092604,congestion,radio_band
edge_6529942483f7284bef,context_cooccurrence:context_value:congestion_medium:1096e9812b9e,context_cooccurrence:context_value:time_bin_morning:7b7f4189c4b9,context_cooccurs,context_cooccurrence,False,5560.0,5560,0.1112,2485,0.44694244604316546,0.50716,0.8812651747834321,congestion,time_bin
edge_2f1859c0072eb99741,context_cooccurrence:context_value:infrastructure_nominal:86f0c6eb721b,context_cooccurrence:context_value:mobility_walking:f9c84a86faf4,context_cooccurs,context_cooccurrence,False,17080.0,17080,0.3416,9448,0.5531615925058548,0.50716,1.0907042994436762,infrastructure,mobility
edge_762a96777bd5c6ed72,context_cooccurrence:context_value:mobility_walking:f9c84a86faf4,context_cooccurrence:context_value:network_type_5g_sa:ca96e299bff5,context_cooccurs,context_cooccurrence,False,8160.0,8160,0.1632,3439,0.42144607843137255,0.50716,0.8309923464614175,mobility,network_type
edge_7bb8b1a8a38cb00337,context_cooccurrence:context_value:mobility_walking:f9c84a86faf4,context_cooccurrence:context_value:obstruction_high:2b69b79ceadf,context_cooccurs,context_cooccurrence,False,4096.0,4096,0.08192,3312,0.80859375,0.50716,1.5943563175329283,mobility,obstruction
edge_ac2b753c3ccef875a8,context_cooccurrence:context_value:mobility_walking:f9c84a86faf4,context_cooccurrence:context_value:radio_band_n78:7ccd8ccc28c3,context_cooccurs,context_cooccurrence,False,7160.0,7160,0.1432,3584,0.5005586592178771,0.50716,0.9869837116844331,mobility,radio_band
edge_206a5a4f5639ded198,context_cooccurrence:context_value:mobility_walking:f9c84a86faf4,context_cooccurrence:context_value:time_bin_morning:7b7f4189c4b9,context_cooccurs,context_cooccurrence,False,5851.0,5851,0.11702,3388,0.5790463168689113,0.50716,1.1417428757569825,mobility,time_bin
edge_9ed3fa819517e8ea64,context_cooccurrence:context_value:network_type_5g_sa:ca96e299bff5,context_cooccurrence:context_value:tower_load_moderate:ff95aa01d274,context_cooccurs,context_cooccurrence,False,5303.0,5303,0.10606,1937,0.3652649443711107,0.50716,0.720216390036893,network_type,tower_load
edge_c83c05871101ba467d,context_cooccurrence:context_value:obstruction_high:2b69b79ceadf,context_cooccurrence:context_value:tower_load_moderate:ff95aa01d274,context_cooccurs,context_cooccurrence,False,2399.0,2399,0.04798,1883,0.7849103793247186,0.50716,1.547658291909296,obstruction,tower_load
edge_6dcc26fbbd2490f85c,context_cooccurrence:context_value:radio_band_n78:7ccd8ccc28c3,context_cooccurrence:context_value:tower_load_moderate:ff95aa01d274,context_cooccurs,context_cooccurrence,False,4671.0,4671,0.09342,2060,0.44101905373581674,0.50716,0.8695856410912073,radio_band,tower_load
edge_35a2c10a565eaabd65,context_cooccurrence:context_value:time_bin_morning:7b7f4189c4b9,context_cooccurrence:context_value:tower_load_moderate:ff95aa01d274,context_cooccurs,context_cooccurrence,False,3828.0,3828,0.07656,2014,0.5261233019853709,0.50716,1.0373911625234067,time_bin,tower_load
edge_a499989e6d804a4e7d,context_cooccurrence:context_value:application_gaming:def3dd30caeb,context_cooccurrence:context_value:congestion_medium:1096e9812b9e,context_cooccurs,context_cooccurrence,False,5442.0,5442,0.10884,2493,0.45810363836824697,0.50716,0.9032724157430533,application,congestion
edge_d6b1c4989f5e6b2e36,context_cooccurrence:context_value:application_gaming:def3dd30caeb,context_cooccurrence:context_value:mobility_walking:f9c84a86faf4,context_cooccurs,context_cooccurrence,False,5704.0,5704,0.11408,3237,0.5674964936886395,0.50716,1.1189693463377228,application,mobility
edge_c0e7c0ee9a0df2bd16,context_cooccurrence:context_value:application_gaming:def3dd30caeb,context_cooccurrence:context_value:network_type_5g_sa:ca96e299bff5,context_cooccurs,context_cooccurrence,False,4528.0,4528,0.09056,1915,0.42292402826855124,0.50716,0.8339065152388816,application,network_type
edge_4eea93d05d1b7fbf5f,context_cooccurrence:context_value:application_gaming:def3dd30caeb,context_cooccurrence:context_value:obstruction_high:2b69b79ceadf,context_cooccurs,context_cooccurrence,False,2008.0,2008,0.04016,1631,0.8122509960159362,0.50716,1.6015675447904727,application,obstruction
edge_25425715fc2487319e,context_cooccurrence:context_value:application_gaming:def3dd30caeb,context_cooccurrence:context_value:radio_band_n78:7ccd8ccc28c3,context_cooccurs,context_cooccurrence,False,3940.0,3940,0.0788,1918,0.4868020304568528,0.50716,0.9598588817273696,application,radio_band
edge_e6ab36dedbfa0561a3,context_cooccurrence:context_value:application_gaming:def3dd30caeb,context_cooccurrence:context_value:time_bin_morning:7b7f4189c4b9,context_cooccurs,context_cooccurrence,False,3224.0,3224,0.06448,1791,0.5555210918114144,0.50716,1.095356676022191,application,time_bin
edge_efba4f6ec6835a38c6,context_cooccurrence:context_value:application_gaming:def3dd30caeb,context_cooccurrence:context_value:tower_load_moderate:ff95aa01d274,context_cooccurs,context_cooccurrence,False,3767.0,3767,0.07534,1902,0.5049110698168303,0.50716,0.9955656396735355,application,tower_load
edge_ba7c8148b1c92ee823,context_cooccurrence:context_value:application_gaming:def3dd30caeb,context_cooccurrence:context_value:time_bin_evening:e2cb1b063e48,context_cooccurs,context_cooccurrence,False,2998.0,2998,0.05996,1661,0.5540360240160107,0.50716,1.0924284723085627,application,time_bin
edge_ed08df5eed93266e0a,context_cooccurrence:context_value:application_gaming:def3dd30caeb,context_cooccurrence:context_value:weather_foggy:086f7369c216,context_cooccurs,context_cooccurrence,False,1281.0,1281,0.02562,844,0.6588602654176424,0.50716,1.2991171729190834,application,weather
edge_96c6755f8f5b962a6b,context_cooccurrence:context_value:area_type_urban:56fedb3ecc6c,context_cooccurrence:context_value:time_bin_evening:e2cb1b063e48,context_cooccurs,context_cooccurrence,False,12152.0,12152,0.24304,6550,0.5390059249506254,0.50716,1.0627926590240266,area_type,time_bin
edge_f4a703e16e72c5d84d,context_cooccurrence:context_value:area_type_urban:56fedb3ecc6c,context_cooccurrence:context_value:weather_foggy:086f7369c216,context_cooccurs,context_cooccurrence,False,5070.0,5070,0.1014,3179,0.6270216962524655,0.50716,1.2363390177704578,area_type,weather
edge_5b27e0e5beb0aeab57,context_cooccurrence:context_value:congestion_high:9d9dddd17c8c,context_cooccurrence:context_value:time_bin_evening:e2cb1b063e48,context_cooccurs,context_cooccurrence,False,5963.0,5963,0.11926,3974,0.6664430655710213,0.50716,1.3140686678188762,congestion,time_bin
edge_9d86c3c4b31d6e9bc6,context_cooccurrence:context_value:congestion_high:9d9dddd17c8c,context_cooccurrence:context_value:weather_foggy:086f7369c216,context_cooccurs,context_cooccurrence,False,2004.0,2004,0.04008,1545,0.7709580838323353,0.50716,1.5201476532698464,congestion,weather
edge_7150e43c378b1a42d2,context_cooccurrence:context_value:infrastructure_nominal:86f0c6eb721b,context_cooccurrence:context_value:obstruction_low:6baf2e76a3c7,context_cooccurs,context_cooccurrence,False,15940.0,15940,0.3188,6444,0.4042659974905897,0.50716,0.7971172755946637,infrastructure,obstruction
edge_111be2fd32b28e09c7,context_cooccurrence:context_value:infrastructure_nominal:86f0c6eb721b,context_cooccurrence:context_value:time_bin_evening:e2cb1b063e48,context_cooccurs,context_cooccurrence,False,9010.0,9010,0.1802,4850,0.5382907880133185,0.50716,1.0613825775165993,infrastructure,time_bin
edge_b8df52014af968f867,context_cooccurrence:context_value:infrastructure_nominal:86f0c6eb721b,context_cooccurrence:context_value:weather_foggy:086f7369c216,context_cooccurs,context_cooccurrence,False,3830.0,3830,0.0766,2385,0.6227154046997389,0.50716,1.2278480256718565,infrastructure,weather
edge_f81b1e55c7557a7a24,context_cooccurrence:context_value:mobility_static:d34206ea58e5,context_cooccurrence:context_value:time_bin_evening:e2cb1b063e48,context_cooccurs,context_cooccurrence,False,6251.0,6251,0.12502,3036,0.48568229083346665,0.50716,0.9576510190737965,mobility,time_bin
edge_f5859c1e88a12b0b4f,context_cooccurrence:context_value:mobility_static:d34206ea58e5,context_cooccurrence:context_value:weather_foggy:086f7369c216,context_cooccurs,context_cooccurrence,False,2454.0,2454,0.04908,1457,0.5937245313773432,0.50716,1.1706848556221767,mobility,weather
edge_a4ccd690d684a02682,context_cooccurrence:context_value:network_type_5g_sa:ca96e299bff5,context_cooccurrence:context_value:obstruction_low:6baf2e76a3c7,context_cooccurs,context_cooccurrence,False,7770.0,7770,0.1554,2165,0.27863577863577865,0.50716,0.5494040906928358,network_type,obstruction
edge_b290e2533279d48268,context_cooccurrence:context_value:network_type_5g_sa:ca96e299bff5,context_cooccurrence:context_value:time_bin_evening:e2cb1b063e48,context_cooccurs,context_cooccurrence,False,4377.0,4377,0.08754,1804,0.41215444368288784,0.50716,0.812671432453048,network_type,time_bin
edge_35cc1a1c1f0830ffef,context_cooccurrence:context_value:network_type_5g_sa:ca96e299bff5,context_cooccurrence:context_value:weather_foggy:086f7369c216,context_cooccurs,context_cooccurrence,False,1880.0,1880,0.0376,975,0.5186170212765957,0.50716,1.0225905459353963,network_type,weather
edge_09c4e13bee83cad04b,context_cooccurrence:context_value:obstruction_low:6baf2e76a3c7,context_cooccurrence:context_value:radio_band_n78:7ccd8ccc28c3,context_cooccurs,context_cooccurrence,False,6660.0,6660,0.1332,2291,0.343993993993994,0.50716,0.6782750887175526,obstruction,radio_band
edge_2b0bdcbd7a4c05dd20,context_cooccurrence:context_value:obstruction_low:6baf2e76a3c7,context_cooccurrence:context_value:time_bin_evening:e2cb1b063e48,context_cooccurs,context_cooccurrence,False,5088.0,5088,0.10176,2185,0.4294418238993711,0.50716,0.8467580722047697,obstruction,time_bin
edge_19713d1a79825a9523,context_cooccurrence:context_value:obstruction_low:6baf2e76a3c7,context_cooccurrence:context_value:weather_foggy:086f7369c216,context_cooccurs,context_cooccurrence,False,2160.0,2160,0.0432,1195,0.5532407407407407,0.50716,1.0908603611103806,obstruction,weather
edge_c9eeec0950febb7600,context_cooccurrence:context_value:radio_band_n78:7ccd8ccc28c3,context_cooccurrence:context_value:time_bin_evening:e2cb1b063e48,context_cooccurs,context_cooccurrence,False,3808.0,3808,0.07616,1859,0.4881827731092437,0.50716,0.9625813808447898,radio_band,time_bin
edge_ce55f9aded4ebf1ea5,context_cooccurrence:context_value:radio_band_n78:7ccd8ccc28c3,context_cooccurrence:context_value:weather_foggy:086f7369c216,context_cooccurs,context_cooccurrence,False,1400.0,1400,0.028,876,0.6257142857142857,0.50716,1.233761112300429,radio_band,weather
edge_14bc16a5b377ccb3c2,context_cooccurrence:context_value:time_bin_evening:e2cb1b063e48,context_cooccurrence:context_value:tower_load_light:a96b7363a32b,context_cooccurs,context_cooccurrence,False,6094.0,6094,0.12188,3058,0.5018050541516246,0.50716,0.9894413087617804,time_bin,tower_load
edge_c2fbe9099b03ee47db,context_cooccurrence:context_value:time_bin_evening:e2cb1b063e48,context_cooccurrence:context_value:weather_foggy:086f7369c216,context_cooccurs,context_cooccurrence,False,1145.0,1145,0.0229,730,0.6375545851528385,0.50716,1.2571073924458522,time_bin,weather
edge_a857b1e8e5e2d3da09,context_cooccurrence:context_value:tower_load_light:a96b7363a32b,context_cooccurrence:context_value:weather_foggy:086f7369c216,context_cooccurs,context_cooccurrence,False,2536.0,2536,0.05072,1457,0.5745268138801262,0.50716,1.1328314809530051,tower_load,weather
edge_fd17a166820acaa75c,context_cooccurrence:context_value:application_browse:3d1bd585d2bd,context_cooccurrence:context_value:time_bin_evening:e2cb1b063e48,context_cooccurs,context_cooccurrence,False,3033.0,3033,0.06066,1488,0.49060336300692386,0.50716,0.9673542136740354,application,time_bin
edge_2fae3ef57060a615f3,context_cooccurrence:context_value:application_browse:3d1bd585d2bd,context_cooccurrence:context_value:weather_foggy:086f7369c216,context_cooccurs,context_cooccurrence,False,1210.0,1210,0.0242,723,0.5975206611570248,0.50716,1.1781699289317469,application,weather
edge_3f87123e59aab3b021,context_cooccurrence:context_value:congestion_medium:1096e9812b9e,context_cooccurrence:context_value:time_bin_evening:e2cb1b063e48,context_cooccurs,context_cooccurrence,False,5274.0,5274,0.10548,2267,0.4298445202882063,0.50716,0.8475520945819983,congestion,time_bin
edge_c473ff1270cea0721d,context_cooccurrence:context_value:congestion_medium:1096e9812b9e,context_cooccurrence:context_value:weather_foggy:086f7369c216,context_cooccurs,context_cooccurrence,False,2176.0,2176,0.04352,1207,0.5546875,0.50716,1.0937130294187238,congestion,weather
edge_542c2180b89897d07c,context_cooccurrence:context_value:time_bin_evening:e2cb1b063e48,context_cooccurrence:context_value:tower_load_moderate:ff95aa01d274,context_cooccurs,context_cooccurrence,False,3645.0,3645,0.0729,1880,0.5157750342935528,0.50716,1.0169868173624748,time_bin,tower_load
edge_408e4db80a48256b83,context_cooccurrence:context_value:tower_load_moderate:ff95aa01d274,context_cooccurrence:context_value:weather_foggy:086f7369c216,context_cooccurs,context_cooccurrence,False,1519.0,1519,0.03038,931,0.6129032258064516,0.50716,1.2085007212841146,tower_load,weather
edge_f270bf8a988360f84f,context_cooccurrence:context_value:application_call:285b8de10ee6,context_cooccurrence:context_value:time_bin_evening:e2cb1b063e48,context_cooccurs,context_cooccurrence,False,3062.0,3062,0.06124,1284,0.4193337687785761,0.50716,0.8268273696241345,application,time_bin
edge_ace1e2cb7d58ab0260,context_cooccurrence:context_value:application_call:285b8de10ee6,context_cooccurrence:context_value:weather_foggy:086f7369c216,context_cooccurs,context_cooccurrence,False,1252.0,1252,0.02504,591,0.4720447284345048,0.50716,0.9307609599229134,application,weather
edge_35045413e1510345f4,context_cooccurrence:context_value:congestion_low:dc6f30abc825,context_cooccurrence:context_value:time_bin_evening:e2cb1b063e48,context_cooccurs,context_cooccurrence,False,915.0,915,0.0183,309,0.3377049180327869,0.50716,0.6658745130388573,congestion,time_bin
edge_a4d7475f3f07d6dc28,context_cooccurrence:context_value:congestion_low:dc6f30abc825,context_cooccurrence:context_value:weather_foggy:086f7369c216,context_cooccurs,context_cooccurrence,False,890.0,890,0.0178,427,0.4797752808988764,0.50716,0.946003787559895,congestion,weather
edge_7255ce060ff9c29242,context_cooccurrence:context_value:mobility_walking:f9c84a86faf4,context_cooccurrence:context_value:time_bin_evening:e2cb1b063e48,context_cooccurs,context_cooccurrence,False,5359.0,5359,0.10718,3146,0.5870498227281209,0.50716,1.1575239031629483,mobility,time_bin
edge_60cc1985136073a2f2,context_cooccurrence:context_value:mobility_walking:f9c84a86faf4,context_cooccurrence:context_value:weather_foggy:086f7369c216,context_cooccurs,context_cooccurrence,False,2433.0,2433,0.04866,1602,0.6584463625154131,0.50716,1.2983010539384279,mobility,weather
edge_98221adb309ef4df3f,context_cooccurrence:context_value:application_streaming:ca9f33603ddd,context_cooccurrence:context_value:time_bin_evening:e2cb1b063e48,context_cooccurs,context_cooccurrence,False,3059.0,3059,0.06118,2117,0.692056227525335,0.50716,1.3645717870599712,application,time_bin
edge_c9cf6d11c84c514303,context_cooccurrence:context_value:application_streaming:ca9f33603ddd,context_cooccurrence:context_value:weather_foggy:086f7369c216,context_cooccurs,context_cooccurrence,False,1327.0,1327,0.02654,1021,0.7694046721929163,0.50716,1.5170846916020906,application,weather
edge_0c153d98ee986736db,context_cooccurrence:context_value:time_bin_evening:e2cb1b063e48,context_cooccurrence:context_value:tower_load_heavy:a49aed9efbc6,context_cooccurs,context_cooccurrence,False,2413.0,2413,0.04826,1612,0.6680480729382512,0.50716,1.3172333641025538,time_bin,tower_load
edge_6dc0c90444e4c6c136,context_cooccurrence:context_value:tower_load_heavy:a49aed9efbc6,context_cooccurrence:context_value:weather_foggy:086f7369c216,context_cooccurs,context_cooccurrence,False,1015.0,1015,0.0203,791,0.7793103448275862,0.50716,1.536616343614611,tower_load,weather
edge_ec863e009e1b8eb335,context_cooccurrence:context_value:application_gaming:def3dd30caeb,context_cooccurrence:context_value:tower_load_heavy:a49aed9efbc6,context_cooccurs,context_cooccurrence,False,2514.0,2514,0.05028,1719,0.6837708830548926,0.50716,1.3482350403322276,application,tower_load
edge_18f05cf6cadc1eee9c,context_cooccurrence:context_value:application_gaming:def3dd30caeb,context_cooccurrence:context_value:radio_band_n258:4f5199340e56,context_cooccurs,context_cooccurrence,False,803.0,803,0.01606,531,0.6612702366127023,0.50716,1.3038690681692213,application,radio_band
edge_549d9d43daf9016d67,context_cooccurrence:context_value:area_type_urban:56fedb3ecc6c,context_cooccurrence:context_value:radio_band_n258:4f5199340e56,context_cooccurs,context_cooccurrence,False,3160.0,3160,0.0632,1993,0.6306962025316456,0.50716,1.2435842781994746,area_type,radio_band
edge_b51c34c2feb0c1d8fd,context_cooccurrence:context_value:congestion_low:dc6f30abc825,context_cooccurrence:context_value:radio_band_n258:4f5199340e56,context_cooccurs,context_cooccurrence,False,542.0,542,0.01084,221,0.4077490774907749,0.50716,0.8039850885140288,congestion,radio_band
edge_ed6c78983ec094676a,context_cooccurrence:context_value:infrastructure_moderately_degraded:76839948dcb8,context_cooccurrence:context_value:network_type_5g_sa:ca96e299bff5,context_cooccurs,context_cooccurrence,False,3740.0,3740,0.0748,1383,0.3697860962566845,0.50716,0.7291310360767499,infrastructure,network_type
edge_761811b746686ee13c,context_cooccurrence:context_value:infrastructure_moderately_degraded:76839948dcb8,context_cooccurrence:context_value:obstruction_medium:3ea6ce2a44a8,context_cooccurs,context_cooccurrence,False,4070.0,4070,0.0814,1990,0.48894348894348894,0.50716,0.9640813331956165,infrastructure,obstruction
edge_0b14f890e1e1210601,context_cooccurrence:context_value:infrastructure_moderately_degraded:76839948dcb8,context_cooccurrence:context_value:radio_band_n258:4f5199340e56,context_cooccurs,context_cooccurrence,False,740.0,740,0.0148,461,0.6229729729729729,0.50716,1.2283558896067768,infrastructure,radio_band
edge_6107485443a59f3a9f,context_cooccurrence:context_value:infrastructure_moderately_degraded:76839948dcb8,context_cooccurrence:context_value:time_bin_evening:e2cb1b063e48,context_cooccurs,context_cooccurrence,False,2367.0,2367,0.04734,1266,0.5348542458808618,0.50716,1.0546065263050355,infrastructure,time_bin
edge_74b7f554488c807ac8,context_cooccurrence:context_value:mobility_static:d34206ea58e5,context_cooccurrence:context_value:radio_band_n258:4f5199340e56,context_cooccurs,context_cooccurrence,False,1591.0,1591,0.03182,927,0.5826524198617222,0.50716,1.1488532610255584,mobility,radio_band
edge_67fe89222f49544aaa,context_cooccurrence:context_value:network_type_5g_sa:ca96e299bff5,context_cooccurrence:context_value:obstruction_medium:3ea6ce2a44a8,context_cooccurs,context_cooccurrence,False,7340.0,7340,0.1468,2802,0.38174386920980924,0.50716,0.752708946308481,network_type,obstruction
edge_368cb7c5c098aae93b,context_cooccurrence:context_value:network_type_5g_sa:ca96e299bff5,context_cooccurrence:context_value:radio_band_n258:4f5199340e56,context_cooccurs,context_cooccurrence,False,1380.0,1380,0.0276,785,0.5688405797101449,0.50716,1.1216195672177318,network_type,radio_band
edge_ee79c27ad169ef937a,context_cooccurrence:context_value:obstruction_medium:3ea6ce2a44a8,context_cooccurrence:context_value:radio_band_n258:4f5199340e56,context_cooccurs,context_cooccurrence,False,1200.0,1200,0.024,784,0.6533333333333333,0.50716,1.288219365354786,obstruction,radio_band
edge_206cde7df07f3889d3,context_cooccurrence:context_value:obstruction_medium:3ea6ce2a44a8,context_cooccurrence:context_value:time_bin_evening:e2cb1b063e48,context_cooccurs,context_cooccurrence,False,5185.0,5185,0.1037,2825,0.5448408871745419,0.50716,1.074297829431623,obstruction,time_bin
edge_d18c7eee2c6f43e91f,context_cooccurrence:context_value:radio_band_n258:4f5199340e56,context_cooccurrence:context_value:time_bin_evening:e2cb1b063e48,context_cooccurs,context_cooccurrence,False,727.0,727,0.01454,482,0.6629986244841816,0.50716,1.3072770417307782,radio_band,time_bin
edge_d3fd4bf4d3e03a7c63,context_cooccurrence:context_value:radio_band_n258:4f5199340e56,context_cooccurrence:context_value:tower_load_light:a96b7363a32b,context_cooccurs,context_cooccurrence,False,1574.0,1574,0.03148,891,0.5660736975857688,0.50716,1.116163927726494,radio_band,tower_load
edge_998bb11a5bace00c15,context_cooccurrence:context_value:radio_band_n258:4f5199340e56,context_cooccurrence:context_value:weather_clear:8bab34b7cb82,context_cooccurs,context_cooccurrence,False,2110.0,2110,0.0422,1262,0.5981042654028436,0.50716,1.1793206589692473,radio_band,weather
edge_9bd72409b241941aa4,context_cooccurrence:context_value:time_bin_evening:e2cb1b063e48,context_cooccurrence:context_value:weather_clear:8bab34b7cb82,context_cooccurs,context_cooccurrence,False,8912.0,8912,0.17824,4654,0.5222172351885098,0.50716,1.0296893193242955,time_bin,weather
edge_52507df8584ab42f1e,context_cooccurrence:context_value:application_streaming:ca9f33603ddd,context_cooccurrence:context_value:radio_band_n258:4f5199340e56,context_cooccurs,context_cooccurrence,False,814.0,814,0.01628,644,0.7911547911547911,0.50716,1.5599708004471786,application,radio_band
edge_6b5eac911e37ec6f83,context_cooccurrence:context_value:congestion_high:9d9dddd17c8c,context_cooccurrence:context_value:radio_band_n258:4f5199340e56,context_cooccurs,context_cooccurrence,False,1282.0,1282,0.02564,1048,0.8174726989079563,0.50716,1.611863512319497,congestion,radio_band
edge_837e048623c029d68e,context_cooccurrence:context_value:radio_band_n258:4f5199340e56,context_cooccurrence:context_value:tower_load_heavy:a49aed9efbc6,context_cooccurs,context_cooccurrence,False,668.0,668,0.01336,551,0.8248502994011976,0.50716,1.6264104018479326,radio_band,tower_load
edge_b2630d177cc93fc75d,context_cooccurrence:context_value:application_browse:3d1bd585d2bd,context_cooccurrence:context_value:radio_band_n258:4f5199340e56,context_cooccurs,context_cooccurrence,False,747.0,747,0.01494,443,0.5930388219544847,0.50716,1.1693327982381982,application,radio_band
edge_6886288d2b4832af03,context_cooccurrence:context_value:congestion_medium:1096e9812b9e,context_cooccurrence:context_value:radio_band_n258:4f5199340e56,context_cooccurs,context_cooccurrence,False,1336.0,1336,0.02672,724,0.5419161676646707,0.50716,1.0685309718129794,congestion,radio_band
edge_7cecc37b194f38d563,context_cooccurrence:context_value:mobility_walking:f9c84a86faf4,context_cooccurrence:context_value:obstruction_medium:3ea6ce2a44a8,context_cooccurs,context_cooccurrence,False,8972.0,8972,0.17944,4883,0.5442487739634418,0.50716,1.0731303217198553,mobility,obstruction
edge_3b611dfe0c5edd62fd,context_cooccurrence:context_value:mobility_walking:f9c84a86faf4,context_cooccurrence:context_value:radio_band_n258:4f5199340e56,context_cooccurs,context_cooccurrence,False,1466.0,1466,0.02932,999,0.6814461118690314,0.50716,1.343651139421546,mobility,radio_band
edge_b05aa5f861f8d42e3b,context_cooccurrence:context_value:radio_band_n258:4f5199340e56,context_cooccurrence:context_value:tower_load_moderate:ff95aa01d274,context_cooccurs,context_cooccurrence,False,918.0,918,0.01836,551,0.6002178649237473,0.50716,1.1834881791224607,radio_band,tower_load
edge_9add0dd0ecb4398ccf,context_cooccurrence:context_value:congestion_high:9d9dddd17c8c,context_cooccurrence:context_value:mobility_walking:f9c84a86faf4,context_cooccurs,context_cooccurrence,False,8741.0,8741,0.17482,6297,0.720398123784464,0.50716,1.420455327282246,congestion,mobility
edge_43e1185563e7c8b0e3,context_cooccurrence:context_value:mobility_walking:f9c84a86faf4,context_cooccurrence:context_value:tower_load_heavy:a49aed9efbc6,context_cooccurs,context_cooccurrence,False,4524.0,4524,0.09048,3244,0.7170645446507515,0.50716,1.4138822948394028,mobility,tower_load
edge_931a249945007cb4f8,context_cooccurrence:context_value:application_call:285b8de10ee6,context_cooccurrence:context_value:mobility_walking:f9c84a86faf4,context_cooccurs,context_cooccurrence,False,5652.0,5652,0.11304,2438,0.4313517338995046,0.50716,0.8505239646255709,application,mobility
edge_d12dca55961674f270,context_cooccurrence:context_value:application_call:285b8de10ee6,context_cooccurrence:context_value:radio_band_n258:4f5199340e56,context_cooccurs,context_cooccurrence,False,796.0,796,0.01592,375,0.47110552763819097,0.50716,0.9289090772895948,application,radio_band
edge_8ef51cbf1e1e1d50da,context_cooccurrence:context_value:obstruction_medium:3ea6ce2a44a8,context_cooccurrence:context_value:radio_band_n78:7ccd8ccc28c3,context_cooccurs,context_cooccurrence,False,6170.0,6170,0.1234,2764,0.4479740680713128,0.50716,0.8832992903054514,obstruction,radio_band
edge_e82c309bcd12fe1347,context_cooccurrence:context_value:obstruction_medium:3ea6ce2a44a8,context_cooccurrence:context_value:time_bin_morning:7b7f4189c4b9,context_cooccurs,context_cooccurrence,False,5175.0,5175,0.1035,2728,0.5271497584541063,0.50716,1.0394150927796084,obstruction,time_bin
edge_fbd709e57e26d796ce,context_cooccurrence:context_value:application_browse:3d1bd585d2bd,context_cooccurrence:context_value:radio_band_n28:af4fa2f617a9,context_cooccurs,context_cooccurrence,False,1879.0,1879,0.03758,303,0.16125598722724854,0.50716,0.31795880437583507,application,radio_band
edge_86a78f6600d7bdb087,context_cooccurrence:context_value:application_browse:3d1bd585d2bd,context_cooccurrence:context_value:time_bin_afternoon:e0d493798a7a,context_cooccurs,context_cooccurrence,False,3067.0,3067,0.06134,1388,0.45255950440169546,0.50716,0.8923406901208601,application,time_bin
edge_985da60b167bdfb3e5,context_cooccurrence:context_value:area_type_urban:56fedb3ecc6c,context_cooccurrence:context_value:radio_band_n28:af4fa2f617a9,context_cooccurs,context_cooccurrence,False,7420.0,7420,0.1484,1651,0.2225067385444744,0.50716,0.43873085129835626,area_type,radio_band
edge_23692c4b7b04397e9d,context_cooccurrence:context_value:area_type_urban:56fedb3ecc6c,context_cooccurrence:context_value:time_bin_afternoon:e0d493798a7a,context_cooccurs,context_cooccurrence,False,12478.0,12478,0.24956,6349,0.5088155153069402,0.50716,1.003264286037819,area_type,time_bin
edge_fe39565051326f4e05,context_cooccurrence:context_value:congestion_medium:1096e9812b9e,context_cooccurrence:context_value:radio_band_n28:af4fa2f617a9,context_cooccurs,context_cooccurrence,False,3277.0,3277,0.06554,501,0.15288373512358866,0.50716,0.30145069627649784,congestion,radio_band
edge_d94c160581684700d8,context_cooccurrence:context_value:congestion_medium:1096e9812b9e,context_cooccurrence:context_value:time_bin_afternoon:e0d493798a7a,context_cooccurs,context_cooccurrence,False,5575.0,5575,0.1115,2474,0.4437668161434978,0.50716,0.8750035810069756,congestion,time_bin
edge_04c18a2a27da638368,context_cooccurrence:context_value:infrastructure_moderately_degraded:76839948dcb8,context_cooccurrence:context_value:radio_band_n28:af4fa2f617a9,context_cooccurs,context_cooccurrence,False,1510.0,1510,0.0302,318,0.21059602649006623,0.50716,0.4152457340682747,infrastructure,radio_band
edge_dd63ee527038193c5b,context_cooccurrence:context_value:infrastructure_moderately_degraded:76839948dcb8,context_cooccurrence:context_value:time_bin_afternoon:e0d493798a7a,context_cooccurs,context_cooccurrence,False,2351.0,2351,0.04702,1128,0.47979583156103783,0.50716,0.9460443086225999,infrastructure,time_bin
edge_9b112932c66a5aea19,context_cooccurrence:context_value:mobility_walking:f9c84a86faf4,context_cooccurrence:context_value:radio_band_n28:af4fa2f617a9,context_cooccurs,context_cooccurrence,False,3224.0,3224,0.06448,805,0.24968982630272954,0.50716,0.4923294942478301,mobility,radio_band
edge_4c8e949621ff742a2f,context_cooccurrence:context_value:mobility_walking:f9c84a86faf4,context_cooccurrence:context_value:time_bin_afternoon:e0d493798a7a,context_cooccurs,context_cooccurrence,False,5679.0,5679,0.11358,3147,0.5541468568409932,0.50716,1.0926470085199802,mobility,time_bin
edge_51f8e0be5df0cdac25,context_cooccurrence:context_value:network_type_5g_sa:ca96e299bff5,context_cooccurrence:context_value:radio_band_n28:af4fa2f617a9,context_cooccurs,context_cooccurrence,False,3540.0,3540,0.0708,609,0.17203389830508475,0.50716,0.3392103050419685,network_type,radio_band
edge_0cdb1b7e1361aaaa00,context_cooccurrence:context_value:network_type_5g_sa:ca96e299bff5,context_cooccurrence:context_value:time_bin_afternoon:e0d493798a7a,context_cooccurs,context_cooccurrence,False,4421.0,4421,0.08842,1787,0.40420719294277313,0.50716,0.7970013268845593,network_type,time_bin
edge_dbc7b4f7ace40976c8,context_cooccurrence:context_value:obstruction_low:6baf2e76a3c7,context_cooccurrence:context_value:radio_band_n28:af4fa2f617a9,context_cooccurs,context_cooccurrence,False,3100.0,3100,0.062,452,0.14580645161290323,0.50716,0.2874959610633788,obstruction,radio_band
edge_e40ec5196022c8b278,context_cooccurrence:context_value:obstruction_low:6baf2e76a3c7,context_cooccurrence:context_value:time_bin_afternoon:e0d493798a7a,context_cooccurs,context_cooccurrence,False,5463.0,5463,0.10926,2195,0.4017938861431448,0.50716,0.7922428546082987,obstruction,time_bin
edge_0fc59989b5555d5c03,context_cooccurrence:context_value:radio_band_n28:af4fa2f617a9,context_cooccurrence:context_value:time_bin_afternoon:e0d493798a7a,context_cooccurs,context_cooccurrence,False,1848.0,1848,0.03696,433,0.2343073593073593,0.50716,0.46199889444624825,radio_band,time_bin
edge_7e1008baa0ca157168,context_cooccurrence:context_value:radio_band_n28:af4fa2f617a9,context_cooccurrence:context_value:tower_load_moderate:ff95aa01d274,context_cooccurs,context_cooccurrence,False,2161.0,2161,0.04322,411,0.19018972697825082,0.50716,0.37500932048712593,radio_band,tower_load
edge_16158b090f4b83e24f,context_cooccurrence:context_value:radio_band_n28:af4fa2f617a9,context_cooccurrence:context_value:weather_clear:8bab34b7cb82,context_cooccurs,context_cooccurrence,False,5260.0,5260,0.1052,1088,0.20684410646387832,0.50716,0.4078478319738905,radio_band,weather
edge_e76c88e49b5be284a7,context_cooccurrence:context_value:time_bin_afternoon:e0d493798a7a,context_cooccurrence:context_value:tower_load_moderate:ff95aa01d274,context_cooccurs,context_cooccurrence,False,3719.0,3719,0.07438,1824,0.49045442323205163,0.50716,0.9670605395379201,time_bin,tower_load
edge_250c3bd03319b5813a,context_cooccurrence:context_value:time_bin_afternoon:e0d493798a7a,context_cooccurrence:context_value:weather_clear:8bab34b7cb82,context_cooccurs,context_cooccurrence,False,8672.0,8672,0.17344,4086,0.4711715867158672,0.50716,0.9290393302229417,time_bin,weather
edge_ce344da5ef59d2f9e4,context_cooccurrence:context_value:application_gaming:def3dd30caeb,context_cooccurrence:context_value:radio_band_n28:af4fa2f617a9,context_cooccurs,context_cooccurrence,False,1898.0,1898,0.03796,420,0.22128556375131717,0.50716,0.4363229823947416,application,radio_band
edge_59669a7e9338f82e02,context_cooccurrence:context_value:application_gaming:def3dd30caeb,context_cooccurrence:context_value:time_bin_afternoon:e0d493798a7a,context_cooccurs,context_cooccurrence,False,3156.0,3156,0.06312,1680,0.532319391634981,0.50716,1.049608391109277,application,time_bin
edge_c26b08435f4ce9dd15,context_cooccurrence:context_value:mobility_static:d34206ea58e5,context_cooccurrence:context_value:radio_band_n28:af4fa2f617a9,context_cooccurs,context_cooccurrence,False,3874.0,3874,0.07748,734,0.18946824987093444,0.50716,0.37358673765859773,mobility,radio_band
edge_f8e38449a596b384d6,context_cooccurrence:context_value:mobility_static:d34206ea58e5,context_cooccurrence:context_value:time_bin_afternoon:e0d493798a7a,context_cooccurs,context_cooccurrence,False,6274.0,6274,0.12548,2906,0.46318138348740834,0.50716,0.9132845324698483,mobility,time_bin
edge_d9779b5a2fe82c34bf,context_cooccurrence:context_value:congestion_high:9d9dddd17c8c,context_cooccurrence:context_value:radio_band_n28:af4fa2f617a9,context_cooccurs,context_cooccurrence,False,2848.0,2848,0.05696,1043,0.36622191011235955,0.50716,0.7221033009550428,congestion,radio_band
edge_5c9e4f595bce9447fb,context_cooccurrence:context_value:congestion_high:9d9dddd17c8c,context_cooccurrence:context_value:time_bin_afternoon:e0d493798a7a,context_cooccurs,context_cooccurrence,False,4550.0,4550,0.091,3099,0.6810989010989011,0.50716,1.3429665216083704,congestion,time_bin
edge_bcea74a0c0a7cd9511,context_cooccurrence:context_value:radio_band_n28:af4fa2f617a9,context_cooccurrence:context_value:tower_load_heavy:a49aed9efbc6,context_cooccurs,context_cooccurrence,False,1471.0,1471,0.02942,533,0.36233854520734193,0.50716,0.7144462205365997,radio_band,tower_load
edge_5408578ab9085f5893,context_cooccurrence:context_value:time_bin_afternoon:e0d493798a7a,context_cooccurrence:context_value:tower_load_heavy:a49aed9efbc6,context_cooccurs,context_cooccurrence,False,2503.0,2503,0.05006,1696,0.6775868957251299,0.50716,1.3360416746689996,time_bin,tower_load
edge_a54aa418ddefd94901,context_cooccurrence:context_value:application_gaming:def3dd30caeb,context_cooccurrence:context_value:mobility_driving:c335cecd5415,context_cooccurs,context_cooccurrence,False,502.0,502,0.01004,293,0.5836653386454184,0.50716,1.1508504981572252,application,mobility
edge_d7258793509115b96c,context_cooccurrence:context_value:area_type_urban:56fedb3ecc6c,context_cooccurrence:context_value:mobility_driving:c335cecd5415,context_cooccurs,context_cooccurrence,False,1990.0,1990,0.0398,1195,0.6005025125628141,0.50716,1.1840494371851369,area_type,mobility
edge_ff9ec9730bc178d578,context_cooccurrence:context_value:congestion_medium:1096e9812b9e,context_cooccurrence:context_value:mobility_driving:c335cecd5415,context_cooccurs,context_cooccurrence,False,1208.0,1208,0.02416,621,0.5140728476821192,0.50716,1.013630506511001,congestion,mobility
edge_9207b8a6fbf2f45911,context_cooccurrence:context_value:infrastructure_moderately_degraded:76839948dcb8,context_cooccurrence:context_value:mobility_driving:c335cecd5415,context_cooccurs,context_cooccurrence,False,337.0,337,0.00674,214,0.6350148367952523,0.50716,1.252099607215183,infrastructure,mobility
edge_42368a5dfc4de5b217,context_cooccurrence:context_value:mobility_driving:c335cecd5415,context_cooccurrence:context_value:network_type_5g_sa:ca96e299bff5,context_cooccurs,context_cooccurrence,False,763.0,763,0.01526,357,0.46788990825688076,0.50716,0.9225686336794714,mobility,network_type
edge_5baafe5c3b58663963,context_cooccurrence:context_value:mobility_driving:c335cecd5415,context_cooccurrence:context_value:obstruction_low:6baf2e76a3c7,context_cooccurs,context_cooccurrence,False,1045.0,1045,0.0209,592,0.5665071770334928,0.50716,1.1170186470413535,mobility,obstruction
edge_120ef9130d8d7faae3,context_cooccurrence:context_value:mobility_driving:c335cecd5415,context_cooccurrence:context_value:radio_band_n28:af4fa2f617a9,context_cooccurs,context_cooccurrence,False,322.0,322,0.00644,112,0.34782608695652173,0.50716,0.6858310729484219,mobility,radio_band
edge_ec88611683e5d9d7a3,context_cooccurrence:context_value:mobility_driving:c335cecd5415,context_cooccurrence:context_value:time_bin_afternoon:e0d493798a7a,context_cooccurs,context_cooccurrence,False,525.0,525,0.0105,296,0.5638095238095238,0.50716,1.1116995106268706,mobility,time_bin
edge_300663965000ab3fe4,context_cooccurrence:context_value:mobility_driving:c335cecd5415,context_cooccurrence:context_value:tower_load_moderate:ff95aa01d274,context_cooccurs,context_cooccurrence,False,586.0,586,0.01172,336,0.5733788395904437,0.50716,1.130567946191426,mobility,tower_load
edge_c98e6c77260be307b2,context_cooccurrence:context_value:mobility_driving:c335cecd5415,context_cooccurrence:context_value:weather_clear:8bab34b7cb82,context_cooccurs,context_cooccurrence,False,1393.0,1393,0.02786,806,0.5786073223259153,0.50716,1.1408772819739632,mobility,weather
edge_c94157cb06fe376389,context_cooccurrence:context_value:application_call:285b8de10ee6,context_cooccurrence:context_value:mobility_driving:c335cecd5415,context_cooccurs,context_cooccurrence,False,473.0,473,0.00946,242,0.5116279069767442,0.50716,1.0088096596276208,application,mobility
edge_82cb94108df17571e5,context_cooccurrence:context_value:application_call:285b8de10ee6,context_cooccurrence:context_value:radio_band_n28:af4fa2f617a9,context_cooccurs,context_cooccurrence,False,1821.0,1821,0.03642,209,0.11477210323997804,0.50716,0.22630353979016093,application,radio_band
edge_3ba4c9944de26c5184,context_cooccurrence:context_value:application_call:285b8de10ee6,context_cooccurrence:context_value:time_bin_afternoon:e0d493798a7a,context_cooccurs,context_cooccurrence,False,3061.0,3061,0.06122,1182,0.3861483175432865,0.50716,0.761393480446578,application,time_bin
edge_45076c07a461aac336,context_cooccurrence:context_value:mobility_driving:c335cecd5415,context_cooccurrence:context_value:tower_load_light:a96b7363a32b,context_cooccurs,context_cooccurrence,False,1008.0,1008,0.02016,573,0.5684523809523809,0.50716,1.1208541307523876,mobility,tower_load
edge_8e6f6ac876a31f0eb8,context_cooccurrence:context_value:radio_band_n28:af4fa2f617a9,context_cooccurrence:context_value:tower_load_light:a96b7363a32b,context_cooccurs,context_cooccurrence,False,3788.0,3788,0.07576,707,0.18664202745512143,0.50716,0.36801409309709243,radio_band,tower_load
edge_5b8523f46e09bf6748,context_cooccurrence:context_value:time_bin_afternoon:e0d493798a7a,context_cooccurrence:context_value:tower_load_light:a96b7363a32b,context_cooccurs,context_cooccurrence,False,6256.0,6256,0.12512,2829,0.4522058823529412,0.50716,0.8916434307771535,time_bin,tower_load
edge_8a1454b5a30e08f7d2,context_cooccurrence:context_value:congestion_high:9d9dddd17c8c,context_cooccurrence:context_value:mobility_driving:c335cecd5415,context_cooccurs,context_cooccurrence,False,782.0,782,0.01564,574,0.7340153452685422,0.50716,1.4473052789426257,congestion,mobility
edge_ad78313a8360cf3ddf,context_cooccurrence:context_value:application_browse:3d1bd585d2bd,context_cooccurrence:context_value:mobility_driving:c335cecd5415,context_cooccurs,context_cooccurrence,False,519.0,519,0.01038,290,0.558766859344894,0.50716,1.10175656468352,application,mobility
edge_70655ad5973f8fc027,context_cooccurrence:context_value:infrastructure_nominal:86f0c6eb721b,context_cooccurrence:context_value:network_type_5g_nsa:1e446c34aabc,context_cooccurs,context_cooccurrence,False,14730.0,14730,0.2946,7466,0.506856754921928,0.50716,0.9994020721703762,infrastructure,network_type
edge_457ce61797174597d8,context_cooccurrence:context_value:infrastructure_nominal:86f0c6eb721b,context_cooccurrence:context_value:radio_band_n77:72cd438a800f,context_cooccurs,context_cooccurrence,False,3000.0,3000,0.06,1477,0.49233333333333335,0.50716,0.9707653074637852,infrastructure,radio_band
edge_653223a7f57c3c5920,context_cooccurrence:context_value:network_type_5g_nsa:1e446c34aabc,context_cooccurrence:context_value:obstruction_medium:3ea6ce2a44a8,context_cooccurs,context_cooccurrence,False,7810.0,7810,0.1562,3882,0.4970550576184379,0.50716,0.9800754350075673,network_type,obstruction
edge_b7613a44a61dce7c48,context_cooccurrence:context_value:network_type_5g_nsa:1e446c34aabc,context_cooccurrence:context_value:time_bin_evening:e2cb1b063e48,context_cooccurs,context_cooccurrence,False,4846.0,4846,0.09692,2608,0.5381758151052415,0.50716,1.0611558780369932,network_type,time_bin
edge_d339c606660e28c876,context_cooccurrence:context_value:obstruction_medium:3ea6ce2a44a8,context_cooccurrence:context_value:radio_band_n77:72cd438a800f,context_cooccurs,context_cooccurrence,False,1650.0,1650,0.033,775,0.4696969696969697,0.50716,0.9261317329776987,obstruction,radio_band
edge_514e29f61315a81e2b,context_cooccurrence:context_value:radio_band_n77:72cd438a800f,context_cooccurrence:context_value:time_bin_evening:e2cb1b063e48,context_cooccurs,context_cooccurrence,False,984.0,984,0.01968,521,0.5294715447154471,0.50716,1.0439931081225788,radio_band,time_bin
edge_b96c342909994c080d,context_cooccurrence:context_value:congestion_high:9d9dddd17c8c,context_cooccurrence:context_value:tower_load_moderate:ff95aa01d274,context_cooccurs,context_cooccurrence,False,3470.0,3470,0.0694,2358,0.6795389048991355,0.50716,1.3398905767393632,congestion,tower_load
edge_f07b2cb502ed8cc1d4,context_cooccurrence:context_value:network_type_5g_nsa:1e446c34aabc,context_cooccurrence:context_value:radio_band_n78:7ccd8ccc28c3,context_cooccurs,context_cooccurrence,False,7870.0,7870,0.1574,4139,0.5259212198221093,0.50716,1.0369927041212028,network_type,radio_band
edge_3f4a99349ca378e583,context_cooccurrence:context_value:application_call:285b8de10ee6,context_cooccurrence:context_value:weather_rainy:2c23bce4260d,context_cooccurs,context_cooccurrence,False,2401.0,2401,0.04802,1027,0.4277384423157018,0.50716,0.8433994051496604,application,weather
edge_87038eeddcd9272cc7,context_cooccurrence:context_value:area_type_urban:56fedb3ecc6c,context_cooccurrence:context_value:weather_rainy:2c23bce4260d,context_cooccurs,context_cooccurrence,False,9770.0,9770,0.1954,5314,0.5439099283520983,0.50716,1.0724621980284292,area_type,weather
edge_c0813f0c267657c1fe,context_cooccurrence:context_value:congestion_medium:1096e9812b9e,context_cooccurrence:context_value:weather_rainy:2c23bce4260d,context_cooccurs,context_cooccurrence,False,4216.0,4216,0.08432,1980,0.4696394686907021,0.50716,0.9260183545443293,congestion,weather
edge_7ad06ff028e0cfab7c,context_cooccurrence:context_value:infrastructure_moderately_degraded:76839948dcb8,context_cooccurrence:context_value:weather_rainy:2c23bce4260d,context_cooccurs,context_cooccurrence,False,1700.0,1700,0.034,872,0.5129411764705882,0.50716,1.011399117577467,infrastructure,weather
edge_bb7e71af6bee3a7126,context_cooccurrence:context_value:mobility_static:d34206ea58e5,context_cooccurrence:context_value:weather_rainy:2c23bce4260d,context_cooccurs,context_cooccurrence,False,5022.0,5022,0.10044,2543,0.5063719633612107,0.50716,0.9984461774611773,mobility,weather
edge_7c866d4805301750f1,context_cooccurrence:context_value:network_type_5g_sa:ca96e299bff5,context_cooccurrence:context_value:radio_band_n77:72cd438a800f,context_cooccurs,context_cooccurrence,False,1690.0,1690,0.0338,729,0.43136094674556213,0.50716,0.8505421301868485,network_type,radio_band
edge_b4cd94d436e898781c,context_cooccurrence:context_value:network_type_5g_sa:ca96e299bff5,context_cooccurrence:context_value:weather_rainy:2c23bce4260d,context_cooccurs,context_cooccurrence,False,3560.0,3560,0.0712,1560,0.43820224719101125,0.50716,0.864031562408335,network_type,weather
edge_500677ee091fb43c97,context_cooccurrence:context_value:obstruction_low:6baf2e76a3c7,context_cooccurrence:context_value:weather_rainy:2c23bce4260d,context_cooccurs,context_cooccurrence,False,4160.0,4160,0.0832,1804,0.43365384615384617,0.50716,0.855063187463219,obstruction,weather
edge_e5703e641463761fd6,context_cooccurrence:context_value:radio_band_n77:72cd438a800f,context_cooccurrence:context_value:time_bin_afternoon:e0d493798a7a,context_cooccurs,context_cooccurrence,False,1003.0,1003,0.02006,486,0.48454636091724823,0.50716,0.9554112329782478,radio_band,time_bin
edge_95bb2e1835b3ea022e,context_cooccurrence:context_value:radio_band_n77:72cd438a800f,context_cooccurrence:context_value:weather_rainy:2c23bce4260d,context_cooccurs,context_cooccurrence,False,770.0,770,0.0154,418,0.5428571428571428,0.50716,1.0703863531373585,radio_band,weather
edge_e7b1b00d3ec6b703b8,context_cooccurrence:context_value:time_bin_afternoon:e0d493798a7a,context_cooccurrence:context_value:weather_rainy:2c23bce4260d,context_cooccurs,context_cooccurrence,False,2526.0,2526,0.05052,1420,0.56215360253365,0.50716,1.1084344241139876,time_bin,weather
edge_57fc0477e56ffe23c2,context_cooccurrence:context_value:tower_load_moderate:ff95aa01d274,context_cooccurrence:context_value:weather_rainy:2c23bce4260d,context_cooccurs,context_cooccurrence,False,2921.0,2921,0.05842,1549,0.5302978432043821,0.50716,1.0456223740128994,tower_load,weather
edge_79c1520d1c3e7934ed,context_cooccurrence:context_value:application_browse:3d1bd585d2bd,context_cooccurrence:context_value:weather_rainy:2c23bce4260d,context_cooccurs,context_cooccurrence,False,2432.0,2432,0.04864,1213,0.4987664473684211,0.50716,0.983449892279401,application,weather
edge_9e0845ea7f211aff06,context_cooccurrence:context_value:congestion_high:9d9dddd17c8c,context_cooccurrence:context_value:weather_rainy:2c23bce4260d,context_cooccurs,context_cooccurrence,False,3754.0,3754,0.07508,2686,0.715503462972829,0.50716,1.4108042096632796,congestion,weather
edge_6af6ae6507b8b9b039,context_cooccurrence:context_value:tower_load_heavy:a49aed9efbc6,context_cooccurrence:context_value:weather_rainy:2c23bce4260d,context_cooccurs,context_cooccurrence,False,1952.0,1952,0.03904,1409,0.7218237704918032,0.50716,1.4232663666136982,tower_load,weather
edge_c1d63377801a72c178,context_cooccurrence:context_value:tower_load_light:a96b7363a32b,context_cooccurrence:context_value:weather_rainy:2c23bce4260d,context_cooccurs,context_cooccurrence,False,4897.0,4897,0.09794,2356,0.4811108842148254,0.50716,0.948637282543626,tower_load,weather
edge_d9bcbb8e57edaac98e,context_cooccurrence:context_value:application_streaming:ca9f33603ddd,context_cooccurrence:context_value:time_bin_afternoon:e0d493798a7a,context_cooccurs,context_cooccurrence,False,3194.0,3194,0.06388,2099,0.6571696931747025,0.50716,1.2957837628651756,application,time_bin
edge_4376e2a8b948bbde76,context_cooccurrence:context_value:application_streaming:ca9f33603ddd,context_cooccurrence:context_value:weather_rainy:2c23bce4260d,context_cooccurs,context_cooccurrence,False,2452.0,2452,0.04904,1656,0.6753670473083198,0.50716,1.3316646567322339,application,weather
edge_eeaf0b56cb34a1d986,context_cooccurrence:context_value:congestion_low:dc6f30abc825,context_cooccurrence:context_value:time_bin_afternoon:e0d493798a7a,context_cooccurs,context_cooccurrence,False,2353.0,2353,0.04706,776,0.32979175520611986,0.50716,0.65027162080235,congestion,time_bin
edge_e0b00ad9f4f0a9dd50,context_cooccurrence:context_value:congestion_low:dc6f30abc825,context_cooccurrence:context_value:weather_rainy:2c23bce4260d,context_cooccurs,context_cooccurrence,False,1800.0,1800,0.036,648,0.36,0.50716,0.7098351605016168,congestion,weather
edge_e053b0e3d017bb8bdc,context_cooccurrence:context_value:application_gaming:def3dd30caeb,context_cooccurrence:context_value:weather_rainy:2c23bce4260d,context_cooccurs,context_cooccurrence,False,2485.0,2485,0.0497,1418,0.5706237424547284,0.50716,1.1251355439205148,application,weather
edge_2a898739e4144421b9,context_cooccurrence:context_value:mobility_walking:f9c84a86faf4,context_cooccurrence:context_value:network_type_4g:3830d9ef62b5,context_cooccurs,context_cooccurrence,False,5727.0,5727,0.11454,4194,0.7323205866946045,0.50716,1.4439636144305632,mobility,network_type
edge_02d6841b518eb94b6c,context_cooccurrence:context_value:mobility_walking:f9c84a86faf4,context_cooccurrence:context_value:radio_band_lte_anchor:34e50eb9270d,context_cooccurs,context_cooccurrence,False,5727.0,5727,0.11454,4194,0.7323205866946045,0.50716,1.4439636144305632,mobility,radio_band
edge_9eefae787c8c717f2d,context_cooccurrence:context_value:network_type_4g:3830d9ef62b5,context_cooccurrence:context_value:obstruction_high:2b69b79ceadf,context_cooccurs,context_cooccurrence,False,2030.0,2030,0.0406,1867,0.9197044334975369,0.50716,1.8134404004604796,network_type,obstruction
edge_a1427d3ff99ef92e54,context_cooccurrence:context_value:network_type_4g:3830d9ef62b5,context_cooccurrence:context_value:time_bin_evening:e2cb1b063e48,context_cooccurs,context_cooccurrence,False,2929.0,2929,0.05858,2138,0.7299419597132127,0.50716,1.4392735225830362,network_type,time_bin
edge_011d2f74dfb4735e9f,context_cooccurrence:context_value:obstruction_high:2b69b79ceadf,context_cooccurrence:context_value:radio_band_lte_anchor:34e50eb9270d,context_cooccurs,context_cooccurrence,False,2030.0,2030,0.0406,1867,0.9197044334975369,0.50716,1.8134404004604796,obstruction,radio_band
edge_c79e0dc880dbdd19fb,context_cooccurrence:context_value:obstruction_high:2b69b79ceadf,context_cooccurrence:context_value:time_bin_evening:e2cb1b063e48,context_cooccurs,context_cooccurrence,False,1879.0,1879,0.03758,1540,0.8195848855774348,0.50716,1.61602824666266,obstruction,time_bin
edge_0aec7e76fdb923d17b,context_cooccurrence:context_value:radio_band_lte_anchor:34e50eb9270d,context_cooccurrence:context_value:time_bin_evening:e2cb1b063e48,context_cooccurs,context_cooccurrence,False,2929.0,2929,0.05858,2138,0.7299419597132127,0.50716,1.4392735225830362,radio_band,time_bin
edge_0b935123d3e91bf2d0,context_cooccurrence:context_value:infrastructure_nominal:86f0c6eb721b,context_cooccurrence:context_value:time_bin_afternoon:e0d493798a7a,context_cooccurs,context_cooccurrence,False,9472.0,9472,0.18944,4854,0.5124577702702703,0.50716,1.0104459544724944,infrastructure,time_bin
edge_f31530dd55baad35f4,context_cooccurrence:context_value:radio_band_n78:7ccd8ccc28c3,context_cooccurrence:context_value:time_bin_afternoon:e0d493798a7a,context_cooccurs,context_cooccurrence,False,3745.0,3745,0.0749,1755,0.46862483311081443,0.50716,0.924017732295162,radio_band,time_bin
edge_262ea03ae8648698a1,context_cooccurrence:context_value:infrastructure_nominal:86f0c6eb721b,context_cooccurrence:context_value:mobility_driving:c335cecd5415,context_cooccurs,context_cooccurrence,False,1592.0,1592,0.03184,948,0.5954773869346733,0.50716,1.1741410736940479,infrastructure,mobility
edge_4ea11ede0e018874b6,context_cooccurrence:context_value:mobility_driving:c335cecd5415,context_cooccurrence:context_value:radio_band_n78:7ccd8ccc28c3,context_cooccurs,context_cooccurrence,False,632.0,632,0.01264,358,0.5664556962025317,0.50716,1.116917138974942,mobility,radio_band
edge_a41b32e42da0a5f18d,context_cooccurrence:context_value:application_browse:3d1bd585d2bd,context_cooccurrence:context_value:radio_band_n41:efc4ef114f74,context_cooccurs,context_cooccurrence,False,502.0,502,0.01004,168,0.3346613545816733,0.50716,0.6598733231754738,application,radio_band
edge_4592fdd1fe4efcbac1,context_cooccurrence:context_value:area_type_urban:56fedb3ecc6c,context_cooccurrence:context_value:radio_band_n41:efc4ef114f74,context_cooccurs,context_cooccurrence,False,2090.0,2090,0.0418,798,0.38181818181818183,0.50716,0.7528554732592906,area_type,radio_band
edge_83866fb7689bbcf336,context_cooccurrence:context_value:congestion_low:dc6f30abc825,context_cooccurrence:context_value:radio_band_n41:efc4ef114f74,context_cooccurs,context_cooccurrence,False,387.0,387,0.00774,78,0.20155038759689922,0.50716,0.3974098659139112,congestion,radio_band
edge_a3bc8073d0036e096d,context_cooccurrence:context_value:infrastructure_nominal:86f0c6eb721b,context_cooccurrence:context_value:radio_band_n41:efc4ef114f74,context_cooccurs,context_cooccurrence,False,1630.0,1630,0.0326,620,0.3803680981595092,0.50716,0.7499962500187499,infrastructure,radio_band
edge_4603bcc6d346b27d6f,context_cooccurrence:context_value:mobility_static:d34206ea58e5,context_cooccurrence:context_value:radio_band_n41:efc4ef114f74,context_cooccurs,context_cooccurrence,False,1044.0,1044,0.02088,360,0.3448275862068966,0.50716,0.6799187361126597,mobility,radio_band
edge_7272b94ea40d768c9e,context_cooccurrence:context_value:network_type_5g_nsa:1e446c34aabc,context_cooccurrence:context_value:obstruction_high:2b69b79ceadf,context_cooccurs,context_cooccurrence,False,3150.0,3150,0.063,2468,0.7834920634920635,0.50716,1.5448617073350883,network_type,obstruction
edge_22634b0e70d68c42ed,context_cooccurrence:context_value:network_type_5g_nsa:1e446c34aabc,context_cooccurrence:context_value:radio_band_n41:efc4ef114f74,context_cooccurs,context_cooccurrence,False,1030.0,1030,0.0206,431,0.4184466019417476,0.50716,0.8250780856963238,network_type,radio_band
edge_1b0e3afbf173d297d3,context_cooccurrence:context_value:network_type_5g_nsa:1e446c34aabc,context_cooccurrence:context_value:time_bin_morning:7b7f4189c4b9,context_cooccurs,context_cooccurrence,False,5199.0,5199,0.10398,2828,0.5439507597614925,0.50716,1.0725427079452097,network_type,time_bin
edge_7355cd32b8fa5b69d4,context_cooccurrence:context_value:obstruction_high:2b69b79ceadf,context_cooccurrence:context_value:radio_band_n41:efc4ef114f74,context_cooccurs,context_cooccurrence,False,260.0,260,0.0052,192,0.7384615384615385,0.50716,1.4560721241058807,obstruction,radio_band
edge_6c2c0c82e8a9bfc2be,context_cooccurrence:context_value:radio_band_n41:efc4ef114f74,context_cooccurrence:context_value:time_bin_morning:7b7f4189c4b9,context_cooccurs,context_cooccurrence,False,583.0,583,0.01166,236,0.40480274442538594,0.50716,0.7981756140574688,radio_band,time_bin
edge_36d9c98f8a77818539,context_cooccurrence:context_value:radio_band_n41:efc4ef114f74,context_cooccurrence:context_value:tower_load_light:a96b7363a32b,context_cooccurs,context_cooccurrence,False,1066.0,1066,0.02132,371,0.34803001876172607,0.50716,0.6862331784086403,radio_band,tower_load
edge_6b9db3918cfa51b785,context_cooccurrence:context_value:radio_band_n41:efc4ef114f74,context_cooccurrence:context_value:weather_clear:8bab34b7cb82,context_cooccurs,context_cooccurrence,False,1430.0,1430,0.0286,557,0.3895104895104895,0.50716,0.7680228912187268,radio_band,weather
edge_a178885b445583ea76,context_cooccurrence:context_value:application_gaming:def3dd30caeb,context_cooccurrence:context_value:radio_band_n41:efc4ef114f74,context_cooccurs,context_cooccurrence,False,531.0,531,0.01062,204,0.384180790960452,0.50716,0.7575139817029181,application,radio_band
edge_ebdfb8b3355d325b82,context_cooccurrence:context_value:congestion_high:9d9dddd17c8c,context_cooccurrence:context_value:radio_band_n41:efc4ef114f74,context_cooccurs,context_cooccurrence,False,828.0,828,0.01656,452,0.5458937198067633,0.50716,1.0763737672662734,congestion,radio_band
edge_eb8d9c025536e368c1,context_cooccurrence:context_value:radio_band_n41:efc4ef114f74,context_cooccurrence:context_value:tower_load_heavy:a49aed9efbc6,context_cooccurs,context_cooccurrence,False,420.0,420,0.0084,226,0.5380952380952381,0.50716,1.0609969991624695,radio_band,tower_load
edge_e3e243838610dc4d69,context_cooccurrence:context_value:congestion_medium:1096e9812b9e,context_cooccurrence:context_value:radio_band_n41:efc4ef114f74,context_cooccurs,context_cooccurrence,False,875.0,875,0.0175,268,0.3062857142857143,0.50716,0.6039232476648676,congestion,radio_band
edge_cc5b5c8421245f1826,context_cooccurrence:context_value:radio_band_n41:efc4ef114f74,context_cooccurrence:context_value:tower_load_moderate:ff95aa01d274,context_cooccurs,context_cooccurrence,False,604.0,604,0.01208,201,0.33278145695364236,0.50716,0.656166608079585,radio_band,tower_load
edge_c30761068e5229b5ae,context_cooccurrence:context_value:application_streaming:ca9f33603ddd,context_cooccurrence:context_value:radio_band_n41:efc4ef114f74,context_cooccurs,context_cooccurrence,False,531.0,531,0.01062,293,0.551789077212806,0.50716,1.0879980227399755,application,radio_band
edge_46c96be923d8659680,context_cooccurrence:context_value:application_call:285b8de10ee6,context_cooccurrence:context_value:radio_band_n41:efc4ef114f74,context_cooccurs,context_cooccurrence,False,526.0,526,0.01052,133,0.25285171102661597,0.50716,0.4985639857769066,application,radio_band
edge_445653d95de7dea418,context_cooccurrence:context_value:application_gaming:def3dd30caeb,context_cooccurrence:context_value:radio_band_n260:c860a51b140e,context_cooccurs,context_cooccurrence,False,1032.0,1032,0.02064,699,0.6773255813953488,0.50716,1.3355264243933842,application,radio_band
edge_aa16b05cad26bad5ec,context_cooccurrence:context_value:area_type_urban:56fedb3ecc6c,context_cooccurrence:context_value:radio_band_n260:c860a51b140e,context_cooccurs,context_cooccurrence,False,4100.0,4100,0.082,2553,0.6226829268292683,0.50716,1.2277839869651948,area_type,radio_band
edge_0a1cb840e38fca6450,context_cooccurrence:context_value:congestion_high:9d9dddd17c8c,context_cooccurrence:context_value:radio_band_n260:c860a51b140e,context_cooccurs,context_cooccurrence,False,1547.0,1547,0.03094,1214,0.7847446670976083,0.50716,1.5473315464500517,congestion,radio_band
edge_9b97edd950abfcc169,context_cooccurrence:context_value:infrastructure_moderately_degraded:76839948dcb8,context_cooccurrence:context_value:radio_band_n260:c860a51b140e,context_cooccurs,context_cooccurrence,False,750.0,750,0.015,466,0.6213333333333333,0.50716,1.2251229066435312,infrastructure,radio_band
edge_c0368e19bd01bac7b2,context_cooccurrence:context_value:mobility_walking:f9c84a86faf4,context_cooccurrence:context_value:radio_band_n260:c860a51b140e,context_cooccurs,context_cooccurrence,False,1874.0,1874,0.03748,1222,0.6520811099252934,0.50716,1.285750275899703,mobility,radio_band
edge_edfa3d8936bdf84f92,context_cooccurrence:context_value:network_type_5g_nsa:1e446c34aabc,context_cooccurrence:context_value:radio_band_n260:c860a51b140e,context_cooccurs,context_cooccurrence,False,2100.0,2100,0.042,1436,0.6838095238095238,0.50716,1.348311230794076,network_type,radio_band
edge_cb4fdf45cbe2f13942,context_cooccurrence:context_value:obstruction_low:6baf2e76a3c7,context_cooccurrence:context_value:radio_band_n260:c860a51b140e,context_cooccurs,context_cooccurrence,False,1910.0,1910,0.0382,976,0.5109947643979058,0.50716,1.0075612516718704,obstruction,radio_band
edge_1c1c3da89d4651e824,context_cooccurrence:context_value:radio_band_n260:c860a51b140e,context_cooccurrence:context_value:time_bin_evening:e2cb1b063e48,context_cooccurs,context_cooccurrence,False,823.0,823,0.01646,576,0.6998784933171325,0.50716,1.3799954517649902,radio_band,time_bin
edge_be06e569d7b52d32e3,context_cooccurrence:context_value:radio_band_n260:c860a51b140e,context_cooccurrence:context_value:tower_load_light:a96b7363a32b,context_cooccurs,context_cooccurrence,False,2081.0,2081,0.04162,1160,0.557424315233061,0.50716,1.0991093840860102,radio_band,tower_load
edge_7d8dca5d0af784b388,context_cooccurrence:context_value:radio_band_n260:c860a51b140e,context_cooccurrence:context_value:weather_clear:8bab34b7cb82,context_cooccurs,context_cooccurrence,False,2950.0,2950,0.059,1724,0.584406779661017,0.50716,1.152312445108086,radio_band,weather
edge_e50d5a9fc8caa8ffeb,context_cooccurrence:context_value:congestion_medium:1096e9812b9e,context_cooccurrence:context_value:radio_band_n260:c860a51b140e,context_cooccurs,context_cooccurrence,False,1762.0,1762,0.03524,1000,0.5675368898978433,0.50716,1.119048998142289,congestion,radio_band
edge_aece3305da7bfb55c4,context_cooccurrence:context_value:radio_band_n260:c860a51b140e,context_cooccurrence:context_value:tower_load_moderate:ff95aa01d274,context_cooccurs,context_cooccurrence,False,1188.0,1188,0.02376,762,0.6414141414141414,0.50716,1.2647175278297607,radio_band,tower_load
edge_34d0c4edd3da10a497,context_cooccurrence:context_value:application_call:285b8de10ee6,context_cooccurrence:context_value:radio_band_n260:c860a51b140e,context_cooccurs,context_cooccurrence,False,1001.0,1001,0.02002,447,0.44655344655344653,0.50716,0.8804981594633774,application,radio_band
edge_707a7bfa05368b48e2,context_cooccurrence:context_value:application_browse:3d1bd585d2bd,context_cooccurrence:context_value:radio_band_n260:c860a51b140e,context_cooccurs,context_cooccurrence,False,1004.0,1004,0.02008,568,0.5657370517928287,0.50716,1.115500141558539,application,radio_band
edge_9dec57603f5827cd47,context_cooccurrence:context_value:application_streaming:ca9f33603ddd,context_cooccurrence:context_value:radio_band_n260:c860a51b140e,context_cooccurs,context_cooccurrence,False,1063.0,1063,0.02126,839,0.7892756349952963,0.50716,1.5562655473525044,application,radio_band
edge_8395303ee9fbbae0ef,context_cooccurrence:context_value:infrastructure_moderately_degraded:76839948dcb8,context_cooccurrence:context_value:radio_band_n78:7ccd8ccc28c3,context_cooccurs,context_cooccurrence,False,3140.0,3140,0.0628,1323,0.4213375796178344,0.50716,0.8307784123705229,infrastructure,radio_band
edge_449fb068f60ecd5079,context_cooccurrence:context_value:network_type_5g_nsa:1e446c34aabc,context_cooccurrence:context_value:weather_rainy:2c23bce4260d,context_cooccurs,context_cooccurrence,False,3960.0,3960,0.0792,2111,0.533080808080808,0.50716,1.0511097249010333,network_type,weather
edge_bb7bcb23b752158d4c,context_cooccurrence:context_value:radio_band_n78:7ccd8ccc28c3,context_cooccurrence:context_value:weather_rainy:2c23bce4260d,context_cooccurs,context_cooccurrence,False,3270.0,3270,0.0654,1634,0.4996941896024465,0.50716,0.985279181328272,radio_band,weather
edge_2c501d6cb6f781c19d,context_cooccurrence:context_value:time_bin_evening:e2cb1b063e48,context_cooccurrence:context_value:weather_rainy:2c23bce4260d,context_cooccurs,context_cooccurrence,False,2095.0,2095,0.0419,1166,0.556563245823389,0.50716,1.0974115581342947,time_bin,weather
edge_7e92db49c3a669af99,context_cooccurrence:context_value:mobility_walking:f9c84a86faf4,context_cooccurrence:context_value:weather_rainy:2c23bce4260d,context_cooccurs,context_cooccurrence,False,4334.0,4334,0.08668,2502,0.5772958006460545,0.50716,1.1382912703013928,mobility,weather
edge_95b613e2604c76f659,context_cooccurrence:context_value:radio_band_n78:7ccd8ccc28c3,context_cooccurrence:context_value:time_bin_night:908d2968c559,context_cooccurs,context_cooccurrence,False,3985.0,3985,0.0797,1548,0.38845671267252196,0.50716,0.7659450916328613,radio_band,time_bin
edge_2b716a008cd3cd63d2,context_cooccurrence:context_value:time_bin_night:908d2968c559,context_cooccurrence:context_value:weather_rainy:2c23bce4260d,context_cooccurs,context_cooccurrence,False,2612.0,2612,0.05224,1236,0.47320061255742724,0.50716,0.9330400910115687,time_bin,weather
edge_6315d7b750929ec8d1,context_cooccurrence:context_value:infrastructure_nominal:86f0c6eb721b,context_cooccurrence:context_value:weather_rainy:2c23bce4260d,context_cooccurs,context_cooccurrence,False,7550.0,7550,0.151,4163,0.5513907284768212,0.50716,1.0872125729095772,infrastructure,weather
edge_4a3336f2ad1b3fb655,context_cooccurrence:context_value:network_type_5g_sa:ca96e299bff5,context_cooccurrence:context_value:radio_band_n41:efc4ef114f74,context_cooccurs,context_cooccurrence,False,1060.0,1060,0.0212,367,0.3462264150943396,0.50716,0.6826768970233054,network_type,radio_band
edge_4a3f821049b68df286,context_cooccurrence:context_value:obstruction_high:2b69b79ceadf,context_cooccurrence:context_value:weather_rainy:2c23bce4260d,context_cooccurs,context_cooccurrence,False,1510.0,1510,0.0302,1232,0.8158940397350993,0.50716,1.6087507684657687,obstruction,weather
edge_2aaed133e93ff112ce,context_cooccurrence:context_value:radio_band_n41:efc4ef114f74,context_cooccurrence:context_value:time_bin_evening:e2cb1b063e48,context_cooccurs,context_cooccurrence,False,522.0,522,0.01044,237,0.4540229885057471,0.50716,0.8952263358816687,radio_band,time_bin
edge_1d8f0dd41e2290f494,context_cooccurrence:context_value:radio_band_n41:efc4ef114f74,context_cooccurrence:context_value:weather_rainy:2c23bce4260d,context_cooccurs,context_cooccurrence,False,390.0,390,0.0078,147,0.3769230769230769,0.50716,0.7432034800123766,radio_band,weather
edge_a913779b7dd14606ac,context_cooccurrence:context_value:obstruction_low:6baf2e76a3c7,context_cooccurrence:context_value:time_bin_morning:7b7f4189c4b9,context_cooccurs,context_cooccurrence,False,5376.0,5376,0.10752,2424,0.45089285714285715,0.50716,0.8890544544973127,obstruction,time_bin
edge_1243c3c5b63cab9321,context_cooccurrence:context_value:network_type_4g:3830d9ef62b5,context_cooccurrence:context_value:obstruction_low:6baf2e76a3c7,context_cooccurs,context_cooccurrence,False,4890.0,4890,0.0978,2865,0.5858895705521472,0.50716,1.1552361593030742,network_type,obstruction
edge_d50a44987b6333decf,context_cooccurrence:context_value:network_type_4g:3830d9ef62b5,context_cooccurrence:context_value:time_bin_afternoon:e0d493798a7a,context_cooccurs,context_cooccurrence,False,3134.0,3134,0.06268,2145,0.6844288449266114,0.50716,1.3495323860844928,network_type,time_bin
edge_7cb11b37248ca6d628,context_cooccurrence:context_value:network_type_4g:3830d9ef62b5,context_cooccurrence:context_value:weather_foggy:086f7369c216,context_cooccurs,context_cooccurrence,False,1240.0,1240,0.0248,979,0.7895161290322581,0.50716,1.5567397449173004,network_type,weather
edge_7ae1cff2082fd49590,context_cooccurrence:context_value:obstruction_low:6baf2e76a3c7,context_cooccurrence:context_value:radio_band_lte_anchor:34e50eb9270d,context_cooccurs,context_cooccurrence,False,4890.0,4890,0.0978,2865,0.5858895705521472,0.50716,1.1552361593030742,obstruction,radio_band
edge_e9d1900f4ab22455b9,context_cooccurrence:context_value:radio_band_lte_anchor:34e50eb9270d,context_cooccurrence:context_value:time_bin_afternoon:e0d493798a7a,context_cooccurs,context_cooccurrence,False,3134.0,3134,0.06268,2145,0.6844288449266114,0.50716,1.3495323860844928,radio_band,time_bin
edge_f48f9a7573e5b6a6b7,context_cooccurrence:context_value:radio_band_lte_anchor:34e50eb9270d,context_cooccurrence:context_value:weather_foggy:086f7369c216,context_cooccurs,context_cooccurrence,False,1240.0,1240,0.0248,979,0.7895161290322581,0.50716,1.5567397449173004,radio_band,weather
edge_4423f2f45b180e7173,context_cooccurrence:context_value:time_bin_afternoon:e0d493798a7a,context_cooccurrence:context_value:weather_foggy:086f7369c216,context_cooccurs,context_cooccurrence,False,1280.0,1280,0.0256,843,0.65859375,0.50716,1.2985916673239213,time_bin,weather
edge_6fc253ed8b98f036b8,context_cooccurrence:context_value:obstruction_medium:3ea6ce2a44a8,context_cooccurrence:context_value:weather_rainy:2c23bce4260d,context_cooccurs,context_cooccurrence,False,4100.0,4100,0.082,2278,0.555609756097561,0.50716,1.095531501099379,obstruction,weather
edge_f5f6dfb74807b9fe41,context_cooccurrence:context_value:network_type_4g:3830d9ef62b5,context_cooccurrence:context_value:time_bin_morning:7b7f4189c4b9,context_cooccurs,context_cooccurrence,False,3252.0,3252,0.06504,2269,0.6977244772447725,0.50716,1.3757482396970826,network_type,time_bin
edge_ee75bea1030fa0c83f,context_cooccurrence:context_value:radio_band_lte_anchor:34e50eb9270d,context_cooccurrence:context_value:time_bin_morning:7b7f4189c4b9,context_cooccurs,context_cooccurrence,False,3252.0,3252,0.06504,2269,0.6977244772447725,0.50716,1.3757482396970826,radio_band,time_bin
edge_3e21d6ccdda1e7957a,context_cooccurrence:context_value:application_streaming:ca9f33603ddd,context_cooccurrence:context_value:mobility_driving:c335cecd5415,context_cooccurs,context_cooccurrence,False,496.0,496,0.00992,370,0.7459677419354839,0.50716,1.4708725884050078,application,mobility
edge_04c63b3fcb6c8bb782,context_cooccurrence:context_value:mobility_driving:c335cecd5415,context_cooccurrence:context_value:network_type_4g:3830d9ef62b5,context_cooccurs,context_cooccurrence,False,462.0,462,0.00924,361,0.7813852813852814,0.50716,1.540707629515895,mobility,network_type
edge_2c8862a6772e236ad8,context_cooccurrence:context_value:mobility_driving:c335cecd5415,context_cooccurrence:context_value:obstruction_medium:3ea6ce2a44a8,context_cooccurs,context_cooccurrence,False,945.0,945,0.0189,603,0.638095238095238,0.50716,1.2581734326351408,mobility,obstruction
edge_9a30ed46334f04dde7,context_cooccurrence:context_value:mobility_driving:c335cecd5415,context_cooccurrence:context_value:radio_band_lte_anchor:34e50eb9270d,context_cooccurs,context_cooccurrence,False,462.0,462,0.00924,361,0.7813852813852814,0.50716,1.540707629515895,mobility,radio_band
edge_fa506e2b69fc793742,context_cooccurrence:context_value:mobility_driving:c335cecd5415,context_cooccurrence:context_value:time_bin_morning:7b7f4189c4b9,context_cooccurs,context_cooccurrence,False,442.0,442,0.00884,270,0.6108597285067874,0.50716,1.2044714261905263,mobility,time_bin
edge_ed6615608ba9504bb7,context_cooccurrence:context_value:mobility_driving:c335cecd5415,context_cooccurrence:context_value:tower_load_heavy:a49aed9efbc6,context_cooccurs,context_cooccurrence,False,396.0,396,0.00792,286,0.7222222222222222,0.50716,1.4240520195248485,mobility,tower_load
edge_1bded1e876f6485386,context_cooccurrence:context_value:network_type_5g_sa:ca96e299bff5,context_cooccurrence:context_value:time_bin_night:908d2968c559,context_cooccurs,context_cooccurrence,False,4859.0,4859,0.09718,1526,0.31405639020374565,0.50716,0.6192451892967616,network_type,time_bin
edge_06273a2d10d37b3a06,context_cooccurrence:context_value:mobility_driving:c335cecd5415,context_cooccurrence:context_value:time_bin_night:908d2968c559,context_cooccurs,context_cooccurrence,False,481.0,481,0.00962,261,0.5426195426195426,0.50716,1.0699178614629359,mobility,time_bin
edge_e520d2b456db11065a,context_cooccurrence:context_value:obstruction_medium:3ea6ce2a44a8,context_cooccurrence:context_value:weather_foggy:086f7369c216,context_cooccurs,context_cooccurrence,False,2080.0,2080,0.0416,1297,0.6235576923076923,0.50716,1.2295088183368015,obstruction,weather
edge_f5081dd618eb079b10,context_cooccurrence:context_value:infrastructure_moderately_degraded:76839948dcb8,context_cooccurrence:context_value:obstruction_high:2b69b79ceadf,context_cooccurs,context_cooccurrence,False,1400.0,1400,0.028,1087,0.7764285714285715,0.50716,1.5309341656056696,infrastructure,obstruction
edge_7ac7f4b45e1ba7dcb5,context_cooccurrence:context_value:infrastructure_moderately_degraded:76839948dcb8,context_cooccurrence:context_value:weather_foggy:086f7369c216,context_cooccurs,context_cooccurrence,False,950.0,950,0.019,609,0.6410526315789473,0.50716,1.2640047156300718,infrastructure,weather
edge_08d57d23e3671427b9,context_cooccurrence:context_value:obstruction_high:2b69b79ceadf,context_cooccurrence:context_value:weather_foggy:086f7369c216,context_cooccurs,context_cooccurrence,False,830.0,830,0.0166,687,0.827710843373494,0.50716,1.6320507204304242,obstruction,weather
edge_70dc1eb54daca7167f,context_cooccurrence:context_value:network_type_5g_nsa:1e446c34aabc,context_cooccurrence:context_value:weather_foggy:086f7369c216,context_cooccurs,context_cooccurrence,False,1950.0,1950,0.039,1225,0.6282051282051282,0.50716,1.2386724666872941,network_type,weather
edge_9f532cf97836cd82ac,context_cooccurrence:context_value:time_bin_morning:7b7f4189c4b9,context_cooccurrence:context_value:weather_foggy:086f7369c216,context_cooccurs,context_cooccurrence,False,1370.0,1370,0.0274,859,0.627007299270073,0.50716,1.2363106303140488,time_bin,weather
edge_1b9de8946da22f265e,context_cooccurrence:context_value:network_type_5g_nsa:1e446c34aabc,context_cooccurrence:context_value:time_bin_afternoon:e0d493798a7a,context_cooccurs,context_cooccurrence,False,4923.0,4923,0.09846,2417,0.4909607962624416,0.50716,0.9680589878193105,network_type,time_bin
edge_eb4f82a45492af4344,context_cooccurrence:context_value:network_type_4g:3830d9ef62b5,context_cooccurrence:context_value:weather_rainy:2c23bce4260d,context_cooccurs,context_cooccurrence,False,2250.0,2250,0.045,1643,0.7302222222222222,0.50716,1.4398261342026621,network_type,weather
edge_151a50cd9ccdde43bd,context_cooccurrence:context_value:radio_band_lte_anchor:34e50eb9270d,context_cooccurrence:context_value:weather_rainy:2c23bce4260d,context_cooccurs,context_cooccurrence,False,2250.0,2250,0.045,1643,0.7302222222222222,0.50716,1.4398261342026621,radio_band,weather
edge_ab71acc0bad2e7edb4,context_cooccurrence:context_value:mobility_driving:c335cecd5415,context_cooccurrence:context_value:weather_rainy:2c23bce4260d,context_cooccurs,context_cooccurrence,False,414.0,414,0.00828,269,0.6497584541062802,0.50716,1.281170545993927,mobility,weather
edge_051dfc076e60857a78,context_cooccurrence:context_value:application_streaming:ca9f33603ddd,context_cooccurrence:context_value:radio_band_n28:af4fa2f617a9,context_cooccurs,context_cooccurrence,False,1822.0,1822,0.03644,719,0.3946212952799122,0.50716,0.77810019575659,application,radio_band
edge_e903232bea93e06067,context_cooccurrence:context_value:congestion_low:dc6f30abc825,context_cooccurrence:context_value:radio_band_n28:af4fa2f617a9,context_cooccurs,context_cooccurrence,False,1295.0,1295,0.0259,107,0.08262548262548262,0.50716,0.16291797978050834,congestion,radio_band
edge_0c932df537434db58f,context_cooccurrence:context_value:infrastructure_nominal:86f0c6eb721b,context_cooccurrence:context_value:radio_band_n28:af4fa2f617a9,context_cooccurs,context_cooccurrence,False,5470.0,5470,0.1094,1227,0.2243144424131627,0.50716,0.44229521731438337,infrastructure,radio_band
edge_23a4b70e97740c0906,context_cooccurrence:context_value:network_type_5g_nsa:1e446c34aabc,context_cooccurrence:context_value:radio_band_n28:af4fa2f617a9,context_cooccurs,context_cooccurrence,False,3880.0,3880,0.0776,1042,0.2685567010309278,0.50716,0.5295305249446483,network_type,radio_band
edge_290da8d323e4589548,context_cooccurrence:context_value:radio_band_n28:af4fa2f617a9,context_cooccurrence:context_value:time_bin_night:908d2968c559,context_cooccurs,context_cooccurrence,False,1924.0,1924,0.03848,297,0.15436590436590436,0.50716,0.30437318472652486,radio_band,time_bin
edge_08730bab20eb2cc5bf,context_cooccurrence:context_value:radio_band_n28:af4fa2f617a9,context_cooccurrence:context_value:weather_rainy:2c23bce4260d,context_cooccurs,context_cooccurrence,False,1380.0,1380,0.0276,335,0.2427536231884058,0.50716,0.4786529363285862,radio_band,weather
edge_1082ba94b8ab75c567,context_cooccurrence:context_value:time_bin_morning:7b7f4189c4b9,context_cooccurrence:context_value:weather_rainy:2c23bce4260d,context_cooccurs,context_cooccurrence,False,2537.0,2537,0.05074,1492,0.5880961765865195,0.50716,1.1595870663824421,time_bin,weather
edge_d21c27a1371b660628,context_cooccurrence:context_value:radio_band_n28:af4fa2f617a9,context_cooccurrence:context_value:time_bin_evening:e2cb1b063e48,context_cooccurs,context_cooccurrence,False,2005.0,2005,0.0401,509,0.2538653366583541,0.50716,0.5005626166463326,radio_band,time_bin
edge_c81bd493b750931ee2,context_cooccurrence:context_value:obstruction_medium:3ea6ce2a44a8,context_cooccurrence:context_value:radio_band_n28:af4fa2f617a9,context_cooccurs,context_cooccurrence,False,3110.0,3110,0.0622,634,0.20385852090032155,0.50716,0.4019609608413943,obstruction,radio_band
edge_30c2719605d4a73c13,context_cooccurrence:context_value:application_browse:3d1bd585d2bd,context_cooccurrence:context_value:radio_band_n257:b9d330068dfa,context_cooccurs,context_cooccurrence,False,170.0,170,0.0034,104,0.611764705882353,0.50716,1.206255828303401,application,radio_band
edge_7d390de95c2e06340b,context_cooccurrence:context_value:area_type_urban:56fedb3ecc6c,context_cooccurrence:context_value:radio_band_n257:b9d330068dfa,context_cooccurs,context_cooccurrence,False,670.0,670,0.0134,425,0.6343283582089553,0.50716,1.250746033222169,area_type,radio_band
edge_8047522612cbd04374,context_cooccurrence:context_value:congestion_high:9d9dddd17c8c,context_cooccurrence:context_value:radio_band_n257:b9d330068dfa,context_cooccurs,context_cooccurrence,False,257.0,257,0.00514,216,0.8404669260700389,0.50716,1.657202709342296,congestion,radio_band
edge_a5c04eedec189bed2d,context_cooccurrence:context_value:infrastructure_nominal:86f0c6eb721b,context_cooccurrence:context_value:radio_band_n257:b9d330068dfa,context_cooccurs,context_cooccurrence,False,510.0,510,0.0102,332,0.6509803921568628,0.50716,1.2835799198613114,infrastructure,radio_band
edge_fa3490eff53d6a4ed7,context_cooccurrence:context_value:mobility_static:d34206ea58e5,context_cooccurrence:context_value:radio_band_n257:b9d330068dfa,context_cooccurs,context_cooccurrence,False,320.0,320,0.0064,200,0.625,0.50716,1.2323527092041957,mobility,radio_band
edge_a1ab7c46a6101cad3c,context_cooccurrence:context_value:network_type_5g_nsa:1e446c34aabc,context_cooccurrence:context_value:radio_band_n257:b9d330068dfa,context_cooccurs,context_cooccurrence,False,310.0,310,0.0062,216,0.6967741935483871,0.50716,1.3738745041966776,network_type,radio_band
edge_4a4e279a7422a683d1,context_cooccurrence:context_value:obstruction_medium:3ea6ce2a44a8,context_cooccurrence:context_value:radio_band_n257:b9d330068dfa,context_cooccurs,context_cooccurrence,False,350.0,350,0.007,239,0.6828571428571428,0.50716,1.3464333599990985,obstruction,radio_band
edge_63da82386580a430d6,context_cooccurrence:context_value:radio_band_n257:b9d330068dfa,context_cooccurrence:context_value:time_bin_evening:e2cb1b063e48,context_cooccurs,context_cooccurrence,False,190.0,190,0.0038,136,0.7157894736842105,0.50716,1.4113681553833315,radio_band,time_bin
edge_372fc4954be9347c05,context_cooccurrence:context_value:radio_band_n257:b9d330068dfa,context_cooccurrence:context_value:tower_load_light:a96b7363a32b,context_cooccurs,context_cooccurrence,False,342.0,342,0.00684,207,0.6052631578947368,0.50716,1.1934363078609054,radio_band,tower_load
edge_6492733060014ea11d,context_cooccurrence:context_value:radio_band_n257:b9d330068dfa,context_cooccurrence:context_value:weather_clear:8bab34b7cb82,context_cooccurs,context_cooccurrence,False,430.0,430,0.0086,257,0.5976744186046512,0.50716,1.1784731023831752,radio_band,weather
edge_349f75d7a0ea4630cd,context_cooccurrence:context_value:application_call:285b8de10ee6,context_cooccurrence:context_value:radio_band_n257:b9d330068dfa,context_cooccurs,context_cooccurrence,False,165.0,165,0.0033,72,0.43636363636363634,0.50716,0.8604062551534748,application,radio_band
edge_452627da57ecb4b621,context_cooccurrence:context_value:congestion_medium:1096e9812b9e,context_cooccurrence:context_value:radio_band_n257:b9d330068dfa,context_cooccurs,context_cooccurrence,False,311.0,311,0.00622,160,0.5144694533762058,0.50716,1.0144125194735503,congestion,radio_band
edge_045a4dcabee79c9c46,context_cooccurrence:context_value:application_gaming:def3dd30caeb,context_cooccurrence:context_value:radio_band_n257:b9d330068dfa,context_cooccurs,context_cooccurrence,False,160.0,160,0.0032,109,0.68125,0.50716,1.3432644530325735,application,radio_band
edge_28556ca681678c2cf8,context_cooccurrence:context_value:radio_band_n257:b9d330068dfa,context_cooccurrence:context_value:tower_load_moderate:ff95aa01d274,context_cooccurs,context_cooccurrence,False,208.0,208,0.00416,121,0.5817307692307693,0.50716,1.1470359831823669,radio_band,tower_load
edge_cc7b259ff337f0f200,context_cooccurrence:context_value:mobility_walking:f9c84a86faf4,context_cooccurrence:context_value:radio_band_n257:b9d330068dfa,context_cooccurs,context_cooccurrence,False,294.0,294,0.00588,191,0.6496598639455783,0.50716,1.2809761494313001,mobility,radio_band
edge_0d71c0bf4b74aa869a,context_cooccurrence:context_value:radio_band_n257:b9d330068dfa,context_cooccurrence:context_value:tower_load_heavy:a49aed9efbc6,context_cooccurs,context_cooccurrence,False,120.0,120,0.0024,97,0.8083333333333333,0.50716,1.5938428372374265,radio_band,tower_load
edge_b27595478ef4a65945,context_cooccurrence:context_value:infrastructure_moderately_degraded:76839948dcb8,context_cooccurrence:context_value:time_bin_morning:7b7f4189c4b9,context_cooccurs,context_cooccurrence,False,2569.0,2569,0.05138,1302,0.5068119891008175,0.50716,0.9993138045208956,infrastructure,time_bin
edge_b240d3036fb58090ed,context_cooccurrence:context_value:radio_band_n258:4f5199340e56,context_cooccurrence:context_value:time_bin_morning:7b7f4189c4b9,context_cooccurs,context_cooccurrence,False,817.0,817,0.01634,561,0.6866585067319462,0.50716,1.3539287537107543,radio_band,time_bin
edge_207baa4528d9f9bd49,context_cooccurrence:context_value:radio_band_n28:af4fa2f617a9,context_cooccurrence:context_value:weather_foggy:086f7369c216,context_cooccurs,context_cooccurrence,False,780.0,780,0.0156,228,0.2923076923076923,0.50716,0.5763618824585778,radio_band,weather
edge_5556f140bd48dfca85,context_cooccurrence:context_value:network_type_5g_sa:ca96e299bff5,context_cooccurrence:context_value:radio_band_n257:b9d330068dfa,context_cooccurs,context_cooccurrence,False,360.0,360,0.0072,209,0.5805555555555556,0.50716,1.1447187387718976,network_type,radio_band
edge_75fd422b27a20d58f6,context_cooccurrence:context_value:obstruction_medium:3ea6ce2a44a8,context_cooccurrence:context_value:time_bin_afternoon:e0d493798a7a,context_cooccurs,context_cooccurrence,False,5103.0,5103,0.10206,2658,0.520870076425632,0.50716,1.0270330397224385,obstruction,time_bin
edge_54566f8f3459fe0245,context_cooccurrence:context_value:radio_band_n257:b9d330068dfa,context_cooccurrence:context_value:time_bin_afternoon:e0d493798a7a,context_cooccurs,context_cooccurrence,False,160.0,160,0.0032,97,0.60625,0.50716,1.1953821279280699,radio_band,time_bin
edge_b5dee889a38d235d5f,context_cooccurrence:context_value:application_streaming:ca9f33603ddd,context_cooccurrence:context_value:radio_band_n257:b9d330068dfa,context_cooccurs,context_cooccurrence,False,175.0,175,0.0035,140,0.8,0.50716,1.5774114677813706,application,radio_band
edge_e0946209d1b8980e37,context_cooccurrence:context_value:congestion_low:dc6f30abc825,context_cooccurrence:context_value:radio_band_n257:b9d330068dfa,context_cooccurs,context_cooccurrence,False,102.0,102,0.00204,49,0.4803921568627451,0.50716,0.9472201215844015,congestion,radio_band
edge_423d1947ac94919774,context_cooccurrence:context_value:obstruction_high:2b69b79ceadf,context_cooccurrence:context_value:radio_band_n28:af4fa2f617a9,context_cooccurs,context_cooccurrence,False,1210.0,1210,0.0242,565,0.4669421487603306,0.50716,0.9206998753062752,obstruction,radio_band
edge_2d61fc1099365b5b01,context_cooccurrence:context_value:radio_band_n28:af4fa2f617a9,context_cooccurrence:context_value:time_bin_morning:7b7f4189c4b9,context_cooccurs,context_cooccurrence,False,1643.0,1643,0.03286,412,0.2507608034083993,0.50716,0.49444120870809855,radio_band,time_bin
edge_a8dfd7b00c1aabeac3,context_cooccurrence:context_value:network_type_5g_nsa:1e446c34aabc,context_cooccurrence:context_value:radio_band_n258:4f5199340e56,context_cooccurs,context_cooccurrence,False,1780.0,1780,0.0356,1208,0.6786516853932584,0.50716,1.3381411889606007,network_type,radio_band
edge_3011a5f7ae705c13c0,context_cooccurrence:context_value:obstruction_low:6baf2e76a3c7,context_cooccurrence:context_value:radio_band_n258:4f5199340e56,context_cooccurs,context_cooccurrence,False,1490.0,1490,0.0298,795,0.5335570469798657,0.50716,1.0520487557770046,obstruction,radio_band
edge_4536ee459a048cc38a,context_cooccurrence:context_value:mobility_driving:c335cecd5415,context_cooccurrence:context_value:network_type_5g_nsa:1e446c34aabc,context_cooccurs,context_cooccurrence,False,765.0,765,0.0153,477,0.6235294117647059,0.50716,1.2294530557707741,mobility,network_type
edge_a7f2d185976bbec3fb,context_cooccurrence:context_value:mobility_driving:c335cecd5415,context_cooccurrence:context_value:radio_band_n77:72cd438a800f,context_cooccurs,context_cooccurrence,False,174.0,174,0.00348,108,0.6206896551724138,0.50716,1.2238537250027877,mobility,radio_band
edge_7944c9f0ed4e178154,context_cooccurrence:context_value:infrastructure_nominal:86f0c6eb721b,context_cooccurrence:context_value:radio_band_n260:c860a51b140e,context_cooccurs,context_cooccurrence,False,3180.0,3180,0.0636,1969,0.619182389937107,0.50716,1.220881753168836,infrastructure,radio_band
edge_3754d9966f9edeab36,context_cooccurrence:context_value:network_type_5g_sa:ca96e299bff5,context_cooccurrence:context_value:radio_band_n260:c860a51b140e,context_cooccurs,context_cooccurrence,False,2000.0,2000,0.04,1117,0.5585,0.50716,1.1012303809448694,network_type,radio_band
edge_5860fb15647d9505b7,context_cooccurrence:context_value:mobility_static:d34206ea58e5,context_cooccurrence:context_value:radio_band_n260:c860a51b140e,context_cooccurs,context_cooccurrence,False,2071.0,2071,0.04142,1231,0.5943988411395461,0.50716,1.1720144355618465,mobility,radio_band
edge_e361c62c46dacc58cf,context_cooccurrence:context_value:radio_band_n260:c860a51b140e,context_cooccurrence:context_value:tower_load_heavy:a49aed9efbc6,context_cooccurs,context_cooccurrence,False,831.0,831,0.01662,631,0.7593261131167268,0.50716,1.4972121482702239,radio_band,tower_load
edge_b31b9985387ba110cf,context_cooccurrence:context_value:radio_band_n77:72cd438a800f,context_cooccurrence:context_value:weather_foggy:086f7369c216,context_cooccurs,context_cooccurrence,False,460.0,460,0.0092,291,0.6326086956521739,0.50716,1.2473552639249426,radio_band,weather
edge_aa0017440cfd47bdd3,context_cooccurrence:context_value:obstruction_high:2b69b79ceadf,context_cooccurrence:context_value:time_bin_afternoon:e0d493798a7a,context_cooccurs,context_cooccurrence,False,1912.0,1912,0.03824,1496,0.7824267782426778,0.50716,1.5427612158740391,obstruction,time_bin
edge_45388c528e19eccef1,context_cooccurrence:context_value:obstruction_high:2b69b79ceadf,context_cooccurrence:context_value:radio_band_n77:72cd438a800f,context_cooccurs,context_cooccurrence,False,660.0,660,0.0132,546,0.8272727272727273,0.50716,1.6311868587284628,obstruction,radio_band
edge_5ce9ddfdd4c8445881,context_cooccurrence:context_value:infrastructure_moderately_degraded:76839948dcb8,context_cooccurrence:context_value:network_type_4g:3830d9ef62b5,context_cooccurs,context_cooccurrence,False,2240.0,2240,0.0448,1548,0.6910714285714286,0.50716,1.3626299956057821,infrastructure,network_type
edge_cc27931321a95db5b7,context_cooccurrence:context_value:infrastructure_moderately_degraded:76839948dcb8,context_cooccurrence:context_value:radio_band_lte_anchor:34e50eb9270d,context_cooccurs,context_cooccurrence,False,2240.0,2240,0.0448,1548,0.6910714285714286,0.50716,1.3626299956057821,infrastructure,radio_band
edge_03c92515ce64107adf,context_cooccurrence:context_value:radio_band_n260:c860a51b140e,context_cooccurrence:context_value:time_bin_night:908d2968c559,context_cooccurs,context_cooccurrence,False,1032.0,1032,0.02064,569,0.5513565891472868,0.50716,1.0871452581971897,radio_band,time_bin
edge_cae1ed15e9f9f7db68,context_cooccurrence:context_value:congestion_low:dc6f30abc825,context_cooccurrence:context_value:radio_band_n260:c860a51b140e,context_cooccurs,context_cooccurrence,False,791.0,791,0.01582,339,0.42857142857142855,0.50716,0.8450418577400199,congestion,radio_band
edge_549d845b9ba62d7c07,context_cooccurrence:context_value:radio_band_n260:c860a51b140e,context_cooccurrence:context_value:time_bin_morning:7b7f4189c4b9,context_cooccurs,context_cooccurrence,False,1136.0,1136,0.02272,732,0.6443661971830986,0.50716,1.2705382861091146,radio_band,time_bin
edge_0625a1dcc2ddd97d37,context_cooccurrence:context_value:radio_band_n260:c860a51b140e,context_cooccurrence:context_value:weather_rainy:2c23bce4260d,context_cooccurs,context_cooccurrence,False,770.0,770,0.0154,519,0.674025974025974,0.50716,1.3290203762638495,radio_band,weather
edge_675d0f360eb27c34d8,context_cooccurrence:context_value:infrastructure_nominal:86f0c6eb721b,context_cooccurrence:context_value:radio_band_n258:4f5199340e56,context_cooccurs,context_cooccurrence,False,2240.0,2240,0.0448,1412,0.6303571428571428,0.50716,1.2429157324259459,infrastructure,radio_band
edge_8c28d1a8d0dff36ebf,context_cooccurrence:context_value:radio_band_n258:4f5199340e56,context_cooccurrence:context_value:time_bin_night:908d2968c559,context_cooccurs,context_cooccurrence,False,775.0,775,0.0155,431,0.5561290322580645,0.50716,1.0965553913125334,radio_band,time_bin
edge_161e3dc3764d4c8429,context_cooccurrence:context_value:radio_band_n258:4f5199340e56,context_cooccurrence:context_value:weather_foggy:086f7369c216,context_cooccurs,context_cooccurrence,False,390.0,390,0.0078,292,0.7487179487179487,0.50716,1.4762953480517955,radio_band,weather
edge_50ba43d2ea24972262,context_cooccurrence:context_value:time_bin_night:908d2968c559,context_cooccurrence:context_value:weather_foggy:086f7369c216,context_cooccurs,context_cooccurrence,False,1275.0,1275,0.0255,747,0.5858823529411765,0.50716,1.1552219278751803,time_bin,weather
edge_441b3c7e550eacb87d,context_cooccurrence:context_value:application_streaming:ca9f33603ddd,context_cooccurrence:context_value:radio_band_n79:b85c8ced654f,context_cooccurs,context_cooccurrence,False,174.0,174,0.00348,114,0.6551724137931034,0.50716,1.2918455986140536,application,radio_band
edge_00659464e2fdbc4f4d,context_cooccurrence:context_value:area_type_urban:56fedb3ecc6c,context_cooccurrence:context_value:radio_band_n79:b85c8ced654f,context_cooccurs,context_cooccurrence,False,650.0,650,0.013,323,0.4969230769230769,0.50716,0.9798152001795821,area_type,radio_band
edge_613bb7c11e336aa421,context_cooccurrence:context_value:congestion_high:9d9dddd17c8c,context_cooccurrence:context_value:radio_band_n79:b85c8ced654f,context_cooccurs,context_cooccurrence,False,239.0,239,0.00478,154,0.6443514644351465,0.50716,1.27050923660215,congestion,radio_band
edge_9afb6cde3f6b8b323c,context_cooccurrence:context_value:infrastructure_nominal:86f0c6eb721b,context_cooccurrence:context_value:radio_band_n79:b85c8ced654f,context_cooccurs,context_cooccurrence,False,520.0,520,0.0104,263,0.5057692307692307,0.50716,0.9972577308329338,infrastructure,radio_band
edge_41b05969b5b1242ffc,context_cooccurrence:context_value:mobility_walking:f9c84a86faf4,context_cooccurrence:context_value:radio_band_n79:b85c8ced654f,context_cooccurs,context_cooccurrence,False,248.0,248,0.00496,143,0.5766129032258065,0.50716,1.1369447575238711,mobility,radio_band
edge_e6ae3896793c698f47,context_cooccurrence:context_value:network_type_5g_nsa:1e446c34aabc,context_cooccurrence:context_value:radio_band_n79:b85c8ced654f,context_cooccurs,context_cooccurrence,False,310.0,310,0.0062,171,0.5516129032258065,0.50716,1.0876506491557032,network_type,radio_band
edge_b86ed0b7ecbf62e2ac,context_cooccurrence:context_value:obstruction_low:6baf2e76a3c7,context_cooccurrence:context_value:radio_band_n79:b85c8ced654f,context_cooccurs,context_cooccurrence,False,310.0,310,0.0062,116,0.3741935483870968,0.50716,0.737821492994512,obstruction,radio_band
edge_6b83c4dd5e70fb2f2b,context_cooccurrence:context_value:radio_band_n79:b85c8ced654f,context_cooccurrence:context_value:time_bin_morning:7b7f4189c4b9,context_cooccurs,context_cooccurrence,False,170.0,170,0.0034,78,0.4588235294117647,0.50716,0.9046918712275508,radio_band,time_bin
edge_2582e821e1d22bea55,context_cooccurrence:context_value:radio_band_n79:b85c8ced654f,context_cooccurrence:context_value:tower_load_heavy:a49aed9efbc6,context_cooccurs,context_cooccurrence,False,121.0,121,0.00242,78,0.6446280991735537,0.50716,1.2710546951130879,radio_band,tower_load
edge_659f1c36d3d29994b7,context_cooccurrence:context_value:radio_band_n79:b85c8ced654f,context_cooccurrence:context_value:weather_foggy:086f7369c216,context_cooccurs,context_cooccurrence,False,90.0,90,0.0018,66,0.7333333333333333,0.50716,1.4459605121329229,radio_band,weather
edge_613ef23248dddb41ed,context_cooccurrence:context_value:application_gaming:def3dd30caeb,context_cooccurrence:context_value:radio_band_n79:b85c8ced654f,context_cooccurs,context_cooccurrence,False,158.0,158,0.00316,80,0.5063291139240507,0.50716,0.998361688469222,application,radio_band
edge_f7c8ede75e88008d4e,context_cooccurrence:context_value:radio_band_n79:b85c8ced654f,context_cooccurrence:context_value:tower_load_light:a96b7363a32b,context_cooccurs,context_cooccurrence,False,313.0,313,0.00626,139,0.4440894568690096,0.50716,0.8756397524824701,radio_band,tower_load
edge_7042b82b97ba001b25,context_cooccurrence:context_value:congestion_medium:1096e9812b9e,context_cooccurrence:context_value:radio_band_n79:b85c8ced654f,context_cooccurs,context_cooccurrence,False,290.0,290,0.0058,126,0.43448275862068964,0.50716,0.8566976075019512,congestion,radio_band
edge_36f2913040cf2bdbdd,context_cooccurrence:context_value:application_browse:3d1bd585d2bd,context_cooccurrence:context_value:radio_band_n79:b85c8ced654f,context_cooccurs,context_cooccurrence,False,172.0,172,0.00344,77,0.4476744186046512,0.50716,0.8827084521741682,application,radio_band
edge_cd45e13e1d984ff4ff,context_cooccurrence:context_value:radio_band_n79:b85c8ced654f,context_cooccurrence:context_value:tower_load_moderate:ff95aa01d274,context_cooccurs,context_cooccurrence,False,216.0,216,0.00432,106,0.49074074074074076,0.50716,0.9676250901899611,radio_band,tower_load
edge_2e540f50acc97218ab,context_cooccurrence:context_value:application_call:285b8de10ee6,context_cooccurrence:context_value:radio_band_n79:b85c8ced654f,context_cooccurs,context_cooccurrence,False,146.0,146,0.00292,52,0.3561643835616438,0.50716,0.7022722288067745,application,radio_band
edge_88a2fa6d67b5b33761,context_cooccurrence:context_value:congestion_low:dc6f30abc825,context_cooccurrence:context_value:radio_band_n79:b85c8ced654f,context_cooccurs,context_cooccurrence,False,121.0,121,0.00242,43,0.35537190082644626,0.50716,0.7007096396136253,congestion,radio_band
edge_d2f743ee0b3efcfb3d,context_cooccurrence:context_value:application_gaming:def3dd30caeb,context_cooccurrence:context_value:infrastructure_severely_degraded:b1e30b31d54a,context_cooccurs,context_cooccurrence,False,645.0,645,0.0129,347,0.537984496124031,0.50716,1.060778642093286,application,infrastructure
edge_877a4ae4707ab81901,context_cooccurrence:context_value:area_type_urban:56fedb3ecc6c,context_cooccurrence:context_value:infrastructure_severely_degraded:b1e30b31d54a,context_cooccurs,context_cooccurrence,False,2600.0,2600,0.052,1332,0.5123076923076924,0.50716,1.0101500360984548,area_type,infrastructure
edge_3288f63cc4ed52e1be,context_cooccurrence:context_value:congestion_high:9d9dddd17c8c,context_cooccurrence:context_value:infrastructure_severely_degraded:b1e30b31d54a,context_cooccurs,context_cooccurrence,False,992.0,992,0.01984,685,0.6905241935483871,0.50716,1.3615509771046357,congestion,infrastructure
edge_55b5dc6355d16adf0c,context_cooccurrence:context_value:infrastructure_severely_degraded:b1e30b31d54a,context_cooccurrence:context_value:mobility_walking:f9c84a86faf4,context_cooccurs,context_cooccurrence,False,1161.0,1161,0.02322,636,0.5478036175710594,0.50716,1.0801396355608868,infrastructure,mobility
edge_40ab60b86675b4a9b3,context_cooccurrence:context_value:infrastructure_severely_degraded:b1e30b31d54a,context_cooccurrence:context_value:network_type_5g_nsa:1e446c34aabc,context_cooccurs,context_cooccurrence,False,1100.0,1100,0.022,591,0.5372727272727272,0.50716,1.0593752016577158,infrastructure,network_type
edge_d91c73553472cf5122,context_cooccurrence:context_value:infrastructure_severely_degraded:b1e30b31d54a,context_cooccurrence:context_value:obstruction_medium:3ea6ce2a44a8,context_cooccurs,context_cooccurrence,False,1110.0,1110,0.0222,596,0.5369369369369369,0.50716,1.0587131022496585,infrastructure,obstruction
edge_35932dcb0bcbfcadd6,context_cooccurrence:context_value:infrastructure_severely_degraded:b1e30b31d54a,context_cooccurrence:context_value:radio_band_n28:af4fa2f617a9,context_cooccurs,context_cooccurrence,False,440.0,440,0.0088,106,0.2409090909090909,0.50716,0.4750159533659809,infrastructure,radio_band
edge_0e1a4b6571aa55719e,context_cooccurrence:context_value:infrastructure_severely_degraded:b1e30b31d54a,context_cooccurrence:context_value:time_bin_morning:7b7f4189c4b9,context_cooccurs,context_cooccurrence,False,633.0,633,0.01266,316,0.49921011058451814,0.50716,0.9843246915855314,infrastructure,time_bin
edge_977e0e465f2cc468f2,context_cooccurrence:context_value:infrastructure_severely_degraded:b1e30b31d54a,context_cooccurrence:context_value:tower_load_heavy:a49aed9efbc6,context_cooccurs,context_cooccurrence,False,492.0,492,0.00984,344,0.6991869918699187,0.50716,1.378631973873962,infrastructure,tower_load
edge_1b7c062a2037025aeb,context_cooccurrence:context_value:infrastructure_severely_degraded:b1e30b31d54a,context_cooccurrence:context_value:weather_clear:8bab34b7cb82,context_cooccurs,context_cooccurrence,False,1790.0,1790,0.0358,868,0.4849162011173184,0.50716,0.9561404706942944,infrastructure,weather
edge_68270847fc16ca968e,context_cooccurrence:context_value:application_call:285b8de10ee6,context_cooccurrence:context_value:infrastructure_severely_degraded:b1e30b31d54a,context_cooccurs,context_cooccurrence,False,658.0,658,0.01316,258,0.39209726443769,0.50716,0.773123401762146,application,infrastructure
edge_3e486265e4dc923158,context_cooccurrence:context_value:congestion_medium:1096e9812b9e,context_cooccurrence:context_value:infrastructure_severely_degraded:b1e30b31d54a,context_cooccurs,context_cooccurrence,False,1152.0,1152,0.02304,495,0.4296875,0.50716,0.8472424875778846,congestion,infrastructure
edge_fccce9ed65c46d0250,context_cooccurrence:context_value:infrastructure_severely_degraded:b1e30b31d54a,context_cooccurrence:context_value:tower_load_moderate:ff95aa01d274,context_cooccurs,context_cooccurrence,False,787.0,787,0.01574,386,0.49047013977128334,0.50716,0.9670915288494426,infrastructure,tower_load
edge_cce8006726242ddb92,context_cooccurrence:context_value:application_streaming:ca9f33603ddd,context_cooccurrence:context_value:infrastructure_severely_degraded:b1e30b31d54a,context_cooccurs,context_cooccurrence,False,646.0,646,0.01292,429,0.6640866873065016,0.50716,1.309422445197771,application,infrastructure
edge_2fc01bf21f95090809,context_cooccurrence:context_value:infrastructure_severely_degraded:b1e30b31d54a,context_cooccurrence:context_value:tower_load_light:a96b7363a32b,context_cooccurs,context_cooccurrence,False,1321.0,1321,0.02642,602,0.45571536714610145,0.50716,0.8985633077255726,infrastructure,tower_load
edge_ff7b36973ae9d9790c,context_cooccurrence:context_value:application_browse:3d1bd585d2bd,context_cooccurrence:context_value:infrastructure_severely_degraded:b1e30b31d54a,context_cooccurs,context_cooccurrence,False,651.0,651,0.01302,298,0.4577572964669739,0.50716,0.9025895111345016,application,infrastructure
edge_7ceddbfc784fe9f1d2,context_cooccurrence:context_value:infrastructure_severely_degraded:b1e30b31d54a,context_cooccurrence:context_value:mobility_driving:c335cecd5415,context_cooccurs,context_cooccurrence,False,61.0,61,0.00122,33,0.5409836065573771,0.50716,1.0666921810816645,infrastructure,mobility
edge_c98e6dc7d82c7d2633,context_cooccurrence:context_value:obstruction_medium:3ea6ce2a44a8,context_cooccurrence:context_value:radio_band_n41:efc4ef114f74,context_cooccurs,context_cooccurrence,False,870.0,870,0.0174,335,0.3850574712643678,0.50716,0.7592425886591366,obstruction,radio_band
edge_49967570e8013d62ed,context_cooccurrence:context_value:radio_band_n41:efc4ef114f74,context_cooccurrence:context_value:time_bin_afternoon:e0d493798a7a,context_cooccurs,context_cooccurrence,False,488.0,488,0.00976,169,0.3463114754098361,0.50716,0.682844615919702,radio_band,time_bin
edge_bdf09b7bc4e309bab7,context_cooccurrence:context_value:obstruction_high:2b69b79ceadf,context_cooccurrence:context_value:time_bin_night:908d2968c559,context_cooccurs,context_cooccurrence,False,2036.0,2036,0.04072,1504,0.7387033398821218,0.50716,1.456548899523073,obstruction,time_bin
edge_a75eba16af915febc6,context_cooccurrence:context_value:infrastructure_severely_degraded:b1e30b31d54a,context_cooccurrence:context_value:mobility_static:d34206ea58e5,context_cooccurs,context_cooccurrence,False,1378.0,1378,0.02756,663,0.4811320754716981,0.50716,0.9486790667081356,infrastructure,mobility
edge_d6932993eade880788,context_cooccurrence:context_value:infrastructure_severely_degraded:b1e30b31d54a,context_cooccurrence:context_value:network_type_4g:3830d9ef62b5,context_cooccurs,context_cooccurrence,False,620.0,620,0.0124,396,0.6387096774193548,0.50716,1.2593849621802877,infrastructure,network_type
edge_fb4ca5d9d6d43e20b7,context_cooccurrence:context_value:infrastructure_severely_degraded:b1e30b31d54a,context_cooccurrence:context_value:obstruction_low:6baf2e76a3c7,context_cooccurs,context_cooccurrence,False,1080.0,1080,0.0216,439,0.4064814814814815,0.50716,0.8014856879120622,infrastructure,obstruction
edge_44c3ade4f551a972af,context_cooccurrence:context_value:infrastructure_severely_degraded:b1e30b31d54a,context_cooccurrence:context_value:radio_band_lte_anchor:34e50eb9270d,context_cooccurs,context_cooccurrence,False,620.0,620,0.0124,396,0.6387096774193548,0.50716,1.2593849621802877,infrastructure,radio_band
edge_778c18b4d23a35a220,context_cooccurrence:context_value:congestion_low:dc6f30abc825,context_cooccurrence:context_value:infrastructure_severely_degraded:b1e30b31d54a,context_cooccurs,context_cooccurrence,False,456.0,456,0.00912,152,0.3333333333333333,0.50716,0.6572547782422377,congestion,infrastructure
edge_d78245878adee4631a,context_cooccurrence:context_value:mobility_driving:c335cecd5415,context_cooccurrence:context_value:time_bin_evening:e2cb1b063e48,context_cooccurs,context_cooccurrence,False,542.0,542,0.01084,368,0.6789667896678967,0.50716,1.3387625003310526,mobility,time_bin
edge_a077b7ee6b60b18b76,context_cooccurrence:context_value:mobility_walking:f9c84a86faf4,context_cooccurrence:context_value:radio_band_n41:efc4ef114f74,context_cooccurs,context_cooccurrence,False,978.0,978,0.01956,393,0.401840490797546,0.50716,0.7923347480036793,mobility,radio_band
edge_e06e5117c7faec59cf,context_cooccurrence:context_value:obstruction_low:6baf2e76a3c7,context_cooccurrence:context_value:radio_band_n41:efc4ef114f74,context_cooccurs,context_cooccurrence,False,960.0,960,0.0192,271,0.28229166666666666,0.50716,0.5566126403238951,obstruction,radio_band
edge_ea68f4b5749881fd8a,context_cooccurrence:context_value:radio_band_n41:efc4ef114f74,context_cooccurrence:context_value:time_bin_night:908d2968c559,context_cooccurs,context_cooccurrence,False,497.0,497,0.00994,156,0.31388329979879276,0.50716,0.618903895809592,radio_band,time_bin
edge_0a1c5f66d11492b29e,context_cooccurrence:context_value:obstruction_high:2b69b79ceadf,context_cooccurrence:context_value:radio_band_n258:4f5199340e56,context_cooccurs,context_cooccurrence,False,470.0,470,0.0094,414,0.8808510638297873,0.50716,1.736830711865658,obstruction,radio_band
edge_b8ec4f36c12c6e27d1,context_cooccurrence:context_value:mobility_driving:c335cecd5415,context_cooccurrence:context_value:weather_foggy:086f7369c216,context_cooccurs,context_cooccurrence,False,183.0,183,0.00366,120,0.6557377049180327,0.50716,1.2929602194929266,mobility,weather
edge_85064ae96daf2cebaf,context_cooccurrence:context_value:obstruction_high:2b69b79ceadf,context_cooccurrence:context_value:radio_band_n260:c860a51b140e,context_cooccurs,context_cooccurrence,False,640.0,640,0.0128,560,0.875,0.50716,1.725293792885874,obstruction,radio_band
edge_c8ebd476bbfecb7f06,context_cooccurrence:context_value:network_type_5g_sa:ca96e299bff5,context_cooccurrence:context_value:radio_band_n79:b85c8ced654f,context_cooccurs,context_cooccurrence,False,340.0,340,0.0068,152,0.4470588235294118,0.50716,0.8814946437601777,network_type,radio_band
edge_52852abef0f34a5cc2,context_cooccurrence:context_value:obstruction_medium:3ea6ce2a44a8,context_cooccurrence:context_value:radio_band_n79:b85c8ced654f,context_cooccurs,context_cooccurrence,False,250.0,250,0.005,136,0.544,0.50716,1.072639798091332,obstruction,radio_band
edge_46b7956a079b0c143d,context_cooccurrence:context_value:radio_band_n79:b85c8ced654f,context_cooccurrence:context_value:weather_clear:8bab34b7cb82,context_cooccurs,context_cooccurrence,False,460.0,460,0.0092,203,0.44130434782608696,0.50716,0.8701481738033104,radio_band,weather
edge_9b8e40d9b84a649789,context_cooccurrence:context_value:mobility_static:d34206ea58e5,context_cooccurrence:context_value:radio_band_n79:b85c8ced654f,context_cooccurs,context_cooccurrence,False,384.0,384,0.00768,170,0.4427083333333333,0.50716,0.872916502352972,mobility,radio_band
edge_c411eae79d44f52ee8,context_cooccurrence:context_value:obstruction_medium:3ea6ce2a44a8,context_cooccurrence:context_value:radio_band_n260:c860a51b140e,context_cooccurs,context_cooccurrence,False,1550.0,1550,0.031,1017,0.6561290322580645,0.50716,1.2937318247852048,obstruction,radio_band
edge_2dee555aff863d881c,context_cooccurrence:context_value:radio_band_n257:b9d330068dfa,context_cooccurrence:context_value:weather_rainy:2c23bce4260d,context_cooccurs,context_cooccurrence,False,180.0,180,0.0036,125,0.6944444444444444,0.50716,1.369280788004662,radio_band,weather
edge_765d7abe38025c8b47,context_cooccurrence:context_value:radio_band_n258:4f5199340e56,context_cooccurrence:context_value:time_bin_afternoon:e0d493798a7a,context_cooccurs,context_cooccurrence,False,841.0,841,0.01682,519,0.6171224732461356,0.50716,1.2168200829050704,radio_band,time_bin
edge_451aa6748f883dfc9c,context_cooccurrence:context_value:radio_band_n260:c860a51b140e,context_cooccurrence:context_value:time_bin_afternoon:e0d493798a7a,context_cooccurs,context_cooccurrence,False,1109.0,1109,0.02218,676,0.6095581605049594,0.50716,1.2019050408253003,radio_band,time_bin
edge_e17a4679d48f0b9a18,context_cooccurrence:context_value:infrastructure_moderately_degraded:76839948dcb8,context_cooccurrence:context_value:radio_band_n41:efc4ef114f74,context_cooccurs,context_cooccurrence,False,360.0,360,0.0072,142,0.39444444444444443,0.50716,0.777751487586648,infrastructure,radio_band
edge_709fdcc8c0c88977c9,context_cooccurrence:context_value:radio_band_n77:72cd438a800f,context_cooccurrence:context_value:time_bin_morning:7b7f4189c4b9,context_cooccurs,context_cooccurrence,False,1048.0,1048,0.02096,555,0.5295801526717557,0.50716,1.0442072574172956,radio_band,time_bin
edge_dd1b0d43d9d8cb5a1a,context_cooccurrence:context_value:infrastructure_severely_degraded:b1e30b31d54a,context_cooccurrence:context_value:network_type_5g_sa:ca96e299bff5,context_cooccurs,context_cooccurrence,False,880.0,880,0.0176,345,0.39204545454545453,0.50716,0.77302124486445,infrastructure,network_type
edge_9f0882d8ba41589bdf,context_cooccurrence:context_value:infrastructure_severely_degraded:b1e30b31d54a,context_cooccurrence:context_value:time_bin_evening:e2cb1b063e48,context_cooccurs,context_cooccurrence,False,775.0,775,0.0155,434,0.56,0.50716,1.1041880274469595,infrastructure,time_bin
edge_90b4a22f06570bd90f,context_cooccurrence:context_value:radio_band_n258:4f5199340e56,context_cooccurrence:context_value:weather_rainy:2c23bce4260d,context_cooccurs,context_cooccurrence,False,660.0,660,0.0132,439,0.6651515151515152,0.50716,1.3115220347651926,radio_band,weather
edge_625ebe7cf60cd5fb40,context_cooccurrence:context_value:infrastructure_severely_degraded:b1e30b31d54a,context_cooccurrence:context_value:radio_band_n260:c860a51b140e,context_cooccurs,context_cooccurrence,False,170.0,170,0.0034,118,0.6941176470588235,0.50716,1.3686364205750128,infrastructure,radio_band
edge_8bd5aed6b1f4e7de6b,context_cooccurrence:context_value:infrastructure_severely_degraded:b1e30b31d54a,context_cooccurrence:context_value:weather_rainy:2c23bce4260d,context_cooccurs,context_cooccurrence,False,520.0,520,0.0104,279,0.5365384615384615,0.50716,1.0579274026706789,infrastructure,weather
edge_dd2950cd4e1cf05005,context_cooccurrence:context_value:radio_band_n41:efc4ef114f74,context_cooccurrence:context_value:weather_foggy:086f7369c216,context_cooccurs,context_cooccurrence,False,270.0,270,0.0054,94,0.34814814814814815,0.50716,0.6864661017196706,radio_band,weather
edge_d57fd883918b9c01d1,context_cooccurrence:context_value:radio_band_n257:b9d330068dfa,context_cooccurrence:context_value:weather_foggy:086f7369c216,context_cooccurs,context_cooccurrence,False,60.0,60,0.0012,43,0.7166666666666667,0.50716,1.4130977732208112,radio_band,weather
edge_7cb657c948ab3867b3,context_cooccurrence:context_value:infrastructure_severely_degraded:b1e30b31d54a,context_cooccurrence:context_value:radio_band_n257:b9d330068dfa,context_cooccurs,context_cooccurrence,False,80.0,80,0.0016,43,0.5375,0.50716,1.0598233299156083,infrastructure,radio_band
edge_e32d47ff5b62950975,context_cooccurrence:context_value:infrastructure_severely_degraded:b1e30b31d54a,context_cooccurrence:context_value:time_bin_afternoon:e0d493798a7a,context_cooccurs,context_cooccurrence,False,655.0,655,0.0131,367,0.5603053435114503,0.50716,1.1047900928926775,infrastructure,time_bin
edge_fd8ca8c98599b08764,context_cooccurrence:context_value:infrastructure_severely_degraded:b1e30b31d54a,context_cooccurrence:context_value:obstruction_high:2b69b79ceadf,context_cooccurs,context_cooccurrence,False,410.0,410,0.0082,297,0.724390243902439,0.50716,1.4283268473508142,infrastructure,obstruction
edge_a12eb727736376a88d,context_cooccurrence:context_value:infrastructure_severely_degraded:b1e30b31d54a,context_cooccurrence:context_value:radio_band_n78:7ccd8ccc28c3,context_cooccurs,context_cooccurrence,False,800.0,800,0.016,410,0.5125,0.50716,1.0105292215474404,infrastructure,radio_band
edge_be9fc32d2dd04c4f34,context_cooccurrence:context_value:obstruction_high:2b69b79ceadf,context_cooccurrence:context_value:radio_band_n257:b9d330068dfa,context_cooccurs,context_cooccurrence,False,40.0,40,0.0008,37,0.925,0.50716,1.82388200962221,obstruction,radio_band
edge_03a93c214f015f4916,context_cooccurrence:context_value:infrastructure_severely_degraded:b1e30b31d54a,context_cooccurrence:context_value:radio_band_n258:4f5199340e56,context_cooccurs,context_cooccurrence,False,180.0,180,0.0036,120,0.6666666666666666,0.50716,1.3145095564844753,infrastructure,radio_band
edge_98fe91612e586c7cd5,context_cooccurrence:context_value:infrastructure_severely_degraded:b1e30b31d54a,context_cooccurrence:context_value:time_bin_night:908d2968c559,context_cooccurs,context_cooccurrence,False,537.0,537,0.01074,215,0.40037243947858475,0.50716,0.7894400967714029,infrastructure,time_bin
edge_8b9a504a4b71ffa17c,context_cooccurrence:context_value:infrastructure_severely_degraded:b1e30b31d54a,context_cooccurrence:context_value:weather_foggy:086f7369c216,context_cooccurs,context_cooccurrence,False,290.0,290,0.0058,185,0.6379310344827587,0.50716,1.2578496618084207,infrastructure,weather
edge_ce2a7d9df8adbbf467,context_cooccurrence:context_value:radio_band_n257:b9d330068dfa,context_cooccurrence:context_value:time_bin_night:908d2968c559,context_cooccurs,context_cooccurrence,False,137.0,137,0.00274,64,0.46715328467153283,0.50716,0.9211161855657638,radio_band,time_bin
edge_d54177dbec6ade8142,context_cooccurrence:context_value:mobility_driving:c335cecd5415,context_cooccurrence:context_value:radio_band_n257:b9d330068dfa,context_cooccurs,context_cooccurrence,False,56.0,56,0.00112,34,0.6071428571428571,0.50716,1.1971426317983616,mobility,radio_band
edge_adc417ff19dab4b2fc,context_cooccurrence:context_value:radio_band_n260:c860a51b140e,context_cooccurrence:context_value:weather_foggy:086f7369c216,context_cooccurs,context_cooccurrence,False,380.0,380,0.0076,310,0.8157894736842105,0.50716,1.6085445888560028,radio_band,weather
edge_dffcbbfc4ab616a422,context_cooccurrence:context_value:radio_band_n79:b85c8ced654f,context_cooccurrence:context_value:time_bin_night:908d2968c559,context_cooccurs,context_cooccurrence,False,166.0,166,0.00332,84,0.5060240963855421,0.50716,0.9977602657653247,radio_band,time_bin
edge_e71d23b8bb21e88a6c,context_cooccurrence:context_value:mobility_driving:c335cecd5415,context_cooccurrence:context_value:radio_band_n260:c860a51b140e,context_cooccurs,context_cooccurrence,False,155.0,155,0.0031,100,0.6451612903225806,0.50716,1.272106022404331,mobility,radio_band
edge_8e84f3a0dcd1394faf,context_cooccurrence:context_value:infrastructure_moderately_degraded:76839948dcb8,context_cooccurrence:context_value:radio_band_n257:b9d330068dfa,context_cooccurs,context_cooccurrence,False,80.0,80,0.0016,50,0.625,0.50716,1.2323527092041957,infrastructure,radio_band
edge_1cf2195d4b57942f30,context_cooccurrence:context_value:infrastructure_moderately_degraded:76839948dcb8,context_cooccurrence:context_value:radio_band_n79:b85c8ced654f,context_cooccurs,context_cooccurrence,False,100.0,100,0.002,50,0.5,0.50716,0.9858821673633567,infrastructure,radio_band
edge_82e9e6347359a792bc,context_cooccurrence:context_value:radio_band_n79:b85c8ced654f,context_cooccurrence:context_value:time_bin_evening:e2cb1b063e48,context_cooccurs,context_cooccurrence,False,164.0,164,0.00328,92,0.5609756097560976,0.50716,1.1061116999686442,radio_band,time_bin
edge_9641a708eb9e2f4d3e,context_cooccurrence:context_value:radio_band_n79:b85c8ced654f,context_cooccurrence:context_value:weather_rainy:2c23bce4260d,context_cooccurs,context_cooccurrence,False,100.0,100,0.002,54,0.54,0.50716,1.0647527407524253,radio_band,weather
edge_3c9247afb8395f906d,context_cooccurrence:context_value:mobility_driving:c335cecd5415,context_cooccurrence:context_value:radio_band_n79:b85c8ced654f,context_cooccurs,context_cooccurrence,False,18.0,18,0.00036,10,0.5555555555555556,0.50716,1.0954246304037296,mobility,radio_band
edge_141054e3bde6b69ede,context_cooccurrence:context_value:mobility_driving:c335cecd5415,context_cooccurrence:context_value:radio_band_n41:efc4ef114f74,context_cooccurs,context_cooccurrence,False,68.0,68,0.00136,45,0.6617647058823529,0.50716,1.3048440450397367,mobility,radio_band
edge_d2dc51a2587757223d,context_cooccurrence:context_value:mobility_driving:c335cecd5415,context_cooccurrence:context_value:radio_band_n258:4f5199340e56,context_cooccurs,context_cooccurrence,False,103.0,103,0.00206,67,0.6504854368932039,0.50716,1.2826039847251436,mobility,radio_band
edge_c0fb923d2d3431a441,context_cooccurrence:context_value:obstruction_high:2b69b79ceadf,context_cooccurrence:context_value:radio_band_n79:b85c8ced654f,context_cooccurs,context_cooccurrence,False,90.0,90,0.0018,71,0.7888888888888889,0.50716,1.555502975173296,obstruction,radio_band
edge_63635b4cba889cbbc4,context_cooccurrence:context_value:obstruction_low:6baf2e76a3c7,context_cooccurrence:context_value:radio_band_n257:b9d330068dfa,context_cooccurs,context_cooccurrence,False,280.0,280,0.0056,149,0.5321428571428571,0.50716,1.0492603066938582,obstruction,radio_band
edge_c2605e688eba936e4f,context_cooccurrence:context_value:radio_band_n79:b85c8ced654f,context_cooccurrence:context_value:time_bin_afternoon:e0d493798a7a,context_cooccurs,context_cooccurrence,False,150.0,150,0.003,69,0.46,0.50716,0.9070115939742881,radio_band,time_bin
edge_d01079b1162d4f2510,context_cooccurrence:context_value:radio_band_n257:b9d330068dfa,context_cooccurrence:context_value:time_bin_morning:7b7f4189c4b9,context_cooccurs,context_cooccurrence,False,183.0,183,0.00366,128,0.6994535519125683,0.50716,1.3791575674591219,radio_band,time_bin
edge_8f1edc2ab5657df8db,context_cooccurrence:context_value:infrastructure_severely_degraded:b1e30b31d54a,context_cooccurrence:context_value:radio_band_n41:efc4ef114f74,context_cooccurs,context_cooccurrence,False,100.0,100,0.002,36,0.36,0.50716,0.7098351605016168,infrastructure,radio_band
edge_1e3067f1252e28ebb2,context_cooccurrence:context_value:infrastructure_severely_degraded:b1e30b31d54a,context_cooccurrence:context_value:radio_band_n77:72cd438a800f,context_cooccurs,context_cooccurrence,False,180.0,180,0.0036,93,0.5166666666666667,0.50716,1.0187449062754685,infrastructure,radio_band
edge_68c2da3ab772f14085,context_cooccurrence:context_value:infrastructure_severely_degraded:b1e30b31d54a,context_cooccurrence:context_value:radio_band_n79:b85c8ced654f,context_cooccurs,context_cooccurrence,False,30.0,30,0.0006,10,0.3333333333333333,0.50716,0.6572547782422377,infrastructure,radio_band
